league,date,home,away,venue,season,actual,baseline_mean,joint_mean,strength,goal_probability,team,opponent,attack_history_n,attack_earliest_date,attack_latest_date,attack_recent_home_fraction,baseline_attack_recent,joint_attack_recent,attack_older_home_fraction,baseline_attack_older,joint_attack_older,baseline_attack_change,joint_attack_change,concession_history_n,concession_earliest_date,concession_latest_date,concession_recent_home_fraction,baseline_concession_recent,joint_concession_recent,concession_older_home_fraction,baseline_concession_older,joint_concession_older,baseline_concession_change,joint_concession_change
E1,2021-12-05,QPR,Stoke,away,2021,4,5.4161536097447325,4.920593923063333,-0.09318952356405019,0.46981627296587924,Stoke,QPR,20,2021-08-07,2021-11-27,0.4,-1.026198524683948,-0.8431007130448622,0.5333333333333333,1.1440660737664008,0.9565098299324376,-2.170264598450349,-1.7996105429773,20,2021-08-07,2021-11-29,0.6,-0.20901001659986865,-0.11601158938584213,0.4666666666666667,0.2046484049391859,0.4948054613732468,-0.4136584215390545,-0.610817050759089
E1,2021-12-05,QPR,Stoke,home,2021,17,5.318509850090962,5.2274922846521,0.09318952356405019,0.46981627296587924,QPR,Stoke,20,2021-08-07,2021-11-29,0.4,1.2019100197287524,1.0546504996623804,0.5333333333333333,-0.14132281365519134,-0.254783022864178,1.3432328333839438,1.3094335225265583,20,2021-08-07,2021-11-27,0.6,0.6190947930178929,0.5701925815893774,0.4666666666666667,0.2856753394651567,0.4430148885858473,0.3334194535527362,0.12717769300353005
E1,2021-12-11,Hull,Bristol City,away,2021,5,3.633230197625025,3.9583212654702926,-0.23333464427576986,0.4595300261096606,Bristol City,Hull,20,2021-08-14,2021-12-04,0.6,0.17273272411865453,-0.11648928068618832,0.4666666666666667,0.2943792489953888,-0.05313521257395057,-0.12164652487673427,-0.06335406811223775,20,2021-08-07,2021-12-04,0.6,-0.746921223818933,-1.132219552715488,0.5333333333333333,-0.26759379650526766,-0.47526966794128533,-0.47932742731366534,-0.6569498847742026
E1,2021-12-11,Hull,Bristol City,home,2021,1,6.412087976471994,5.919259737322489,0.23333464427576986,0.4595300261096606,Hull,Bristol City,20,2021-08-07,2021-12-04,0.4,1.6876069918383494,1.9448476296277435,0.4666666666666667,0.13441862007110777,0.2670156333634576,1.5531883717672417,1.6778319962642858,20,2021-08-14,2021-12-04,0.4,-1.0147745821461194,-0.8140897478696802,0.5333333333333333,0.9980122594220285,1.140520945911075,-2.012786841568148,-1.9546106937807552
E1,2021-12-11,Luton,Fulham,away,2021,4,5.153779250419643,5.360257384501193,0.2646759381459555,0.5378590078328982,Fulham,Luton,20,2021-08-08,2021-12-03,0.6,1.2505371496323419,0.8553821874110238,0.5333333333333333,0.52406263438298,0.22237538542022386,0.7264745152493619,0.6330068019908,20,2021-08-14,2021-12-04,0.6,-1.6351335006375787,-1.2392009187420647,0.5333333333333333,0.22148028300468603,0.48427042027279915,-1.8566137836422647,-1.723471339014864
E1,2021-12-11,Luton,Fulham,home,2021,2,5.204466260339365,4.650555091012348,-0.2646759381459555,0.5378590078328982,Luton,Fulham,20,2021-08-14,2021-12-04,0.4,-0.303111667414829,-0.22887089093866705,0.4666666666666667,0.2435216460479606,0.20473603925227524,-0.5466333134627895,-0.4336069301909423,20,2021-08-08,2021-12-03,0.4,0.15891622512569797,0.4275627397821582,0.4666666666666667,-0.5933438753343713,-0.3200773494325678,0.7522601004600693,0.747640089214726
E1,2021-12-11,Preston,Barnsley,away,2021,3,5.455466615727662,4.607087806969088,-0.32311501842751844,0.4543080939947781,Barnsley,Preston,20,2021-08-07,2021-12-04,0.6,-2.114619824148642,-2.0215825789939363,0.5333333333333333,-0.05262625731440493,-0.031635189023960564,-2.061993566834237,-1.9899473899699758,20,2021-08-07,2021-12-04,0.6,0.3316080463398411,0.36247275677525137,0.5333333333333333,0.5351901463162242,0.46318787071830614,-0.2035820999763831,-0.10071511394305477
E1,2021-12-11,Preston,Barnsley,home,2021,6,4.9505836453318395,5.427213797855183,0.32311501842751844,0.4543080939947781,Preston,Barnsley,20,2021-08-07,2021-12-04,0.4,-0.8727143948854845,-0.9083855368823175,0.4666666666666667,0.3677626727363635,0.35255383545028374,-1.240477067621848,-1.2609393723326012,20,2021-08-07,2021-12-04,0.4,0.8719111615391686,0.5829388620397999,0.4666666666666667,0.5981665944500302,0.3168249260291465,0.2737445670891384,0.2661139360106534
E1,2021-12-11,Stoke,Middlesbrough,away,2021,4,4.934407552201842,4.735978191529715,-0.08414182395484215,0.41794871794871796,Middlesbrough,Stoke,20,2021-08-08,2021-12-04,0.6,0.34242220847387284,0.6790252012079593,0.4666666666666667,-0.1278562394553696,0.1905708467320751,0.47027844792924245,0.48845435447588414,21,2021-08-14,2021-12-05,0.6,3.094799101592412,3.0564991376276622,0.5333333333333333,-0.10838724636648832,0.07039960101405546,3.2031863479589,2.9860995366136067
E1,2021-12-11,Stoke,Middlesbrough,home,2021,5,4.947489206303682,5.050171383559923,0.08414182395484215,0.41794871794871796,Stoke,Middlesbrough,21,2021-08-14,2021-12-05,0.4,-0.9884487680313944,-0.7658674797449807,0.4666666666666667,0.9904375333295257,0.8288354268072617,-1.97888630136092,-1.5947029065522424,20,2021-08-08,2021-12-04,0.4,0.8765591338995314,0.775640050582074,0.5333333333333333,-0.4571275502892903,-0.6969171684227241,1.3336866841888217,1.472557219004798
E1,2021-12-11,Swansea,Nott'm Forest,away,2021,2,4.731624933960451,4.552293158317617,-0.1544621407598541,0.40712468193384227,Nott'm Forest,Swansea,21,2021-08-14,2021-12-04,0.6,-0.03213868833158138,0.10658574876294491,0.5333333333333333,0.10414964726182761,0.23264673035339076,-0.136288335593409,-0.12606098159044585,21,2021-08-14,2021-12-04,0.6,-0.8986894470824375,-0.9766666148336813,0.4666666666666667,-1.2000065309139676,-1.3319170368684885,0.3013170838315301,0.35525042203480717
E1,2021-12-11,Swansea,Nott'm Forest,home,2021,2,5.084808771429297,5.220358288387023,0.1544621407598541,0.40712468193384227,Swansea,Nott'm Forest,21,2021-08-14,2021-12-04,0.4,-1.9630562747772415,-1.9606308084473514,0.5333333333333333,0.11216021163381042,0.2443364575319776,-2.075216486411052,-2.204967265979329,21,2021-08-14,2021-12-04,0.4,0.06467747298415176,-0.0791286912443165,0.4666666666666667,-0.6664994432668568,-0.8102597889433721,0.7311769162510086,0.7311310976990556
E1,2021-12-11,West Brom,Reading,away,2021,1,3.9338915256142086,3.7485457666898303,-0.5312110817365466,0.5065616797900262,Reading,West Brom,20,2021-08-07,2021-12-04,0.6,0.03948489037934451,-0.22315864713400133,0.4666666666666667,-1.3550046696484137,-1.467725818873588,1.3944895600277583,1.2445671717395868,20,2021-08-06,2021-12-04,0.6,-0.9955102711055233,-0.7803759674435516,0.4666666666666667,-0.4271567947968442,-0.2265451090016053,-0.568353476308679,-0.5538308584419463
E1,2021-12-11,West Brom,Reading,home,2021,6,6.612856181718104,6.561213503736728,0.5312110817365466,0.5065616797900262,West Brom,Reading,20,2021-08-06,2021-12-04,0.4,0.8557354991762688,0.94819087394742,0.5333333333333333,1.2622175475907864,1.1940566145123754,-0.4064820484145176,-0.24586574056495547,20,2021-08-07,2021-12-04,0.4,-1.1061491675508432,-1.1209595116299849,0.5333333333333333,0.910384013591916,0.7701408597823765,-2.0165331811427594,-1.8911003714123613
E1,2021-12-17,Barnsley,West Brom,away,2021,11,5.62313715615963,5.783021708824918,0.38992156441388204,0.47244094488188976,West Brom,Barnsley,21,2021-08-14,2021-12-11,0.4,0.12198969832853361,0.21133476099045917,0.6,1.255015225621691,1.1795785756338735,-1.1330255272931575,-0.9682438146434142,21,2021-08-14,2021-12-11,0.6,0.6466742294594657,0.21911369009995846,0.4,0.9013819574466359,0.6661904522507868,-0.2547077279871701,-0.4470767621508283
E1,2021-12-17,Barnsley,West Brom,home,2021,3,3.5498819224746567,3.7854880646888014,-0.38992156441388204,0.47244094488188976,Barnsley,West Brom,21,2021-08-14,2021-12-11,0.4,-2.215216987763039,-1.9147176423241696,0.6,-0.1414277980598285,-0.13845956396203352,-2.0737891897032106,-1.7762580783621362,21,2021-08-14,2021-12-11,0.6,-1.1285431597790123,-1.0219387754358469,0.4,-0.5033085262746065,-0.2514164205651727,-0.6252346335044058,-0.7705223548706741
E1,2021-12-18,Blackburn,Birmingham,away,2021,4,3.56629994867457,3.9032982202299324,-0.2527351150321223,0.43410852713178294,Birmingham,Blackburn,21,2021-08-14,2021-12-11,0.4,-0.6913783150990295,-1.0472994435455683,0.6,-0.2688588119869833,-0.41388579951378013,-0.42251950311204617,-0.6334136440317881,22,2021-08-18,2021-12-11,0.6,-0.7129031023204699,-0.9152637750708186,0.4666666666666667,0.6740577417703035,0.564029110205428,-1.3869608440907735,-1.4792928852762466
E1,2021-12-18,Blackburn,Birmingham,home,2021,8,4.9644507180467405,5.3203064425541555,0.2527351150321223,0.43410852713178294,Blackburn,Birmingham,22,2021-08-18,2021-12-11,0.4,-1.2926828102599686,-1.5209277884637835,0.5333333333333333,-1.2106526187005742,-1.3905496517766618,-0.0820301915593944,-0.13037813668712173,21,2021-08-14,2021-12-11,0.6,2.2589232057910507,2.2467972771687172,0.4,-0.0529872605241479,-0.18743875174221222,2.3119104663151986,2.4342360289109295
E1,2021-12-18,Bristol City,Huddersfield,away,2021,5,5.053329053394931,4.875458971075395,-0.022322291680092754,0.4493506493506493,Huddersfield,Bristol City,21,2021-08-14,2021-12-11,0.6,0.26446861338858857,0.09353181552362529,0.5333333333333333,-0.6730065682285296,-0.7033477077013549,0.9374751816171181,0.7968795232249802,21,2021-08-17,2021-12-11,0.4,-2.576799738249295,-2.229155253856597,0.5333333333333333,1.5402492736162612,1.633123474028095,-4.117049011865556,-3.862278727884692
E1,2021-12-18,Bristol City,Huddersfield,home,2021,5,3.9683516245514467,4.4992321302931595,0.022322291680092754,0.4493506493506493,Bristol City,Huddersfield,21,2021-08-17,2021-12-11,0.6,0.955505176315231,0.639552745679209,0.4666666666666667,0.27765018142269454,-0.05701442725710878,0.6778549948925365,0.6965671729363178,21,2021-08-14,2021-12-11,0.4,0.26387367727830197,0.18830445090946632,0.4666666666666667,-0.41203113264127933,-0.606077440346634,0.6759048099195812,0.7943818912561004
E1,2021-12-18,Middlesbrough,Bournemouth,away,2021,4,4.507387479195523,4.636441002827864,-0.022322291680092754,0.4455958549222798,Bournemouth,Middlesbrough,20,2021-08-06,2021-12-11,0.4,-1.2190918461413625,-1.4909545312122041,0.5333333333333333,0.6810246118726699,0.3942785529436475,-1.9001164580140324,-1.8852330841558516,21,2021-08-14,2021-12-11,0.4,0.27588672813468085,0.14099236166047416,0.5333333333333333,-0.18519018610800284,-0.39756840613026795,0.4610769142426837,0.5385607677907421
E1,2021-12-18,Middlesbrough,Bournemouth,home,2021,7,6.006990421136292,5.39882776815272,0.022322291680092754,0.4455958549222798,Middlesbrough,Bournemouth,21,2021-08-14,2021-12-11,0.6,0.6092861144828573,0.8399759082476873,0.4666666666666667,-0.049879389163809996,0.26666125827172055,0.6591655036466673,0.5733146499759667,20,2021-08-06,2021-12-11,0.6,1.6182491186111598,1.6686625869162814,0.4666666666666667,0.16373387949876891,0.2592755223822819,1.454515239112391,1.4093870645339996
E1,2021-12-18,Nott'm Forest,Hull,away,2021,5,4.563104236434253,4.31936733689224,-0.2763238727116354,0.4194373401534527,Hull,Nott'm Forest,21,2021-08-14,2021-12-11,0.6,0.1700691935306155,0.4826132697944409,0.4666666666666667,0.14254082597838083,0.2743430918783177,0.027528367552234673,0.20827017791612323,22,2021-08-18,2021-12-11,0.6,0.09923872630365924,-0.05191069230582927,0.4666666666666667,-0.8156105662837959,-0.9585678825983898,0.9148492925874552,0.9066571902925605
E1,2021-12-18,Nott'm Forest,Hull,home,2021,5,5.005534076588045,5.3775596986895255,0.2763238727116354,0.4194373401534527,Nott'm Forest,Hull,22,2021-08-18,2021-12-11,0.4,-0.580662775719483,-0.3710168164022882,0.5333333333333333,-0.0031460250968712816,0.11844446162912033,-0.5775167506226118,-0.4894612780314085,21,2021-08-14,2021-12-11,0.4,-0.08307110381280278,-0.49560130774596195,0.5333333333333333,-0.20027775482601626,-0.4126044033231207,0.11720665101321348,-0.08299690442284124
E1,2021-12-20,Fulham,Sheffield United,away,2021,2,4.41396579288246,4.198619629055953,-0.32211066296709473,0.5287958115183247,Sheffield United,Fulham,20,2021-08-07,2021-12-04,0.4,-0.7379637135634336,-0.713049293442803,0.4666666666666667,0.1666115137764296,0.23251847726398342,-0.9045752273398632,-0.9455677707067864,21,2021-08-14,2021-12-11,0.4,-0.3202069156306745,0.05853880410029468,0.5333333333333333,-0.41804192333019424,-0.19496718361790058,0.09783500769951975,0.25350598771819527
E1,2021-12-20,Fulham,Sheffield United,home,2021,7,5.6885823489027745,5.767386059015984,0.32211066296709473,0.5287958115183247,Fulham,Sheffield United,21,2021-08-14,2021-12-11,0.6,1.122599196845298,0.7598745571775058,0.4666666666666667,0.5580025112972675,0.25467172808723454,0.5645966855480304,0.5052028290902713,20,2021-08-07,2021-12-04,0.6,0.6651676097922622,0.45909872810112634,0.5333333333333333,-0.5237149879461841,-0.5666228227064093,1.1888825977384463,1.0257215508075357
E1,2021-12-26,Middlesbrough,Nott'm Forest,away,2021,8,4.424294536598339,4.374170844592239,-0.18906724120427287,0.42894056847545214,Nott'm Forest,Middlesbrough,23,2021-08-21,2021-12-18,0.6,-0.31900193541279426,-0.21469006987593212,0.4666666666666667,0.0431729933077022,0.17827830513138582,-0.36217492872049645,-0.39296837500731796,22,2021-08-18,2021-12-18,0.4,0.19466377376083974,0.05475128779926201,0.5333333333333333,-0.03886460359525765,-0.23256123656172795,0.23352837735609738,0.28731252436099
E1,2021-12-26,Middlesbrough,Nott'm Forest,home,2021,6,6.121766375890466,5.723340196604805,0.18906724120427287,0.42894056847545214,Middlesbrough,Nott'm Forest,22,2021-08-18,2021-12-18,0.6,-0.015950838383051648,0.2916747077877789,0.4666666666666667,0.6071013943070473,0.9050378158243889,-0.623052232690099,-0.61336310803661,23,2021-08-21,2021-12-18,0.4,0.019159967603155435,-0.027952542964614135,0.5333333333333333,-0.5411087183273634,-0.6900310509592873,0.5602686859305188,0.6620785079946732
E1,2021-12-27,Derby,West Brom,away,2021,4,5.713617488726111,5.71335210156413,0.3261586406662184,0.4375,West Brom,Derby,22,2021-08-18,2021-12-17,0.4,0.8618130572152026,0.9235941079915688,0.5333333333333333,1.2747666920464014,1.177329890051304,-0.41295363483119873,-0.25373578205973524,21,2021-08-18,2021-12-11,0.4,0.7947717918788297,0.34794099522331245,0.5333333333333333,0.23350379480217395,-0.17145322210541772,0.5612679970766558,0.5193942173287301
E1,2021-12-27,Derby,West Brom,home,2021,2,3.6198968242644884,3.8919129480665733,-0.3261586406662184,0.4375,Derby,West Brom,21,2021-08-18,2021-12-11,0.6,-0.9428018725871918,-0.8618163442109592,0.4666666666666667,-0.48608938439153115,-0.3971165742999979,-0.4567124881956607,-0.4646997699109613,22,2021-08-18,2021-12-17,0.6,-0.9826774947167743,-0.9108904047848533,0.4666666666666667,-0.5846323770870068,-0.3439265292249792,-0.3980451176297676,-0.566963875559874
E1,2021-12-27,QPR,Bournemouth,away,2021,4,5.23782389043092,5.044959851841418,0.03901083678967632,0.5052631578947367,Bournemouth,QPR,21,2021-08-14,2021-12-18,0.4,-1.1226577301929899,-1.3463312509011833,0.4666666666666667,0.6901508152821995,0.3814855295364393,-1.8128085454751894,-1.7278167804376228,21,2021-08-14,2021-12-05,0.4,-0.7200902771163857,-0.5213282326930976,0.5333333333333333,0.2687598062107954,0.5381545081389407,-0.9888500833271812,-1.0594827408320384
E1,2021-12-27,QPR,Bournemouth,home,2021,4,5.695258402390068,5.17760460952427,-0.03901083678967632,0.5052631578947367,QPR,Bournemouth,21,2021-08-14,2021-12-05,0.6,4.041838062966862,3.9421389755232035,0.4666666666666667,-0.43557068624515705,-0.5469501085482431,4.477408749212019,4.489089084071447,21,2021-08-14,2021-12-18,0.6,2.03223058613571,2.212623009147041,0.5333333333333333,-0.11898648122230089,-0.037982312519859875,2.1512170673580107,2.250605321666901
E1,2021-12-29,Blackburn,Barnsley,away,2021,1,4.694390663073004,4.211676818289448,-0.4019905570456409,0.49868766404199477,Barnsley,Blackburn,22,2021-08-17,2021-12-17,0.6,-2.8996279905928324,-2.7324634457066797,0.5333333333333333,0.27847699385794317,0.3492994604374413,-3.1781049844507754,-3.081762906144121,23,2021-08-21,2021-12-18,0.4,-0.8240899872076828,-1.0267097697785663,0.4666666666666667,0.8739416104337427,0.7447379660163679,-1.6980315976414255,-1.771447735794934
E1,2021-12-29,Blackburn,Barnsley,home,2021,4,4.714078202985766,5.438906209389936,0.4019905570456409,0.49868766404199477,Blackburn,Barnsley,23,2021-08-21,2021-12-18,0.6,0.15275219388379577,-0.1587375873939508,0.5333333333333333,-1.2714117904663966,-1.4348194444245597,1.4241639843501923,1.276081857030609,22,2021-08-17,2021-12-17,0.4,1.477669438278744,1.1433012447985877,0.4666666666666667,0.9457784816129247,0.6618462651931378,0.5318909566658194,0.4814549796054499
E1,2021-12-29,Coventry,Millwall,away,2021,3,3.856490725649484,4.080541679257058,-0.21937576092162459,0.43896103896103894,Millwall,Coventry,21,2021-08-14,2021-12-11,0.4,1.0021122701172858,1.0077366201879774,0.5333333333333333,-0.2531856286300449,-0.13704732503782632,1.2552978987473307,1.1447839452258037,20,2021-08-08,2021-12-11,0.6,-2.095072224479311,-2.299169777016124,0.4666666666666667,-0.15883406027904798,-0.21604975533442355,-1.9362381642002633,-2.0831200216817005
E1,2021-12-29,Coventry,Millwall,home,2021,6,5.553026230255378,5.533268489433477,0.21937576092162459,0.43896103896103894,Coventry,Millwall,20,2021-08-08,2021-12-11,0.4,1.2059114325099132,1.2723702317730974,0.5333333333333333,1.3851476002224485,1.2888540644485138,-0.17923616771253537,-0.01648383267541642,21,2021-08-14,2021-12-11,0.6,1.7525744647948236,1.6059861718084043,0.4666666666666667,0.05080519715886312,-0.20944356065486103,1.7017692676359604,1.8154297324632653
E1,2021-12-30,Bournemouth,Cardiff,away,2021,1,4.539712240063149,4.158060538778514,-0.395597588753523,0.5,Cardiff,Bournemouth,20,2021-08-07,2021-12-11,0.4,-0.45298578555988805,-0.4339751014894718,0.6,-0.15439572906235252,-0.36103261014618304,-0.29859005649753556,-0.07294249134328878,22,2021-08-18,2021-12-27,0.6,1.4534845226697983,1.7032255864527592,0.5333333333333333,-0.14711705945030432,-0.049940392148224225,1.6006015821201027,1.7531659786009834
E1,2021-12-30,Bournemouth,Cardiff,home,2021,6,5.8297676005989745,5.95990968996121,0.395597588753523,0.5,Bournemouth,Cardiff,22,2021-08-18,2021-12-27,0.4,-0.8681334846206914,-0.9753034086322157,0.4666666666666667,0.5908510202475552,0.2636007172076352,-1.4589845048682466,-1.2389041258398508,20,2021-08-07,2021-12-11,0.6,0.3338287785429387,0.4242327961948316,0.4,0.2654118029493905,0.18232779987377412,0.0684169755935482,0.2419049963210575
E1,2021-12-30,Bristol City,QPR,away,2021,9,5.4829558078435525,5.183282593629103,0.06212952535158767,0.4855643044619423,QPR,Bristol City,22,2021-08-18,2021-12-27,0.8,3.834716652780327,3.871590052635658,0.4666666666666667,-0.2883202044023349,-0.4122451689658091,4.123036857182662,4.283835221601467,22,2021-08-20,2021-12-18,0.4,-1.7491404011751688,-1.3779955584910124,0.4666666666666667,1.2599306821744556,1.3668659572732051,-3.0090710833496246,-2.7448615157642173
E1,2021-12-30,Bristol City,QPR,home,2021,5,4.5220626687667,4.6459072578053515,-0.06212952535158767,0.4855643044619423,Bristol City,QPR,22,2021-08-20,2021-12-18,0.6,0.9639079562526429,0.6089199689588157,0.5333333333333333,0.44153325509137037,0.11998900634763683,0.5223747011612725,0.4889309626111789,22,2021-08-18,2021-12-27,0.2,-1.5762693170382605,-1.3627435529483418,0.5333333333333333,0.37205265777639324,0.625185816927835,-1.9483219748146536,-1.9879293698761769
E1,2021-12-30,Nott'm Forest,Huddersfield,away,2021,3,3.9859543963365347,4.151016391212225,-0.2106936800011806,0.42783505154639173,Huddersfield,Nott'm Forest,23,2021-08-21,2021-12-26,0.6,0.872868123849204,0.6548969643755054,0.4666666666666667,-0.753513901370842,-0.7905666207616704,1.626382025220046,1.4454635851371758,24,2021-08-28,2021-12-26,0.6,-0.6033840488309995,-0.49100176601892287,0.4666666666666667,-0.38955892040226037,-0.5490583079097832,-0.21382512842873913,0.05805654189086029
E1,2021-12-30,Nott'm Forest,Huddersfield,home,2021,8,4.769334703972051,5.161788230846227,0.2106936800011806,0.42783505154639173,Nott'm Forest,Huddersfield,24,2021-08-28,2021-12-26,0.4,0.5256848070354895,0.5602974915973533,0.5333333333333333,0.15224533564468093,0.30757909664638217,0.3734394713908086,0.25271839495097115,23,2021-08-21,2021-12-26,0.4,-1.505508087417724,-1.6521093256951702,0.5333333333333333,-0.1199385032049289,-0.31605579362630215,-1.385569584212795,-1.336053532068868
E1,2021-12-30,Stoke,Derby,away,2021,5,4.389344753796899,4.12934713845642,-0.3693435879091397,0.4252577319587629,Derby,Stoke,22,2021-08-21,2021-12-27,0.6,-1.0514016856882809,-1.01647295796297,0.5333333333333333,-0.4483040560825146,-0.38212294409301234,-0.6030976296057662,-0.6343500138699578,22,2021-08-17,2021-12-11,0.4,3.0215416391082304,2.9725820553828037,0.5333333333333333,-0.27993379139651065,-0.08708495785422356,3.301475430504741,3.059667013237027
E1,2021-12-30,Stoke,Derby,home,2021,5,4.998392095996559,5.526347800924054,0.3693435879091397,0.4252577319587629,Stoke,Derby,22,2021-08-17,2021-12-11,0.6,-1.090591290805367,-0.9868770076738516,0.4666666666666667,0.899542002700209,0.79623280990226,-1.990133293505576,-1.7831098175761115,22,2021-08-21,2021-12-27,0.4,0.6499599059210848,0.27718205578708,0.4666666666666667,0.14440615040938967,-0.24750982995271287,0.5055537555116951,0.5246918857397929
E1,2022-01-02,Birmingham,QPR,away,2021,3,4.483510835276184,4.622167918076233,-0.024814300873398032,0.4352331606217616,QPR,Birmingham,23,2021-08-21,2021-12-30,0.6,4.918090753097308,4.932168022762622,0.5333333333333333,-0.20623172143453375,-0.2850151786455247,5.1243224745318425,5.2171832014081465,22,2021-08-18,2021-12-18,0.6,1.8889004887863963,1.7898049245728838,0.4666666666666667,0.14427983947389242,0.04061056897549135,1.7446206493125038,1.7491943555973923
E1,2022-01-02,Birmingham,QPR,home,2021,1,5.326228846245466,5.124567943484714,0.024814300873398032,0.4352331606217616,Birmingham,QPR,22,2021-08-18,2021-12-18,0.4,-0.2845118124011206,-0.5887342670287753,0.5333333333333333,-0.5092395051758843,-0.6966857798826243,0.22472769277476373,0.10795151285384896,23,2021-08-21,2021-12-30,0.4,-1.3129779652652978,-1.1579313896524357,0.4666666666666667,0.27863231135293876,0.49059004161575415,-1.5916102766182365,-1.6485214312681897
E1,2022-01-02,Blackburn,Huddersfield,away,2021,3,3.971253269996663,4.046019554336731,-0.29063608092830706,0.47382198952879584,Huddersfield,Blackburn,24,2021-08-28,2021-12-30,0.4,0.5664003718367703,0.36575941520589267,0.5333333333333333,-0.712776578585128,-0.7742879395096618,1.2791769504218982,1.1400473547155545,24,2021-08-28,2021-12-29,0.4,-1.3345949652525877,-1.4597853150930917,0.4666666666666667,0.7148159760346405,0.6149128502218818,-2.049410941287228,-2.0746981653149734
E1,2022-01-02,Blackburn,Huddersfield,home,2021,10,4.419655916053757,5.113067424317489,0.29063608092830706,0.47382198952879584,Blackburn,Huddersfield,24,2021-08-28,2021-12-29,0.6,-0.025891582091510212,-0.3643252588351257,0.5333333333333333,-1.2643849069303215,-1.4884699184111825,1.2384933248388112,1.1241446595760567,24,2021-08-28,2021-12-30,0.6,-0.021068363892912688,-0.29186623808223633,0.4666666666666667,-0.4302886042321739,-0.5907377996678247,0.40922024033926124,0.29887156158558836
E1,2022-01-02,Bristol City,Millwall,away,2021,3,5.480059304106011,5.191542207288766,0.06820829899439346,0.41794871794871796,Millwall,Bristol City,22,2021-08-17,2021-12-29,0.4,0.8510686664526524,0.8326754110409265,0.4666666666666667,-0.41411480973945536,-0.2902521542243907,1.265183476192108,1.1229275652653172,23,2021-08-28,2021-12-30,0.4,-0.8075352750301938,-0.49429774496153983,0.4666666666666667,1.4210026521665597,1.5213723624166389,-2.2285379271967534,-2.015670107378179
E1,2022-01-02,Bristol City,Millwall,home,2021,5,4.612179056786093,4.677845990599701,-0.06820829899439346,0.41794871794871796,Bristol City,Millwall,23,2021-08-28,2021-12-30,0.6,1.117805313721597,0.7660367951019539,0.5333333333333333,0.6537827138833027,0.3526239472530916,0.4640225998382944,0.4134128478488623,22,2021-08-17,2021-12-29,0.6,1.0181303501050976,0.8307968270923446,0.5333333333333333,0.3657174989865693,0.15645230752323552,0.6524128511185283,0.6743445195691091
E1,2022-01-02,West Brom,Cardiff,away,2021,1,4.250003603181443,3.9651376774734826,-0.45728155339805826,0.47769028871391084,Cardiff,West Brom,21,2021-08-21,2021-12-30,0.4,-1.332552121486947,-1.3243752912339937,0.5333333333333333,0.0609875289012843,-0.08486519405120484,-1.3935396503882311,-1.2395100971827888,23,2021-08-21,2021-12-27,0.6,-0.6591458100167803,-0.6398778801493051,0.5333333333333333,-0.7408164557535563,-0.5223369041088339,0.08167064573677596,-0.1175409760404712
E1,2022-01-02,West Brom,Cardiff,home,2021,5,7.270125610199259,6.690224769747195,0.45728155339805826,0.47769028871391084,West Brom,Cardiff,23,2021-08-21,2021-12-27,0.4,0.11154126347986555,0.12438082506824788,0.4666666666666667,1.4337362389895816,1.3558541652967244,-1.322194975509716,-1.2314733402284765,21,2021-08-21,2021-12-30,0.6,-0.2196609621107724,-0.12222543012722298,0.4666666666666667,0.502621055558984,0.4030896870668336,-0.7222820176697564,-0.5253151171940567
E1,2022-01-03,Reading,Derby,away,2021,10,4.845918091914376,4.621291989514467,-0.1393060184277592,0.42416452442159375,Derby,Reading,23,2021-08-28,2021-12-30,0.6,-1.1285763671052504,-1.1107159272443394,0.4666666666666667,-0.5659909853543367,-0.45859635871397386,-0.5625853817509138,-0.6521195685303656,21,2021-08-14,2021-12-11,0.4,-0.7518858647270177,-0.7127236296292396,0.5333333333333333,0.7048041196330584,0.5560909350453527,-1.456689984360076,-1.2688145646745923
E1,2022-01-03,Reading,Derby,home,2021,3,4.1538774865244275,4.75458313935992,0.1393060184277592,0.42416452442159375,Reading,Derby,21,2021-08-14,2021-12-11,0.6,-0.39139743294809726,-0.5847192425590473,0.4666666666666667,-1.754563823214288,-1.8591222880934515,1.3631663902661906,1.2744030455344042,23,2021-08-28,2021-12-30,0.4,0.375549179539396,0.0340792759042138,0.5333333333333333,0.3783638787169101,-0.06549148156807653,-0.0028146991775140906,0.09957075747229033
E1,2022-01-03,Stoke,Preston,away,2021,6,4.231551612899392,4.249937707134346,-0.2198142868659626,0.4205128205128206,Preston,Stoke,21,2021-08-14,2021-12-11,0.6,-0.011308116346485608,-0.12253863983746224,0.4,0.34806976505753773,0.3342167138843462,-0.3593778814040233,-0.4567553537218084,23,2021-08-21,2021-12-30,0.4,2.028051361205545,2.0643346109051457,0.4666666666666667,0.10904777558465169,0.26969975879991065,1.9190035856208933,1.794634852105235
E1,2022-01-03,Stoke,Preston,home,2021,4,5.209515002667666,5.380787056695973,0.2198142868659626,0.4205128205128206,Stoke,Preston,23,2021-08-21,2021-12-30,0.6,-0.4996581416510157,-0.46098173187133734,0.5333333333333333,0.6919257388044391,0.581170072953643,-1.1915838804554548,-1.0421518048249803,21,2021-08-14,2021-12-11,0.4,-0.16168437740150274,0.07391126187972415,0.6,0.3990053180843226,0.3001025029441344,-0.5606896954858254,-0.22619124106441024
E1,2022-01-11,Reading,Fulham,away,2021,11,5.411233463708856,5.933389118454247,0.5317090620188897,0.5794871794871795,Fulham,Reading,22,2021-08-17,2021-12-20,0.6,1.140505367115947,0.8871892418379218,0.5333333333333333,0.4973982493078679,0.1783628117677366,0.6431071178080792,0.7088264300701852,22,2021-08-17,2022-01-03,0.4,0.541698172514405,0.5948566587321281,0.5333333333333333,0.07662139950806322,-0.04271709520166104,0.46507677300634176,0.6375737539337891
E1,2022-01-11,Reading,Fulham,home,2021,2,3.891617620751939,3.7773661675854227,-0.5317090620188897,0.5794871794871795,Reading,Fulham,22,2021-08-17,2022-01-03,0.6,-0.789630841666636,-1.047804253711368,0.4666666666666667,-1.5322111238200586,-1.6252986641318283,0.7425802821534226,0.5774944104204602,22,2021-08-17,2021-12-20,0.4,-1.3774346925420287,-1.0418333121556458,0.4666666666666667,-0.2281275647095771,-0.005903954799868582,-1.1493071278324516,-1.0359293573557773
E1,2022-01-15,Cardiff,Blackburn,away,2021,2,3.8695483143400784,4.368297723930618,0.002701784472019575,0.4671916010498688,Blackburn,Cardiff,25,2021-09-11,2022-01-02,0.8,1.275363551051959,0.8438648447643751,0.5333333333333333,-1.4159182557936587,-1.6289243053287448,2.691281806845618,2.47278915009312,22,2021-08-28,2022-01-02,0.8,-0.502428851184289,-0.35058951908550356,0.4666666666666667,0.5448061973036208,0.4642411413850295,-1.0472350484879098,-0.8148306604705331
E1,2022-01-15,Cardiff,Blackburn,home,2021,7,4.391952459356346,4.669202527502034,-0.002701784472019575,0.4671916010498688,Cardiff,Blackburn,22,2021-08-28,2022-01-02,0.2,-1.8516210885357984,-1.7007104181767603,0.5333333333333333,0.1999893474341028,0.045681616139135614,-2.0516104359699012,-1.7463920343158958,25,2021-09-11,2022-01-02,0.2,-1.5397907477235846,-1.627784447853856,0.4666666666666667,0.3354620341724204,0.22230229669591825,-1.875252781896005,-1.8500867445497742
E1,2022-01-15,Derby,Sheffield United,away,2021,0,4.6372732672811585,4.9586303434856465,0.15989081529973748,0.4092071611253197,Sheffield United,Derby,21,2021-08-14,2021-12-20,0.4,-1.858168077289072,-1.7711898561429311,0.4,0.20775706544189,0.2814105702954078,-2.065925142730962,-2.052600426438339,24,2021-09-10,2022-01-03,0.6,-1.2487823457084857,-1.6099817535868994,0.5333333333333333,0.8640660968916687,0.39853460589949635,-2.1128484426001544,-2.008516359486396
E1,2022-01-15,Derby,Sheffield United,home,2021,1,4.099113686503387,4.320921945603251,-0.15989081529973748,0.4092071611253197,Derby,Sheffield United,24,2021-09-10,2022-01-03,0.4,0.6918963721572539,0.7304389800810995,0.4666666666666667,-1.0418543494133377,-0.9166464185714773,1.7337507215705914,1.6470853986525769,21,2021-08-14,2021-12-20,0.6,0.943824698020293,0.7914828446236813,0.6,-0.3946278678468296,-0.4595483088294058,1.3384525658671227,1.2510311534530871
E1,2022-01-15,Fulham,Bristol City,away,2021,4,3.437020799591348,3.3530234741473337,-0.7049202510021481,0.6105527638190955,Bristol City,Fulham,24,2021-09-11,2022-01-02,0.8,0.4179466041479979,0.11309509651072336,0.5333333333333333,0.9183829826211123,0.6364876743724834,-0.5004363784731144,-0.5233925778617601,23,2021-08-21,2022-01-11,0.6,-1.9550639473500062,-1.6656800872628157,0.4,0.06366006227020055,0.2727935615352693,-2.0187240096202066,-1.938473648798085
E1,2022-01-15,Fulham,Bristol City,home,2021,6,6.954984144884152,7.067404501186869,0.7049202510021481,0.6105527638190955,Fulham,Bristol City,23,2021-08-21,2022-01-11,0.4,1.9835263671917989,1.762678198449017,0.6,0.5296607972975679,0.2064920323855913,1.4538655698942309,1.5561861660634257,24,2021-09-11,2022-01-02,0.2,-1.3897859771796521,-1.036171827728451,0.4666666666666667,1.5125425340548408,1.6421970218807231,-2.9023285112344928,-2.678368849609174
E1,2022-01-15,Huddersfield,Swansea,away,2021,7,4.54867327868051,4.658887835764236,-0.01958751948550108,0.4215938303341903,Swansea,Huddersfield,22,2021-08-17,2021-12-11,0.6,-2.0032040936894413,-2.1318611721440752,0.4666666666666667,0.19365761168529053,0.3458874481103356,-2.1968617053747317,-2.477748620254411,25,2021-09-11,2022-01-02,0.6,1.969944476370527,1.617054885333424,0.5333333333333333,-0.6013803318858059,-0.7910986551862113,2.5713248082563327,2.4081535405196353
E1,2022-01-15,Huddersfield,Swansea,home,2021,4,4.501838137653432,4.751895498307568,0.01958751948550108,0.4215938303341903,Huddersfield,Swansea,25,2021-09-11,2022-01-02,0.4,0.005210786080255403,-0.14035917382237403,0.4666666666666667,-0.5784925770472988,-0.6628918658443249,0.5837033631275542,0.5225326920219509,22,2021-08-17,2021-12-11,0.4,-1.8315832584778924,-1.7844538591390418,0.5333333333333333,-1.1422411042684908,-1.3020177396795674,-0.6893421542094016,-0.4824361194594744
E1,2022-01-15,Luton,Bournemouth,away,2021,6,5.13310765439725,5.033727427973694,0.061166515563614354,0.46981627296587924,Bournemouth,Luton,23,2021-08-28,2021-12-30,0.4,-0.6404822513183486,-0.6931414476057911,0.5333333333333333,0.6255698780027266,0.29093106006773944,-1.2660521293210751,-0.9840725076735306,21,2021-08-17,2021-12-11,0.6,-1.9785340322347438,-1.7222276468591897,0.4666666666666667,0.16693023997333997,0.4419680480178895,-2.1454642722080837,-2.1641956948770793
E1,2022-01-15,Luton,Bournemouth,home,2021,4,5.184953724339236,4.935328750484978,-0.061166515563614354,0.46981627296587924,Luton,Bournemouth,21,2021-08-17,2021-12-11,0.4,-0.8303808715265154,-0.6957033530800523,0.5333333333333333,0.20960379576922125,0.18051507310169193,-1.0399846672957367,-0.8762184261817442,23,2021-08-28,2021-12-30,0.6,0.5169814219301312,0.7577339701259831,0.4666666666666667,-0.1222983376052125,0.01997523967599557,0.6392797595353437,0.7377587304499875
E1,2022-01-15,Middlesbrough,Reading,away,2021,5,3.5653936142401856,3.598410640686018,-0.5233223342611881,0.5026315789473684,Reading,Middlesbrough,23,2021-08-21,2022-01-11,0.6,-1.400660677050486,-1.5821804321048598,0.4666666666666667,-1.455519228933006,-1.5565047027343615,0.05485855188251998,-0.025675729370498335,24,2021-08-28,2021-12-29,0.4,0.9158953910027006,0.8482403324301859,0.5333333333333333,0.026263057706027895,-0.15937094421952464,0.8896323332966727,1.0076112766497105
E1,2022-01-15,Middlesbrough,Reading,home,2021,5,6.303459935474955,6.409236147661388,0.5233223342611881,0.5026315789473684,Middlesbrough,Reading,24,2021-08-28,2021-12-29,0.6,-0.4889579590566461,-0.16826701859683232,0.4666666666666667,0.763831345602804,1.0363028506364627,-1.25278930465945,-1.204569869233295,23,2021-08-21,2022-01-11,0.4,1.739397197920875,1.6921699063062718,0.5333333333333333,0.1478802687432258,0.06269386442749982,1.5915169291776494,1.629476041878772
E1,2022-01-15,Millwall,Nott'm Forest,away,2021,7,4.342184516054097,4.446389914024097,-0.10706945174704846,0.40712468193384227,Nott'm Forest,Millwall,25,2021-09-12,2021-12-30,0.6,0.7334342968783604,0.5735630568824457,0.5333333333333333,0.3195567342926803,0.5253493130894661,0.4138775625856801,0.0482137437929796,23,2021-08-21,2022-01-02,0.8,1.5977835624063612,1.4752474416096555,0.5333333333333333,0.1390396033626495,-0.05470281597067877,1.4587439590437117,1.5299502575803343
E1,2022-01-15,Millwall,Nott'm Forest,home,2021,7,5.609167570092488,5.3735686364183985,0.10706945174704846,0.40712468193384227,Millwall,Nott'm Forest,23,2021-08-21,2022-01-02,0.2,0.11536242264355226,0.12049046879374536,0.4666666666666667,-0.10886429864957504,-0.009720318156138734,0.22422672129312732,0.1302107869498841,25,2021-09-12,2021-12-30,0.4,-0.8943582484499835,-0.8574260042208642,0.4666666666666667,-0.5709423917955757,-0.706563612704677,-0.32341585665440775,-0.1508623915161872
E1,2022-01-15,Preston,Birmingham,away,2021,7,4.01821827767171,4.10917777811455,-0.2562529147541789,0.42416452442159375,Birmingham,Preston,23,2021-08-21,2022-01-02,0.6,-0.6890068739268077,-0.8497398731066337,0.4666666666666667,-0.7141912368142739,-0.9193659784551237,0.025184362887466172,0.06962610534849001,22,2021-08-17,2022-01-03,0.6,-0.5752112658494649,-0.4610342314482896,0.5333333333333333,0.6227466763121441,0.5827993598085847,-1.197957942161609,-1.0438335912568744
E1,2022-01-15,Preston,Birmingham,home,2021,7,5.590844146651095,5.611576305584186,0.2562529147541789,0.42416452442159375,Preston,Birmingham,22,2021-08-17,2022-01-03,0.4,-0.24515465946028012,-0.3270024695941441,0.4666666666666667,0.0033216703186136638,-0.0024863248313098532,-0.24847632977889378,-0.32451614476283425,23,2021-08-21,2022-01-02,0.4,0.8546771312923976,0.748600824690703,0.5333333333333333,0.4893740118493634,0.3982457169307957,0.36530311944303423,0.3503551077599073
E1,2022-01-15,QPR,West Brom,away,2021,5,5.990121632280422,5.530369167231614,0.1484838325568491,0.46194225721784776,West Brom,QPR,24,2021-09-11,2022-01-02,0.4,-0.4362671789116634,-0.3498850888406874,0.5333333333333333,1.3819960962309372,1.3411893089365254,-1.8182632751426007,-1.691074397777213,24,2021-08-28,2022-01-02,0.6,-2.090110160682943,-1.9126191004672954,0.4666666666666667,-0.02133562841207966,0.17375852424728153,-2.0687745322708633,-2.086377624714577
E1,2022-01-15,QPR,West Brom,home,2021,2,4.5934904857064085,4.558335556820575,-0.1484838325568491,0.46194225721784776,QPR,West Brom,24,2021-08-28,2022-01-02,0.4,3.7975090488228433,3.8510349204427876,0.5333333333333333,-0.01932329988718428,-0.09408632317481486,3.8168323487100277,3.9451212436176024,24,2021-09-11,2022-01-02,0.6,-1.7475301000157877,-1.787282204189664,0.4666666666666667,-0.5996044275559591,-0.3637972584346318,-1.1479256724598286,-1.4234849457550323
E1,2022-01-16,Hull,Stoke,away,2021,5,4.742128152740283,4.845184250577473,0.050030382823577135,0.4263565891472868,Stoke,Hull,24,2021-08-28,2022-01-03,0.8,-0.5033648544708635,-0.6167848109552387,0.4666666666666667,0.5646798604062929,0.5092309773402667,-1.0680447148771566,-1.1260157882955055,23,2021-08-21,2022-01-01,0.6,-0.3426869778332161,-0.7108795378210054,0.6,-0.04982475266650172,-0.351978918279067,-0.2928622251667144,-0.3589006195419384
E1,2022-01-16,Hull,Stoke,home,2021,7,5.744353711305397,5.1800195589911535,-0.050030382823577135,0.4263565891472868,Hull,Stoke,23,2021-08-21,2022-01-01,0.4,-1.2236206347877108,-0.8259823127638939,0.4,0.2884602632781135,0.4595639028477425,-1.5120808980658242,-1.2855462156116364,24,2021-08-28,2022-01-03,0.2,2.4400509298479607,2.500645347182485,0.5333333333333333,0.24186537077018286,0.3868417012107485,2.198185559077778,2.1138036459717364
E1,2022-01-18,Fulham,Birmingham,away,2021,5,3.3491530877233666,3.3550868469512256,-0.6649356435298949,0.5871794871794872,Birmingham,Fulham,24,2021-08-28,2022-01-15,0.4,0.531044398995008,0.3811133793137141,0.5333333333333333,-0.9623602595995803,-1.1795636463043844,1.4934046585945882,1.5606770256180984,24,2021-08-28,2022-01-15,0.4,-1.7102367894153652,-1.4568623517158037,0.4666666666666667,0.24683488168065934,0.44070309113715184,-1.9570716710960245,-1.8975654428529556
E1,2022-01-18,Fulham,Birmingham,home,2021,6,7.169862382635416,7.077140739671702,0.6649356435298949,0.5871794871794872,Fulham,Birmingham,24,2021-08-28,2022-01-15,0.6,2.0950624038704673,1.8618368035117983,0.5333333333333333,0.16816408596476898,-0.1053181730481634,1.9268983179056982,1.9671549765599616,24,2021-08-28,2022-01-15,0.6,1.776619955446052,1.68573082367095,0.4666666666666667,0.35128136277004707,0.22697374748758214,1.425338592676005,1.458757076183368
E1,2022-01-18,Preston,Sheffield United,away,2021,11,4.893158308858854,4.90329949302316,0.043828819516229134,0.43041237113402064,Sheffield United,Preston,22,2021-08-18,2022-01-15,0.2,-1.8050174266876826,-1.8260659736214067,0.4666666666666667,-0.19020221746629465,-0.10008298713583486,-1.6148152092213879,-1.7259829864855718,23,2021-08-28,2022-01-15,0.4,-0.9727677155941752,-0.930837510913013,0.5333333333333333,0.9897593298604972,0.9888464765160374,-1.9625270454546724,-1.9196839874290506
E1,2022-01-18,Preston,Sheffield United,home,2021,4,4.492915207713203,4.658234875836033,-0.043828819516229134,0.43041237113402064,Preston,Sheffield United,23,2021-08-28,2022-01-15,0.6,0.024434592366809227,-0.028823662449754473,0.4666666666666667,0.05508207230798199,0.03413697332074192,-0.030647479941172763,-0.06296063577049639,22,2021-08-18,2022-01-15,0.8,0.8250726644377551,0.601116898794324,0.5333333333333333,-0.287882723910176,-0.3583230346879186,1.112955388347931,0.9594399334822425
E1,2022-01-19,Hull,Blackburn,away,2021,10,3.722544403315624,4.40678645525242,0.08866058754180406,0.44908616187989553,Blackburn,Hull,26,2021-09-14,2022-01-15,0.6,1.435048758909212,0.9689927772351874,0.5333333333333333,-1.2848510087778682,-1.5304007850111925,2.71989976768708,2.4993935622463797,24,2021-08-28,2022-01-16,0.6,-0.4470607344382637,-0.7798178578153102,0.5333333333333333,-0.258494466761804,-0.5262754653198335,-0.18856626767645973,-0.2535423924954767
E1,2022-01-19,Hull,Blackburn,home,2021,4,5.218161898142548,4.90852655611668,-0.08866058754180406,0.44908616187989553,Hull,Blackburn,24,2021-08-28,2022-01-16,0.4,-1.25235752593545,-0.8141040868940937,0.4666666666666667,0.6090009049350958,0.7713201966857743,-1.861358430870546,-1.5854242835798682,26,2021-09-14,2022-01-15,0.4,-0.32944303079103887,-0.46996928339572985,0.4666666666666667,0.0957505470257996,0.0016649114821762011,-0.4251935778168385,-0.47163419487790603
E1,2022-01-19,Reading,Luton,away,2021,4,5.236608060951536,5.32024027615665,0.21635583574117856,0.47631578947368425,Luton,Reading,22,2021-08-21,2022-01-15,0.6,-0.89966773086806,-0.7487754883200715,0.5333333333333333,0.16311889652794279,0.15855746508299184,-1.0627866273960027,-0.9073329534030633,24,2021-08-28,2022-01-15,0.4,1.932051764946125,1.926071003959759,0.5333333333333333,-0.3862343251972244,-0.4506098654787991,2.3182860901433493,2.376680869438558
E1,2022-01-19,Reading,Luton,home,2021,6,4.499978310846281,4.426204885096292,-0.21635583574117856,0.47631578947368425,Reading,Luton,24,2021-08-28,2022-01-15,0.6,-0.9702709937506814,-1.1237024382802425,0.4666666666666667,-1.3256161387931873,-1.4508227751806022,0.3553451450425059,0.3271203369003597,22,2021-08-21,2022-01-15,0.4,-1.4251903012285023,-1.2317386436011428,0.4666666666666667,0.1261659857168525,0.42643941175933203,-1.5513562869453548,-1.6581780553604748
E1,2022-01-22,Birmingham,Barnsley,away,2021,3,4.255975666383127,4.130183721753697,-0.3234705615110244,0.43896103896103894,Barnsley,Birmingham,23,2021-08-21,2021-12-29,0.4,-2.7293210215043873,-2.4506172583312362,0.5333333333333333,0.06130612632900417,0.12478847011870121,-2.7906271478333915,-2.5754057284499376,25,2021-09-10,2022-01-18,0.6,0.522416060522203,0.39113219358114754,0.4666666666666667,0.8812975599926889,0.791787442451417,-0.35888149947048587,-0.40065524887026943
E1,2022-01-22,Birmingham,Barnsley,home,2021,5,4.959868784654358,5.432266571509066,0.3234705615110244,0.43896103896103894,Birmingham,Barnsley,25,2021-09-10,2022-01-18,0.4,0.465513375451717,0.45339558294772375,0.5333333333333333,-0.6869708196653976,-0.9387364660618596,1.1524841951171148,1.3921320490095832,23,2021-08-21,2021-12-29,0.6,1.9263445135263535,1.4549327261897704,0.4666666666666667,0.7580313055988265,0.48474895437037335,1.1683132079275271,0.9701837718193971
E1,2022-01-22,Bournemouth,Hull,away,2021,7,4.5345640327620265,4.107215721047766,-0.43492572848196265,0.4894736842105264,Hull,Bournemouth,25,2021-09-11,2022-01-19,0.6,-1.6627352050733428,-1.2269065539505548,0.4,0.8252422787170094,1.0129746580598396,-2.487977483790352,-2.2398812120103946,24,2021-09-11,2022-01-15,0.6,-0.8567875683912686,-0.5168559961144694,0.4666666666666667,0.41728735149142404,0.5471053878201712,-1.2740749198826926,-1.0639613839346405
E1,2022-01-22,Bournemouth,Hull,home,2021,4,5.007291910640357,5.640620445737773,0.43492572848196265,0.4894736842105264,Bournemouth,Hull,24,2021-09-11,2022-01-15,0.4,-0.1462810874954558,-0.2389374538449376,0.5333333333333333,0.423136735139507,0.13179300178140974,-0.5694178226349628,-0.3707304556263473,25,2021-09-11,2022-01-19,0.4,0.8697453292231406,0.48674614655021,0.6,-0.3744250261657523,-0.6477374622929671,1.244170355388893,1.1344836088431771
E1,2022-01-22,Bristol City,Cardiff,away,2021,6,5.0731017376900285,4.850871135419911,-0.04488711819389113,0.4973684210526315,Cardiff,Bristol City,23,2021-09-12,2022-01-15,0.4,-0.49970132140695256,-0.5186066196219296,0.4666666666666667,-0.01398713745374008,-0.10666370618491187,-0.4857141839532125,-0.41194291343701767,25,2021-09-15,2022-01-15,0.4,-1.0766832573401282,-0.8473896021005244,0.4666666666666667,1.2700583702773078,1.4198840831168922,-2.346741627617436,-2.2672736852174165
E1,2022-01-22,Bristol City,Cardiff,home,2021,3,4.794592790967729,4.922604997085843,0.04488711819389113,0.4973684210526315,Bristol City,Cardiff,25,2021-09-15,2022-01-15,0.6,0.7654311305358774,0.5731339763368323,0.5333333333333333,0.5622621802122878,0.2962924725630153,0.20316895032358961,0.276841503773817,23,2021-09-12,2022-01-15,0.6,-0.8774576353478963,-0.866055245181248,0.5333333333333333,0.5506385404011673,0.5229160954505313,-1.4280961757490638,-1.3889713406317794
E1,2022-01-22,Coventry,QPR,away,2021,2,3.977599602439455,4.312202152561608,-0.08070036387217638,0.4750656167979003,QPR,Coventry,25,2021-09-11,2022-01-15,0.6,1.8852549237385652,2.046223407459544,0.4666666666666667,0.424328212086124,0.3370623944882588,1.4609267116524411,1.7091610129712849,22,2021-08-21,2022-01-15,0.6,-1.0352945513741043,-1.2786812709734687,0.4666666666666667,-0.4346023845163765,-0.47269021858803695,-0.6006921668577279,-0.8059910523854318
E1,2022-01-22,Coventry,QPR,home,2021,13,5.343573480283671,5.218709197130934,0.08070036387217638,0.4750656167979003,Coventry,QPR,22,2021-08-21,2022-01-15,0.4,1.5591393533519027,1.659360936829667,0.5333333333333333,1.733400162198587,1.6496579712861805,-0.17426080884668438,0.009702965543486375,25,2021-09-11,2022-01-15,0.4,-1.498478129493648,-1.253279628685286,0.5333333333333333,-0.6723723027442131,-0.4966073509604068,-0.8261058267494349,-0.7566722777248793
E1,2022-01-22,Nott'm Forest,Derby,away,2021,2,4.348260955063389,4.27029477534326,-0.2437475274231254,0.39746835443037976,Derby,Nott'm Forest,25,2021-09-14,2022-01-15,0.6,0.5761731836729309,0.4685177168257496,0.4666666666666667,-1.0612081847854928,-0.9073891419809808,1.6373813684584237,1.3759068588067302,26,2021-09-15,2022-01-15,0.6,-0.4729602700366078,-0.3575301699029382,0.4666666666666667,-0.5848491894268807,-0.7157969358144214,0.1118889193902729,0.3582667659114832
E1,2022-01-22,Nott'm Forest,Derby,home,2021,4,4.932176654346542,5.29077958338929,0.2437475274231254,0.39746835443037976,Nott'm Forest,Derby,26,2021-09-15,2022-01-15,0.4,1.3454054465654033,1.2175596307060588,0.5333333333333333,0.3920956274493435,0.5530563482074532,0.9533098191160598,0.6645032824986056,25,2021-09-14,2022-01-15,0.4,-1.9413483128585682,-2.2710642476284533,0.5333333333333333,0.9537385095864123,0.5000350493381736,-2.8950868224449806,-2.771099296966627
E1,2022-01-22,Reading,Huddersfield,away,2021,4,4.839957664922735,4.916981253062391,0.06912546668175135,0.44270833333333337,Huddersfield,Reading,26,2021-09-18,2022-01-15,0.4,-0.22736527372532755,-0.36679300139026144,0.5333333333333333,-0.6015192119431335,-0.7053862711950588,0.37415393821780596,0.33859326980479737,25,2021-09-11,2022-01-19,0.4,1.5179848532464348,1.4309257928953039,0.4666666666666667,-0.3186815344086614,-0.3611529659227275,1.8366663876550962,1.7920787588180314
E1,2022-01-22,Reading,Huddersfield,home,2021,4,4.310738274837414,4.539626091420432,-0.06912546668175135,0.44270833333333337,Reading,Huddersfield,25,2021-09-11,2022-01-19,0.6,-0.6089517115954084,-0.6610221198834967,0.5333333333333333,-1.225498173396932,-1.389979193077937,0.6165464618015235,0.7289570731944404,26,2021-09-18,2022-01-15,0.6,1.642514202663343,1.260673355148268,0.4666666666666667,-0.1837843201043197,-0.3440989844768668,1.8262985227676627,1.6047723396251348
E1,2022-01-22,Sheffield United,Luton,away,2021,1,3.9689731165205937,4.068896113315077,-0.2710105637094513,0.4543080939947781,Luton,Sheffield United,23,2021-08-28,2022-01-19,0.6,-1.7451800843144287,-1.531204727284749,0.4666666666666667,0.4377937123619381,0.37989431024992243,-2.1829737966763667,-1.9110990375346715,23,2021-08-21,2022-01-18,0.8,0.49378331166165224,0.29056697875071025,0.5333333333333333,-0.18719383855254684,-0.2723453986871941,0.680977150214199,0.5629123774379043
E1,2022-01-22,Sheffield United,Luton,home,2021,8,6.225382264121664,5.909301897297095,0.2710105637094513,0.4543080939947781,Sheffield United,Luton,23,2021-08-21,2022-01-18,0.2,-0.503703370311212,-0.5227348009610457,0.4666666666666667,-0.1571978523312942,-0.09002534769173293,-0.3465055179799178,-0.4327094532693128,23,2021-08-28,2022-01-19,0.4,-0.995640313629807,-0.867157890228668,0.5333333333333333,0.042713389160948266,0.3671974364605795,-1.0383537027907552,-1.2343553266892475
E1,2022-01-22,Stoke,Fulham,away,2021,5,5.195737380043914,5.349487110723691,0.24609793664426102,0.48031496062992135,Fulham,Stoke,25,2021-09-15,2022-01-18,0.6,0.7243116818898315,0.5588844394340009,0.5333333333333333,0.4111325249003249,0.11308597584508893,0.3131791569895066,0.44579846358891195,25,2021-09-11,2022-01-16,0.4,2.8763665039411017,3.095445023847253,0.4666666666666667,0.04417895576981439,0.16580324856851578,2.8321875481712873,2.929641775278737
E1,2022-01-22,Stoke,Fulham,home,2021,3,4.532227262270556,4.400661878395448,-0.24609793664426102,0.48031496062992135,Stoke,Fulham,25,2021-09-11,2022-01-16,0.6,-0.46273561349058434,-0.5446168829641511,0.5333333333333333,0.36265416816558915,0.29656531894082827,-0.8253897816561735,-0.8411822019049794,25,2021-09-15,2022-01-18,0.4,-1.0592447122576958,-0.8669302417504564,0.4666666666666667,-0.06578008495138,0.15478919898804336,-0.9934646273063158,-1.0217194407384997
E1,2022-01-22,Swansea,Preston,away,2021,9,3.9958329213296446,4.220231883997725,-0.1592249368155012,0.43264248704663216,Preston,Swansea,24,2021-09-11,2022-01-18,0.6,0.058082868677079166,-0.08104820724048238,0.4666666666666667,0.12832931098560055,0.14208639818764598,-0.07024644230852138,-0.22313460542812835,23,2021-08-20,2022-01-15,0.6,-1.8826234957802364,-1.899910494655559,0.5333333333333333,-1.1694293087891539,-1.3183330193474079,-0.7131941869910825,-0.5815774753081511
E1,2022-01-22,Swansea,Preston,home,2021,2,4.936279928875742,5.160128191721301,0.1592249368155012,0.43264248704663216,Swansea,Preston,23,2021-08-20,2022-01-15,0.4,-1.0074133607141027,-1.1373767128743084,0.4666666666666667,0.04225694004820403,0.16645881702814044,-1.0496703007623067,-1.3038355299024489,24,2021-09-11,2022-01-18,0.4,0.5511334882895531,0.6011420957825099,0.5333333333333333,1.1639459942421106,1.1357330814063815,-0.6128125059525575,-0.5345909856238716
E1,2022-01-24,Blackburn,Middlesbrough,away,2021,7,4.553422198659344,4.580965264147995,-0.0773105589311815,0.4226804123711341,Middlesbrough,Blackburn,25,2021-09-11,2022-01-15,0.6,-0.5663725725450657,-0.3133831577937416,0.4666666666666667,0.3197365697145053,0.6118501930342374,-0.886109142259571,-0.925233350827979,27,2021-09-18,2022-01-19,0.4,-0.5684116478486262,-0.5477447352949654,0.5333333333333333,-0.040043335708070886,-0.167575947345748,-0.5283683121405554,-0.3801687879492174
E1,2022-01-24,Blackburn,Middlesbrough,home,2021,6,4.580935654786648,4.872111108409012,0.0773105589311815,0.4226804123711341,Blackburn,Middlesbrough,27,2021-09-18,2022-01-19,0.6,2.461944489051607,1.8705271489110764,0.4666666666666667,-1.2615608542993948,-1.4850984686414266,3.723505343351002,3.355625617552503,25,2021-09-11,2022-01-15,0.4,1.038696348881801,0.9749246418821041,0.5333333333333333,-0.008834745948281656,-0.17167961417912778,1.0475310948300827,1.146604256061232
E1,2022-01-25,Coventry,Stoke,away,2021,5,4.112568289864957,4.273500564877518,-0.15961592574461608,0.42010309278350516,Stoke,Coventry,26,2021-09-15,2022-01-22,0.8,-0.4859503439957491,-0.6406304740305743,0.4666666666666667,0.4132747333070658,0.4073240737685141,-0.899225077302815,-1.0479545477990884,23,2021-08-28,2022-01-22,0.4,-1.2372097184398574,-1.466977802467124,0.5333333333333333,-0.32141141013465635,-0.3990028833865595,-0.915798308305201,-1.0679749190805645
E1,2022-01-25,Coventry,Stoke,home,2021,5,6.235083001322077,5.718901382649892,0.15961592574461608,0.42010309278350516,Coventry,Stoke,23,2021-08-28,2022-01-22,0.6,2.861864004568131,2.9017395888324065,0.4666666666666667,1.426587970540563,1.4128968532988275,1.4352760340275679,1.488842735533579,26,2021-09-15,2022-01-22,0.2,0.5009209979505111,0.6710460586329349,0.5333333333333333,0.75584885344295,0.8827911149388508,-0.2549278554924389,-0.2117450563059159
E1,2022-01-25,Luton,Bristol City,away,2021,9,4.192268018594417,4.088931620428795,-0.3348214285714286,0.48684210526315796,Bristol City,Luton,26,2021-09-18,2022-01-22,0.8,0.13315861186733652,-0.01972276998627782,0.4666666666666667,0.49350132612097225,0.22327996115149693,-0.36034271425363573,-0.24300273113777474,24,2021-09-11,2022-01-22,0.6,0.18959349254597538,0.2669260343671505,0.5333333333333333,-0.28269280359065185,0.06498753865163304,0.4722862961366272,0.20193849571551747
E1,2022-01-25,Luton,Bristol City,home,2021,8,5.886212586065222,5.8770186561344975,0.3348214285714286,0.48684210526315796,Luton,Bristol City,24,2021-09-11,2022-01-22,0.4,-2.3400938289141395,-2.1867901312573856,0.4666666666666667,0.6455860854500713,0.5904309463036348,-2.9856799143642108,-2.7772210775610207,26,2021-09-18,2022-01-22,0.2,0.19111399041626492,0.3662881182799911,0.5333333333333333,0.6104335621115557,0.7974479993408325,-0.4193195716952908,-0.43115988106084147
E1,2022-01-25,Nott'm Forest,Barnsley,away,2021,0,4.112150168457716,3.899202306278986,-0.4648477227537092,0.46335078534031415,Barnsley,Nott'm Forest,24,2021-08-28,2022-01-22,0.4,-2.466086997005881,-2.2784218906193656,0.5333333333333333,-0.3807670080839088,-0.30137845864328067,-2.0853199889219725,-1.977043431976085,27,2021-09-18,2022-01-22,0.4,-0.32565070676342617,-0.16751746729418554,0.5333333333333333,-0.9105681076394018,-1.0618172772014247,0.5849174008759757,0.8942998099072392
E1,2022-01-25,Nott'm Forest,Barnsley,home,2021,12,5.226281530678162,5.799636501820267,0.4648477227537092,0.46335078534031415,Nott'm Forest,Barnsley,27,2021-09-18,2022-01-22,0.6,1.705295102488185,1.4698623456917241,0.4666666666666667,0.14030368401365376,0.30747211909409483,1.5649914184745313,1.1623902265976294,24,2021-08-28,2022-01-22,0.6,1.5174053739308637,1.0806330206451,0.4666666666666667,0.8093016756279727,0.5193934340205063,0.708103698302891,0.5612395866245937
E1,2022-01-25,QPR,Swansea,away,2021,3,5.049875401488979,4.73349524444366,-0.11977146246848641,0.5013192612137204,Swansea,QPR,24,2021-08-28,2022-01-22,0.6,-1.0031786306444885,-1.1699896279493986,0.4666666666666667,0.08556410066328243,0.1612790918336154,-1.0887427313077709,-1.331268719783014,26,2021-09-14,2022-01-22,0.6,0.3160378963985643,0.4870973165011936,0.4666666666666667,-0.617385858079205,-0.4290916657545251,0.9334237544777693,0.9161889822557188
E1,2022-01-25,QPR,Swansea,home,2021,4,5.1848158795935335,5.210713980489864,0.11977146246848641,0.5013192612137204,QPR,Swansea,26,2021-09-14,2022-01-22,0.4,-0.8465630267311337,-0.7707185661223578,0.5333333333333333,1.0978800458498,1.037791174171496,-1.9444430725809336,-1.8085097402938537,24,2021-08-28,2022-01-22,0.4,0.027395021656881013,-0.019775320421771346,0.5333333333333333,-1.2408049201574722,-1.364992502884995,1.2681999418143532,1.3452171824632235
E1,2022-01-26,West Brom,Preston,away,2021,4,3.9989265251727666,3.9053100355008334,-0.4187354538401861,0.4671916010498688,Preston,West Brom,25,2021-09-14,2022-01-22,0.6,1.7476544932149651,1.5665610859185055,0.4666666666666667,-0.17570107278775232,-0.17669072194059593,1.9233555660027175,1.7432518078591015,26,2021-09-18,2022-01-22,0.6,-2.165957810624689,-2.162017275517216,0.5333333333333333,-0.8211463840489572,-0.6424032887159046,-1.3448114265757316,-1.5196139868013112
E1,2022-01-26,West Brom,Preston,home,2021,3,6.416205866486999,6.259764042638814,0.4187354538401861,0.4671916010498688,West Brom,Preston,26,2021-09-18,2022-01-22,0.4,0.711093394761885,0.8909565668593677,0.4666666666666667,1.2854738285880887,1.297679670884946,-0.5743804338262036,-0.4067231040255783,25,2021-09-14,2022-01-22,0.4,0.49747237323967325,0.5679039346951855,0.5333333333333333,0.7082564636935799,0.7061565787297932,-0.21078409045390661,-0.13825264403460769
E1,2022-01-28,Huddersfield,Stoke,away,2021,5,4.959965365807066,4.8248692525869865,-0.029756610333953215,0.4205128205128206,Stoke,Huddersfield,27,2021-09-18,2022-01-25,0.6,-0.3189661607080042,-0.4852963102940933,0.4666666666666667,-0.06543545205001942,-0.03943684946243783,-0.25353070865798477,-0.4458594608316555,27,2021-09-25,2022-01-22,0.6,1.3740368726061498,1.0525945629228135,0.5333333333333333,-0.13378445291151145,-0.34508620008065005,1.5078213255176613,1.3976807630034636
E1,2022-01-28,Huddersfield,Stoke,home,2021,3,5.243160525357801,5.096828663673601,0.029756610333953215,0.4205128205128206,Huddersfield,Stoke,27,2021-09-25,2022-01-22,0.4,-0.3846909960308883,-0.5750974577876606,0.4666666666666667,-0.6724609198447755,-0.7471611249742012,0.2877699238138872,0.17206366718654054,27,2021-09-18,2022-01-25,0.4,0.4407859081264641,0.6744614204088994,0.5333333333333333,0.7109965977768825,0.842025639461094,-0.2702106896504184,-0.16756421905219454
E1,2022-01-29,Barnsley,Bournemouth,away,2021,9,5.331847419112305,5.6303931609084685,0.3787266782073475,0.46335078534031415,Bournemouth,Barnsley,25,2021-09-14,2022-01-22,0.4,-0.3430757070526049,-0.4631316836683917,0.5333333333333333,0.3338425672516878,0.04609355896571223,-0.6769182743042927,-0.509225242634104,25,2021-09-11,2022-01-25,0.8,2.505210136038049,2.023791042120126,0.4666666666666667,1.0751039574816768,0.7736253646580895,1.4301061785563725,1.2501656774620367
E1,2022-01-29,Barnsley,Bournemouth,home,2021,2,4.076739059306926,4.0364993848839426,-0.3787266782073475,0.46335078534031415,Barnsley,Bournemouth,25,2021-09-11,2022-01-25,0.2,-2.413573007223233,-2.126727743596004,0.5333333333333333,-0.4824759581515859,-0.40679979382431936,-1.9310970490716473,-1.7199279497716848,25,2021-09-14,2022-01-22,0.6,-0.5922957641381542,-0.15540747759764972,0.4666666666666667,0.8439399977598308,0.9252549853567239,-1.436235761897985,-1.0806624629543737
E1,2022-01-29,Hull,Swansea,away,2021,2,4.878814667831003,4.882098070363417,0.03369216395174063,0.43152454780361754,Swansea,Hull,25,2021-09-11,2022-01-25,0.4,-0.9598071568220433,-1.0009403496523657,0.5333333333333333,0.2094795355566486,0.24046275609542242,-1.169286692378692,-1.2414031057477881,26,2021-09-14,2022-01-22,0.6,0.3949329866200742,-0.04971368950328614,0.5333333333333333,-0.40356101822359514,-0.6924006568847465,0.7984940048436693,0.6426869673814604
E1,2022-01-29,Hull,Swansea,home,2021,1,4.869426093372992,4.840709283390476,-0.03369216395174063,0.43152454780361754,Hull,Swansea,26,2021-09-14,2022-01-22,0.4,-0.08723041633134976,0.33550224930438954,0.4666666666666667,0.6441856217271374,0.8531448005575863,-0.7314160380584872,-0.5176425512531968,25,2021-09-11,2022-01-25,0.6,-0.06609974811398374,-0.08375799455792307,0.4666666666666667,-1.1713033775781645,-1.2899556418798717,1.1052036294641807,1.2061976473219487
E1,2022-01-29,Luton,Blackburn,away,2021,5,4.601323254722462,4.598821168230046,-0.07967868084987395,0.4363636363636364,Blackburn,Luton,28,2021-09-25,2022-01-24,0.6,2.1386475017036255,1.560166215740105,0.5333333333333333,-0.8516086682945515,-1.0721444346974947,2.990256169998177,2.6323106504375997,25,2021-09-15,2022-01-25,0.4,1.559096900324149,1.636315356940586,0.5333333333333333,-0.10974627016545759,0.23404833583509882,1.6688431704896067,1.402267021105487
E1,2022-01-29,Luton,Blackburn,home,2021,6,5.213778630223276,5.161008786118653,0.07967868084987395,0.4363636363636364,Luton,Blackburn,25,2021-09-15,2022-01-25,0.6,-1.2962427496431903,-1.17040777742071,0.4666666666666667,0.4284228024100577,0.40308342272154546,-1.724665552053248,-1.5734912001422554,28,2021-09-25,2022-01-24,0.4,-0.16583609784558107,-0.08327814407857784,0.4666666666666667,-0.24979777856373336,-0.3841907820487398,0.0839616807181523,0.300912637970162
E1,2022-01-29,Middlesbrough,Coventry,away,2021,8,5.101760385946931,4.638443492257325,-0.20232691702021238,0.43896103896103894,Coventry,Middlesbrough,24,2021-09-11,2022-01-25,0.6,2.691642729212544,2.867024625108354,0.5333333333333333,1.0131716404539468,0.9613136422319407,1.6784710887585972,1.9057109828764136,26,2021-09-15,2022-01-24,0.4,1.3120070591852078,1.2105366969122862,0.5333333333333333,-0.19207858282718757,-0.3239454505972596,1.5040856420123954,1.5344821475095458
E1,2022-01-29,Middlesbrough,Coventry,home,2021,6,5.638625452295558,5.542175708969705,0.20232691702021238,0.43896103896103894,Middlesbrough,Coventry,26,2021-09-15,2022-01-24,0.6,0.10982449816343376,0.31761942768260243,0.4666666666666667,0.12967695838535775,0.41148002928654875,-0.019852460221923995,-0.09386060160394633,24,2021-09-11,2022-01-25,0.4,-0.46740348486180655,-0.7213552433765343,0.4666666666666667,-0.5397185379926943,-0.5990098569518932,0.07231505313088776,-0.1223453864246411
E1,2022-01-29,Millwall,West Brom,away,2021,4,5.035199282358083,5.127228802036928,0.15069314174962833,0.41902313624678666,West Brom,Millwall,27,2021-09-24,2022-01-26,0.6,-1.0475203473035888,-0.8043918999034115,0.4666666666666667,1.3315182467437137,1.3360557644433595,-2.3790385940473024,-2.140447664346771,25,2021-09-15,2022-01-22,0.8,1.71219894606544,1.5881636110934085,0.4666666666666667,0.6764379326633505,0.49256746972626286,1.0357610134020896,1.0955961413671456
E1,2022-01-29,Millwall,West Brom,home,2021,2,4.4790127326126745,4.505046618520807,-0.15069314174962833,0.41902313624678666,Millwall,West Brom,25,2021-09-15,2022-01-22,0.2,-1.299751930324769,-1.249736222503216,0.5333333333333333,0.35086414647861536,0.41942771135115275,-1.6506160768033844,-1.6691639338543687,27,2021-09-24,2022-01-26,0.4,-2.0557667311643106,-1.9859816696796222,0.5333333333333333,-0.7506215616147839,-0.5968292780694617,-1.3051451695495269,-1.3891523916101605
E1,2022-01-29,Preston,Bristol City,away,2021,6,4.887881971388449,4.42470339377792,-0.29676528836344,0.46335078534031415,Bristol City,Preston,27,2021-09-25,2022-01-25,0.6,0.8883753330587425,0.8623373319865951,0.5333333333333333,0.5457013718899151,0.25292089171300813,0.3426739611688274,0.609416440273587,26,2021-09-18,2022-01-26,0.6,0.30532452308780583,0.23736868756124033,0.4666666666666667,0.8183176380652502,0.8607176184988323,-0.5129931149774443,-0.623348930937592
E1,2022-01-29,Preston,Bristol City,home,2021,3,5.631373175120978,5.698297037524259,0.29676528836344,0.46335078534031415,Preston,Bristol City,26,2021-09-18,2022-01-26,0.4,1.5379859172467796,1.4709418383893753,0.5333333333333333,-0.242409296472749,-0.2708384220682534,1.7803952137195287,1.7417802604576287,27,2021-09-25,2022-01-25,0.4,0.6245372838822068,0.7659761812681707,0.4666666666666667,0.3823526445582108,0.5851624416152094,0.24218463932399598,0.18081373965296132
E1,2022-01-29,QPR,Reading,away,2021,8,3.982763789698897,3.8315765301363207,-0.47630648917458707,0.5366492146596858,Reading,QPR,26,2021-09-18,2022-01-22,0.8,-0.08432106144004932,-0.21923818482961693,0.4666666666666667,-1.2716942564565552,-1.4443269641138217,1.1873731950165058,1.2250887792842047,27,2021-09-18,2022-01-25,0.6,0.15362759418695243,0.34939023798074514,0.4,-0.5115901812540499,-0.3179433880125044,0.6652177754410022,0.6673336259932495
E1,2022-01-29,QPR,Reading,home,2021,6,5.51776537017176,5.9601567626832805,0.47630648917458707,0.5366492146596858,QPR,Reading,27,2021-09-18,2022-01-25,0.4,-0.7444745221718267,-0.7773404403154766,0.6,0.8773948961219012,0.8441116413580174,-1.6218694182937279,-1.6214520816734939,26,2021-09-18,2022-01-22,0.2,1.4725645566055088,1.359772243030171,0.5333333333333333,-0.46475278942012815,-0.48267226751179876,1.937317346025637,1.8424445105419698
E1,2022-01-30,Cardiff,Nott'm Forest,away,2021,2,4.8133389649049185,4.8514494537569925,0.032502620523779724,0.43896103896103894,Nott'm Forest,Cardiff,28,2021-09-25,2022-01-25,0.6,3.061145611670162,2.785446985065576,0.5333333333333333,0.12115805440402211,0.24792973226388734,2.93998755726614,2.5375172528016887,24,2021-09-15,2022-01-22,0.8,-0.8353134557064689,-0.8363856954411647,0.4666666666666667,0.5162925385787935,0.45698446639224516,-1.3516059942852623,-1.29337016183341
E1,2022-01-30,Cardiff,Nott'm Forest,home,2021,3,4.740640918333872,4.785705795475076,-0.032502620523779724,0.43896103896103894,Cardiff,Nott'm Forest,24,2021-09-15,2022-01-22,0.2,-0.4868043310141029,-0.41128390107638585,0.5333333333333333,0.07734411641529443,-0.016859490637296335,-0.5641484474293974,-0.3944244104390895,28,2021-09-25,2022-01-25,0.4,-1.2354598931681189,-1.0834844611715346,0.4666666666666667,-0.9488281610769989,-1.066519355368357,-0.28663173209112003,-0.01696510580317767
E1,2022-01-30,Derby,Birmingham,away,2021,6,3.6331373455572304,4.100966625679185,-0.11534883720930234,0.3875,Birmingham,Derby,27,2021-09-25,2022-01-25,0.6,-0.42830581161118886,-0.5217498224538881,0.4666666666666667,-0.746481354768873,-0.9728123446755317,0.31817554315768415,0.45106252222164356,26,2021-09-18,2022-01-22,0.6,-1.6870673985749598,-2.0487385937446083,0.4666666666666667,0.8190441282471684,0.3923334358171199,-2.5061115268221283,-2.4410720295617283
E1,2022-01-30,Derby,Birmingham,home,2021,7,4.823697424000514,5.041219913976101,0.11534883720930234,0.3875,Derby,Birmingham,26,2021-09-18,2022-01-22,0.4,-0.2605068623085078,-0.24675375939679417,0.5333333333333333,-0.9076140238552033,-0.8177451460102776,0.6471071615466955,0.5709913866134835,27,2021-09-25,2022-01-25,0.4,-0.4147249811321778,-0.4657080671741622,0.5333333333333333,1.442700656994634,1.3457853681279845,-1.8574256381268117,-1.8114934353021468
E1,2022-02-01,Millwall,Preston,away,2021,3,4.052702878396555,4.353720586581762,-0.07617658788506232,0.3796526054590571,Preston,Millwall,27,2021-09-25,2022-01-29,0.6,0.6580216048024624,0.5812699723113927,0.4666666666666667,-0.017329120066891482,-0.05622772091818013,0.6753507248693539,0.6374976932295728,26,2021-09-18,2022-01-29,0.6,0.7499010246644454,0.6540658023774458,0.4666666666666667,0.7937094463115512,0.5942756427013964,-0.043808421647105744,0.05979015967604939
E1,2022-02-01,Millwall,Preston,home,2021,2,5.312972687728509,5.198484752494153,0.07617658788506232,0.3796526054590571,Millwall,Preston,26,2021-09-18,2022-01-29,0.4,-1.4020473609881985,-1.3465808402760149,0.5333333333333333,0.3372433373727317,0.4007916703837013,-1.7392906983609302,-1.7473725106597162,27,2021-09-25,2022-01-29,0.4,0.7696511293436492,0.828585420144851,0.5333333333333333,0.42527019978700603,0.45924268886584224,0.3443809295566432,0.3693427312790088
E1,2022-02-01,Swansea,Luton,away,2021,4,4.135850400774715,4.291713185963243,-0.15371675837880266,0.385,Luton,Swansea,26,2021-09-18,2022-01-29,0.6,-0.49810522361997267,-0.472498516441971,0.5333333333333333,-0.08402722468018578,-0.0681056846338383,-0.4140779989397869,-0.4043928318081327,26,2021-09-15,2022-01-29,0.6,-0.6567075931820107,-0.71516876090065,0.5333333333333333,-1.0526466273387605,-1.1674118803390818,0.3959390341567498,0.4522431194384319
E1,2022-02-01,Swansea,Luton,home,2021,7,5.331282755286708,5.328947866915938,0.15371675837880266,0.385,Swansea,Luton,26,2021-09-15,2022-01-29,0.4,-1.699690409661106,-1.7309935261359275,0.4666666666666667,0.14393232976476167,0.17756550000528867,-1.8436227394258677,-1.9085590261412162,26,2021-09-18,2022-01-29,0.4,1.869588099463585,1.9886026001948156,0.4666666666666667,-0.3465437277764145,0.0009067498215205916,2.2161318272399995,1.987695850373295
E1,2022-02-02,Barnsley,Cardiff,away,2021,0,4.856919487989029,4.914037825859022,0.06200596086562138,0.43264248704663216,Cardiff,Barnsley,25,2021-09-18,2022-01-30,0.4,-0.9990821917249676,-0.8857955349298037,0.5333333333333333,0.037636744157932105,-0.07655712123751023,-1.0367189358828997,-0.8092384136922934,26,2021-09-15,2022-01-29,0.6,3.0289573812819564,2.5831551695094688,0.4666666666666667,1.0573254674287087,0.7607549550934134,1.9716319138532477,1.8224002144160554
E1,2022-02-02,Barnsley,Cardiff,home,2021,6,4.47338376635439,4.624023288089115,-0.06200596086562138,0.43264248704663216,Barnsley,Cardiff,26,2021-09-15,2022-01-29,0.4,-2.3378274959390857,-2.2126100591789752,0.5333333333333333,-0.29571954932985,-0.20815882917691486,-2.0421079466092356,-2.0044512300020605,25,2021-09-18,2022-01-30,0.6,-1.715474656202192,-1.7584973268963715,0.4666666666666667,0.47709281370859896,0.44551909679841323,-2.192567469910791,-2.204016423694785
E1,2022-02-02,Huddersfield,Derby,away,2021,3,4.586534723805458,4.420350947913007,-0.20683183043944342,0.4205128205128206,Derby,Huddersfield,27,2021-09-25,2022-01-30,0.4,0.49873301774428713,0.5233848474213003,0.5333333333333333,-1.1332478530226353,-1.082372777045283,1.6319808707669226,1.6057576244665832,28,2021-09-28,2022-01-28,0.6,2.1983264921298398,1.9403522330129257,0.4666666666666667,-0.27786104909360304,-0.4966026350851631,2.476187541223443,2.4369548680980886
E1,2022-02-02,Huddersfield,Derby,home,2021,4,4.424166104434683,4.988292936290823,0.20683183043944342,0.4205128205128206,Huddersfield,Derby,28,2021-09-28,2022-01-28,0.4,-1.1084327988534333,-1.1925482721185032,0.5333333333333333,-0.4150451678703249,-0.5088430147283253,-0.6933876309831084,-0.683705257390178,27,2021-09-25,2022-01-30,0.6,-0.8709713699411836,-1.326261498567619,0.4666666666666667,0.6014405588556999,0.19542465291769856,-1.4724119287968835,-1.5216861514853177
E1,2022-02-04,Birmingham,Sheffield United,away,2021,6,4.613320724602345,5.050978876755718,0.22895323904615447,0.4557291666666667,Sheffield United,Birmingham,25,2021-09-14,2022-01-29,0.2,0.9054396880669321,0.923885401290284,0.4666666666666667,-0.3416898038392661,-0.2676105415457613,1.2471294919061982,1.1914959428360452,28,2021-09-28,2022-01-30,0.6,0.31723770112295624,0.25048153364586423,0.5333333333333333,1.0766868541018737,0.9821881259403841,-0.7594491529789175,-0.7317065922945198
E1,2022-02-04,Birmingham,Sheffield United,home,2021,1,4.021551454463097,4.196875864171353,-0.22895323904615447,0.4557291666666667,Birmingham,Sheffield United,28,2021-09-28,2022-01-30,0.4,0.9103124885264583,0.6829704411072178,0.4666666666666667,-1.0540614004014583,-1.2399415355399204,1.9643738889279168,1.9229119766471383,25,2021-09-14,2022-01-29,0.8,-1.8141797698325708,-1.9776580363825054,0.5333333333333333,0.3411723794029025,0.20084828615351877,-2.1553521492354735,-2.178506322536024
E1,2022-02-05,Hull,Preston,away,2021,4,4.469735871198714,4.609191944921707,-0.029673071209673108,0.41071428571428575,Preston,Hull,28,2021-09-28,2022-02-01,0.4,0.1656498584533706,0.032841116111877434,0.5333333333333333,-0.19049847705131248,-0.2191188556063109,0.35614833550468306,0.25195997171818835,27,2021-09-18,2022-01-29,0.4,-0.1797231316285174,-0.5506213638380645,0.5333333333333333,-0.4568382652491515,-0.744638432852158,0.2771151336206341,0.19401706901409355
E1,2022-02-05,Hull,Preston,home,2021,7,4.664393255871768,4.841219996078445,0.029673071209673108,0.41071428571428575,Hull,Preston,27,2021-09-18,2022-01-29,0.6,-0.9484947877190976,-0.5687661399952576,0.4666666666666667,0.5390727107546243,0.7639227390448794,-1.4875674984737217,-1.332688879040137,28,2021-09-28,2022-02-01,0.6,-0.48929975266771064,-0.3892759747310695,0.4666666666666667,0.6048908587260046,0.6598061756927976,-1.0941906113937152,-1.0490821504238672
E1,2022-02-05,Swansea,Blackburn,away,2021,13,4.069956505797119,4.3812125391663335,-0.06142784351469166,0.3909774436090226,Blackburn,Swansea,29,2021-09-28,2022-01-29,0.4,2.3611984913562862,1.928183223972083,0.5333333333333333,-0.6881539998237037,-0.9560991000098823,3.04935249117999,2.8842823239819655,27,2021-09-18,2022-02-01,0.6,-0.13755268654486344,-0.263052766429775,0.5333333333333333,-1.1172067267556391,-1.2214792298839205,0.9796540402107757,0.9584264634541455
E1,2022-02-05,Swansea,Blackburn,home,2021,0,4.813507759319151,4.955676761823656,0.06142784351469166,0.3909774436090226,Swansea,Blackburn,27,2021-09-18,2022-02-01,0.4,-0.7489852064325884,-0.7527114418417105,0.4666666666666667,-0.19620276299211697,-0.17163422901490505,-0.5527824434404713,-0.5810772128268054,29,2021-09-28,2022-01-29,0.6,0.7302863087243645,0.7268554623555813,0.4666666666666667,-0.5975708683186806,-0.6976694161929686,1.327857177043045,1.4245248785485498
E1,2022-02-08,Derby,Hull,away,2021,10,4.635745208225652,4.523624024645404,-0.14552293677391392,0.39999999999999997,Hull,Derby,28,2021-09-25,2022-02-05,0.8,0.19382020170905373,0.4244617768750958,0.4,0.18426988846034867,0.4664873314092966,0.009550313248705061,-0.042025554534200815,28,2021-09-29,2022-02-02,0.6,-0.9561261716288083,-1.418650525640973,0.4666666666666667,0.21597585222491594,-0.19165689828138982,-1.1721020238537243,-1.2269936273595832
E1,2022-02-08,Derby,Hull,home,2021,2,4.050269092479908,4.71085531547703,0.14552293677391392,0.39999999999999997,Derby,Hull,28,2021-09-29,2022-02-02,0.4,0.05929502374257538,0.06518408552998292,0.5333333333333333,-0.8833344019148408,-0.8269266084945806,0.9426294256574161,0.8921106940245634,28,2021-09-25,2022-02-05,0.2,0.4358969988548038,0.12322376662944183,0.6,-0.634267033080293,-0.941837385590882,1.070164031935097,1.065061152220324
E1,2022-02-08,Fulham,Millwall,away,2021,4,3.7438886026877496,3.605582269946304,-0.58824559838452,0.5261780104712042,Millwall,Fulham,27,2021-09-25,2022-02-01,0.6,-1.8933437534040032,-1.770169454923434,0.4666666666666667,0.07439964310803159,0.12841363115332088,-1.9677433965120348,-1.8985830860767547,27,2021-09-25,2022-01-29,0.4,-0.3112409327110517,-0.25396526094014893,0.4666666666666667,-0.5286338023789947,-0.2870634602971037,0.21739286966794302,0.033098199356954794
E1,2022-02-08,Fulham,Millwall,home,2021,6,6.832102141524123,6.770908723045678,0.58824559838452,0.5261780104712042,Fulham,Millwall,27,2021-09-25,2022-01-29,0.6,1.2241111589494384,1.0033406831934952,0.5333333333333333,0.3961517429577475,0.1316165901718226,0.827959415991691,0.8717240930216726,27,2021-09-25,2022-02-01,0.4,0.4499656950362102,0.28997538294778896,0.5333333333333333,0.8367173831848468,0.6551679890940735,-0.3867516881486366,-0.3651926061462845
E1,2022-02-08,Luton,Barnsley,away,2021,4,4.7923024555675875,4.215989904914675,-0.4288180721387861,0.45052083333333337,Barnsley,Luton,27,2021-09-18,2022-02-02,0.4,-1.922527864715033,-1.7803171038590377,0.6,-0.3149367630141053,-0.25222496286527735,-1.6075911017009277,-1.5280921409937605,27,2021-09-25,2022-02-01,0.6,2.0299530792856935,2.1295585124063665,0.4666666666666667,-0.41470708809887746,-0.0905593774021036,2.444660167384571,2.22011788980847
E1,2022-02-08,Luton,Barnsley,home,2021,9,5.870215546601235,6.037962161718724,0.4288180721387861,0.45052083333333337,Luton,Barnsley,27,2021-09-25,2022-02-01,0.4,-0.2882845589070685,-0.34377540353762387,0.5333333333333333,-0.13038377255638636,-0.10018739436292906,-0.15790078635068214,-0.2435880091746948,27,2021-09-18,2022-02-02,0.6,0.9822009149160762,0.5569519461026482,0.4,0.9335720854145604,0.6651373435114618,0.04862882950151581,-0.10818539740881361
E1,2022-02-08,Stoke,Swansea,away,2021,1,4.5984600052310665,4.512238147429384,-0.14209004864554037,0.4025316455696203,Swansea,Stoke,28,2021-09-25,2022-02-05,0.6,-2.201952102560317,-2.2120692270535947,0.4666666666666667,-0.15873716493346385,-0.1714443834245653,-2.0432149376268534,-2.0406248436290295,28,2021-09-25,2022-01-28,0.6,-0.12997724618571632,0.08096511536546327,0.4666666666666667,0.6340662399739562,0.7615690624000988,-0.7640434861596725,-0.6806039470346356
E1,2022-02-08,Stoke,Swansea,home,2021,8,4.5218397314771765,4.939491315804713,0.14209004864554037,0.4025316455696203,Stoke,Swansea,28,2021-09-25,2022-01-28,0.4,-0.3112808146701056,-0.34500060062667987,0.5333333333333333,-0.1686906619261843,-0.1572120123191875,-0.1425901527439213,-0.18778858830749237,28,2021-09-25,2022-02-05,0.4,1.7488236398263992,1.6110838253984716,0.5333333333333333,-1.118022235519453,-1.2413320561345171,2.8668458753458523,2.8524158815329885
E1,2022-02-09,Blackburn,Nott'm Forest,away,2021,4,4.722960236182056,4.611071232756991,-0.10903555559088418,0.43152454780361754,Nott'm Forest,Blackburn,29,2021-09-29,2022-01-30,0.6,1.7833367260088457,1.4899912632326253,0.4666666666666667,0.501494517090232,0.6301468321742337,1.2818422089186137,0.8598444310583916,30,2021-10-02,2022-02-05,0.8,-0.03816458914013303,-0.05507597914180362,0.4,-0.6682145098564135,-0.7705414473643939,0.6300499207162805,0.7154654682225903
E1,2022-02-09,Blackburn,Nott'm Forest,home,2021,5,4.77523213587485,5.009385710199272,0.10903555559088418,0.43152454780361754,Blackburn,Nott'm Forest,30,2021-10-02,2022-02-05,0.2,3.0311383734076136,2.674554201002314,0.6,-0.23963765204328233,-0.533003990441946,3.2707760254508957,3.20755819144426,29,2021-09-29,2022-01-30,0.4,-1.5592348016568,-1.495957580945589,0.5333333333333333,-0.9203370221566997,-1.0086924274764393,-0.6388977795001004,-0.48726515346914967
E1,2022-02-09,Bournemouth,Birmingham,away,2021,8,3.9255792843587933,3.8001028576299722,-0.4826021910139472,0.4960629921259842,Birmingham,Bournemouth,29,2021-10-02,2022-02-04,0.6,-0.2903541468318192,-0.5345691761041426,0.4666666666666667,-0.8143375564109405,-1.0202610396622116,0.5239834095791214,0.48569186355806904,26,2021-09-18,2022-01-29,0.6,-1.2062454917722811,-0.8829418009438943,0.5333333333333333,0.80267271344885,0.9168272419680152,-2.008918205221131,-1.7997690429119095
E1,2022-02-09,Bournemouth,Birmingham,home,2021,5,6.080592346643556,6.231961862422398,0.4826021910139472,0.4960629921259842,Bournemouth,Birmingham,26,2021-09-18,2022-01-29,0.4,0.49203230496403877,0.3380778847154874,0.4666666666666667,0.4883340048258693,0.18447642664197,0.0036983001381694636,0.15360145807351738,29,2021-10-02,2022-02-04,0.4,0.3127423855327063,0.1626010194115577,0.5333333333333333,1.4654563450707887,1.3740350019964316,-1.1527139595380824,-1.211433982584874
E1,2022-02-09,Bristol City,Reading,away,2021,6,4.834244758006131,4.4666350441315466,-0.24917815844475022,0.5184210526315789,Reading,Bristol City,27,2021-09-25,2022-01-29,0.6,0.9499016779250568,0.9653631370151029,0.5333333333333333,-1.0746873536107997,-1.3103619721949282,2.0245890315358563,2.2757251092100312,29,2021-10-02,2022-02-05,0.8,0.08502905169430104,0.06988479851302092,0.4,0.48587063276827364,0.7161753206620982,-0.4008415810739726,-0.6462905221490773
E1,2022-02-09,Bristol City,Reading,home,2021,5,4.358699978305693,5.019094825729802,0.24917815844475022,0.5184210526315789,Bristol City,Reading,29,2021-10-02,2022-02-05,0.2,0.877046186777658,0.962450448333539,0.6,0.49298358650386054,0.22029895565210328,0.38406260027379746,0.7421514926814357,27,2021-09-25,2022-01-29,0.4,0.5381951009540316,0.29199928839640865,0.4666666666666667,-0.30227457582590417,-0.2899347679666649,0.8404696767799358,0.5819340563630735
E1,2022-02-09,Preston,Huddersfield,away,2021,2,4.854356509042217,4.574013611315992,-0.17611442410948885,0.4352331606217616,Huddersfield,Preston,29,2021-10-02,2022-02-02,0.6,-0.9960751404730628,-1.1600035811342229,0.4666666666666667,-0.48666888449738255,-0.5887148350247835,-0.5094062559756802,-0.5712887461094394,29,2021-10-02,2022-02-05,0.8,-1.2435467420702933,-1.1768600753421263,0.4666666666666667,0.9576537564614488,0.996807653372557,-2.201200498531742,-2.1736677287146833
E1,2022-02-09,Preston,Huddersfield,home,2021,1,4.894936626309618,5.1672103522646085,0.17611442410948885,0.4352331606217616,Preston,Huddersfield,29,2021-10-02,2022-02-05,0.2,0.17028572575626838,0.04264970229474265,0.5333333333333333,0.03968263421163369,-0.0010717295618675256,0.13060309154463468,0.04372143185661018,29,2021-10-02,2022-02-02,0.4,1.2348864881631592,1.08863968959957,0.5333333333333333,0.014010046158931911,-0.2100889126191425,1.2208764420042273,1.2987286022187126
E1,2022-02-09,QPR,Middlesbrough,away,2021,8,5.303536034522702,4.984638027520971,-0.019327689974066642,0.44155844155844154,Middlesbrough,QPR,27,2021-09-25,2022-01-29,0.6,-0.016502508068419353,0.08894983951920547,0.5333333333333333,0.07581259685903709,0.3868950559151653,-0.09231510492745644,-0.29794521639595983,28,2021-09-24,2022-01-29,0.4,0.861487370000513,1.1122563835145514,0.4666666666666667,-0.4963042050994572,-0.29808079928513925,1.3577915750999703,1.4103371827996907
E1,2022-02-09,QPR,Middlesbrough,home,2021,3,5.342266716810966,5.122903116223713,0.019327689974066642,0.44155844155844154,QPR,Middlesbrough,28,2021-09-24,2022-01-29,0.6,-1.351436434637468,-1.532715274126312,0.5333333333333333,0.8873388616053146,0.8779711754621473,-2.2387752962427827,-2.410686449588459,27,2021-09-25,2022-01-29,0.4,1.9931324778349264,2.0101361990263937,0.4666666666666667,-0.29558802927854866,-0.44180620267796766,2.2887205071134753,2.451942401704361
E1,2022-02-09,Sheffield United,West Brom,away,2021,2,4.679560342912361,4.625929504501919,-0.0847947465389694,0.4352331606217616,West Brom,Sheffield United,28,2021-09-28,2022-01-29,0.6,-0.9118367060299832,-0.6871672399979711,0.4,1.1017924800665768,1.0947072144400822,-2.0136291860965603,-1.7818744544380534,26,2021-09-18,2022-02-04,0.8,-2.6807735909446353,-2.8635559974135787,0.6,0.2919309088131768,0.15068910194847454,-2.9727044997578123,-3.014245099362053
E1,2022-02-09,Sheffield United,West Brom,home,2021,3,4.484014342239223,4.837372038813495,0.0847947465389694,0.4352331606217616,Sheffield United,West Brom,26,2021-09-18,2022-02-04,0.2,1.6655687017229552,1.553413551750331,0.4,-0.2288619079445823,-0.15248495658251288,1.8944306096675376,1.7058985083328437,28,2021-09-28,2022-01-29,0.4,-2.227589912833948,-2.108608403770469,0.6,-0.8977481450011066,-0.7798346152525734,-1.3298417678328414,-1.3287737885178954
E1,2022-02-12,Barnsley,QPR,away,2021,4,4.896744120820855,5.156727029030024,0.21064860917479916,0.4712041884816754,QPR,Barnsley,29,2021-09-28,2022-02-09,0.8,-1.5231876109444245,-1.6328623137558083,0.5333333333333333,0.7493046774848788,0.7129488402783916,-2.2724922884293033,-2.3458111540342,28,2021-09-29,2022-02-08,0.6,1.7509734461929825,1.4371407556368907,0.4666666666666667,1.093549105756802,0.8035180596663415,0.6574243404361804,0.6336226959705492
E1,2022-02-12,Barnsley,QPR,home,2021,2,4.615519372456486,4.483491081715321,-0.21064860917479916,0.4712041884816754,Barnsley,QPR,28,2021-09-29,2022-02-08,0.4,-1.3421102232139492,-1.181179721184083,0.5333333333333333,-0.79989725349633,-0.6893983707722368,-0.5422129697176192,-0.49178135041184634,29,2021-09-28,2022-02-09,0.2,2.2660259323450656,2.5402423667072997,0.4666666666666667,-0.9002040622778845,-0.7001770720831221,3.16622999462295,3.240419438790422
E1,2022-02-12,Birmingham,Luton,away,2021,7,3.923715199314723,4.467629005034145,0.05724883930483554,0.4352331606217616,Luton,Birmingham,28,2021-09-29,2022-02-08,0.6,0.5849939439629916,0.5126802193499612,0.5333333333333333,-0.3890927537549181,-0.3829329094145587,0.9740866977179097,0.8956131287645199,30,2021-10-15,2022-02-09,0.4,0.3305963927310783,0.1316367948614185,0.6,1.403179892290345,1.3231903775754932,-1.0725834995592667,-1.1915535827140746
E1,2022-02-12,Birmingham,Luton,home,2021,0,5.185678316771344,4.941439239260326,-0.05724883930483554,0.4352331606217616,Birmingham,Luton,30,2021-10-15,2022-02-09,0.6,0.19436061384109546,-0.02357237823989191,0.4,-0.761220617469931,-0.9589980023181777,0.9555812313110265,0.9354256240782858,28,2021-09-29,2022-02-08,0.4,1.5714882503414325,1.77160150844269,0.4666666666666667,-0.2175719798225305,0.13403677394755303,1.7890602301639629,1.637564734495137
E1,2022-02-12,Blackpool,Bournemouth,away,2021,7,5.089836089420498,5.312945806202423,0.25342696629213485,0.45052083333333337,Bournemouth,Blackpool,27,2021-09-25,2022-02-09,0.6,0.5234786137215115,0.3006774825992915,0.4666666666666667,0.3726559832408761,0.09633885880928865,0.15082263048063538,0.20433862379000284,20,2021-10-02,2022-02-08,0.4,-0.05792071483085461,-0.06357849994827358,0.4666666666666667,-0.652412162581576,-0.6675217510815237,0.5944914477507214,0.6039432511332501
E1,2022-02-12,Blackpool,Bournemouth,home,2021,6,4.322984479868136,4.300679590530959,-0.25342696629213485,0.45052083333333337,Blackpool,Bournemouth,20,2021-10-02,2022-02-08,0.6,-0.15302055426437383,-0.400259686393332,0.5333333333333333,-0.8497715037931023,-0.8951183693503079,0.6967509495287285,0.4948586829569759,27,2021-09-25,2022-02-09,0.4,-0.052309668166026134,0.19255854943496525,0.5333333333333333,0.8075638590455365,0.9927017887173897,-0.8598735272115626,-0.8001432392824244
E1,2022-02-12,Huddersfield,Sheffield United,away,2021,2,5.038883418120026,5.1264315981676205,0.14910371022279867,0.43896103896103894,Sheffield United,Huddersfield,27,2021-09-25,2022-02-09,0.4,2.296220486731342,2.1776652126847615,0.4,-0.478919792020113,-0.41503142573633056,2.7751402787514547,2.592696638421092,30,2021-10-16,2022-02-09,0.4,-0.6601696538880131,-0.7221888959898539,0.5333333333333333,0.33156965166044305,0.06877331668948526,-0.9917393055484561,-0.7909622126793392
E1,2022-02-12,Huddersfield,Sheffield United,home,2021,9,3.748828703632186,4.167982433681914,-0.14910371022279867,0.43896103896103894,Huddersfield,Sheffield United,30,2021-10-16,2022-02-09,0.6,-1.3726957882821735,-1.4656023925300752,0.4666666666666667,-0.48847445839116826,-0.6175521706624688,-0.8842213298910053,-0.8480502218676064,27,2021-09-25,2022-02-09,0.6,-2.5968629222264306,-2.7245575091933127,0.6,-0.044414945713822804,-0.18098379669864414,-2.5524479765126076,-2.5435737124946685
E1,2022-02-12,Hull,Fulham,away,2021,4,5.118650841339195,5.597621805917705,0.4190529515277556,0.4973684210526315,Fulham,Hull,28,2021-09-29,2022-02-08,0.8,-0.060062576613614915,-0.16416323772479088,0.5333333333333333,0.6556954140741785,0.37275877823173553,-0.7157579906877934,-0.5369220159565264,29,2021-10-02,2022-02-08,0.4,-0.025731189093121287,-0.4499104463504695,0.5333333333333333,-0.2907277371513724,-0.5937325567702179,0.2649965480582511,0.14382211041974835
E1,2022-02-12,Hull,Fulham,home,2021,1,4.4540206481535645,4.146185588813313,-0.4190529515277556,0.4973684210526315,Hull,Fulham,29,2021-10-02,2022-02-08,0.6,1.0155419023250027,1.1557408837442458,0.4666666666666667,0.19725006722981966,0.5115936245824216,0.8182918350951831,0.6441472591618241,28,2021-09-29,2022-02-08,0.2,0.11830487090178617,0.18039151858767477,0.4666666666666667,-0.5477122541256978,-0.3182008569930366,0.666017125027484,0.49859237558071134
E1,2022-02-12,Middlesbrough,Derby,away,2021,7,4.443500508270671,4.098419925427784,-0.4123523280055593,0.44155844155844154,Derby,Middlesbrough,29,2021-10-02,2022-02-08,0.6,-1.381575176370531,-1.5527285796625296,0.4666666666666667,-0.30529160770776315,-0.24426850646727202,-1.0762835686627679,-1.3084600731952576,28,2021-09-28,2022-02-09,0.6,0.8095380417924007,0.8603897447000991,0.4,0.09468319134649163,-0.031219417197015233,0.7148548504459091,0.8916091618971144
E1,2022-02-12,Middlesbrough,Derby,home,2021,6,5.799969501032965,5.976476957894301,0.4123523280055593,0.44155844155844154,Middlesbrough,Derby,28,2021-09-28,2022-02-09,0.4,0.5471435602051334,0.6366902733359723,0.6,0.1760585633573901,0.48823283732513484,0.3710849968477433,0.14845743601083744,29,2021-10-02,2022-02-08,0.4,0.3475002840309468,0.027541297301930355,0.5333333333333333,0.14474341973330998,-0.28815087965846337,0.2027568642976368,0.3156921769603937
E1,2022-02-12,Millwall,Cardiff,away,2021,5,3.6550595329524964,4.1098116085114,-0.11698297068295521,0.40712468193384227,Cardiff,Millwall,27,2021-09-28,2022-02-09,0.6,-0.22709584996937301,-0.3368053978231478,0.4666666666666667,-0.3985829851857635,-0.4297556611949166,0.1714871352163905,0.09295026337176882,28,2021-09-29,2022-02-08,0.4,0.20598107808860427,0.07136283645859365,0.5333333333333333,1.004528211191873,0.8171400792705892,-0.7985471331032687,-0.7457772428119955
E1,2022-02-12,Millwall,Cardiff,home,2021,6,5.878425596354656,5.501839260831801,0.11698297068295521,0.40712468193384227,Millwall,Cardiff,28,2021-09-29,2022-02-08,0.6,-1.346109613120351,-1.2529774674549414,0.4666666666666667,-0.05432874651937221,0.02169375833297445,-1.2917808666009787,-1.2746712257879158,27,2021-09-28,2022-02-09,0.4,-0.5194854788522962,-0.7281754090747915,0.5333333333333333,0.5150033861023509,0.5290089704215412,-1.034488864954647,-1.2571843794963327
E1,2022-02-12,Nott'm Forest,Stoke,away,2021,5,4.290583419540126,4.41222321167204,-0.11525737255878488,0.411764705882353,Stoke,Nott'm Forest,29,2021-09-28,2022-02-08,0.4,0.6262542395679922,0.5432585475515721,0.5333333333333333,0.07702284400757732,0.08851929609357695,0.5492313955604149,0.45473925145799515,30,2021-10-02,2022-02-09,0.6,-1.317090349564463,-1.2676314447429984,0.4666666666666667,-0.7927064451432021,-0.8832772205293634,-0.5243839044212609,-0.38435422421363497
E1,2022-02-12,Nott'm Forest,Stoke,home,2021,5,5.872181492073388,5.496421443231117,0.11525737255878488,0.411764705882353,Nott'm Forest,Stoke,30,2021-10-02,2022-02-09,0.4,0.9926116195668448,0.8001346628504724,0.5333333333333333,0.6079130467622313,0.7183472575027814,0.3846985728046135,0.08178740534769102,29,2021-09-28,2022-02-08,0.6,-1.203358924652051,-0.9714949726935445,0.4666666666666667,0.6812332253038276,0.8020141456970109,-1.8845921499558786,-1.7735091183905554
E1,2022-02-12,Reading,Coventry,away,2021,5,6.295871160923764,5.7705616910185,0.21720545990089452,0.5052631578947367,Coventry,Reading,26,2021-09-18,2022-02-08,0.6,2.9887009642809157,3.2265919670057395,0.4666666666666667,0.9837596805935137,0.9896367032712402,2.004941283687402,2.236955263734499,28,2021-09-29,2022-02-09,0.6,-0.4512982019653357,-0.7251418530587023,0.4666666666666667,0.17867358481788956,0.1307330853200082,-0.6299717867832253,-0.8558749383787105
E1,2022-02-12,Reading,Coventry,home,2021,4,3.9487702590799683,4.178016544435452,-0.21720545990089452,0.5052631578947367,Reading,Coventry,28,2021-09-29,2022-02-09,0.4,1.5613762504742184,1.6275093617058782,0.5333333333333333,-1.0489043385959997,-1.2599882082468548,2.610280589070218,2.8874975699527328,26,2021-09-18,2022-02-08,0.4,-0.18283715556517083,-0.3971908628050739,0.5333333333333333,-0.7749381480654448,-0.8958204660989616,0.592100992500274,0.4986296032938877
E1,2022-02-13,Swansea,Bristol City,away,2021,5,4.470288232795604,4.344871879313348,-0.22660725652450675,0.48031496062992135,Bristol City,Swansea,30,2021-10-16,2022-02-09,0.4,0.8927103510347891,0.8292361780170452,0.6,0.1188607468499729,-0.11679243886415541,0.7738496041848162,0.9460286168812007,29,2021-09-29,2022-02-08,0.6,1.4436222777968928,1.267231939037074,0.5333333333333333,-0.6186985775506398,-0.7503910986871971,2.0623208553475325,2.017623037724271
E1,2022-02-13,Swansea,Bristol City,home,2021,6,5.261420125751654,5.415323238544888,0.22660725652450675,0.48031496062992135,Swansea,Bristol City,29,2021-09-29,2022-02-08,0.4,-2.3343881178313817,-2.282491218195211,0.4666666666666667,-0.22647152547890373,-0.24939219100799517,-2.107916592352478,-2.033099027187216,30,2021-10-16,2022-02-09,0.6,0.5091769290699053,0.5900386899240854,0.4,0.39649408685627807,0.6334645584114298,0.11268284221362723,-0.04342586848734442
E1,2022-02-14,West Brom,Blackburn,away,2021,7,4.0237837391384295,4.052162951671339,-0.30483028289486713,0.43152454780361754,Blackburn,West Brom,31,2021-10-16,2022-02-09,0.4,3.45000160910066,3.1463366037485834,0.6,-0.6922471517340351,-0.9875731531026141,4.142248760834695,4.133909756851198,29,2021-10-01,2022-02-09,0.6,-1.8743920606455038,-1.8830552760384713,0.5333333333333333,-1.1011137853164459,-0.9623432600567099,-0.7732782753290579,-0.9207120159817614
E1,2022-02-14,West Brom,Blackburn,home,2021,3,6.001559002494675,5.874259918585205,0.30483028289486713,0.43152454780361754,West Brom,Blackburn,29,2021-10-01,2022-02-09,0.4,-0.9937236525726035,-0.874308186948916,0.4666666666666667,0.9009329674732446,0.942888916670841,-1.8946566200458481,-1.817197103619757,31,2021-10-16,2022-02-09,0.6,-0.704366144505275,-0.643449720192795,0.4,-0.2884420755109237,-0.4221132091845986,-0.4159240689943513,-0.2213365110081964
E1,2022-02-15,Cardiff,Coventry,away,2021,2,5.121480838156521,5.012927837243143,0.05069324090121319,0.44155844155844154,Coventry,Cardiff,27,2021-09-29,2022-02-12,0.6,2.229243078482475,2.535883152883134,0.4666666666666667,1.1637305840217305,1.1982791075991177,1.0655124944607446,1.337604045284016,28,2021-10-02,2022-02-12,0.6,-0.12126093525521178,-0.15488371645502816,0.5333333333333333,0.3408490265662974,0.33198580904007163,-0.4621099618215092,-0.48686952549509976
E1,2022-02-15,Cardiff,Coventry,home,2021,4,4.396748143745813,4.604634427400182,-0.05069324090121319,0.44155844155844154,Cardiff,Coventry,28,2021-10-02,2022-02-12,0.4,-0.47971726468860315,-0.6249272140250209,0.4666666666666667,-0.21141188257942983,-0.2592019626676233,-0.2683053821091733,-0.36572525135739764,27,2021-09-29,2022-02-12,0.4,0.03768898616475935,-0.16863307974849287,0.5333333333333333,-1.0507758584688205,-1.1842160906934287,1.0884648446335798,1.0155830109449357
E1,2022-02-15,Millwall,QPR,away,2021,5,4.0606742971830245,4.355733223296962,-0.07751516870314074,0.4205128205128206,QPR,Millwall,30,2021-10-02,2022-02-12,0.6,-1.1838383379673139,-1.3525406081976978,0.5333333333333333,0.87123107918344,0.8416784329186798,-2.055069417150754,-2.1942190411163778,29,2021-10-02,2022-02-12,0.4,-0.05659392529107565,-0.2613215024388669,0.5333333333333333,0.9642515168023054,0.822322017691986,-1.020845442093381,-1.083643520130853
E1,2022-02-15,Millwall,QPR,home,2021,2,5.770343230513522,5.392865614603947,0.07751516870314074,0.4205128205128206,Millwall,QPR,29,2021-10-02,2022-02-12,0.6,-1.5999612183727847,-1.478631592337622,0.4666666666666667,0.18581984245080768,0.24942225238963184,-1.7857810608235924,-1.728053844727254,30,2021-10-02,2022-02-12,0.4,1.9409463843098531,2.149617983810559,0.4666666666666667,-0.9252737752612809,-0.7085760021465509,2.866220159571134,2.8581939859571097
E1,2022-02-15,Sheffield United,Hull,away,2021,3,4.236113945960578,3.947430537558974,-0.46739784658596933,0.48684210526315796,Hull,Sheffield United,30,2021-10-16,2022-02-12,0.6,0.5683701523227995,0.7082090772049192,0.4666666666666667,0.38252427186719756,0.7070054809359014,0.18584588045560196,0.0012035962690177815,28,2021-09-28,2022-02-12,0.6,-1.448045621410227,-1.6265070207624888,0.6666666666666666,0.13192714179955173,-0.02746347730658254,-1.5799727632097789,-1.5990435434559063
E1,2022-02-15,Sheffield United,Hull,home,2021,12,5.14859686912708,5.765986552360462,0.46739784658596933,0.48684210526315796,Sheffield United,Hull,28,2021-09-28,2022-02-12,0.4,0.46707546487910784,0.333038791655869,0.3333333333333333,-0.45736891284171666,-0.36057642307535936,0.9244443777208244,0.6936152147312284,30,2021-10-16,2022-02-12,0.4,-1.5049524766978357,-1.8880775164835264,0.5333333333333333,0.40115129070311933,0.04825611206781103,-1.906103767400955,-1.9363336285513375
E1,2022-02-19,Bristol City,Middlesbrough,away,2021,13,6.127597374880051,5.684647238082583,0.20691367104900255,0.46073298429319376,Middlesbrough,Bristol City,29,2021-10-02,2022-02-12,0.6,0.880197375602895,0.9013015787611283,0.5333333333333333,0.15767517697946024,0.4648822464114779,0.7225221986234348,0.43641933234965036,31,2021-10-19,2022-02-13,0.8,0.4715132514575803,0.4771482692990901,0.4,0.10429655752970071,0.3513027584172658,0.3672166939278796,0.12584551088182427
E1,2022-02-19,Bristol City,Middlesbrough,home,2021,0,4.1332656085348365,4.275934323449053,-0.20691367104900255,0.46073298429319376,Bristol City,Middlesbrough,31,2021-10-19,2022-02-13,0.2,1.357571262669214,1.3447828015715442,0.6,-0.09405399493928396,-0.3155424268087283,1.451625257608498,1.6603252283802725,29,2021-10-02,2022-02-12,0.4,1.1932286239889198,1.3339423433992297,0.4666666666666667,-0.031716130971304324,-0.14741095678295366,1.2249447549602241,1.4813533001821833
E1,2022-02-19,Cardiff,Blackpool,away,2021,2,3.4533709110961985,3.901935651192903,-0.20676389738449857,0.44270833333333337,Blackpool,Cardiff,21,2021-10-16,2022-02-12,0.6,0.8919498544850629,0.7352879149523239,0.5333333333333333,-0.8803913403982108,-0.9673044691543261,1.7723411948832737,1.7025923841066501,29,2021-10-17,2022-02-15,0.4,-0.38663854469297015,-0.3729482844864881,0.6,0.35922198626164165,0.34945017339088225,-0.7458605309546118,-0.7223984578773703
E1,2022-02-19,Cardiff,Blackpool,home,2021,3,5.196435994261385,5.353830604927509,0.20676389738449857,0.44270833333333337,Cardiff,Blackpool,29,2021-10-17,2022-02-15,0.6,-0.7444465458997601,-0.975679872421075,0.4,-0.30373780485526275,-0.3073358350925224,-0.44070874104449737,-0.6683440373285526,21,2021-10-16,2022-02-12,0.4,0.9993057078875507,0.8353042548972842,0.4666666666666667,-1.2054496548504914,-1.1513617041754978,2.204755362738042,1.986665959072782
E1,2022-02-19,Coventry,Barnsley,away,2021,3,3.6526066991309287,3.702514805632804,-0.46370402875997907,0.4569190600522194,Barnsley,Coventry,29,2021-10-02,2022-02-12,0.6,-1.614018964428621,-1.4518411931764077,0.4666666666666667,-0.6902680944859388,-0.5625943191945925,-0.9237508699426821,-0.8892468739818152,28,2021-10-02,2022-02-15,0.6,0.3538592779034877,0.17288046528379236,0.4666666666666667,-1.1705878189510774,-1.3361894645395318,1.5244470968545651,1.509069929823324
E1,2022-02-19,Coventry,Barnsley,home,2021,3,6.394684318993,6.33546211564774,0.46370402875997907,0.4569190600522194,Coventry,Barnsley,28,2021-10-02,2022-02-15,0.4,0.0736616069079055,0.37703942486069175,0.5333333333333333,1.586677783717975,1.59451512639856,-1.5130161768100696,-1.217475701537868,29,2021-10-02,2022-02-12,0.4,1.563598378959683,1.2922486641326991,0.5333333333333333,0.9872653633833139,0.6736865956173664,0.5763330155763691,0.6185620685153327
E1,2022-02-19,Derby,Peterboro,away,2021,1,4.111869393693561,4.1083420229500165,-0.29067865493261613,0.44155844155844154,Peterboro,Derby,20,2021-10-02,2022-02-16,0.6,0.4324634407979799,0.08931312873813306,0.4666666666666667,0.14665653854231808,-0.032577330147491604,0.2858069022556618,0.12189045888562466,30,2021-10-16,2022-02-12,0.6,1.3149610372805856,1.0239719744201996,0.5333333333333333,-0.1326038374649538,-0.5810059230251121,1.4475648747455394,1.6049778974453117
E1,2022-02-19,Derby,Peterboro,home,2021,8,4.696409398819549,5.251513004092226,0.29067865493261613,0.44155844155844154,Derby,Peterboro,30,2021-10-16,2022-02-12,0.4,-0.25045254072398804,-0.3082281756274362,0.4666666666666667,-0.19733647287058714,-0.1379578577420593,-0.053116067853400895,-0.17027031788537692,20,2021-10-02,2022-02-16,0.4,0.25092458283369246,0.1255105554844503,0.5333333333333333,0.23050224231473196,0.11336584084537063,0.020422340518960497,0.012144714639079679
E1,2022-02-19,Fulham,Huddersfield,away,2021,2,3.551153324796252,3.5384944346482508,-0.5734011128666622,0.5647668393782384,Huddersfield,Fulham,31,2021-10-20,2022-02-12,0.6,-0.2220939014779244,-0.34881977960494426,0.4666666666666667,-0.4593055918866194,-0.5831497945436531,0.237211690408695,0.23433001493870886,29,2021-10-02,2022-02-12,0.4,-0.6850950988106571,-0.578240904345521,0.4666666666666667,-0.5128136905794058,-0.29316836479758307,-0.17228140823125127,-0.28507253954793793
E1,2022-02-19,Fulham,Huddersfield,home,2021,12,6.137228957690493,6.4302996145284235,0.5734011128666622,0.5647668393782384,Fulham,Huddersfield,29,2021-10-02,2022-02-12,0.6,-0.09279591590462352,-0.2702066986709582,0.5333333333333333,0.795774251010362,0.5259404055337357,-0.8885701669149856,-0.7961471042046939,31,2021-10-20,2022-02-12,0.4,-1.7582116817759164,-1.8156976484705312,0.5333333333333333,0.46199128067876244,0.18210780957492106,-2.2202029624546786,-1.9978054580454523
E1,2022-02-19,Luton,West Brom,away,2021,4,5.769600224938854,5.336565342114344,0.08458070333633905,0.4215938303341903,West Brom,Luton,30,2021-10-15,2022-02-14,0.6,-1.3960111266154542,-1.3430863372196342,0.4666666666666667,0.8422058336786065,0.9185977436668089,-2.2382169602940607,-2.261684080886443,29,2021-10-02,2022-02-12,0.4,0.17942903981149652,0.365174040050044,0.5333333333333333,-0.18674536571548514,0.15089994606925103,0.36617440552698166,0.21427409398079297
E1,2022-02-19,Luton,West Brom,home,2021,4,4.222471496395851,4.47770020259334,-0.08458070333633905,0.4215938303341903,Luton,West Brom,29,2021-10-02,2022-02-12,0.6,1.7940455274041658,1.6329336410061477,0.4666666666666667,-0.5749962818425843,-0.5853525473108928,2.3690418092467502,2.2182861883170406,30,2021-10-15,2022-02-14,0.4,-0.760450711331908,-0.7818207550086242,0.5333333333333333,-1.0080830561476815,-0.8850002073438217,0.24763234481577345,0.10317945233519743
E1,2022-02-19,Preston,Reading,away,2021,6,4.6317178637241945,4.2056852025790485,-0.3870457684974826,0.48031496062992135,Reading,Preston,30,2021-10-16,2022-02-16,0.4,0.6351079487925568,0.6611192317934235,0.6,-0.709557254565215,-0.8955129845622207,1.344665203357772,1.556632216355644,31,2021-10-20,2022-02-12,0.6,-0.703420578909282,-0.63595987141021,0.5333333333333333,0.0413034071754609,0.07723403114070505,-0.7447239860847429,-0.7131939025509151
E1,2022-02-19,Preston,Reading,home,2021,5,4.89868710207296,5.506788620524009,0.3870457684974826,0.48031496062992135,Preston,Reading,31,2021-10-20,2022-02-12,0.4,-1.636447165536552,-1.8119472410409299,0.4666666666666667,0.5403191754992995,0.5006138805636992,-2.1767663410358518,-2.312561121604629,30,2021-10-16,2022-02-16,0.6,0.5977662844227485,0.3511946272039591,0.4,0.08965391229432841,0.04810309499684019,0.5081123721284201,0.30309153220711893
E1,2022-02-19,QPR,Hull,away,2021,2,5.509207773940979,4.68363441844928,-0.2825741516526856,0.4855643044619423,Hull,QPR,31,2021-10-20,2022-02-15,0.6,-0.17193983031691076,-0.05983388609732234,0.4666666666666667,0.5138865172800826,0.8571181148024354,-0.6858263475969933,-0.9169520008997577,31,2021-10-16,2022-02-15,0.4,-0.34440756573611714,-0.08521329968404387,0.5333333333333333,-0.262339151177845,-0.0735298471550884,-0.08206841455827213,-0.011683452528955474
E1,2022-02-19,QPR,Hull,home,2021,5,5.351677676425767,5.548400339866256,0.2825741516526856,0.4855643044619423,QPR,Hull,31,2021-10-16,2022-02-15,0.6,-0.6004532769160276,-0.7612468223447687,0.4666666666666667,0.6004325210038355,0.5663342067797932,-1.200885797919863,-1.3275810291245618,31,2021-10-20,2022-02-15,0.4,0.06678653160481982,-0.31315073780806435,0.5333333333333333,0.39662323900853985,0.02341015835794623,-0.32983670740372006,-0.3365608961660106
E1,2022-02-19,Sheffield United,Swansea,away,2021,2,3.581658331623787,3.7246719647308635,-0.4150933222617337,0.46214099216710186,Swansea,Sheffield United,30,2021-10-02,2022-02-13,0.6,-1.7766970626839165,-1.8188568170154564,0.4666666666666667,-0.365763268725787,-0.3830578168322968,-1.4109337939581295,-1.4357990001831595,29,2021-10-02,2022-02-15,0.6,-1.1014737872982239,-1.2022139056112682,0.6,0.013294786188367021,-0.16877157677323923,-1.1147685734865909,-1.033442328838029
E1,2022-02-19,Sheffield United,Swansea,home,2021,5,5.672468949544498,5.923224143951221,0.4150933222617337,0.46214099216710186,Sheffield United,Swansea,29,2021-10-02,2022-02-15,0.4,1.4824325438780246,1.1617018606431957,0.4,-0.5079968248174057,-0.37297589455287505,1.9904293686954304,1.5346777551960709,30,2021-10-02,2022-02-13,0.4,1.7865278071564787,1.6404003592723773,0.5333333333333333,-0.4939418562617484,-0.6067634366720631,2.280469663418227,2.2471637959444406
E1,2022-02-19,Stoke,Birmingham,away,2021,2,4.030777825414873,4.039060407378441,-0.31816433790539667,0.4595300261096606,Birmingham,Stoke,31,2021-10-20,2022-02-12,0.6,-0.8508012925823017,-0.9254069117901439,0.4666666666666667,-0.6220400065823557,-0.8575498595080646,-0.22876128599994605,-0.06785705228207928,30,2021-10-01,2022-02-12,0.6,-1.6289244808056496,-1.4347753495415372,0.4666666666666667,1.0279851029939606,1.1852756261977797,-2.65690958379961,-2.620050975739317
E1,2022-02-19,Stoke,Birmingham,home,2021,5,5.979477715438004,5.888266914188271,0.31816433790539667,0.4595300261096606,Stoke,Birmingham,30,2021-10-01,2022-02-12,0.4,0.7165631862080236,0.6298507553326587,0.5333333333333333,0.039854418817592926,0.029395123269715384,0.6767087673904307,0.6004556320629433,31,2021-10-20,2022-02-12,0.4,1.1970484861447592,0.8641477382053289,0.5333333333333333,1.1674479224543417,1.108482245379577,0.029600563690417525,-0.2443345071742482
E1,2022-02-22,Bristol City,Coventry,away,2021,4,6.7158750958092215,5.767491763877295,0.1208348747103834,0.4921052631578948,Coventry,Bristol City,29,2021-10-16,2022-02-19,0.4,-0.35825865662627904,-0.14627272173887781,0.5333333333333333,1.3537255962976773,1.3813406709607423,-1.7119842529239564,-1.52761339269962,32,2021-10-23,2022-02-19,0.6,1.4232362936946144,1.515622552909473,0.4666666666666667,0.01996220852478737,0.23910108469478916,1.4032740851698269,1.2765214682146837
E1,2022-02-22,Bristol City,Coventry,home,2021,4,3.808213959269986,4.2326459616795535,-0.1208348747103834,0.4921052631578948,Bristol City,Coventry,32,2021-10-23,2022-02-19,0.4,-0.4306282553188698,-0.4926177390325073,0.5333333333333333,0.4615890799745524,0.2578337272258245,-0.8922173352934222,-0.7504514662583317,29,2021-10-16,2022-02-19,0.6,0.04585159605029343,-0.11292238286726475,0.4666666666666667,-1.2663249335216362,-1.416385856132357,1.3121765295719297,1.3034634732650923
E1,2022-02-22,Hull,Barnsley,away,2021,4,4.223684550986529,4.268849200525431,-0.202296201039887,0.423076923076923,Barnsley,Hull,30,2021-10-16,2022-02-19,0.6,-0.9221102705632637,-0.8125036930471714,0.4,-1.0000823275381288,-0.845880319948536,0.07797205697486509,0.03337662690136456,32,2021-10-23,2022-02-19,0.6,0.572213929885867,0.15358880829136795,0.5333333333333333,0.15088374968354798,-0.18214171760375109,0.42133018020231894,0.33573052589511904
E1,2022-02-22,Hull,Barnsley,home,2021,6,5.33834655093816,5.410369048268751,0.202296201039887,0.423076923076923,Hull,Barnsley,32,2021-10-23,2022-02-19,0.4,-0.09989616643050817,0.1715810868909168,0.4666666666666667,0.07027485774591889,0.4224773974183204,-0.17017102417642704,-0.2508963105274036,30,2021-10-16,2022-02-19,0.4,-0.4700821787032847,-0.6149164586327955,0.6,1.1982555095600598,0.8651053664351374,-1.6683376882633445,-1.480021825067933
E1,2022-02-22,Middlesbrough,West Brom,away,2021,3,5.269654740353702,4.819567596675184,-0.12213740458015271,0.43896103896103894,West Brom,Middlesbrough,31,2021-10-20,2022-02-19,0.4,-2.3804249438381944,-2.244749521975442,0.4666666666666667,0.9003701656798012,0.9906852316987855,-3.2807951095179955,-3.2354347536742276,30,2021-10-16,2022-02-19,0.6,0.07965422512998951,0.19843760684662257,0.4,0.33040929259289775,0.2020086272659036,-0.2507550674629082,-0.0035710204192810346
E1,2022-02-22,Middlesbrough,West Brom,home,2021,2,4.67576709492546,4.9827956641319515,0.12213740458015271,0.43896103896103894,Middlesbrough,West Brom,30,2021-10-16,2022-02-19,0.4,2.5153698877218758,2.646219360676889,0.6,0.3441598360233298,0.6400409357555754,2.171210051698546,2.0061784249213135,31,2021-10-20,2022-02-19,0.6,-0.24164176711178892,-0.3555183694199629,0.5333333333333333,-1.0593456074495786,-0.9286817684688806,0.8177038403377896,0.5731633990489178
E1,2022-02-22,Preston,Nott'm Forest,away,2021,3,5.60574915322434,5.137302240178229,-0.0,0.41687979539641945,Nott'm Forest,Preston,31,2021-10-16,2022-02-12,0.6,0.2866122243629867,0.19012835700906833,0.5333333333333333,0.800815118420542,0.9095526881250167,-0.5142028940575553,-0.7194243311159483,32,2021-10-23,2022-02-19,0.6,-0.6521877573764311,-0.5921562331704358,0.5333333333333333,0.30492170152182946,0.33129189150954946,-0.9571094588982605,-0.9234481246799853
E1,2022-02-22,Preston,Nott'm Forest,home,2021,11,4.661290926862892,4.796889719778884,0.0,0.41687979539641945,Preston,Nott'm Forest,32,2021-10-23,2022-02-19,0.4,-1.089909950926948,-1.3736455576408797,0.4666666666666667,0.03811621352628946,0.02268761277083152,-1.1280261644532374,-1.3963331704117112,31,2021-10-16,2022-02-12,0.4,-1.4533735194539905,-1.4753623597937267,0.4666666666666667,-0.7569238050268008,-0.8232463024831411,-0.6964497144271897,-0.6521160573105855
E1,2022-02-22,Reading,Birmingham,away,2021,6,4.673590111547489,4.706367612302065,-0.025490652891698773,0.49473684210526314,Birmingham,Reading,32,2021-10-23,2022-02-19,0.4,-0.7593448453130675,-0.8156889988238554,0.5333333333333333,-0.6508376208813673,-0.8722215132583683,-0.10850722443170013,0.056532514434512904,31,2021-10-20,2022-02-19,0.8,0.7860203969927035,0.4332331537116355,0.4,-0.047852981216627614,-0.10943167218844602,0.8338733782093312,0.5426648259000815
E1,2022-02-22,Reading,Birmingham,home,2021,0,4.88008027220047,4.932205051071992,0.025490652891698773,0.49473684210526314,Reading,Birmingham,31,2021-10-20,2022-02-19,0.2,0.9709120310152007,1.1279074095617,0.6,-0.7066733363281643,-0.8718233247717387,1.6775853673433652,1.999730734333439,32,2021-10-23,2022-02-19,0.6,0.9158393180001715,0.6639886855246735,0.4666666666666667,1.383811187679169,1.3137264786732599,-0.4679718696789975,-0.6497377931485864
E1,2022-02-23,Derby,Millwall,away,2021,1,4.160460031534424,4.464721523515721,-0.030738539206904947,0.36764705882352944,Millwall,Derby,30,2021-10-16,2022-02-15,0.8,-1.8369285699794222,-1.6407637032794025,0.4666666666666667,-0.2271383408259246,-0.14466354733091577,-1.6097902291534976,-1.4961001559484868,31,2021-10-19,2022-02-19,0.4,0.8790224894111818,0.6604594865080543,0.5333333333333333,-0.18030129946924375,-0.6066295919591191,1.0593237888804254,1.2670890784671736
E1,2022-02-23,Derby,Millwall,home,2021,9,4.752662947039232,4.8828505674916345,0.030738539206904947,0.36764705882352944,Derby,Millwall,31,2021-10-19,2022-02-19,0.6,0.87991777052478,0.6955281786227705,0.4666666666666667,-0.7077799147863109,-0.6596942334046749,1.587697685311091,1.3552224120274454,30,2021-10-16,2022-02-15,0.2,-0.12714762648285632,-0.343480588694546,0.5333333333333333,1.0147202422323551,0.8693203178887373,-1.1418678687152115,-1.2128009065832832
E1,2022-02-23,Fulham,Peterboro,away,2021,4,3.3311266592783486,3.2738475501090454,-0.7386940067969963,0.6595744680851063,Peterboro,Fulham,21,2021-10-16,2022-02-19,0.6,-0.2752240629977189,-0.5548609456948717,0.4,0.1493834773082616,-0.03662590237136853,-0.42460754030598047,-0.5182350433235031,30,2021-10-16,2022-02-19,0.4,-1.325495146225234,-1.2149224218849262,0.4,-0.5533705504264564,-0.34875518452215637,-0.7721245957987776,-0.8661672373627698
E1,2022-02-23,Fulham,Peterboro,home,2021,10,7.553169257085544,7.403161843903792,0.7386940067969963,0.6595744680851063,Fulham,Peterboro,30,2021-10-16,2022-02-19,0.6,1.3137307690843611,1.0591615263576974,0.6,0.5628841969217727,0.3255013356212979,0.7508465721625884,0.7336601907363995,21,2021-10-16,2022-02-19,0.4,1.4092547154219914,1.192737949107982,0.6,-0.3470232148171355,-0.4393673202083914,1.756277930239127,1.6321052693163733
E1,2022-02-23,Huddersfield,Cardiff,away,2021,2,4.0125281606123755,4.277031255536066,-0.12079176016127574,0.43782383419689114,Cardiff,Huddersfield,30,2021-10-20,2022-02-19,0.6,-0.8356055610852628,-1.0893048343115617,0.4666666666666667,-0.4463269974771589,-0.4522026629822787,-0.3892785636081039,-0.637102171329283,32,2021-10-23,2022-02-19,0.4,-0.5235098183465319,-0.593832353092129,0.6,0.5783484521746592,0.3039710812105812,-1.1018582705211912,-0.8978034343027101
E1,2022-02-23,Huddersfield,Cardiff,home,2021,12,5.2983436855032435,5.262185012516028,0.12079176016127574,0.43782383419689114,Huddersfield,Cardiff,32,2021-10-23,2022-02-19,0.6,-0.36433303345262785,-0.4731224159221162,0.4,-0.3273773793423034,-0.44653953473513025,-0.036955654110324476,-0.02658288118698593,30,2021-10-20,2022-02-19,0.4,-0.11464493393122614,-0.18304552397367022,0.5333333333333333,-0.013731785125416885,-0.030780362177467425,-0.10091314880580926,-0.15226516179620278
E1,2022-02-23,QPR,Blackpool,away,2021,1,3.898418641005186,4.062877198884375,-0.2496690495101933,0.46335078534031415,Blackpool,QPR,22,2021-10-20,2022-02-19,0.4,0.34285683051064747,0.14388834311745669,0.6,-0.7151462591440854,-0.8146762493319284,1.0580030896547328,0.9585645924493851,32,2021-10-19,2022-02-19,0.4,-0.6362740402265171,-0.27524113448516785,0.4666666666666667,-0.4301101484894548,-0.2391337871077098,-0.20616389173706234,-0.03610734737745805
E1,2022-02-23,QPR,Blackpool,home,2021,3,5.751108547561537,5.670524254466842,0.2496690495101933,0.46335078534031415,QPR,Blackpool,32,2021-10-19,2022-02-19,0.6,-0.4338256362824744,-0.6287840942200471,0.5333333333333333,0.6419389317462596,0.6095417579722252,-1.075764568028734,-1.2383258521922724,22,2021-10-20,2022-02-19,0.6,1.0771198035313403,0.8809791458907915,0.4,-1.2301908110610833,-1.2029281427590097,2.3073106145924234,2.0839072886498013
E1,2022-02-23,Sheffield United,Blackburn,away,2021,5,3.6985260670746607,3.9141909669833432,-0.2967782499777798,0.44531250000000006,Blackburn,Sheffield United,32,2021-10-19,2022-02-14,0.4,2.7897537419360985,2.6172613044647997,0.5333333333333333,-0.24002229816811466,-0.5683957200855516,3.0297760401042133,3.185657024550351,30,2021-10-16,2022-02-19,0.4,-0.6535425557184018,-0.7325780609290045,0.6,-0.21663856457656444,-0.3740261079176994,-0.43690399114183737,-0.35855195301130505
E1,2022-02-23,Sheffield United,Blackburn,home,2021,7,5.573416421791225,5.672459716198468,0.2967782499777798,0.44531250000000006,Sheffield United,Blackburn,30,2021-10-16,2022-02-19,0.6,0.6085431392733656,0.25920135799029664,0.4,-0.37919348307346534,-0.28999529165140553,0.9877366223468309,0.5491966496417022,32,2021-10-19,2022-02-14,0.6,-1.0610455653757005,-1.0365963926865,0.4666666666666667,-0.3676481741682346,-0.48727301653335214,-0.6933973912074659,-0.549323376153148
E1,2022-02-23,Stoke,Luton,away,2021,6,4.147164077160376,4.25631044882065,-0.18531513285196927,0.43152454780361754,Luton,Stoke,30,2021-10-16,2022-02-19,0.6,1.3267937453380398,1.1127973317143791,0.4666666666666667,-0.48854045434183746,-0.4907537334567324,1.8153341996798773,1.6035510651711116,31,2021-10-16,2022-02-19,0.6,-1.995932569879841,-1.772690008872487,0.4666666666666667,1.022216919348423,1.1730432569609424,-3.018149489228264,-2.9457332658334296
E1,2022-02-23,Stoke,Luton,home,2021,6,5.535151781138519,5.469229396984729,0.18531513285196927,0.43152454780361754,Stoke,Luton,31,2021-10-16,2022-02-19,0.4,0.827113095574534,0.7323297481740942,0.5333333333333333,0.2036360295487477,0.18391642121094562,0.6234770660257863,0.5484133269631486,30,2021-10-16,2022-02-19,0.4,-1.1360374014573908,-0.8843527042870658,0.5333333333333333,0.19671474381754556,0.5192018060254283,-1.3327521452749365,-1.4035545103124942
E1,2022-02-26,Barnsley,Middlesbrough,away,2021,12,5.8297138367439345,5.728961777570708,0.3057831751459058,0.44270833333333337,Middlesbrough,Barnsley,31,2021-10-20,2022-02-22,0.6,1.4909009084686526,1.565853280680098,0.5333333333333333,0.6603977193116173,0.9357740778852803,0.8305031891570354,0.6300792027948177,31,2021-10-20,2022-02-22,0.6,-1.0713820050684557,-1.1709116361048522,0.5333333333333333,1.4663988181787844,1.1494105549264166,-2.53778082324724,-2.320322191031269
E1,2022-02-26,Barnsley,Middlesbrough,home,2021,2,3.7613162397068893,3.982326601911744,-0.3057831751459058,0.44270833333333337,Barnsley,Middlesbrough,31,2021-10-20,2022-02-22,0.4,-0.5514993688991842,-0.4589736561754691,0.4666666666666667,-1.220041314008031,-1.0780496292552586,0.6685419451088469,0.6190759730797895,31,2021-10-20,2022-02-22,0.4,-0.6580895919834212,-0.3910536908066119,0.4666666666666667,0.4526803839451343,0.3278255811848767,-1.1107699759285556,-0.7188792719914886
E1,2022-02-26,Birmingham,Huddersfield,away,2021,2,3.795154912936841,4.299004167635412,-0.022135058633238947,0.44270833333333337,Huddersfield,Birmingham,33,2021-10-30,2022-02-23,0.6,1.4246303345182838,1.2938063143093985,0.4666666666666667,-0.30570286495075105,-0.44357637606496236,1.730333199469035,1.737382690374361,33,2021-10-30,2022-02-22,0.6,-0.49543725163981955,-0.7142083418945047,0.5333333333333333,1.011547303118838,0.9404240126761444,-1.5069845547586576,-1.6546323545706492
E1,2022-02-26,Birmingham,Huddersfield,home,2021,6,4.563827057082925,4.784210682144545,0.022135058633238947,0.44270833333333337,Birmingham,Huddersfield,33,2021-10-30,2022-02-22,0.4,-0.9674353985111193,-0.9367691961484315,0.4666666666666667,-0.5780786376626733,-0.8165409106361688,-0.38935676084844595,-0.12022828551226261,33,2021-10-30,2022-02-23,0.4,-0.934022377307594,-1.084264753681945,0.5333333333333333,0.42933821618876084,0.21371326499077573,-1.3633605934963549,-1.2979780186727208
E1,2022-02-26,Blackburn,QPR,away,2021,1,4.372045784525914,4.3841094162184175,-0.1641043688484769,0.44791666666666663,QPR,Blackburn,33,2021-10-23,2022-02-23,0.6,-1.0804942717604298,-1.1708575925767595,0.5333333333333333,0.7544086596404919,0.6971916555107895,-1.8349029314009218,-1.868049248087549,33,2021-10-23,2022-02-23,0.8,-1.2650444100020766,-1.2548952830965945,0.4,-0.12422223483984146,-0.24101035242576863,-1.1408221751622352,-1.0138849306708257
E1,2022-02-26,Blackburn,QPR,home,2021,9,4.984980414710749,5.190045424382059,0.1641043688484769,0.44791666666666663,Blackburn,QPR,33,2021-10-23,2022-02-23,0.2,2.766235659478496,2.6088453327499335,0.6,0.025608875531430424,-0.32782626635750944,2.7406267839470653,2.936671599107443,33,2021-10-23,2022-02-23,0.4,-2.019405010487775,-1.7215012682347788,0.4666666666666667,0.008732482882607032,0.2041379718385123,-2.028137493370382,-1.9256392400732911
E1,2022-02-26,Blackpool,Reading,away,2021,2,4.308471667792983,4.290953634950606,-0.21420300760118788,0.5052631578947367,Reading,Blackpool,32,2021-10-23,2022-02-22,0.4,-0.808551265485114,-0.692218294625434,0.5333333333333333,-0.09990561478273546,-0.24724084539120347,-0.7086456507023786,-0.44497744923423055,23,2021-10-23,2022-02-23,0.6,-0.04357653918487312,-0.1419506822033739,0.4,-0.7010806258010926,-0.6932989023024541,0.6575040866162195,0.5513482200990801
E1,2022-02-26,Blackpool,Reading,home,2021,7,4.86065391960436,5.2104970596604145,0.21420300760118788,0.5052631578947367,Blackpool,Reading,23,2021-10-23,2022-02-23,0.4,-0.16758971904678005,-0.3919495091351554,0.6,-0.9865970813366879,-1.0822582256394866,0.8190073622899079,0.6903087165043311,32,2021-10-23,2022-02-22,0.6,0.9548554487175576,0.6839909837878786,0.4666666666666667,-0.26407576853947756,-0.3487782368334686,1.218931217257035,1.0327692206213472
E1,2022-02-26,Bournemouth,Stoke,away,2021,3,5.097025927346778,4.442383094389075,-0.344852623548983,0.5026315789473684,Stoke,Bournemouth,32,2021-10-19,2022-02-23,0.6,0.7425963973198216,0.6931839817526522,0.5333333333333333,0.27409673985758715,0.25379381674274354,0.4684996574622345,0.43939016500990863,28,2021-10-02,2022-02-12,0.6,0.9910358838729764,1.1640347390844763,0.5333333333333333,0.39531459923956386,0.5874349228243022,0.5957212846334126,0.5765998162601741
E1,2022-02-26,Bournemouth,Stoke,home,2021,6,5.609468889949361,5.771242916577929,0.344852623548983,0.5026315789473684,Bournemouth,Stoke,28,2021-10-02,2022-02-12,0.4,0.8714649159572069,0.6300702593510488,0.4666666666666667,0.48113847220037703,0.21868802316795075,0.39032644375682984,0.411382236183098,32,2021-10-19,2022-02-23,0.4,-1.378348785047501,-1.280171822106639,0.4666666666666667,0.8466482269527181,0.9807244997951086,-2.224997012000219,-2.2608963219017477
E1,2022-02-26,Cardiff,Fulham,away,2021,9,4.579587116862107,5.252823695092287,0.37024891936205095,0.5378590078328982,Fulham,Cardiff,31,2021-10-20,2022-02-23,0.8,1.8422443936760353,1.648426579721677,0.5333333333333333,0.5187224010398338,0.25216460458334117,1.3235219926362016,1.3962619751383358,31,2021-10-23,2022-02-23,0.4,0.9203630822390032,0.8893221311409472,0.5333333333333333,0.10540941928270246,0.08496426832976584,0.8149536629563008,0.8043578628111814
E1,2022-02-26,Cardiff,Fulham,home,2021,8,3.854659866353854,3.948337220693836,-0.37024891936205095,0.5378590078328982,Cardiff,Fulham,31,2021-10-23,2022-02-23,0.6,-0.266727295609932,-0.5619035202469705,0.4666666666666667,-0.6480147113305996,-0.664367640336345,0.3812874157206676,0.10246412008937444,31,2021-10-20,2022-02-23,0.2,-0.8852750256267926,-0.7895595562276455,0.4666666666666667,-0.5350248985291673,-0.3182108265234299,-0.35025012709762526,-0.4713487297042156
E1,2022-02-26,Coventry,Preston,away,2021,8,3.748453140708218,4.003555055921934,-0.24121148109558543,0.4352331606217616,Preston,Coventry,33,2021-10-30,2022-02-22,0.6,0.38837243937978433,0.13772061571969588,0.4666666666666667,-0.01885151017062725,-0.06610052885620656,0.4072239495504116,0.20382114457590245,30,2021-10-20,2022-02-22,0.6,0.011933894655407774,-0.2510164334092345,0.4666666666666667,-1.2085054832210451,-1.3395677066964473,1.2204393778764528,1.0885512732872127
E1,2022-02-26,Coventry,Preston,home,2021,4,5.245076339188222,5.431678488611742,0.24121148109558543,0.4352331606217616,Coventry,Preston,30,2021-10-20,2022-02-22,0.4,-1.4810815985987371,-1.1720823760628718,0.5333333333333333,1.548946265120074,1.6008530678692794,-3.030027863718811,-2.772935443932151,33,2021-10-30,2022-02-22,0.4,-0.5107430504755973,-0.3799197307072511,0.5333333333333333,0.18884565393819439,0.2318374308467977,-0.6995887044137917,-0.6117571615540488
E1,2022-02-26,Luton,Derby,away,2021,4,5.023161850441125,4.474641453625074,-0.29936468781271086,0.39898989898989906,Derby,Luton,32,2021-10-23,2022-02-23,0.6,1.2941246659170365,1.1272020479196638,0.4666666666666667,-0.546402618249994,-0.5354247319495743,1.8405272841670306,1.662626779869238,31,2021-10-19,2022-02-23,0.6,-1.1228031067406024,-0.8584343500380024,0.4666666666666667,-0.1830684690548022,0.11118078042601441,-0.9397346376858001,-0.9696151304640168
E1,2022-02-26,Luton,Derby,home,2021,7,5.225243840465684,5.518121608633362,0.29936468781271086,0.39898989898989906,Luton,Derby,31,2021-10-19,2022-02-23,0.4,1.5401166559506199,1.2937369991739796,0.5333333333333333,-0.3853708857637129,-0.35563339861095006,1.925487541714333,1.6493703977849297,32,2021-10-23,2022-02-23,0.4,-0.22644204778425686,-0.41229149305925306,0.5333333333333333,-0.07972264719309514,-0.5045766063767599,-0.14671940059116173,0.09228511331750688
E1,2022-02-26,Millwall,Sheffield United,away,2021,2,4.488983903631863,4.894944484361976,0.16443081640475277,0.41794871794871796,Sheffield United,Millwall,31,2021-10-19,2022-02-23,0.8,0.6165239998355896,0.3349051901017468,0.3333333333333333,-0.3799780236878548,-0.3711192150909611,0.9965020235234444,0.7060244051927078,31,2021-10-19,2022-02-23,0.4,0.929359640580914,0.7053950582145128,0.5333333333333333,0.996461767334826,0.8733593183399679,-0.06710212675391203,-0.16796426012545518
E1,2022-02-26,Millwall,Sheffield United,home,2021,4,4.54876697062007,4.517095834499421,-0.16443081640475277,0.41794871794871796,Millwall,Sheffield United,31,2021-10-19,2022-02-23,0.6,-1.9732180297637718,-1.8326986842783852,0.4666666666666667,-0.7987675188909532,-0.7464329362830472,-1.1744505108728185,-1.0862657479953381,31,2021-10-19,2022-02-23,0.2,0.21106252175928547,0.12395891850859737,0.6666666666666666,-0.40677673190760105,-0.5657070656721571,0.6178392536668865,0.6896659841807545
E1,2022-02-26,Nott'm Forest,Bristol City,away,2021,5,3.772411936870702,3.8802693738532272,-0.35475120793422055,0.5118110236220472,Bristol City,Nott'm Forest,33,2021-10-30,2022-02-22,0.6,-0.6146946528951772,-0.854206252612834,0.5333333333333333,0.3743531881639497,0.20327290947893245,-0.9890478410591269,-1.0574791620917665,32,2021-10-19,2022-02-22,0.6,0.28402048618610876,0.21931865131914846,0.4666666666666667,-0.8343690680286265,-0.8923085482157229,1.1183895542147353,1.1116271995348714
E1,2022-02-26,Nott'm Forest,Bristol City,home,2021,11,6.036968936982514,5.97838542427034,0.35475120793422055,0.5118110236220472,Nott'm Forest,Bristol City,32,2021-10-19,2022-02-22,0.4,-0.04810227541257284,0.020823825651280537,0.5333333333333333,0.8862959500855359,0.9440812813085553,-0.9343982254981087,-0.9232574556572748,33,2021-10-30,2022-02-22,0.4,1.4063359095569656,1.7017836076388657,0.4666666666666667,-0.4490111399370129,-0.23841107291025368,1.8553470494939786,1.9401946805491195
E1,2022-02-26,Peterboro,Hull,away,2021,1,5.472156119400762,5.069054215158716,-0.009225279292796262,0.4557291666666667,Hull,Peterboro,33,2021-10-30,2022-02-22,0.4,-0.4346868254437865,-0.14224872354714435,0.5333333333333333,0.09565355131294098,0.39765450407673514,-0.5303403767567275,-0.5399032276238795,22,2021-10-20,2022-02-23,0.6,1.1592252493091233,0.9942499064645686,0.5333333333333333,0.05257468661369469,-0.06561793584793515,1.1066505626954286,1.0598678423125036
E1,2022-02-26,Peterboro,Hull,home,2021,5,4.159043763741397,4.5750207553714555,0.009225279292796262,0.4557291666666667,Peterboro,Hull,22,2021-10-20,2022-02-23,0.4,0.6228135030511905,0.4049397819117555,0.4666666666666667,-0.07770402032191841,-0.25752495376794005,0.7005175233731089,0.6624647356796955,33,2021-10-30,2022-02-22,0.6,0.6214241939283041,0.22165735717062313,0.4666666666666667,0.08571793196057295,-0.24552379359678458,0.5357062619677311,0.46718115076740774
E1,2022-02-28,West Brom,Swansea,away,2021,7,3.978456164210436,3.9831849773008967,-0.34543644782966204,0.46981627296587924,Swansea,West Brom,31,2021-10-17,2022-02-19,0.6,-1.5172657954424733,-1.5873715958889458,0.4666666666666667,-0.5258799526273737,-0.5374773753241303,-0.9913858428150996,-1.0498942205648154,32,2021-10-23,2022-02-22,0.8,-0.7770098810623276,-0.9710154951461865,0.4666666666666667,-1.0816884691382422,-0.955425538859418,0.30467858807591464,-0.015589956286768403
E1,2022-02-28,West Brom,Swansea,home,2021,4,5.72140578559136,5.822617558239271,0.34543644782966204,0.46981627296587924,West Brom,Swansea,32,2021-10-23,2022-02-22,0.2,-2.1511147186115354,-1.9567102327827157,0.5333333333333333,0.8361304142999547,0.9337832434740548,-2.98724513291149,-2.8904934762567707,31,2021-10-17,2022-02-19,0.4,2.4259192359221777,2.2238973871602283,0.5333333333333333,-0.4373408818825461,-0.5351052771326654,2.8632601178047237,2.7590026642928938
E1,2022-03-01,Cardiff,Derby,away,2021,6,4.364087738287974,4.271727712894252,-0.24795169570271236,0.37623762376237624,Derby,Cardiff,33,2021-10-30,2022-02-26,0.6,1.4067992405899032,1.3163439467772504,0.4666666666666667,-0.34674628183380724,-0.3408791182872906,1.7535455224237104,1.657223065064541,32,2021-10-30,2022-02-26,0.4,1.3337583704054548,1.2136577086247677,0.5333333333333333,-0.3525354212501473,-0.3880444135603077,1.686293791655602,1.6017021221850753
E1,2022-03-01,Cardiff,Derby,home,2021,3,4.62548837640936,5.15002417945349,0.24795169570271236,0.37623762376237624,Cardiff,Derby,32,2021-10-30,2022-02-26,0.6,0.17691366041481507,-0.05872902341379867,0.4666666666666667,-0.5121382311470557,-0.5254591427112643,0.6890518915618707,0.4667301192974656,33,2021-10-30,2022-02-26,0.4,0.213342405009543,0.08174277247223909,0.5333333333333333,-0.06865128980437732,-0.4929413309524587,0.28199369481392034,0.5746841034246978
E1,2022-03-04,Huddersfield,Peterboro,away,2021,4,3.681628429538357,3.7401073547208106,-0.4416404741167115,0.4569190600522194,Peterboro,Huddersfield,23,2021-10-23,2022-02-26,0.6,0.3203174618417842,0.06483594733974236,0.4666666666666667,0.02537323102886561,-0.12923706387283557,0.2949442308129186,0.19407301121257792,34,2021-11-02,2022-02-26,0.6,-0.32948084396308736,-0.5570367005282527,0.5333333333333333,0.42966315819373163,0.22859583378840784,-0.759144002156819,-0.7856325343166606
E1,2022-03-04,Huddersfield,Peterboro,home,2021,4,6.098851133059704,6.163930354610325,0.4416404741167115,0.4569190600522194,Huddersfield,Peterboro,34,2021-11-02,2022-02-26,0.4,1.1504325728178522,1.0316640680404805,0.4666666666666667,-0.42607452015777014,-0.5867033744230253,1.5765070929756222,1.618367442463506,23,2021-10-23,2022-02-26,0.4,-0.12063304527551129,-0.12671899559523556,0.5333333333333333,-0.004599543127442078,-0.1418253479966646,-0.1160335021480692,0.015106352401429046
E1,2022-03-04,Sheffield United,Nott'm Forest,away,2021,12,3.9006995432252807,4.04724419993134,-0.2633698604476914,0.43264248704663216,Nott'm Forest,Sheffield United,33,2021-10-24,2022-02-26,0.4,-0.41023975667344315,-0.21492595883873414,0.6,1.1126236714397602,1.1037050845403606,-1.5228634281132032,-1.3186310433790949,32,2021-10-24,2022-02-26,0.4,0.6372211962177436,0.5457256525090969,0.6666666666666666,-0.5828120832386884,-0.7377879250726214,1.2200332794564321,1.2835135775817181
E1,2022-03-04,Sheffield United,Nott'm Forest,home,2021,6,6.295750942922562,5.924973671744202,0.2633698604476914,0.43264248704663216,Sheffield United,Nott'm Forest,32,2021-10-24,2022-02-26,0.6,0.41553008755706156,0.12339070099205056,0.3333333333333333,-0.390477142585722,-0.4247349547135625,0.8060072301427836,0.548125655705613,33,2021-10-24,2022-02-26,0.6,1.3519681325035116,1.2231052378043004,0.4,-0.8733848031056769,-0.90628377323785,2.2253529356091883,2.1293890110421505
E1,2022-03-05,Bristol City,Birmingham,away,2021,5,5.2090524797482605,4.818839533056925,-0.10569743672239468,0.5026315789473684,Birmingham,Bristol City,34,2021-11-02,2022-02-26,0.4,-0.07589051903508484,-0.054236159743070014,0.5333333333333333,-0.5370500968073887,-0.7609936216353655,0.4611595777723039,0.7067574618922955,34,2021-11-02,2022-02-26,0.4,2.204778741714086,2.5375034582186693,0.5333333333333333,-0.5952886112068794,-0.4437795084540884,2.800067352920965,2.9812829666727576
E1,2022-03-05,Bristol City,Birmingham,home,2021,4,4.545133843874517,4.896879121284474,0.10569743672239468,0.5026315789473684,Bristol City,Birmingham,34,2021-11-02,2022-02-26,0.6,-0.3085759431553643,-0.5505632728049966,0.4666666666666667,0.44556525894343096,0.2969115379886648,-0.7541412020987952,-0.8474748107936614,34,2021-11-02,2022-02-26,0.6,-1.1318040893067187,-1.3638134000704434,0.4666666666666667,0.8806966816711288,0.7704914601922617,-2.0125007709778475,-2.134304860262705
E1,2022-03-05,Derby,Barnsley,away,2021,4,4.021826870099369,4.219781098917304,-0.16907895239331838,0.39294710327455923,Barnsley,Derby,32,2021-10-24,2022-02-26,0.4,-1.209085863569684,-1.130634318939995,0.5333333333333333,-1.0907155530439805,-0.9696492904024193,-0.11837031052570346,-0.16098502853757568,34,2021-11-03,2022-03-01,0.6,-1.1846062286271988,-1.443537258489378,0.5333333333333333,0.348770650514516,-0.033540080133077944,-1.5333768791417148,-1.4099971783563001
E1,2022-03-05,Derby,Barnsley,home,2021,4,4.989200874705414,5.199735056319184,0.16907895239331838,0.39294710327455923,Derby,Barnsley,34,2021-11-03,2022-03-01,0.4,2.14403551142829,2.2041694672938057,0.4666666666666667,-0.3135238743880445,-0.34116453511922856,2.4575593858163347,2.545334002413034,32,2021-10-24,2022-02-26,0.6,1.1340591251805632,1.0661035735528106,0.4666666666666667,0.9891654890919616,0.6685785672371201,0.14489363608860162,0.39752500631569054
E1,2022-03-05,Fulham,Blackburn,away,2021,5,4.028650261936399,3.7926820641250973,-0.5270787195490236,0.5275590551181102,Blackburn,Fulham,34,2021-10-30,2022-02-26,0.4,3.4895042274808388,3.290600481519531,0.5333333333333333,0.2619099140738751,-0.07121684170342141,3.227594313406964,3.3618173232229522,32,2021-10-24,2022-02-26,0.4,0.013030179746046144,0.09751058715785028,0.4666666666666667,-0.4359970393978762,-0.22835247799498243,0.44902721914392235,0.3258630651528327
E1,2022-03-05,Fulham,Blackburn,home,2021,5,6.3557144882626035,6.439799134522513,0.5270787195490236,0.5275590551181102,Fulham,Blackburn,32,2021-10-24,2022-02-26,0.6,2.1558523370997076,1.9090368635024226,0.5333333333333333,0.7262474009395478,0.4391191133634477,1.42960493616016,1.4699177501389749,34,2021-10-30,2022-02-26,0.6,-2.0966978408626042,-2.0995154091165475,0.4666666666666667,0.06670713519568358,-0.044579211022692536,-2.163404976058288,-2.054936198093855
E1,2022-03-05,Hull,West Brom,away,2021,3,5.01369398214646,5.19096608839089,0.1981232735641073,0.42894056847545214,West Brom,Hull,33,2021-10-30,2022-02-28,0.4,-2.2883560192581904,-2.0957879840231843,0.4666666666666667,0.47356865868901377,0.5610089682348339,-2.761924677947204,-2.656796952258018,34,2021-11-03,2022-02-26,0.6,1.1996692596760063,0.848824269191738,0.5333333333333333,-0.28347304866584994,-0.6419606711673541,1.4831423083418562,1.490784940359092
E1,2022-03-05,Hull,West Brom,home,2021,5,3.673111587684625,4.0704254081623965,-0.1981232735641073,0.42894056847545214,Hull,West Brom,34,2021-11-03,2022-02-26,0.4,-2.4019690076788085,-2.0513347616498065,0.4666666666666667,0.5245430960589266,0.82130951377247,-2.926512103737735,-2.8726442754222763,33,2021-10-30,2022-02-28,0.6,0.32310143261812013,0.13335683309779559,0.5333333333333333,-1.4083330783637933,-1.282009238255836,1.7314345109819134,1.4153660713536316
E1,2022-03-05,Middlesbrough,Luton,away,2021,2,4.421683288670634,4.212470877805573,-0.3136966126656847,0.44791666666666663,Luton,Middlesbrough,32,2021-10-23,2022-02-26,0.6,1.9222379680124262,1.6484553146399556,0.5333333333333333,-0.4516397705020633,-0.3996301837141948,2.3738777385144894,2.0480854983541503,32,2021-10-23,2022-02-26,0.6,-1.590000762735413,-1.4598303127374956,0.4666666666666667,0.6734477036030156,0.568597906426502,-2.2634484663384287,-2.0284282191639975
E1,2022-03-05,Middlesbrough,Luton,home,2021,4,6.382967846576932,6.051650806771253,0.3136966126656847,0.44791666666666663,Middlesbrough,Luton,32,2021-10-23,2022-02-26,0.4,2.652683231578977,2.7284960669598974,0.5333333333333333,0.5310506592710257,0.813066231321938,2.121632572307951,1.9154298356379593,32,2021-10-23,2022-02-26,0.4,-1.6611789257714857,-1.2875730673798296,0.4666666666666667,-0.05553019460423189,0.2162684183517925,-1.6056487311672538,-1.503841485731622
E1,2022-03-05,Preston,Bournemouth,away,2021,4,5.815061694399467,5.437072031973458,0.1352468131430779,0.44791666666666663,Bournemouth,Preston,29,2021-10-16,2022-02-26,0.6,0.7761926688467847,0.48256716163020175,0.4,0.5637522437771554,0.34937507603472306,0.21244042506962935,0.13319208559547868,34,2021-11-03,2022-02-26,0.4,-1.226879667138888,-1.0980114292139105,0.6,0.3373575990990127,0.35918934710624983,-1.5642372662379007,-1.4572007763201604
E1,2022-03-05,Preston,Bournemouth,home,2021,2,4.721996961914389,4.632338795174769,-0.1352468131430779,0.44791666666666663,Preston,Bournemouth,34,2021-11-03,2022-02-26,0.6,1.3326289854778834,1.0588479935196504,0.4,-0.17146043751223192,-0.2322342282410858,1.5040894229901154,1.2910822217607363,29,2021-10-16,2022-02-26,0.4,0.8086214432714678,1.062623870303657,0.6,0.19865582112896868,0.368775051072555,0.6099656221424992,0.6938488192311021
E1,2022-03-05,QPR,Cardiff,away,2021,2,4.218055845106919,4.311065600930182,-0.16755689557538372,0.42894056847545214,Cardiff,QPR,33,2021-11-03,2022-03-01,0.8,-0.4171721082765577,-0.6667715376022165,0.4666666666666667,-0.4674048070685229,-0.516270495352179,0.05023269879196518,-0.15050104225003758,34,2021-10-29,2022-02-26,0.6,-1.7556938865253842,-1.5625827476069962,0.4,0.4463097835075275,0.6454308032469743,-2.2020036700329118,-2.2080135508539707
E1,2022-03-05,QPR,Cardiff,home,2021,8,6.020821915048028,5.645088226646903,0.16755689557538372,0.42894056847545214,QPR,Cardiff,34,2021-10-29,2022-02-26,0.4,-1.2864500853034195,-1.4230988525757002,0.6,0.6830104895852744,0.6429732400617082,-1.969460574888694,-2.0660720926374085,33,2021-11-03,2022-03-01,0.2,1.6366259420187912,1.4596800182122773,0.5333333333333333,-0.439633192105163,-0.44820720243710965,2.076259134123954,1.9078872206493869
E1,2022-03-05,Reading,Millwall,away,2021,2,4.764729149770764,4.885277593397161,0.07052101164500807,0.43896103896103894,Millwall,Reading,32,2021-10-23,2022-02-26,0.6,-1.4203768863420843,-1.296420900679439,0.5333333333333333,-1.0170303598764503,-0.9566841455496603,-0.40334652646563396,-0.33973675512977863,33,2021-10-30,2022-02-26,0.6,1.2544646604578242,1.045710537001756,0.4666666666666667,-0.011599844902581738,-0.12018705601269795,1.266064505360406,1.165897593014454
E1,2022-03-05,Reading,Millwall,home,2021,6,4.50634839398359,4.627132798287999,-0.07052101164500807,0.43896103896103894,Reading,Millwall,33,2021-10-30,2022-02-26,0.4,-1.5033966474424845,-1.4570820127892459,0.5333333333333333,0.11632601340059925,-0.004518121188986987,-1.6197226608430837,-1.4525638916002588,32,2021-10-23,2022-02-26,0.4,0.6421034355338522,0.39715027865846986,0.4666666666666667,1.0147167460264697,0.8519870088661484,-0.3726133104926175,-0.45483673020767856
E1,2022-03-05,Stoke,Blackpool,away,2021,2,3.372614858510647,3.7873227226227364,-0.2714297477561552,0.44791666666666663,Blackpool,Stoke,24,2021-10-30,2022-02-26,0.4,0.0661161165859708,-0.20265198563336667,0.6,-0.817087156256297,-0.912279347947252,0.8832032728422679,0.7096273623138853,33,2021-10-23,2022-02-26,0.4,-0.8516104579658128,-0.8150546726875044,0.5333333333333333,0.5495747841947122,0.6924393621527306,-1.4011852421605249,-1.507494034840235
E1,2022-03-05,Stoke,Blackpool,home,2021,2,5.3662876697174315,5.536504112031372,0.2714297477561552,0.44791666666666663,Stoke,Blackpool,33,2021-10-23,2022-02-26,0.6,0.3151842850118792,0.3696812133922345,0.4666666666666667,-0.043032521817430926,-0.027666383820765243,0.3582168068293101,0.3973475972129997,24,2021-10-30,2022-02-26,0.6,-0.4446697756295164,-0.5204445546150123,0.4,-0.7080685233095566,-0.7184046230168689,0.26339874768004023,0.19796006840185665
E1,2022-03-05,Swansea,Coventry,away,2021,4,5.505259686802012,5.134630684131894,0.024763641792731106,0.44791666666666663,Coventry,Swansea,31,2021-10-23,2022-02-26,0.4,-2.3545975506141454,-2.063624379279684,0.6,1.9465902522849272,1.9516265896548064,-4.301187802899072,-4.01525096893449,32,2021-10-20,2022-02-28,0.6,2.1088081589588485,1.9177165127050226,0.5333333333333333,-0.47294404000049844,-0.5803725977216329,2.581752198959347,2.4980891104266556
E1,2022-03-05,Swansea,Coventry,home,2021,1,4.319063156554645,4.604381296377485,-0.024763641792731106,0.44791666666666663,Swansea,Coventry,32,2021-10-20,2022-02-28,0.4,-1.2467004772272188,-1.3182190179659374,0.4666666666666667,-0.6000299767065517,-0.6162078051030764,-0.6466705005206671,-0.7020112128628611,31,2021-10-23,2022-02-26,0.6,0.6890415596130172,0.45572664098601495,0.4,-1.4775496645524078,-1.60675886718091,2.166591224165425,2.062485508166925
E1,2022-03-08,Barnsley,Stoke,away,2021,8,5.54137167199184,5.273571491347441,0.10414052697616055,0.4035532994923858,Stoke,Barnsley,34,2021-10-30,2022-03-05,0.6,-1.0537053026361718,-0.9497213458530972,0.5333333333333333,-0.2095486915881225,-0.19843389462596703,-0.8441566110480493,-0.7512874512271301,33,2021-10-30,2022-03-05,0.6,0.31026205955972747,0.23374899463271853,0.5333333333333333,1.412013946239609,1.0845685707762653,-1.1017518866798817,-0.8508195761435469
E1,2022-03-08,Barnsley,Stoke,home,2021,2,4.372196661774412,4.520211822457612,-0.10414052697616055,0.4035532994923858,Barnsley,Stoke,33,2021-10-30,2022-03-05,0.4,-1.0549907464760406,-1.1313925577405208,0.4666666666666667,-1.2109267234366394,-1.0358394097840435,0.1559359769605988,-0.09555314795647729,34,2021-10-30,2022-03-05,0.4,-0.40644142862172894,-0.47007158772617486,0.4666666666666667,0.7252536452473084,0.8268727602539264,-1.1316950738690372,-1.2969443479801013
E1,2022-03-08,Blackburn,Millwall,away,2021,2,3.738868018616463,4.04680151122426,-0.20166579906298798,0.34606205250596656,Millwall,Blackburn,33,2021-10-30,2022-03-05,0.6,-2.024544995758687,-1.9523599653696102,0.4666666666666667,-0.584380071987633,-0.5618070222829256,-1.440164923771054,-1.3905529430866848,35,2021-11-03,2022-03-05,0.6,-1.4051391866512948,-1.3963398836563188,0.4666666666666667,-0.0842863684811699,-0.19451939094440546,-1.320852818170125,-1.2018204927119134
E1,2022-03-08,Blackburn,Millwall,home,2021,10,5.596107646472183,5.522666708356461,0.20166579906298798,0.34606205250596656,Blackburn,Millwall,35,2021-11-03,2022-03-05,0.4,1.8977654762529823,1.808306576527778,0.5333333333333333,0.9170511012213373,0.5976785081478972,0.980714375031645,1.2106280683798807,33,2021-10-30,2022-03-05,0.4,1.1072541850419588,0.8259054636100057,0.5333333333333333,0.5608497489193152,0.42579167091154896,0.5464044361226437,0.40011379269845676
E1,2022-03-08,Bournemouth,Peterboro,away,2021,7,3.9560137417639716,3.601720860131635,-0.6725443621629175,0.6105527638190955,Peterboro,Bournemouth,24,2021-10-30,2022-03-04,0.4,0.5434914700372062,0.3450899970724882,0.4666666666666667,0.23001970258760185,0.034939795811388515,0.31347176744960437,0.3101502012610997,30,2021-10-19,2022-03-05,0.6,-0.22886514255900464,-0.04240074452174358,0.5333333333333333,0.2697429965534253,0.4910510148638538,-0.49860813911242996,-0.5334517593855974
E1,2022-03-08,Bournemouth,Peterboro,home,2021,3,6.109859642984168,6.611524601424487,0.6725443621629175,0.6105527638190955,Bournemouth,Peterboro,30,2021-10-19,2022-03-05,0.4,0.6146387120949628,0.5232768443830647,0.4666666666666667,0.14260870292055597,-0.118770011313965,0.47203000917440685,0.6420468556970297,24,2021-10-30,2022-03-04,0.6,-0.5137058165560733,-0.5132418097348381,0.5333333333333333,0.07125424949427864,-0.06993797462498623,-0.5849600660503519,-0.4433038351098519
E1,2022-03-08,Coventry,Luton,away,2021,2,3.833920409662424,4.151466982230793,-0.15336713197675766,0.41794871794871796,Luton,Coventry,33,2021-10-30,2022-03-05,0.4,0.8119444195985466,0.6135535714225859,0.5333333333333333,-0.2768375665852064,-0.22493027416036265,1.0887819861837529,0.8384838455829486,32,2021-10-30,2022-03-05,0.6,0.014982980118081902,-0.22954630940239173,0.4666666666666667,-1.1687090304878547,-1.329390959953456,1.1836920106059365,1.0998446505510642
E1,2022-03-08,Coventry,Luton,home,2021,2,5.865890632888591,5.557035415386814,0.15336713197675766,0.41794871794871796,Coventry,Luton,32,2021-10-30,2022-03-05,0.4,-2.3964752557897953,-2.1364381779023627,0.5333333333333333,1.89954793924104,1.9777772814305956,-4.296023195030835,-4.114215459332958,33,2021-10-30,2022-03-05,0.6,-1.9793120039733545,-1.654705247751145,0.4666666666666667,-0.23867878101693105,0.03312753108779199,-1.7406332229564234,-1.6878327788389371
E1,2022-03-08,Sheffield United,Middlesbrough,away,2021,3,5.3087058972518655,4.7185644395574995,-0.20351489577925302,0.4595300261096606,Middlesbrough,Sheffield United,33,2021-10-30,2022-03-05,0.6,1.6367968691681312,1.7150935111098407,0.5333333333333333,0.09597432028295365,0.3993817864312259,1.5408225488851774,1.3157117246786147,33,2021-10-30,2022-03-04,0.2,1.2068470282991246,1.1698732992592116,0.6666666666666666,-0.30012500350232096,-0.4674442130387279,1.5069720318014457,1.6373175122979395
E1,2022-03-08,Sheffield United,Middlesbrough,home,2021,5,5.386971637548058,5.4339687770372445,0.20351489577925302,0.4595300261096606,Sheffield United,Middlesbrough,33,2021-10-30,2022-03-04,0.8,0.9641565825965543,0.7636822862767343,0.3333333333333333,-0.37887321020599374,-0.41464291360434374,1.343029792802548,1.178325199881078,33,2021-10-30,2022-03-05,0.4,-1.6058840771073466,-1.4777438650538675,0.4666666666666667,0.5246973790976679,0.4635935099606482,-2.1305814562050145,-1.9413373750145158
E1,2022-03-08,Swansea,Fulham,away,2021,5,5.578660848952849,5.692005325192233,0.3487016882337818,0.48818897637795283,Fulham,Swansea,33,2021-10-30,2022-03-05,0.6,2.0511298677520116,1.775258781207056,0.6,0.9253978338299221,0.6663936806721843,1.1257320339220893,1.1088651005348718,33,2021-10-23,2022-03-05,0.6,0.02174752275786975,-0.03296711628808939,0.5333333333333333,0.28589949933231334,0.1546288476184682,-0.2641519765744436,-0.18759596390655758
E1,2022-03-08,Swansea,Fulham,home,2021,2,4.019984052580563,4.048012480868117,-0.3487016882337818,0.48818897637795283,Swansea,Fulham,33,2021-10-23,2022-03-05,0.4,-0.9478115566743176,-1.0479599248767033,0.4666666666666667,-0.943344920671641,-0.9796426905818021,-0.004466636002676605,-0.06831723429490122,33,2021-10-30,2022-03-05,0.4,0.1560778478963165,0.2600906283220915,0.4,-0.40577676053725936,-0.2240837593535585,0.5618546084335758,0.48417438767565
E1,2022-03-11,West Brom,Huddersfield,away,2021,7,3.734500792036719,3.9579616490973497,-0.2739080070937254,0.41071428571428575,Huddersfield,West Brom,35,2021-11-06,2022-03-04,0.6,1.3015336480143547,1.1136807193816143,0.4666666666666667,-0.4897246408024926,-0.6219272654224274,1.7912582888168473,1.7356079848040418,34,2021-11-03,2022-03-05,0.6,0.8852819835290398,0.6867461592280153,0.5333333333333333,-1.4170179624665749,-1.311035621397707,2.302299945995615,1.9977817806257223
E1,2022-03-11,West Brom,Huddersfield,home,2021,6,6.268893169690899,5.932582781616841,0.2739080070937254,0.41071428571428575,West Brom,Huddersfield,34,2021-11-03,2022-03-05,0.4,-2.1551827471050102,-2.008795300800979,0.4666666666666667,0.10868120542376118,0.2041549393957035,-2.2638639525287716,-2.2129502401966823,35,2021-11-06,2022-03-04,0.4,0.5131807953911649,0.32838389898050685,0.5333333333333333,0.29830854426175796,0.10197986557830016,0.21487225112940694,0.2264040334022067
E1,2022-03-12,Barnsley,Fulham,away,2021,5,6.153943256455015,6.2682254057017595,0.5262091992191064,0.5275590551181102,Fulham,Barnsley,34,2021-11-03,2022-03-08,0.6,2.159127866229281,1.9563820773521505,0.5333333333333333,0.9410705164538091,0.6533506463900326,1.2180573497754719,1.3030314309621178,34,2021-11-03,2022-03-08,0.6,0.9813365493255304,1.010380102169235,0.4666666666666667,1.443643441335685,1.1276576822101572,-0.4623068920101545,-0.11727758004092226
E1,2022-03-12,Barnsley,Fulham,home,2021,4,3.367797094744604,3.550599678383777,-0.5262091992191064,0.5275590551181102,Barnsley,Fulham,34,2021-11-03,2022-03-08,0.4,-1.0063262043396257,-1.138736705888979,0.5333333333333333,-1.5962932796857305,-1.4629749389642757,0.5899670753461048,0.32423823307529664,34,2021-11-03,2022-03-08,0.4,0.4428851670109168,0.47972524991113075,0.4666666666666667,-0.8222949008185925,-0.6156215271467818,1.2651800678295093,1.0953467770579124
E1,2022-03-12,Birmingham,Hull,away,2021,6,4.367013474898602,4.355478481056174,-0.18424626527840648,0.43264248704663216,Hull,Birmingham,35,2021-11-06,2022-03-05,0.4,-1.4457871955850206,-1.2361827255196236,0.5333333333333333,0.19774731302926854,0.475383384294036,-1.6435345086142892,-1.7115661098136596,35,2021-11-06,2022-03-05,0.6,-1.024712388752911,-1.2967968518428588,0.5333333333333333,0.9306300000682806,0.8213490776466535,-1.9553423888211916,-2.118145929489512
E1,2022-03-12,Birmingham,Hull,home,2021,5,4.456213109146264,4.970338390106226,0.18424626527840648,0.43264248704663216,Birmingham,Hull,35,2021-11-06,2022-03-05,0.4,-0.9325851581129783,-0.8579834948284606,0.4666666666666667,-0.2752774241628008,-0.49659218742987854,-0.6573077339501774,-0.36139130739858205,35,2021-11-06,2022-03-05,0.6,1.0206606315145534,0.730155412697101,0.4666666666666667,-0.460709457097876,-0.844516974216268,1.4813700886124295,1.574672386913369
E1,2022-03-12,Blackburn,Bristol City,away,2021,3,3.9133821675441016,3.950793864768524,-0.3484823797416986,0.4554973821989528,Bristol City,Blackburn,35,2021-11-06,2022-03-05,0.6,-0.5458627162691291,-0.7261201319159312,0.5333333333333333,0.6102914018964403,0.4286269578892297,-1.1561541181655692,-1.1547470898051608,36,2021-11-06,2022-03-08,0.6,-1.6083207431381763,-1.6834859393497723,0.4666666666666667,-0.36821243663223835,-0.4354454274821018,-1.240108306505938,-1.2480405118676705
E1,2022-03-12,Blackburn,Bristol City,home,2021,7,6.102043172404152,5.9953422949656625,0.3484823797416986,0.4554973821989528,Blackburn,Bristol City,36,2021-11-06,2022-03-08,0.4,2.7335903741335157,2.7056503768963402,0.5333333333333333,1.1157995368489457,0.7638106423068695,1.61779083728457,1.941839734589471,35,2021-11-06,2022-03-05,0.4,1.9298171973656597,2.2670625604335934,0.4666666666666667,-0.5274269701387809,-0.35714688668203975,2.4572441675044407,2.624209447115633
E1,2022-03-12,Blackpool,Swansea,away,2021,3,4.432622960680469,4.4979516258028385,-0.09885277170831136,0.43264248704663216,Swansea,Blackpool,34,2021-10-30,2022-03-08,0.6,-0.6321163661442168,-0.75511479156445,0.4666666666666667,-1.7005929773140092,-1.717679705475803,1.0684766111697923,0.962564913911353,25,2021-11-03,2022-03-05,0.6,-1.742427993750767,-1.8329516825157506,0.4,-0.31504222576593294,-0.35324260960146386,-1.427385767984834,-1.4797090729142868
E1,2022-03-12,Blackpool,Swansea,home,2021,7,4.464794862424568,4.848661124110574,0.09885277170831136,0.43264248704663216,Blackpool,Swansea,25,2021-11-03,2022-03-05,0.4,-0.3816085620169056,-0.6526624445782776,0.6,-0.767772599736056,-0.8929893618695104,0.3861640377191505,0.2403269172912328,34,2021-10-30,2022-03-08,0.4,-0.7896167007372646,-0.7834699181655933,0.5333333333333333,0.4327449901563443,0.28774113756563224,-1.222361690893609,-1.0712110557312255
E1,2022-03-12,Bournemouth,Derby,away,2021,4,4.820411015470409,4.201800958144539,-0.44861612515042115,0.44791666666666663,Derby,Bournemouth,35,2021-11-06,2022-03-05,0.6,1.4348954381413415,1.3839064411155255,0.4666666666666667,-0.39140868871759626,-0.3890815894723451,1.8263041268589377,1.7729880305878707,31,2021-10-23,2022-03-08,0.4,0.7952799209495863,1.044554960428718,0.5333333333333333,-0.18850451135491678,0.062148805480547985,0.9837844323045031,0.9824061549481701
E1,2022-03-12,Bournemouth,Derby,home,2021,7,4.908282420512149,5.614331846497404,0.44861612515042115,0.44791666666666663,Bournemouth,Derby,31,2021-10-23,2022-03-08,0.6,-0.74096373267941,-0.872949443720139,0.4666666666666667,0.23962280057891625,-0.042626115438667435,-0.9805865332583262,-0.8303233282814716,35,2021-11-06,2022-03-05,0.4,-1.2289777024404795,-1.4921980866939788,0.5333333333333333,0.18513870942839794,-0.17576728986527274,-1.4141164118688776,-1.3164307968287061
E1,2022-03-12,Cardiff,Preston,away,2021,2,4.451390839992385,4.540463518557757,-0.07370116794200565,0.3643031784841076,Preston,Cardiff,35,2021-11-06,2022-03-05,0.6,1.5672169183569296,1.3658223049376184,0.4666666666666667,-0.24486497230341525,-0.362856814107482,1.8120818906603449,1.7286791190451003,34,2021-11-06,2022-03-05,0.4,2.65675772664049,2.5332479403315253,0.5333333333333333,-0.47985524356349707,-0.4714067473229047,3.136612970203987,3.0046546876544302
E1,2022-03-12,Cardiff,Preston,home,2021,5,4.396452857860567,4.77966878435598,0.07370116794200565,0.3643031784841076,Cardiff,Preston,34,2021-11-06,2022-03-05,0.6,-0.781433648548779,-1.0080577723082167,0.4666666666666667,-0.5698045295074342,-0.6303120767437207,-0.21162911904134474,-0.377745695564496,35,2021-11-06,2022-03-05,0.4,-1.0190207042103379,-0.8706231133454037,0.5333333333333333,-0.13269387950802472,-0.04308682259687598,-0.8863268247023132,-0.8275362907485276
E1,2022-03-12,Coventry,Sheffield United,away,2021,7,4.1220529188353465,4.5424567804483065,0.040354270837135164,0.4252577319587629,Sheffield United,Coventry,34,2021-11-02,2022-03-08,0.8,-0.4835183710876413,-0.5699141586586223,0.3333333333333333,0.26274640133657007,0.16438456115554267,-0.7462647724242113,-0.734298719814165,33,2021-11-02,2022-03-08,0.4,-0.27245147306524026,-0.538912820368514,0.4666666666666667,-1.1238863481098802,-1.3111366437747063,0.8514348750446399,0.7722238234061923
E1,2022-03-12,Coventry,Sheffield United,home,2021,5,4.624388540866921,4.722605288433036,-0.040354270837135164,0.4252577319587629,Coventry,Sheffield United,33,2021-11-02,2022-03-08,0.6,-2.545357214736209,-2.2452596935310973,0.5333333333333333,1.458942842236176,1.5612022357422852,-4.004300056972385,-3.8064619292733823,34,2021-11-02,2022-03-08,0.2,0.9923286380408671,1.0156465188595065,0.6666666666666666,-0.39095194567970093,-0.5421649009383724,1.383280583720568,1.557811419797879
E1,2022-03-12,Millwall,Middlesbrough,away,2021,6,5.008236942701696,4.961413121639874,0.04903185381989511,0.3825,Middlesbrough,Millwall,34,2021-11-02,2022-03-08,0.4,1.1350495899243511,1.3666760147772012,0.5333333333333333,-0.11398621959346353,0.16774936187143782,1.2490358095178147,1.1989266529057634,34,2021-11-02,2022-03-08,0.6,1.7190445623380213,1.5433344436409935,0.4666666666666667,0.5584185318111086,0.4078967610721144,1.1606260305269127,1.135437682568879
E1,2022-03-12,Millwall,Middlesbrough,home,2021,8,4.66708971970509,4.729394776338231,-0.04903185381989511,0.3825,Millwall,Middlesbrough,34,2021-11-02,2022-03-08,0.4,-2.3966334802110483,-2.461352415448102,0.5333333333333333,-0.470181188152609,-0.4190236743465466,-1.9264522920584393,-2.042328741101555,34,2021-11-02,2022-03-08,0.6,-2.1945783029628236,-2.1448536353757595,0.4666666666666667,0.9375959830324481,0.9257045282110231,-3.132174285995272,-3.0705581635867825
E1,2022-03-12,Nott'm Forest,Reading,away,2021,4,3.6333767974063518,3.694330585486883,-0.4633443818842362,0.5287958115183247,Reading,Nott'm Forest,34,2021-11-02,2022-03-05,0.4,-1.2149122744232086,-1.1469052635597552,0.5333333333333333,-0.037966746482025145,-0.15743989071116307,-1.1769455279411833,-0.9894653728485922,34,2021-10-29,2022-03-04,0.6,1.6409461275857737,1.5952516625504751,0.4666666666666667,-0.7348036220026191,-0.7466623440910731,2.375749749588393,2.3419140066415483
E1,2022-03-12,Nott'm Forest,Reading,home,2021,2,5.929646968888275,6.12794044350378,0.4633443818842362,0.5287958115183247,Nott'm Forest,Reading,34,2021-10-29,2022-03-04,0.4,1.7722881276624842,1.9459150919263961,0.5333333333333333,0.9382139261525656,0.8915826575944052,0.8340742015099186,1.0543324343319909,34,2021-11-02,2022-03-05,0.6,0.9606930626884242,0.6227673565260238,0.4666666666666667,-0.0534965374111201,-0.12393533645268207,1.0141896000995443,0.7467026929787058
E1,2022-03-12,Peterboro,Stoke,away,2021,3,5.338373180488808,5.33684599335616,0.19854519437157164,0.45052083333333337,Stoke,Peterboro,35,2021-11-03,2022-03-08,0.6,-0.7038629531265146,-0.5219910017881775,0.4666666666666667,-0.2574569839888362,-0.25262228022545147,-0.4464059691376784,-0.269368721562726,25,2021-11-02,2022-03-08,0.8,-0.7860891102699457,-0.8998368038379093,0.4666666666666667,-0.1297910299107852,-0.25339536842379246,-0.6562980803591605,-0.6464414354141168
E1,2022-03-12,Peterboro,Stoke,home,2021,3,4.488637091356961,4.44499604830905,-0.19854519437157164,0.45052083333333337,Peterboro,Stoke,25,2021-11-02,2022-03-08,0.2,0.35206360239687307,0.3401922913434074,0.5333333333333333,0.5292690345610387,0.309537759327819,-0.17720543216416562,0.030654532015588376,35,2021-11-03,2022-03-08,0.4,-0.7064444625619337,-0.8748296635714737,0.5333333333333333,0.6221789387177815,0.7436207519650309,-1.3286234012797151,-1.6184504155365045
E1,2022-03-13,Luton,QPR,away,2021,4,4.752111902333905,4.549402137459081,-0.16290726817042606,0.4263565891472868,QPR,Luton,35,2021-11-03,2022-03-05,0.6,-0.7112656441488543,-0.7207710920990762,0.5333333333333333,0.634442201833335,0.5827777663080752,-1.3457078459821892,-1.3035488584071513,34,2021-11-02,2022-03-08,0.6,-1.7153544671968042,-1.3778244829764428,0.4666666666666667,-0.7056838713967111,-0.4218226545863285,-1.009670595800093,-0.9560018283901143
E1,2022-03-13,Luton,QPR,home,2021,4,5.90092874927987,5.587582352607379,0.16290726817042606,0.4263565891472868,Luton,QPR,34,2021-11-02,2022-03-08,0.4,-0.17009662247099372,-0.32321402401674354,0.5333333333333333,-0.07894708432058511,-0.07267229183129054,-0.0911495381504086,-0.250541732185453,35,2021-11-03,2022-03-05,0.4,-1.6762011810554711,-1.5280976514499685,0.4666666666666667,0.07781941273877878,0.2601089219131435,-1.75402059379425,-1.7882065733631118
E1,2022-03-15,Barnsley,Bristol City,away,2021,3,4.95812982049285,4.711259864992569,-0.10860121633362296,0.44791666666666663,Bristol City,Barnsley,36,2021-11-20,2022-03-12,0.6,-0.8344815032188286,-1.0473045290069662,0.5333333333333333,0.8154116836172605,0.6548709257548251,-1.649893186836089,-1.7021754547617913,35,2021-11-06,2022-03-12,0.4,1.4294847618331274,1.4238274441584309,0.5333333333333333,0.9690130396246446,0.6639378151757103,0.46047172220848287,0.7598896289827206
E1,2022-03-15,Barnsley,Bristol City,home,2021,7,4.649292996702284,4.950218390372357,0.10860121633362296,0.44791666666666663,Barnsley,Bristol City,35,2021-11-06,2022-03-12,0.6,-0.7493642834623606,-0.9083536804391737,0.4666666666666667,-1.8167677006450462,-1.6536046718790374,1.0674034171826856,0.7452509914398636,36,2021-11-20,2022-03-12,0.4,1.9616925880351601,2.351058749149439,0.4666666666666667,-0.6380574987918166,-0.46190628875917195,2.599750086826977,2.812965037908611
E1,2022-03-15,Birmingham,Middlesbrough,away,2021,7,5.371377800139452,5.348780412634942,0.19695879538627015,0.4569190600522194,Middlesbrough,Birmingham,35,2021-11-06,2022-03-12,0.4,-0.041078323639977654,0.11132283806574286,0.5333333333333333,0.763806507883561,1.0039538013637024,-0.8048848315235386,-0.8926309632979595,36,2021-11-20,2022-03-12,0.6,-1.313372043869687,-1.4743667470472643,0.5333333333333333,1.1876809807124324,1.0528899966153504,-2.501053024582119,-2.5272567436626145
E1,2022-03-15,Birmingham,Middlesbrough,home,2021,5,4.17633021024308,4.308319231455077,-0.19695879538627015,0.4569190600522194,Birmingham,Middlesbrough,36,2021-11-20,2022-03-12,0.4,0.21330788341203774,0.1362366750023593,0.4666666666666667,-0.4620444655584084,-0.6525286091312033,0.6753523489704462,0.7887652841335626,35,2021-11-06,2022-03-12,0.6,-0.7013431251968745,-0.6355457259535953,0.4666666666666667,0.6649699026371075,0.6496674331036002,-1.3663130278339821,-1.2852131590571956
E1,2022-03-15,Blackburn,Derby,away,2021,1,4.151070306803797,4.074488734706256,-0.3321441751752983,0.3796526054590571,Derby,Blackburn,36,2021-11-21,2022-03-12,0.4,0.6100951148111692,0.7938488503050631,0.5333333333333333,-0.10779698812363989,-0.137680641661661,0.7178921029348091,0.9315294919667241,37,2021-11-20,2022-03-12,0.4,-1.1906853761480616,-1.2987927285864362,0.5333333333333333,-0.7807867718482656,-0.8332016343507612,-0.40989860429979597,-0.465591094235675
E1,2022-03-15,Blackburn,Derby,home,2021,9,5.168141285165801,5.545823754225729,0.3321441751752983,0.3796526054590571,Blackburn,Derby,37,2021-11-20,2022-03-12,0.6,2.3179384874803715,2.317014508237475,0.4666666666666667,1.3196718069092455,0.9889535549706975,0.998266680571126,1.3280609532667778,36,2021-11-21,2022-03-12,0.6,-0.18826030780419725,-0.5933960514034562,0.4666666666666667,-0.004424372428316067,-0.3467793706710805,-0.1838359353758812,-0.2466166807323757
E1,2022-03-15,Bournemouth,Reading,away,2021,7,4.194641111596483,3.8015648722829325,-0.5784286994118334,0.5794871794871795,Reading,Bournemouth,35,2021-11-06,2022-03-12,0.4,-0.7919989990215177,-0.7500614544753056,0.5333333333333333,0.02188037585883095,-0.0743538450746915,-0.8138793748803487,-0.675707609400614,32,2021-10-30,2022-03-12,0.4,-0.18368642527273682,0.1642153403258045,0.5333333333333333,0.25434208576990264,0.48489368455362436,-0.43802851104263946,-0.3206783442278198
E1,2022-03-15,Bournemouth,Reading,home,2021,5,5.359008452279378,6.067298734699061,0.5784286994118334,0.5794871794871795,Bournemouth,Reading,32,2021-10-30,2022-03-12,0.6,-0.10650174745312864,-0.3494234405351403,0.4666666666666667,0.01590409920391854,-0.22669010564750025,-0.12240584665704718,-0.12273333488764004,35,2021-11-06,2022-03-12,0.6,-0.6254614503767696,-0.887374265877486,0.4666666666666667,0.3365339900394467,0.22038696948975936,-0.9619954404162163,-1.1077612353672455
E1,2022-03-15,West Brom,Fulham,away,2021,8,5.226547423863231,5.302570487335737,0.20808923226483161,0.46858638743455505,Fulham,West Brom,35,2021-11-06,2022-03-12,0.4,0.7557850064763763,0.5887969191174831,0.6,1.0961932002021784,0.824476051067574,-0.3404081937258021,-0.23567913195009094,35,2021-11-06,2022-03-11,0.6,0.9431385729493819,0.7055864197428131,0.5333333333333333,-1.3151312848952241,-1.250693575066676,2.258269857844606,1.9562799948094893
E1,2022-03-15,West Brom,Fulham,home,2021,8,5.11022396062842,4.6923655533970345,-0.20808923226483161,0.46858638743455505,West Brom,Fulham,35,2021-11-06,2022-03-11,0.4,-1.6086495805442549,-1.420459873407306,0.4666666666666667,-0.19408241375196358,-0.08351057116437702,-1.4145671667922912,-1.3369493022429288,35,2021-11-06,2022-03-12,0.6,0.8795564130212462,0.8773042011640253,0.4,-0.7419412111190772,-0.5514299746177415,1.6214976241403234,1.4287341757817669
E1,2022-03-16,Blackpool,Sheffield United,away,2021,5,4.804869375761002,5.0430316227260965,0.16411573098294696,0.42416452442159375,Sheffield United,Blackpool,35,2021-11-06,2022-03-12,0.6,0.22656483505418912,0.10623931404196067,0.4,0.25867303792562135,0.15667915527925919,-0.032108202871432234,-0.05043984123729851,26,2021-11-06,2022-03-12,0.6,-2.4109853680027613,-2.469952846435833,0.4,-0.08070447219346602,-0.15365499071077604,-2.3302808958092953,-2.316297855725057
E1,2022-03-16,Blackpool,Sheffield United,home,2021,2,4.288340845437666,4.401927737676188,-0.16411573098294696,0.42416452442159375,Blackpool,Sheffield United,26,2021-11-06,2022-03-12,0.4,-0.20997063852819195,-0.5622587512942007,0.6,-0.6095028055296946,-0.7357663302486728,0.3995321670015026,0.1735075789544721,35,2021-11-06,2022-03-12,0.4,1.3837825961922405,1.4160598541190719,0.6,-0.6008515719195701,-0.7503791230701278,1.9846341681118105,2.1664389771891996
E1,2022-03-16,Cardiff,Stoke,away,2021,8,4.646882077606796,4.623285390021228,-0.0764346519779669,0.4025316455696203,Stoke,Cardiff,36,2021-11-06,2022-03-12,0.4,-0.9756420461366753,-0.8117068176217554,0.5333333333333333,-0.21576200548420316,-0.2247227352004869,-0.7598800406524722,-0.5869840824212685,35,2021-11-20,2022-03-12,0.4,2.4571537408612523,2.4055423668585547,0.5333333333333333,-0.49876360386349317,-0.5057700182250701,2.9559173447247455,2.9113123850836247
E1,2022-03-16,Cardiff,Stoke,home,2021,9,4.87164645065069,5.004395938437133,0.0764346519779669,0.4025316455696203,Cardiff,Stoke,35,2021-11-20,2022-03-12,0.6,-0.2214370212686152,-0.4932254081939108,0.4666666666666667,-0.762557846123373,-0.803025156910279,0.5411208248547578,0.3097997487163682,36,2021-11-06,2022-03-12,0.6,-0.5980163157503513,-0.7560167917575955,0.4666666666666667,0.533262509887694,0.6516183957960365,-1.1312788256380453,-1.4076351875536322
E1,2022-03-16,Coventry,Hull,away,2021,5,4.236307178024699,3.993630155795896,-0.428698717397591,0.46858638743455505,Hull,Coventry,36,2021-11-20,2022-03-12,0.4,-0.8719671013726256,-0.7177923142190636,0.5333333333333333,-0.029700351039215,0.25276054433383605,-0.8422667503334106,-0.9705528585528997,34,2021-11-06,2022-03-12,0.4,0.43365928299387607,0.09309878466838555,0.4666666666666667,-1.0527503457624339,-1.2524028035419172,1.48640962875631,1.3455015882103027
E1,2022-03-16,Coventry,Hull,home,2021,12,5.2881144979978005,5.766793672060582,0.428698717397591,0.46858638743455505,Coventry,Hull,34,2021-11-06,2022-03-12,0.6,-1.7912980591109935,-1.5226883280881562,0.5333333333333333,1.067069149311291,1.199910576877561,-2.858367208422284,-2.722598904965717,36,2021-11-20,2022-03-12,0.6,-0.24086261648928337,-0.5107149548520518,0.4666666666666667,0.12621613813736374,-0.2861552450191041,-0.3670787546266471,-0.22455970983294765
E1,2022-03-16,Luton,Preston,away,2021,3,4.8096420285291845,4.601883768857749,-0.1423207350128486,0.3919597989949749,Preston,Luton,36,2021-11-20,2022-03-12,0.6,1.1036362056898312,0.9039928580085294,0.4666666666666667,-0.03658978821208591,-0.1545146808296722,1.140225993901917,1.0585075388382015,35,2021-11-06,2022-03-13,0.6,-1.5118568026758141,-1.22039184204539,0.4666666666666667,-0.4040246672569402,-0.16241275536284813,-1.107832135418874,-1.057979086682542
E1,2022-03-16,Luton,Preston,home,2021,4,5.1185059668283905,5.216495599156952,0.1423207350128486,0.3919597989949749,Luton,Preston,35,2021-11-06,2022-03-13,0.4,-0.5057880730477974,-0.5451904540195514,0.5333333333333333,-0.09085355723999328,-0.09549377888166598,-0.4149345158078041,-0.44969667513788536,36,2021-11-20,2022-03-12,0.4,-0.7388115816793579,-0.5982813495396917,0.5333333333333333,-0.18659347774099294,-0.10822664065641519,-0.5522181039383649,-0.4900547088832765
E1,2022-03-16,Millwall,Huddersfield,away,2021,3,3.6608954708924872,4.1463926913655795,-0.08979665431233097,0.37192118226600984,Huddersfield,Millwall,36,2021-11-20,2022-03-11,0.4,0.904399230333448,0.7556848762985269,0.5333333333333333,-0.0616635206048878,-0.20736032182386013,0.9660627509383358,0.963045198122387,35,2021-11-06,2022-03-12,0.6,1.7295320332342872,1.6221984639724112,0.4666666666666667,0.7974169126340835,0.6458372338827305,0.9321151206002036,0.9763612300896807
E1,2022-03-16,Millwall,Huddersfield,home,2021,7,5.563238306823161,5.326491641144837,0.08979665431233097,0.37192118226600984,Millwall,Huddersfield,35,2021-11-06,2022-03-12,0.4,-0.9759827780493622,-1.128658247794959,0.5333333333333333,-0.59824858249879,-0.5290769206119528,-0.3777341955505722,-0.5995813271830062,36,2021-11-20,2022-03-11,0.6,1.0671788450769903,0.9671536622906629,0.4666666666666667,0.04939206605524309,-0.12223994747093213,1.0177867790217472,1.089393609761595
E1,2022-03-16,Nott'm Forest,QPR,away,2021,2,3.914289361939828,4.076339855644469,-0.2445989570399802,0.46981627296587924,QPR,Nott'm Forest,36,2021-11-06,2022-03-13,0.6,-1.0495531651790304,-0.9595048749314999,0.5333333333333333,0.8649405864399005,0.8033911956853591,-1.9144937516189309,-1.762896070616859,35,2021-11-02,2022-03-12,0.4,1.6693171952794732,1.6582626874929531,0.4666666666666667,-0.7086044440914916,-0.7303683965893223,2.377921639370965,2.3886310840822755
E1,2022-03-16,Nott'm Forest,QPR,home,2021,6,5.7322279726392615,5.65372138136386,0.2445989570399802,0.46981627296587924,Nott'm Forest,QPR,35,2021-11-02,2022-03-12,0.6,1.1309507811212405,1.2425412497770385,0.5333333333333333,0.6958941644687788,0.6310887661911297,0.43505661665246165,0.6114524835859088,36,2021-11-06,2022-03-13,0.4,-1.3023182848087405,-1.1670409990506552,0.4666666666666667,-0.24948664881797958,-0.03981473862531596,-1.0528316359907608,-1.1272262604253391
E1,2022-03-16,Peterboro,Swansea,away,2021,4,4.549655450533642,4.969321913938193,0.1950079045222774,0.4764397905759163,Swansea,Peterboro,35,2021-11-02,2022-03-12,0.4,-1.0663569331299798,-1.17164046901604,0.4666666666666667,-1.7358700534748626,-1.7502553397836598,0.6695131203448828,0.5786148707676197,26,2021-11-06,2022-03-12,0.6,-1.9144818666037975,-1.9169034016906963,0.5333333333333333,0.21708865679267025,0.06621411439172314,-2.131570523396468,-1.9831175160824195
E1,2022-03-16,Peterboro,Swansea,home,2021,3,3.962456054438045,4.212349213657292,-0.1950079045222774,0.4764397905759163,Peterboro,Swansea,26,2021-11-06,2022-03-12,0.4,0.6767100628641931,0.6728614862716007,0.4666666666666667,0.4501189028034687,0.25351301307201773,0.22659116006072438,0.41934847319958296,35,2021-11-02,2022-03-12,0.6,-0.38851802666305735,-0.4842277671250386,0.5333333333333333,0.500566733514228,0.3778297978935884,-0.8890847601772853,-0.8620575650186271
E1,2022-03-19,Bristol City,West Brom,away,2021,5,6.233022057467488,5.7176604863539895,0.20121829953669262,0.48293963254593175,West Brom,Bristol City,36,2021-11-20,2022-03-15,0.6,-0.6767743276821682,-0.491619915663844,0.4,-0.5157806169159252,-0.38081939804187165,-0.16099371076624291,-0.11080051762197235,37,2021-11-24,2022-03-15,0.6,1.0573534636707136,1.297944518691484,0.4666666666666667,0.0995443921338842,0.3012010585622104,0.9578090715368294,0.9967434601292735
E1,2022-03-19,Bristol City,West Brom,home,2021,3,3.1418913445165884,3.796713889775763,-0.20121829953669262,0.48293963254593175,Bristol City,West Brom,37,2021-11-24,2022-03-15,0.4,-0.39945434561043125,-0.5343696373156697,0.5333333333333333,0.47388501133083866,0.3262131873043011,-0.87333935694127,-0.8605828246199707,36,2021-11-20,2022-03-15,0.4,1.542323387455906,1.3406123627943338,0.6,-1.1787142458384965,-1.1798248067910082,2.7210376332944026,2.520437169585342
E1,2022-03-19,Derby,Coventry,away,2021,10,4.86011238858485,4.932785370792564,0.07372960447977339,0.41794871794871796,Coventry,Derby,35,2021-11-20,2022-03-16,0.8,0.09425406045129084,0.07745129027518641,0.4666666666666667,0.7261416226544175,0.9383399397782687,-0.6318875622031267,-0.8608886495030823,37,2021-11-24,2022-03-15,0.8,1.2102034414695273,0.7903835024545423,0.4666666666666667,-0.1491511706014519,-0.48712364527993074,1.3593546120709792,1.277507147734473
E1,2022-03-19,Derby,Coventry,home,2021,7,4.006949060177163,4.390012469834947,-0.07372960447977339,0.41794871794871796,Derby,Coventry,37,2021-11-24,2022-03-15,0.2,-0.8695863571417439,-0.6444787831378612,0.5333333333333333,0.24715199932434756,0.21137131245933136,-1.1167383564660915,-0.8558500955971926,35,2021-11-20,2022-03-16,0.2,0.5480406392429336,0.340901945845117,0.5333333333333333,-0.8701584458065725,-1.0853437745007355,1.418199085049506,1.4262457203458525
E1,2022-03-19,Huddersfield,Bournemouth,away,2021,5,4.806946815694674,4.925246490729015,0.08474603149431481,0.4671916010498688,Bournemouth,Huddersfield,33,2021-11-03,2022-03-15,0.8,-0.5603362200249047,-0.9002940262344679,0.4666666666666667,0.18774307812893126,-0.0665973270997459,-0.748079298153836,-0.833696699134722,37,2021-11-24,2022-03-16,0.6,0.1819769752504566,0.18791525696738018,0.5333333333333333,0.3283937322487418,0.138694641149204,-0.14641675699828519,0.04922061581817619
E1,2022-03-19,Huddersfield,Bournemouth,home,2021,2,4.711857327851824,4.698647843906091,-0.08474603149431481,0.4671916010498688,Huddersfield,Bournemouth,37,2021-11-24,2022-03-16,0.4,1.0824508011142009,0.8341052249550612,0.4666666666666667,-0.07979305907224819,-0.22054462293749227,1.162243860186449,1.0546498478925534,33,2021-11-03,2022-03-15,0.2,0.04198224838159383,0.4640382839754098,0.5333333333333333,0.20843504450140038,0.4571277119584144,-0.16645279611980654,0.006910572016995409
E1,2022-03-19,Hull,Luton,away,2021,5,4.110909430358497,4.573406132973643,0.06694210553841323,0.43152454780361754,Luton,Hull,36,2021-11-19,2022-03-16,0.6,-1.1000564509814004,-1.1372274840868117,0.4666666666666667,0.070543520268044,0.04184504321731885,-1.1705999712494444,-1.1790725273041305,37,2021-11-24,2022-03-16,0.6,1.17185001919631,0.8456063787090831,0.5333333333333333,0.2094797905199202,-0.17630699415592802,0.9623702286763898,1.0219133728650112
E1,2022-03-19,Hull,Luton,home,2021,6,5.105517104157535,4.893450044164334,-0.06694210553841323,0.43152454780361754,Hull,Luton,37,2021-11-24,2022-03-16,0.4,-0.017386982189369606,0.0202085383116132,0.4666666666666667,-0.5893583937670489,-0.2571254382577835,0.5719714115776793,0.2773339765693967,36,2021-11-19,2022-03-16,0.4,-1.9667548521539473,-1.6469227164199942,0.5333333333333333,-0.410583013170587,-0.19735313223412548,-1.5561718389833603,-1.4495695841858687
E1,2022-03-19,Reading,Blackburn,away,2021,4,5.309164912833873,5.178813445542034,0.10643695793262142,0.45312499999999994,Blackburn,Reading,38,2021-11-24,2022-03-15,0.8,2.8240154438621436,2.7906879507889983,0.4666666666666667,1.6858784516886387,1.3367579870320292,1.138136992173505,1.4539299637569691,36,2021-11-20,2022-03-15,0.6,-0.7175257204180532,-0.9994762887124964,0.4666666666666667,0.5022330296237314,0.36009392237085563,-1.2197587500417846,-1.359570211083352
E1,2022-03-19,Reading,Blackburn,home,2021,3,3.921190907980614,4.305971150033867,-0.10643695793262142,0.45312499999999994,Reading,Blackburn,36,2021-11-20,2022-03-15,0.4,-0.5045836485959754,-0.46923738841608237,0.5333333333333333,0.16506451220901797,0.10798332739101196,-0.6696481608049933,-0.5772207158070943,38,2021-11-24,2022-03-15,0.2,-2.1062161531505756,-2.1791985322879937,0.5333333333333333,-0.7516568316851135,-0.7882943989845795,-1.354559321465462,-1.390904133303414
E1,2022-03-19,Sheffield United,Barnsley,away,2021,6,3.872051022324759,3.774190713590677,-0.48528640244193266,0.46858638743455505,Barnsley,Sheffield United,36,2021-11-20,2022-03-15,0.8,-0.23448597260551188,-0.44462751840855874,0.4,-1.70151461753377,-1.528767119226205,1.4670286449282581,1.0841396008176463,36,2021-11-20,2022-03-16,0.6,0.6658196405196393,0.718512499980503,0.5333333333333333,-0.5086287903883523,-0.6493714114271001,1.1744484309079914,1.3678839114076031
E1,2022-03-19,Sheffield United,Barnsley,home,2021,7,6.43791632490451,6.395555082162804,0.48528640244193266,0.46858638743455505,Sheffield United,Barnsley,36,2021-11-20,2022-03-16,0.4,-0.01972575573976627,-0.1678750672635651,0.4666666666666667,0.14130820808982414,0.03904296190304883,-0.1610339638295904,-0.20691802916661395,36,2021-11-20,2022-03-15,0.2,0.9055281079221892,0.9636492808136674,0.6,0.868083201890989,0.5437857411681918,0.03744490603120021,0.4198635396454756
E1,2022-03-19,Stoke,Millwall,away,2021,4,3.7412982671162784,4.158458252151347,-0.11193896405793641,0.3944723618090452,Millwall,Stoke,36,2021-11-20,2022-03-16,0.6,-0.05653843310710958,-0.1010122713207819,0.4666666666666667,-0.7910510402115615,-0.7238476347888076,0.7345126071044519,0.6228353634680257,37,2021-11-20,2022-03-16,0.8,-0.1429127904484142,-0.30563388968089206,0.4,0.6946595873957311,0.7889572178950213,-0.8375723778441453,-1.0945911075759134
E1,2022-03-19,Stoke,Millwall,home,2021,4,5.787831600127079,5.456130554400306,0.11193896405793641,0.3944723618090452,Stoke,Millwall,37,2021-11-20,2022-03-16,0.2,-0.39798810543033075,-0.24251801622905517,0.6,-0.22232035139784986,-0.25966311207176423,-0.1756677540324809,0.01714509584270907,36,2021-11-20,2022-03-16,0.4,0.7478855284636361,0.5694900391976223,0.5333333333333333,1.1439450433467278,0.9884823441334541,-0.39605951488309166,-0.41899230493583184
E1,2022-03-19,Swansea,Birmingham,away,2021,6,4.414220693974426,4.277627405942619,-0.260084837394993,0.4764397905759163,Birmingham,Swansea,37,2021-11-23,2022-03-15,0.6,0.7841974064463964,0.6823849101870321,0.4666666666666667,-0.490720823108459,-0.6420576961021729,1.2749182295548553,1.324442606289205,36,2021-11-06,2022-03-16,0.6,-0.4465154476417667,-0.5420527810662529,0.5333333333333333,0.29017406521924305,0.17735400380863234,-0.7366895128610098,-0.7194067848748852
E1,2022-03-19,Swansea,Birmingham,home,2021,1,4.843352039111223,5.27447447447625,0.260084837394993,0.4764397905759163,Swansea,Birmingham,36,2021-11-06,2022-03-16,0.4,-0.8599563569119508,-1.020570458857506,0.4666666666666667,-1.7266708266269404,-1.759665310157408,0.8667144697149896,0.739094851299902,37,2021-11-23,2022-03-15,0.4,-0.7917520608099764,-0.9664694467365988,0.5333333333333333,0.7966716085514636,0.6626951809744651,-1.58842366936144,-1.6291646277110639
E1,2022-03-20,QPR,Peterboro,away,2021,2,4.137214360053966,3.882449357504281,-0.4880940511044841,0.5210526315789473,Peterboro,QPR,27,2021-11-20,2022-03-16,0.6,0.35044418383225373,0.2851611535619513,0.4,0.5486338292887457,0.3556188705716167,-0.19818964545649198,-0.07045771700966535,37,2021-11-19,2022-03-16,0.6,-0.5469223245483971,-0.561058391633571,0.4,-0.6863052543592751,-0.42953148315092154,0.13938292981087808,-0.13152690848264942
E1,2022-03-20,QPR,Peterboro,home,2021,4,6.084616389902785,6.244059076455905,0.4880940511044841,0.5210526315789473,QPR,Peterboro,37,2021-11-19,2022-03-16,0.4,-1.3620755022818425,-1.2650927780871426,0.6,0.8854721647753423,0.8218218393667115,-2.2475476670571846,-2.086914617453854,27,2021-11-20,2022-03-16,0.4,-2.513779105293417,-2.630135415697576,0.6,0.4144833387525955,0.29818460702037725,-2.9282624440460125,-2.928320022717953
E1,2022-04-01,Hull,Huddersfield,away,2021,9,3.893991585474524,4.3852472785964345,0.006380023258818923,0.4215938303341903,Huddersfield,Hull,38,2021-11-27,2022-03-19,0.4,-0.8002519273555151,-1.0531873413229516,0.5333333333333333,0.39635521983801814,0.25205166885546687,-1.1966071471935331,-1.3052390101784184,38,2021-11-27,2022-03-19,0.6,1.3944050433219164,0.9846949922194407,0.4666666666666667,0.23821140498329724,-0.12199947134031348,1.156193638338619,1.1066944635597542
E1,2022-04-01,Hull,Huddersfield,home,2021,4,5.294721936837697,5.063584118980682,-0.006380023258818923,0.4215938303341903,Hull,Huddersfield,38,2021-11-27,2022-03-19,0.4,0.02917890716675533,0.12359233913249659,0.5333333333333333,-0.4881624195074812,-0.1812564198119808,0.5173413266742365,0.3048487589444774,38,2021-11-27,2022-03-19,0.6,0.6230932442339968,0.6582722099287903,0.4666666666666667,-0.08040132419849251,-0.2653406154547297,0.7034945684324894,0.9236128253835201
E1,2022-04-02,Barnsley,Reading,away,2021,8,4.773775321689155,4.603762790126464,-0.12999625573340828,0.4595300261096606,Reading,Barnsley,37,2021-11-23,2022-03-19,0.4,0.2871942242479958,0.25600939179154264,0.5333333333333333,-0.2160934764088977,-0.2582198037738997,0.5032877006568934,0.5142291955654423,37,2021-11-24,2022-03-19,0.4,-0.21611238970992588,-0.1696693801047518,0.5333333333333333,1.1979764927917946,0.9221189214846821,-1.4140888825017206,-1.0917883015894339
E1,2022-04-02,Barnsley,Reading,home,2021,1,4.195319936482353,4.762055590895514,0.12999625573340828,0.4595300261096606,Barnsley,Reading,37,2021-11-24,2022-03-19,0.6,0.5433670708709143,0.3969996592556545,0.4666666666666667,-2.0104139062925164,-1.8811382895019042,2.5537809771634308,2.278137948757559,37,2021-11-23,2022-03-19,0.6,-1.24464068067533,-1.4939654553604902,0.4666666666666667,0.6782495740619982,0.5236156436388051,-1.9228902547373283,-2.0175810989992953
E1,2022-04-02,Blackpool,Nott'm Forest,away,2021,4,5.037218118417011,5.0481122837361285,0.09829607480184166,0.44415584415584414,Nott'm Forest,Blackpool,36,2021-11-06,2022-03-16,0.6,1.3589414850080657,1.41108126215049,0.5333333333333333,0.5332929941989362,0.5047579121593574,0.8256484908091295,0.9063233499911326,27,2021-11-20,2022-03-16,0.4,-1.9326720443026844,-2.0077930499955507,0.4666666666666667,-0.1831567817137323,-0.25558636470017393,-1.749515262588952,-1.7522066852953768
E1,2022-04-02,Blackpool,Nott'm Forest,home,2021,8,5.001389361393945,4.803893498671157,-0.09829607480184166,0.44415584415584414,Blackpool,Nott'm Forest,27,2021-11-20,2022-03-16,0.6,-0.37696462539648545,-0.6622571685908577,0.5333333333333333,-0.9092656202146715,-1.0733698236238531,0.532300994818186,0.41111265503299543,36,2021-11-06,2022-03-16,0.4,1.1445760067995328,1.125439358698467,0.4666666666666667,-0.620552105502149,-0.6373404069803271,1.7651281123016818,1.7627797656787942
E1,2022-04-02,Bournemouth,Bristol City,away,2021,3,4.421984941431019,3.9436193991833943,-0.5335184622727471,0.5658914728682171,Bristol City,Bournemouth,38,2021-11-28,2022-03-19,0.4,-0.46618982265975173,-0.6471832229349115,0.5333333333333333,0.5061073777869375,0.33946954909373367,-0.9722972004466892,-0.9866527720286451,34,2021-11-06,2022-03-19,0.4,-0.0809840317194153,0.21278533407200656,0.5333333333333333,0.25489122297440636,0.5081602766170538,-0.3358752546938217,-0.2953749425450472
E1,2022-04-02,Bournemouth,Bristol City,home,2021,12,6.140763528484833,6.355390385137638,0.5335184622727471,0.5658914728682171,Bournemouth,Bristol City,34,2021-11-06,2022-03-19,0.6,-0.5998318051739673,-0.931094741064685,0.4666666666666667,-0.06598255920524891,-0.2820221171536676,-0.5338492459687184,-0.6490726239110174,38,2021-11-28,2022-03-19,0.6,1.3539240713390603,1.5079107741961448,0.4666666666666667,-0.0021151850155021633,0.22348638505548848,1.3560392563545625,1.2844243891406564
E1,2022-04-02,Cardiff,Swansea,away,2021,4,4.248814769725184,4.38702324512411,-0.12001038948772741,0.41538461538461535,Swansea,Cardiff,37,2021-11-20,2022-03-19,0.6,-2.232935531892108,-2.4788283582925765,0.4666666666666667,-1.332963259116416,-1.4009305439839077,-0.899972272775692,-1.0778978143086688,36,2021-11-24,2022-03-16,0.2,1.7874460624405415,1.7333222913575146,0.5333333333333333,-0.2478319230750148,-0.24140778183607617,2.0352779855155565,1.9747300731935908
E1,2022-04-02,Cardiff,Swansea,home,2021,8,4.566947219849293,4.928325280589436,0.12001038948772741,0.41538461538461535,Cardiff,Swansea,36,2021-11-24,2022-03-16,0.8,1.0067393207237219,0.7613016552258758,0.4666666666666667,-0.9539343528023408,-1.0410899346089564,1.9606736735260628,1.8023915898348322,37,2021-11-20,2022-03-19,0.4,0.2149215706816201,0.1669452493930775,0.5333333333333333,0.04655740464536417,-0.04326337095459814,0.16836416603625592,0.21020862034767565
E1,2022-04-02,Coventry,Blackburn,away,2021,4,4.221255216203966,4.290687803091464,-0.18445296567679326,0.41071428571428575,Blackburn,Coventry,39,2021-11-27,2022-03-19,0.6,1.7591785442375183,1.7929343465570036,0.4666666666666667,1.9416037122485383,1.6181528155521625,-0.18242516801102004,0.17478153100484106,36,2021-11-23,2022-03-19,0.4,0.29634145534914447,0.06361046306251436,0.4666666666666667,-0.25985355383458014,-0.5066307944893136,0.5561950091837247,0.570241257551828
E1,2022-04-02,Coventry,Blackburn,home,2021,2,5.23449784676717,5.335188706306038,0.18445296567679326,0.41071428571428575,Coventry,Blackburn,36,2021-11-23,2022-03-19,0.6,1.3712468505719653,1.377229913839022,0.5333333333333333,0.8101601012812492,1.0008341883012504,0.5610867492907161,0.3763957255377717,39,2021-11-27,2022-03-19,0.4,-1.616045177841516,-1.763570879051084,0.5333333333333333,-0.9003354991302758,-0.9441484206180192,-0.7157096787112401,-0.8194224584330648
E1,2022-04-02,Derby,Preston,away,2021,5,4.4180437605664755,4.5953160140080085,-0.022678870445936417,0.3919597989949749,Preston,Derby,37,2021-11-23,2022-03-16,0.4,0.721445220398586,0.6849738283417814,0.4666666666666667,-0.2256810018615886,-0.37312601830787706,0.9471262222601746,1.0580998466496585,38,2021-11-29,2022-03-19,0.6,1.883229731845694,1.507450750022702,0.4666666666666667,-0.12241152902662313,-0.43427615908817335,2.0056412608723173,1.9417269091108753
E1,2022-04-02,Derby,Preston,home,2021,9,4.338099236420627,4.679456354444363,0.022678870445936417,0.3919597989949749,Derby,Preston,38,2021-11-29,2022-03-19,0.4,-0.06634379908895163,-0.027552986379835963,0.5333333333333333,0.11250596574240929,0.09027070168763132,-0.17884976483136092,-0.11782368806746729,37,2021-11-23,2022-03-16,0.6,-1.2361692023001971,-1.2004434288552723,0.5333333333333333,-0.15258263129408225,-0.07486834815795813,-1.0835865710061148,-1.1255750806973142
E1,2022-04-02,Luton,Millwall,away,2021,4,4.154429886994834,4.289509114142531,-0.16199384106264647,0.3964646464646465,Millwall,Luton,37,2021-11-24,2022-03-19,0.4,0.10495530759364877,-0.02928475485116717,0.5333333333333333,-0.8208839910978117,-0.744638314853982,0.9258392986914605,0.7153535600028148,37,2021-11-23,2022-03-19,0.6,-1.5832259028972295,-1.3306844345278461,0.4666666666666667,-0.3521387159047648,-0.12991773285820188,-1.2310871869924647,-1.2007667016696442
E1,2022-04-02,Luton,Millwall,home,2021,5,6.136472629852892,5.6830117959606925,0.16199384106264647,0.3964646464646465,Luton,Millwall,37,2021-11-23,2022-03-19,0.4,-1.277189568959963,-1.348284388954868,0.5333333333333333,0.2447618927457659,0.18530147426075344,-1.521951461705729,-1.5335858632156214,37,2021-11-24,2022-03-19,0.6,0.8881159891645929,0.8572528251899563,0.4666666666666667,0.70339982689172,0.5059741628995345,0.1847161622728729,0.3512786622904218
E1,2022-04-02,Peterboro,Middlesbrough,away,2021,7,5.844557119550264,5.822228211158415,0.35585970915312226,0.5235602094240838,Middlesbrough,Peterboro,36,2021-11-20,2022-03-15,0.2,0.8197995353172238,1.0381258883651447,0.6,0.7366705070383147,0.9078162055367957,0.08312902827890911,0.1303096828283491,28,2021-11-24,2022-03-20,0.6,-2.0362711593938214,-2.265136387957014,0.5333333333333333,0.3132101202437657,0.23730260467223782,-2.3494812796375872,-2.502438992629252
E1,2022-04-02,Peterboro,Middlesbrough,home,2021,5,3.8392665078048185,3.958456615005709,-0.35585970915312226,0.5235602094240838,Peterboro,Middlesbrough,28,2021-11-24,2022-03-20,0.4,-0.24518993543026016,-0.17632456686461379,0.4666666666666667,0.23282380265821748,0.023158147951395057,-0.47801373808847764,-0.19948271481600885,36,2021-11-20,2022-03-15,0.8,-0.0826782191747503,-0.13329605290957397,0.4,0.3099347317788225,0.3201584559220496,-0.39261295095357285,-0.4534545088316236
E1,2022-04-02,QPR,Fulham,away,2021,5,5.331111087997766,5.592123615448897,0.3562067857775482,0.5404699738903395,Fulham,QPR,36,2021-11-20,2022-03-15,0.2,0.821109373120839,0.608915190431094,0.6666666666666666,1.2935878821621036,1.056446543696228,-0.47247850904126465,-0.44753135326513405,38,2021-11-24,2022-03-20,0.6,-0.3946814683581531,-0.3249728233575522,0.4,-0.8236318685841866,-0.589058758124221,0.4289504002260335,0.26408593476666886
E1,2022-04-02,QPR,Fulham,home,2021,4,4.731626406359722,4.338963590744979,-0.3562067857775482,0.5404699738903395,QPR,Fulham,38,2021-11-24,2022-03-20,0.4,-1.228777070750092,-1.1797997424849551,0.6,0.8287200155664701,0.7428650520198506,-2.057497086316562,-1.9226647945048057,36,2021-11-20,2022-03-15,0.8,1.3237369527512322,1.3936006005064274,0.3333333333333333,-0.6434262846338004,-0.44932411711814246,1.9671632373850325,1.84292471762457
E1,2022-04-02,Stoke,Sheffield United,away,2021,7,4.609840586211854,4.805112489690597,0.06380540653159017,0.4516971279373368,Sheffield United,Stoke,37,2021-11-23,2022-03-19,0.6,0.5904877600057044,0.5320028131762692,0.4,0.3022443825335737,0.15832998001846832,0.28824337747213064,0.37367283315780087,38,2021-11-24,2022-03-19,0.6,-0.16927866588179769,-0.38307695679557574,0.4666666666666667,0.3488212190180052,0.44341501786103493,-0.5180998848998029,-0.8264919746566106
E1,2022-04-02,Stoke,Sheffield United,home,2021,4,4.24056944139613,4.514190141868483,-0.06380540653159017,0.4516971279373368,Stoke,Sheffield United,38,2021-11-24,2022-03-19,0.4,-0.3361492399863909,-0.24526750823130145,0.5333333333333333,-0.1652515571030807,-0.14543370636859426,-0.1708976828833102,-0.09983380186270718,37,2021-11-23,2022-03-19,0.4,1.2011628301787014,1.2670935241622518,0.6,-0.3781896871903106,-0.525904985963297,1.579352517369012,1.7929985101255488
E1,2022-04-03,Birmingham,West Brom,away,2021,6,4.847105969639415,5.121806643321974,0.2029352901934623,0.44675324675324674,West Brom,Birmingham,37,2021-11-23,2022-03-19,0.6,-0.4694477911049253,-0.27123849359960506,0.4,-0.7789406695666403,-0.6125026748981862,0.309492878461715,0.34126418129858116,38,2021-11-27,2022-03-19,0.4,-0.584406414192127,-0.8349233314174505,0.5333333333333333,0.22549252692517807,0.09495800548068747,-0.8098989411173051,-0.9298813368981379
E1,2022-04-03,Birmingham,West Brom,home,2021,3,3.4256063391982923,3.9417766212447805,-0.2029352901934623,0.44675324675324674,Birmingham,West Brom,38,2021-11-27,2022-03-19,0.6,0.8360712899610091,0.7681329514589214,0.4666666666666667,-0.24870992797048957,-0.3678462093826157,1.0847812179314986,1.135979160841537,37,2021-11-23,2022-03-19,0.4,2.04909853753768,1.7778287176655714,0.6,-1.2718180356478044,-1.2892958565368875,3.3209165731854844,3.0671245742024587
E1,2022-04-05,Millwall,Swansea,away,2021,5,3.896016693979189,4.133541520108747,-0.19131858030089016,0.40712468193384227,Swansea,Millwall,38,2021-11-24,2022-04-02,0.4,-1.6188858545262164,-1.8353567480419017,0.4666666666666667,-1.3857256733162455,-1.4658019549348686,-0.23316018120997084,-0.3695547931070331,38,2021-11-27,2022-04-02,0.6,0.36209114199073245,0.4460770256554175,0.5333333333333333,0.9703396085123079,0.7908385805594184,-0.6082484665215755,-0.34476155490400084
E1,2022-04-05,Millwall,Swansea,home,2021,10,5.168757269428322,5.31656904243151,0.19131858030089016,0.40712468193384227,Millwall,Swansea,38,2021-11-27,2022-04-02,0.4,0.6270151601488346,0.48986894099975886,0.4666666666666667,-1.0850973954118286,-1.028282321343602,1.712112555560663,1.5181512623433608,38,2021-11-24,2022-04-02,0.6,1.202584064072164,1.0082063301015691,0.5333333333333333,-0.03735077773198909,-0.10726459518172557,1.239934841804153,1.1154709252832946
E1,2022-04-05,Peterboro,Luton,away,2021,6,4.519137292835665,5.185272187834274,0.3465903019682431,0.47769028871391084,Luton,Peterboro,38,2021-11-27,2022-04-02,0.6,-1.0201474371964145,-1.0423925725858918,0.5333333333333333,-0.11608057358429695,-0.13499031217073398,-0.9040668636121176,-0.9074022604151578,29,2021-11-27,2022-04-02,0.4,-1.3854123566919336,-1.596795959266632,0.5333333333333333,0.16134399958040113,0.12043843784382027,-1.5467563562723348,-1.7172343971104524
E1,2022-04-05,Peterboro,Luton,home,2021,4,4.353734222431129,4.195137116479056,-0.3465903019682431,0.47769028871391084,Peterboro,Luton,29,2021-11-27,2022-04-02,0.6,-0.0767175510835525,-0.019994418921593482,0.4666666666666667,0.3301729588788923,0.11023759708446237,-0.4068905099624448,-0.13023201600605586,38,2021-11-27,2022-04-02,0.4,-1.1375183109808098,-0.9782560960021017,0.4666666666666667,-0.4678213557539097,-0.2500872098457077,-0.6696969552269001,-0.728168886156394
E1,2022-04-05,Preston,Blackpool,away,2021,3,3.8290258559633554,4.171996939899495,-0.13506086509115145,0.40712468193384227,Blackpool,Preston,28,2021-11-23,2022-04-02,0.8,0.8024412305257629,0.5895395714517859,0.5333333333333333,-1.0860510662055698,-1.2659208155011463,1.8884922967313327,1.8554603869529323,38,2021-11-27,2022-04-02,0.8,0.21736078106054552,0.09112574829150102,0.4666666666666667,-0.6576035062458276,-0.5666777387837778,0.8749642873063732,0.6578034870752788
E1,2022-04-05,Preston,Blackpool,home,2021,3,4.839070149960888,5.078234738989099,0.13506086509115145,0.40712468193384227,Preston,Blackpool,38,2021-11-27,2022-04-02,0.2,-0.4299053463421304,-0.4747114305040435,0.5333333333333333,0.19281896339998805,0.04724602312727295,-0.6227243097421185,-0.5219574536313165,28,2021-11-23,2022-04-02,0.2,-1.589893958473779,-1.683310655849408,0.4666666666666667,-0.19805555531402116,-0.25820063952375877,-1.391838403159758,-1.4251100163256492
E1,2022-04-05,Reading,Stoke,away,2021,3,5.594872009394489,5.1603995929061295,0.017790440268880048,0.413265306122449,Stoke,Reading,39,2021-11-27,2022-04-02,0.4,0.2889944056778694,0.35919528580127624,0.6,-0.31027197251301436,-0.3410825364189213,0.5992663781908838,0.7002778222201975,38,2021-11-27,2022-04-02,0.6,-2.3115738840509286,-2.60427716160751,0.5333333333333333,0.8475212188044544,0.6709128634164417,-3.159095102855383,-3.275190025023952
E1,2022-04-05,Reading,Stoke,home,2021,5,4.37065958313714,4.638182554352371,-0.017790440268880048,0.413265306122449,Reading,Stoke,38,2021-11-27,2022-04-02,0.4,1.3941334934687615,1.3934475607563708,0.4666666666666667,-0.44756035800625066,-0.47058436106274254,1.841693851475012,1.8640319218191133,39,2021-11-27,2022-04-02,0.6,0.5832761885779608,0.4133650897908522,0.4,0.2767501921913934,0.3530262622542553,0.3065259963865674,0.06033882753659686
E1,2022-04-05,Sheffield United,QPR,away,2021,5,3.9969847329883033,3.9243410226719684,-0.40182808929513103,0.4855643044619423,QPR,Sheffield United,39,2021-11-29,2022-04-02,0.6,-0.7006931951168537,-0.5707705773902674,0.5333333333333333,0.32929045085833303,0.2650245847037598,-1.0299836459751868,-0.8357951620940272,38,2021-11-28,2022-04-02,0.6,-0.4668111494554683,-0.4262956642251769,0.5333333333333333,0.08419490618351665,-0.05535558091752234,-0.551006055638985,-0.37094008330765454
E1,2022-04-05,Sheffield United,QPR,home,2021,5,6.346205302187496,6.198110826892692,0.40182808929513103,0.4855643044619423,Sheffield United,QPR,38,2021-11-28,2022-04-02,0.4,1.127669831347846,0.9559750495869903,0.4666666666666667,0.30917622572148334,0.19132875899051918,0.8184936056263625,0.7646462905964712,39,2021-11-29,2022-04-02,0.4,-1.2639076030155567,-1.2053884615709198,0.4666666666666667,-0.5265927049544206,-0.31165316045566394,-0.7373148980611361,-0.8937353011152559
E1,2022-04-06,Middlesbrough,Fulham,away,2021,4,5.22066246195738,5.193122257135786,0.1402532350076527,0.47769028871391084,Fulham,Middlesbrough,37,2021-11-24,2022-04-02,0.2,-0.12919542110629295,-0.258944793640228,0.6,1.5068229543883642,1.2665222628446133,-1.6360183754946571,-1.5254670564848414,37,2021-11-23,2022-04-02,0.8,0.501731727205664,0.47147794447163305,0.4666666666666667,0.199265162953451,0.20168572469605348,0.30246656425221297,0.26979221977557954
E1,2022-04-06,Middlesbrough,Fulham,home,2021,8,5.166939773947098,4.812183283036258,-0.1402532350076527,0.47769028871391084,Middlesbrough,Fulham,37,2021-11-23,2022-04-02,0.2,-0.183169121244042,0.019472601647603404,0.5333333333333333,0.8734099617091687,1.0363735380889605,-1.0565790829532107,-1.016900936441357,37,2021-11-24,2022-04-02,0.8,0.3483436447500584,0.5154753264961991,0.4,-0.558548481835678,-0.3994293286459814,0.9068921265857364,0.9149046551421804
E1,2022-04-06,Nott'm Forest,Coventry,away,2021,2,4.668847925052846,4.438060853559825,-0.21956597423697344,0.48031496062992135,Coventry,Nott'm Forest,37,2021-11-27,2022-04-02,0.8,1.0253992185789333,0.9371183094041932,0.4666666666666667,0.4639690586815279,0.686268637270146,0.5614301598974054,0.2508496721340472,37,2021-11-20,2022-04-02,0.4,0.4765563198933223,0.5240386029200124,0.5333333333333333,0.01920283524211393,-3.650276028874799e-05,0.4573534846512084,0.5240751056803011
E1,2022-04-06,Nott'm Forest,Coventry,home,2021,7,4.953432776099031,5.262457774212575,0.21956597423697344,0.48031496062992135,Nott'm Forest,Coventry,37,2021-11-20,2022-04-02,0.6,1.672647691969532,1.62891925343891,0.4666666666666667,0.358843350452043,0.3732231183135722,1.313804341517489,1.255696135125338,37,2021-11-27,2022-04-02,0.2,0.9159030434192802,0.7263491617197186,0.5333333333333333,-0.32754086169708774,-0.5589535533747845,1.243443905116368,1.2853027150945031
E1,2022-04-06,West Brom,Bournemouth,away,2021,5,5.236526108165256,4.952146601633996,-0.02248957550071773,0.4581151832460733,Bournemouth,West Brom,35,2021-11-21,2022-04-02,0.8,0.9350278280089593,0.485241588302479,0.4,-0.31584294703300153,-0.47693645683251057,1.2508707750419608,0.9621780451349895,38,2021-11-26,2022-04-03,0.6,1.3596685025401087,0.9861103888767946,0.5333333333333333,-0.8545447634108695,-0.8717098169406597,2.214213265950978,1.8578202058174544
E1,2022-04-06,West Brom,Bournemouth,home,2021,6,5.505471130494227,5.196061912707364,0.02248957550071773,0.4581151832460733,West Brom,Bournemouth,38,2021-11-26,2022-04-03,0.4,0.10541217208546368,0.26892368938385436,0.4666666666666667,-1.029550487269436,-0.886191466317636,1.1349626593548998,1.1551151557014903,35,2021-11-21,2022-04-02,0.2,0.17901837237725876,0.5505292132702816,0.6,0.2656960706380002,0.4902847882656295,-0.08667769826074145,0.0602444250046521
E1,2022-04-09,Blackburn,Blackpool,away,2021,6,2.9773659121871803,3.500534787320396,-0.3511857213417645,0.4363636363636364,Blackpool,Blackburn,29,2021-11-27,2022-04-05,0.6,0.20876684325396377,-0.0027604045960302414,0.5333333333333333,-0.7275909776615631,-0.9301555813955531,0.9363578209155269,0.9273951767995229,40,2021-12-04,2022-04-02,0.4,-1.9918018495424292,-2.142648793407789,0.5333333333333333,-0.9943648411716708,-1.0264001035506594,-0.9974370083707584,-1.1162486898571298
E1,2022-04-09,Blackburn,Blackpool,home,2021,7,5.29403723955277,5.636946657520371,0.3511857213417645,0.4363636363636364,Blackburn,Blackpool,40,2021-12-04,2022-04-02,0.6,1.5206575533840048,1.4933331987637297,0.4666666666666667,2.068089133570852,1.775575207431489,-0.547431580186847,-0.2822420086677593,29,2021-11-27,2022-04-05,0.4,-1.4960136549073602,-1.640766876657107,0.4666666666666667,-0.48780309849692494,-0.5631118360572974,-1.008210556410435,-1.0776550405998098
E1,2022-04-09,Bristol City,Peterboro,away,2021,4,4.933644936324231,4.430712133113127,-0.30589457283822385,0.5483028720626633,Peterboro,Bristol City,30,2021-12-04,2022-04-05,0.8,-0.7562616472169839,-0.7386776701910776,0.4,0.39411691520642145,0.2408407426614009,-1.1503785624234053,-0.9795184128524784,39,2021-12-04,2022-04-02,0.6,1.5331651530385964,1.6325097820226855,0.4666666666666667,0.30000727207624495,0.5237388096677464,1.2331578809623513,1.108770972354939
E1,2022-04-09,Bristol City,Peterboro,home,2021,11,4.562793486621243,5.209026954721172,0.30589457283822385,0.5483028720626633,Bristol City,Peterboro,39,2021-12-04,2022-04-02,0.4,-0.9961044235718152,-1.0598532280009447,0.5333333333333333,0.3288056159234305,0.17499409067975516,-1.3249100394952458,-1.2348473186806999,30,2021-12-04,2022-04-05,0.2,-0.46726788666223273,-0.7115454765485894,0.6,0.12549640930650038,0.012414168436391352,-0.5927642959687331,-0.7239596449849807
E1,2022-04-09,Middlesbrough,Hull,away,2021,1,4.594936233214655,4.108581749030157,-0.45319134745781553,0.49081364829396334,Hull,Middlesbrough,39,2021-12-04,2022-04-01,0.6,0.6646657436793684,0.7246863583681034,0.4666666666666667,-0.8795948770964185,-0.569899321599885,1.5442606207757867,1.2945856799679882,38,2021-11-27,2022-04-06,0.8,0.7419358925483148,0.6753476686055903,0.4666666666666667,0.03373897076117839,0.06101902226275756,0.7081969217871364,0.6143286463428327
E1,2022-04-09,Middlesbrough,Hull,home,2021,7,6.259803404175482,6.256583888927179,0.45319134745781553,0.49081364829396334,Middlesbrough,Hull,38,2021-11-27,2022-04-06,0.2,0.8600364932819249,1.0673661063946025,0.5333333333333333,0.3832411738672505,0.550274243023606,0.4767953194146744,0.5170918633709966,39,2021-12-04,2022-04-01,0.4,2.2474154789752907,1.822649687574445,0.5333333333333333,0.24229244538154043,-0.1269680116580139,2.00512303359375,1.9496176992324588
E1,2022-04-09,Millwall,Barnsley,away,2021,7,3.9298309706757624,3.9498319283911085,-0.3554376819175824,0.41071428571428575,Barnsley,Millwall,38,2021-11-27,2022-04-02,0.8,-0.09133154240568234,-0.3114552391399875,0.4,-1.7088073303981257,-1.5877298457519469,1.6174757879924433,1.2762746066119592,39,2021-12-04,2022-04-05,0.4,-0.29789066751066884,-0.2760979366950398,0.5333333333333333,1.1706437157852758,0.9719548458916646,-1.4685343832959448,-1.2480527825867043
E1,2022-04-09,Millwall,Barnsley,home,2021,7,6.065949535882673,5.992221288790413,0.3554376819175824,0.41071428571428575,Millwall,Barnsley,39,2021-12-04,2022-04-05,0.6,1.9410373099864628,1.8359154347583087,0.4666666666666667,-1.253004638671923,-1.198036245384823,3.194041948658386,3.0339516801431317,38,2021-11-27,2022-04-02,0.2,0.626972720893326,0.7495250731337922,0.6,1.3291933397596878,1.0419408254864597,-0.7022206188663618,-0.2924157523526675
E1,2022-04-09,Nott'm Forest,Birmingham,away,2021,4,3.6452966208138298,3.723395861743739,-0.4420329719082181,0.4671916010498688,Birmingham,Nott'm Forest,39,2021-12-04,2022-04-03,0.6,0.4637154335379356,0.3366197636388743,0.4666666666666667,0.05493324437603467,-0.06923065217783284,0.4087821891619009,0.4058504158167071,38,2021-11-23,2022-04-06,0.4,-0.3027308777431066,-0.18751969302130717,0.4666666666666667,0.04522273564618272,0.03722274455605043,-0.3479536133892893,-0.2247424375773576
E1,2022-04-09,Nott'm Forest,Birmingham,home,2021,9,5.7989111949804855,6.029474101556428,0.4420329719082181,0.4671916010498688,Nott'm Forest,Birmingham,38,2021-11-23,2022-04-06,0.6,1.0893549241462281,0.9721047834504633,0.5333333333333333,0.7773013065279748,0.7852769854503033,0.31205361761825334,0.18682779800015992,39,2021-12-04,2022-04-03,0.4,0.005203374467358124,-0.1994838265547628,0.5333333333333333,0.3191860838906798,0.1615061476706881,-0.3139827094233217,-0.36098997422545087
E1,2022-04-09,Preston,QPR,away,2021,5,4.722062750875258,4.536162063435107,-0.16332549199609847,0.44010416666666663,QPR,Preston,40,2021-12-05,2022-04-05,0.4,-0.8959257587049088,-0.8266211365952805,0.6,-0.0032830194592010048,-0.009029430945743459,-0.8926427392457078,-0.817591705649537,39,2021-12-04,2022-04-05,0.6,0.30057087770551877,0.1430620580339504,0.5333333333333333,-0.6397643069732094,-0.5579098029245091,0.9403351846787282,0.7009718609584594
E1,2022-04-09,Preston,QPR,home,2021,7,5.001552411941786,5.196409326394468,0.16332549199609847,0.44010416666666663,Preston,QPR,39,2021-12-04,2022-04-05,0.4,-1.6480287481926645,-1.6896473671174768,0.4666666666666667,0.5203325266370771,0.3401498295246369,-2.1683612748297416,-2.0297971966421136,40,2021-12-05,2022-04-05,0.6,-1.089537494431672,-0.9827975067634217,0.4,-0.41124430874642204,-0.21058643210823208,-0.67829318568525,-0.7722110746551896
E1,2022-04-09,Reading,Cardiff,away,2021,5,4.374362883229952,4.480675526256909,-0.09229340540283121,0.41538461538461535,Cardiff,Reading,37,2021-11-27,2022-04-02,0.8,0.8642818500246341,0.5653040432467558,0.4666666666666667,-0.6339344260301191,-0.698748279804569,1.498216276054753,1.2640523230513248,39,2021-12-04,2022-04-05,0.6,-2.2776024559756736,-2.459301561509304,0.4666666666666667,0.8143214601931505,0.6504771329185527,-3.091923916168824,-3.1097786944278565
E1,2022-04-09,Reading,Cardiff,home,2021,5,4.806795654891335,4.9987338515789785,0.09229340540283121,0.41538461538461535,Reading,Cardiff,39,2021-12-04,2022-04-05,0.4,1.2212712556380514,1.1912376095434964,0.5333333333333333,-0.3001607822225427,-0.3196731736280021,1.521432037860594,1.5109107831714985,37,2021-11-27,2022-04-02,0.2,0.8536005318679264,0.90648238135115,0.5333333333333333,0.1039480134562897,0.04496426015482425,0.7496525184116367,0.8615181211963258
E1,2022-04-09,Sheffield United,Bournemouth,away,2021,4,4.7870269559310525,4.67709892647042,-0.08140367629505851,0.46858638743455505,Bournemouth,Sheffield United,36,2021-11-24,2022-04-06,0.6,1.5096945349727418,1.2171171882605774,0.4666666666666667,-0.45719638596945367,-0.6270676033019451,1.9668909209421954,1.8441847915625225,39,2021-12-04,2022-04-05,0.6,0.19553308339724412,0.13254901915192932,0.5333333333333333,-0.328859786372068,-0.4090507103784523,0.5243928697693121,0.5415997295303816
E1,2022-04-09,Sheffield United,Bournemouth,home,2021,7,5.456169023196983,5.267886840649028,0.08140367629505851,0.46858638743455505,Sheffield United,Bournemouth,39,2021-12-04,2022-04-05,0.4,0.9358230984199583,0.8031466396159008,0.4666666666666667,0.2546318361088609,0.1278756267516502,0.6811912623110974,0.6752710128642506,36,2021-11-24,2022-04-06,0.4,-0.33087310536879233,0.031661002755135746,0.5333333333333333,0.540421671771005,0.7914120562106216,-0.8712947771397973,-0.7597510534554859
E1,2022-04-09,Swansea,Derby,away,2021,4,4.753617195440088,4.515190205083685,-0.18851997749015192,0.41538461538461535,Derby,Swansea,39,2021-12-04,2022-04-02,0.6,0.5388539012845179,0.49090128531014193,0.4666666666666667,0.48478556907167086,0.4606266225707919,0.05406833221284707,0.030274662739350033,39,2021-11-27,2022-04-05,0.8,2.2845647799770696,2.0832935866537134,0.4666666666666667,0.22713353290550303,0.1546622334832365,2.0574312470715665,1.928631353170477
E1,2022-04-09,Swansea,Derby,home,2021,3,4.339729158787212,4.919097125356984,0.18851997749015192,0.41538461538461535,Swansea,Derby,39,2021-11-27,2022-04-05,0.2,-0.9940923828059415,-1.2524625558900275,0.5333333333333333,-1.323227704873362,-1.4025318792363533,0.3291353220674206,0.15006932334632572,39,2021-12-04,2022-04-02,0.4,2.3247186550142707,2.018392383111798,0.5333333333333333,-0.695296096768246,-1.0086592382581157,3.020014751782517,3.0270516213699135
E1,2022-04-09,West Brom,Stoke,away,2021,4,5.115384379262363,4.539739430220147,-0.27789404795178907,0.4226804123711341,Stoke,West Brom,40,2021-12-05,2022-04-05,0.4,-0.7217056618026605,-0.6181703345104614,0.5333333333333333,-0.1500117934696918,-0.14558570980655663,-0.5716938683329686,-0.47258462470390483,39,2021-12-04,2022-04-06,0.4,1.0469855984439824,0.8097661501824748,0.6,-0.9122133923774173,-0.9945304403333733,1.9591989908213998,1.8042965905158481
E1,2022-04-09,West Brom,Stoke,home,2021,6,6.429641385336764,6.00617471999953,0.27789404795178907,0.4226804123711341,West Brom,Stoke,39,2021-12-04,2022-04-06,0.6,0.6070567424159103,0.8679045245205594,0.4,-1.195057859529759,-1.0776628588635273,1.8021146019456693,1.9455673833840867,40,2021-12-05,2022-04-05,0.6,1.183583604305415,0.9897709434119004,0.4666666666666667,0.1803325201911729,0.2619466702447475,1.0032510841142421,0.7278242731671529
E1,2022-04-10,Fulham,Coventry,away,2021,10,4.548547345079495,4.043595459423289,-0.4914461068064503,0.5509138381201044,Coventry,Fulham,38,2021-12-04,2022-04-06,0.6,1.2648077601460823,1.160913221769591,0.5333333333333333,0.1300561322466091,0.3445064400540004,1.1347516278994731,0.8164067817155907,38,2021-11-27,2022-04-06,1.0,0.7206857423479186,0.911575082713967,0.4,-0.5602270761839679,-0.40839931345101643,1.2809128185318865,1.3199743961649835
E1,2022-04-10,Fulham,Coventry,home,2021,6,6.086980488933773,6.2514122118908215,0.4914461068064503,0.5509138381201044,Fulham,Coventry,38,2021-11-27,2022-04-06,0.0,-0.1021850158452482,-0.20960941816288264,0.6,1.324864552776732,1.1245912473104271,-1.4270495686219802,-1.3342006654733098,38,2021-12-04,2022-04-06,0.4,1.692000570131959,1.5041510033233623,0.4666666666666667,-0.38526730453387,-0.6110033858506152,2.077267874665829,2.1151543891739775
E1,2022-04-11,Huddersfield,Luton,away,2021,3,4.112325014997186,4.354519741845807,-0.0969579928498468,0.43376623376623374,Luton,Huddersfield,39,2021-12-04,2022-04-05,0.6,-0.35719081383106277,-0.449153613706588,0.4666666666666667,-0.23871497466032238,-0.29235683808932716,-0.1184758391707404,-0.15679677561726085,39,2021-12-04,2022-04-01,0.6,0.07691426828304238,0.20239752256156301,0.5333333333333333,0.29477909343571973,0.07991225032969371,-0.21786482515267735,0.12248527223186931
E1,2022-04-11,Huddersfield,Luton,home,2021,6,5.069348580008502,5.124162467066494,0.0969579928498468,0.43376623376623374,Huddersfield,Luton,39,2021-12-04,2022-04-01,0.4,0.5799807381369483,0.3295640364848441,0.4666666666666667,0.24025260139385315,0.07913996737071678,0.3397281367430951,0.25042406911412735,39,2021-12-04,2022-04-05,0.4,-0.4350870288893175,-0.3058764362205501,0.5333333333333333,-0.44877731161311074,-0.24857480285308278,0.013690282723793246,-0.057301633367467325
E1,2022-04-15,Birmingham,Coventry,away,2021,7,5.346926132064175,5.215931283729203,0.11984880647927881,0.4750656167979003,Coventry,Birmingham,39,2021-12-11,2022-04-10,0.4,2.2799759993035673,2.296715187571541,0.5333333333333333,0.18069533782509062,0.3993545250937735,2.0992806614784767,1.8973606624777672,40,2021-12-11,2022-04-09,0.4,0.7544479042461644,0.5739971773908465,0.5333333333333333,-0.05723331183320983,-0.25800928780009763,0.8116812160793742,0.8320064651909442
E1,2022-04-15,Birmingham,Coventry,home,2021,8,4.186425333872861,4.413880525671126,-0.11984880647927881,0.4750656167979003,Birmingham,Coventry,40,2021-12-11,2022-04-09,0.6,0.5764666053248217,0.3557084979015116,0.4666666666666667,-0.09090372294005528,-0.14272009670687627,0.6673703282648771,0.49842859460838784,39,2021-12-11,2022-04-10,0.6,1.0990150561122736,0.9623599170348591,0.4666666666666667,0.0040357980607876875,-0.24705961385847117,1.0949792580514859,1.2094195308933302
E1,2022-04-15,Bournemouth,Middlesbrough,away,2021,4,5.884028773917276,4.9118644362936905,-0.2204734731927941,0.46858638743455505,Middlesbrough,Bournemouth,39,2021-12-04,2022-04-09,0.4,1.4698169918972015,1.5597622165206666,0.5333333333333333,0.5087630021568668,0.699903524980499,0.9610539897403347,0.8598586915401676,37,2021-11-27,2022-04-09,0.6,0.14197529308589285,0.4184438262542381,0.4666666666666667,0.4058294764103451,0.6866664920711762,-0.26385418332445226,-0.26822266581693816
E1,2022-04-15,Bournemouth,Middlesbrough,home,2021,3,5.0919520978336505,5.3281114155667035,0.2204734731927941,0.46858638743455505,Bournemouth,Middlesbrough,37,2021-11-27,2022-04-09,0.4,0.9339456278889612,0.804563772265974,0.5333333333333333,-0.1503855394507695,-0.34134978885602146,1.0843311673397307,1.1459135611219955,39,2021-12-04,2022-04-09,0.6,0.10034297341499539,0.14042507420700795,0.4666666666666667,-0.028484762657067987,0.012443013484551813,0.12882773607206338,0.12798206072245613
E1,2022-04-15,Derby,Fulham,away,2021,8,5.285294395995725,5.680908924302485,0.42133023137229897,0.4921052631578948,Fulham,Derby,39,2021-12-03,2022-04-10,0.2,-0.0038489438414330834,-0.12149079550260033,0.6,1.3871314513983752,1.182670727397663,-1.3909803952398083,-1.3041615229002634,40,2021-12-11,2022-04-09,0.6,2.0611381972767027,1.6785291778238622,0.4666666666666667,-0.6184549926728208,-0.9130967866340775,2.6795931899495233,2.59162596445794
E1,2022-04-15,Derby,Fulham,home,2021,3,4.439189062132768,4.137280669494914,-0.42133023137229897,0.4921052631578948,Derby,Fulham,40,2021-12-11,2022-04-09,0.4,0.585970637137583,0.6278102555572419,0.5333333333333333,0.5868720270300948,0.514731994104613,-0.0009013898925117614,0.11307826145262889,39,2021-12-03,2022-04-10,0.8,2.214973083848132,2.5124584870029327,0.4,-0.6508155737383685,-0.5184593353833981,2.8657886575865006,3.0309178223863307
E1,2022-04-15,Huddersfield,QPR,away,2021,4,4.06599778288649,4.157363515601496,-0.23472730776642903,0.46335078534031415,QPR,Huddersfield,41,2021-12-27,2022-04-09,0.4,-0.6899159284131793,-0.6239731217904856,0.5333333333333333,-0.8321898229420639,-0.8304900877995423,0.14227389452888461,0.20651696600905667,40,2021-12-11,2022-04-11,0.6,-0.20922504880872345,-0.12048495486343622,0.4666666666666667,0.6076518726245596,0.4077499627746923,-0.8168769214332829,-0.5282349176381285
E1,2022-04-15,Huddersfield,QPR,home,2021,7,5.296392757935348,5.444373279389324,0.23472730776642903,0.46335078534031415,Huddersfield,QPR,40,2021-12-11,2022-04-11,0.4,1.1858812487471888,0.9375176139936101,0.5333333333333333,-0.021983784729187848,-0.16409361565694494,1.2078650334763767,1.1016112296505551,41,2021-12-27,2022-04-09,0.6,-0.30966222696405515,-0.30456290152083954,0.4666666666666667,-0.44356265138209783,-0.2550523274111685,0.13390042441804267,-0.049510574109671024
E1,2022-04-15,Hull,Cardiff,away,2021,4,4.1505830897455205,4.42829455272531,-0.054550613030702244,0.40816326530612246,Cardiff,Hull,38,2021-12-04,2022-04-09,0.6,1.3145069486605157,1.0991737738860718,0.5333333333333333,-0.46553023145737116,-0.6034351237497224,1.780037180117887,1.7026088976357943,40,2021-12-11,2022-04-09,0.6,2.7981935945694865,2.409526127467187,0.4666666666666667,0.1284844946799528,-0.2237253190787385,2.6697090998895336,2.6332514465459256
E1,2022-04-15,Hull,Cardiff,home,2021,4,5.6593086409628715,5.310262605567197,0.054550613030702244,0.40816326530612246,Hull,Cardiff,40,2021-12-11,2022-04-09,0.4,-0.3196991854266377,-0.08294490980544866,0.5333333333333333,-0.8467174161118546,-0.5849600674217531,0.5270182306852169,0.5020151576163044,38,2021-12-04,2022-04-09,0.4,0.5650589485472542,0.5610811536142049,0.4666666666666667,0.21263579047189438,0.14624701885866714,0.35242315807535984,0.4148341347555377
E1,2022-04-15,Luton,Nott'm Forest,away,2021,1,5.247638788742419,5.070074401958503,0.05281272013686217,0.44908616187989553,Nott'm Forest,Luton,39,2021-11-26,2022-04-09,0.8,0.10971259379518727,-0.02434119687455425,0.4666666666666667,1.3604365535689396,1.3320679489187919,-1.2507239597737523,-1.356409145793346,40,2021-12-11,2022-04-11,0.6,-0.09853436442423699,-0.02082850214203269,0.4666666666666667,-0.36293243460301866,-0.15614306313062318,0.2643980701787817,0.1353145609885905
E1,2022-04-15,Luton,Nott'm Forest,home,2021,6,5.721270620466872,5.166540814711891,-0.05281272013686217,0.44908616187989553,Luton,Nott'm Forest,40,2021-12-11,2022-04-11,0.4,-0.19947006697452602,-0.4025410915542736,0.5333333333333333,-0.15841235911764928,-0.20093363324196076,-0.041057707856876735,-0.20160745831231283,39,2021-11-26,2022-04-09,0.2,-0.1726400133213601,-0.14720413102121457,0.5333333333333333,-0.17389090763400858,-0.13056922813801242,0.0012508943126484928,-0.016634902883202157
E1,2022-04-15,Peterboro,Blackburn,away,2021,6,4.976323186782748,5.379138850204265,0.32771644392794896,0.4842105263157894,Blackburn,Peterboro,41,2021-12-11,2022-04-09,0.6,0.9810716347678875,0.8704772089309479,0.4666666666666667,2.5395469140477958,2.27365991929337,-1.5584752792799081,-1.4031827103624224,31,2021-12-11,2022-04-09,0.4,1.2878480521112803,0.9140183311784084,0.5333333333333333,-0.0035924517601326755,-0.09895071224454188,1.291440503871413,1.0129690434229501
E1,2022-04-15,Peterboro,Blackburn,home,2021,7,3.7928515548572945,3.970744992384573,-0.32771644392794896,0.4842105263157894,Peterboro,Blackburn,31,2021-12-11,2022-04-09,0.6,-0.6452632162104379,-0.5358208871518931,0.4666666666666667,0.34261827325991523,0.2027108599746662,-0.9878814894703531,-0.7385317471265593,41,2021-12-11,2022-04-09,0.4,-1.0395014282565729,-1.2333954486270162,0.5333333333333333,-0.8807099728114967,-0.9323016476460992,-0.15879145544507622,-0.301093800980917
E1,2022-04-15,Preston,Millwall,away,2021,6,4.330085103411083,4.452404337669031,-0.09847860122142149,0.3894472361809045,Millwall,Preston,40,2021-12-11,2022-04-09,0.6,1.4612653467509464,1.3833501322678725,0.4666666666666667,-1.3708877594511848,-1.3397193911925263,2.8321531062021315,2.7230695234603988,40,2021-12-11,2022-04-09,0.6,0.7191706664103605,0.5232440517416206,0.4666666666666667,-0.582903463024751,-0.45411877930376093,1.3020741294351117,0.9773628310453815
E1,2022-04-15,Preston,Millwall,home,2021,10,5.431671526185302,5.284488910236852,0.09847860122142149,0.3894472361809045,Preston,Millwall,40,2021-12-11,2022-04-09,0.4,-0.7039398381981437,-0.8024614733614163,0.5333333333333333,0.5684454654440559,0.3952124664991633,-1.2723853036421997,-1.1976739398605796,40,2021-12-11,2022-04-09,0.4,0.117790526894518,0.12621830195471323,0.5333333333333333,1.1048611176056236,0.9556271621237579,-0.9870705907111056,-0.8294088601690446
E1,2022-04-15,Sheffield United,Reading,away,2021,2,4.090817406727467,3.9218307886057784,-0.4379501639746223,0.5065616797900262,Reading,Sheffield United,40,2021-12-11,2022-04-09,0.6,1.1865874841410544,1.1303569563250773,0.4666666666666667,-0.25528092060812313,-0.24998811418845962,1.4418684047491777,1.380345070513537,40,2021-12-20,2022-04-09,0.4,-0.03699459961558223,-0.0583497084555475,0.5333333333333333,-0.3613132431195775,-0.4313920810641458,0.3243186435039953,0.3730423726085983
E1,2022-04-15,Sheffield United,Reading,home,2021,6,5.900862313680098,6.0684123935558745,0.4379501639746223,0.5065616797900262,Sheffield United,Reading,40,2021-12-20,2022-04-09,0.6,0.668999877547631,0.6580606275757566,0.4666666666666667,0.5801825541314954,0.4297753577741804,0.08881732341613557,0.22828526980157615,40,2021-12-11,2022-04-09,0.4,-1.366545638844009,-1.5298485780599296,0.5333333333333333,0.4967632290974711,0.29824871807392556,-1.86330886794148,-1.828097296133855
E1,2022-04-15,Stoke,Bristol City,away,2021,0,4.028931466520663,4.01359232466036,-0.33856707694593735,0.49473684210526314,Bristol City,Stoke,40,2021-12-11,2022-04-09,0.4,0.4003636478788396,0.2777172053117155,0.5333333333333333,0.3707595884338459,0.22541667414598218,0.029604059444993724,0.05230053116573333,41,2021-12-11,2022-04-09,0.6,1.3953827455094545,1.2775352090738044,0.4666666666666667,-0.6976759625598937,-0.6192202473323826,2.093058708069348,1.8967554564061868
E1,2022-04-15,Stoke,Bristol City,home,2021,6,6.039099367884491,5.950337448466298,0.33856707694593735,0.49473684210526314,Stoke,Bristol City,41,2021-12-11,2022-04-09,0.4,-0.4771079015573715,-0.25874902188325866,0.5333333333333333,-0.21149309818596346,-0.24000251449274515,-0.265614803371408,-0.018746507390513506,40,2021-12-11,2022-04-09,0.6,1.3882466617234024,1.510135262011445,0.4666666666666667,0.4541036230318124,0.6699038827523849,0.93414303869159,0.8402313792590601
E1,2022-04-15,Swansea,Barnsley,away,2021,8,4.679132479896,4.254956699164713,-0.3631601504833563,0.48293963254593175,Barnsley,Swansea,39,2021-12-04,2022-04-09,0.6,0.9971415958140476,0.8026207396733133,0.4666666666666667,-1.6954773885913756,-1.6229999298949171,2.6926189844054234,2.4256206695682305,40,2021-12-04,2022-04-09,0.6,1.6268003133739648,1.5499877704590914,0.5333333333333333,0.4439700107931459,0.3574715325298052,1.182830302580819,1.1925162379292862
E1,2022-04-15,Swansea,Barnsley,home,2021,6,4.679144315044231,5.358330995209446,0.3631601504833563,0.48293963254593175,Swansea,Barnsley,40,2021-12-04,2022-04-09,0.4,-0.9755136224272901,-1.3366916558008568,0.4666666666666667,-1.26762038421198,-1.3304792118946207,0.29210676178468986,-0.006212443906236098,39,2021-12-04,2022-04-09,0.4,0.3220571481151593,0.40579511364519794,0.5333333333333333,1.3541134340720258,1.1277539289823446,-1.0320562859568665,-0.7219588153371467
E1,2022-04-15,West Brom,Blackpool,away,2021,3,3.670795385114863,3.8242895509311112,-0.3631674251268734,0.44155844155844154,Blackpool,West Brom,30,2021-12-04,2022-04-09,0.6,1.0878166325186571,0.8545971824644379,0.5333333333333333,-0.605728083734315,-0.8294953428713739,1.6935447162529722,1.6840925253358119,40,2021-12-11,2022-04-09,0.4,0.17080888099885402,0.09341059395791537,0.5333333333333333,-0.6689150035435892,-0.7553727793378878,0.8397238845424433,0.8487833732958032
E1,2022-04-15,West Brom,Blackpool,home,2021,7,6.030560607828912,5.9907087957112415,0.3631674251268734,0.44155844155844154,West Brom,Blackpool,40,2021-12-11,2022-04-09,0.6,0.5749070992867372,0.8531861368440217,0.4666666666666667,-1.0155441069921383,-0.873060820282619,1.5904512062788756,1.7262469571266408,30,2021-12-04,2022-04-09,0.4,-0.4815635688744278,-0.6608553857549067,0.4666666666666667,-0.5043239669927011,-0.5813158408449698,0.022760398118273295,-0.07953954490993687
E1,2022-04-18,Barnsley,Peterboro,away,2021,3,4.636155136175353,4.428385493486908,-0.21654395842356006,0.48684210526315796,Peterboro,Barnsley,32,2021-12-18,2022-04-15,0.6,0.1886576837057122,0.31249995710265077,0.4666666666666667,0.02670184798758619,-0.11432977037201235,0.16195583571812602,0.42682972747466313,40,2021-12-11,2022-04-15,0.6,0.8170169363973162,0.7877739957436607,0.5333333333333333,1.1548709063892972,0.944234009215254,-0.33785396999198103,-0.15646001347159333
E1,2022-04-18,Barnsley,Peterboro,home,2021,9,4.607148984277121,5.092798869821141,0.21654395842356006,0.48684210526315796,Barnsley,Peterboro,40,2021-12-11,2022-04-15,0.4,1.5348745187837685,1.461749335517126,0.4666666666666667,-1.3616825204162855,-1.282528372360783,2.896557039200054,2.744277707877909,32,2021-12-18,2022-04-15,0.4,1.602514504861459,1.2320549439251938,0.5333333333333333,0.09093289015732638,-0.02885060452996715,1.5115816147041328,1.260905548455161
E1,2022-04-18,Blackburn,Stoke,away,2021,3,4.363474910198895,4.312927022320699,-0.2157676348547718,0.44155844155844154,Stoke,Blackburn,42,2021-12-30,2022-04-15,0.6,-1.1555513596129106,-0.9241594335722727,0.4666666666666667,0.00854737706049556,-0.01154344825683212,-1.1640987366734061,-0.9126159853154406,42,2021-12-18,2022-04-15,0.6,-0.21539530571921145,-0.43738567415022594,0.4666666666666667,-0.940047529790796,-0.9610446188559673,0.7246522240715845,0.5236589447057414
E1,2022-04-18,Blackburn,Stoke,home,2021,1,5.792210624669293,5.630718095058818,0.2157676348547718,0.44155844155844154,Blackburn,Stoke,42,2021-12-18,2022-04-15,0.4,1.0062156318921684,0.7937178978832273,0.5333333333333333,2.523212239489359,2.2682676538711175,-1.5169966075971906,-1.4745497559878902,42,2021-12-30,2022-04-15,0.4,-0.2360742576645401,-0.32430406817084095,0.5333333333333333,-0.36015855578981687,-0.3037814304595437,0.12408429812527677,-0.020522637711297254
E1,2022-04-18,Blackpool,Birmingham,away,2021,7,4.176807809136267,4.287472583106897,-0.1714450367382222,0.4516971279373368,Birmingham,Blackpool,41,2021-12-18,2022-04-15,0.6,1.2304241603795023,1.0670000707885317,0.4666666666666667,-0.16048239938805267,-0.25801656961522745,1.390906559767555,1.325016640403759,31,2021-12-11,2022-04-15,0.6,-0.001151098304116438,-0.1594068197365873,0.4666666666666667,-0.3928009655434014,-0.4839172542106339,0.39164986723928497,0.3245104344740466
E1,2022-04-18,Blackpool,Birmingham,home,2021,9,5.299425837641684,5.3432812195399375,0.1714450367382222,0.4516971279373368,Blackpool,Birmingham,31,2021-12-11,2022-04-15,0.4,0.44661652798059803,0.2594714971003304,0.5333333333333333,-0.30072873739693395,-0.557014202259014,0.747345265377532,0.8164856993593443,41,2021-12-18,2022-04-15,0.4,0.7584653728130497,0.6019066168562407,0.5333333333333333,-0.003084102507813391,-0.1874980114566434,0.7615494753208631,0.7894046283128842
E1,2022-04-18,Bristol City,Sheffield United,away,2021,7,6.089652893881796,5.813723040601492,0.2908144217179124,0.5078947368421052,Sheffield United,Bristol City,41,2022-01-15,2022-04-15,0.8,0.6498012899638118,0.6529844734098009,0.4666666666666667,0.7541223152729262,0.5734812248628375,-0.10432102530911436,0.07950324854696345,41,2021-12-18,2022-04-15,0.6,1.2008354226273346,1.319136231311318,0.4666666666666667,0.8747732766363351,1.06483171224284,0.3260621459909995,0.25430451906847806
E1,2022-04-18,Bristol City,Sheffield United,home,2021,2,3.7000182680019416,3.971464259595884,-0.2908144217179124,0.5078947368421052,Bristol City,Sheffield United,41,2021-12-18,2022-04-15,0.4,-0.22274621191647262,-0.3348424866666517,0.5333333333333333,0.2187494571059073,0.0925851675261,-0.4414956690223799,-0.4274276541927517,41,2022-01-15,2022-04-15,0.2,0.00251008812645761,0.037669681358534476,0.5333333333333333,-0.6012971428885704,-0.6736948596414929,0.603807231015028,0.7113645410000273
E1,2022-04-18,Cardiff,Luton,away,2021,4,4.17207115541378,4.5482182952544585,0.026909824628489787,0.4215938303341903,Luton,Cardiff,41,2022-01-15,2022-04-15,0.4,0.07997700229777767,0.007449865334738526,0.5333333333333333,-0.019348339550250948,-0.1053296671182677,0.09932534184802862,0.11277953245300623,39,2021-12-11,2022-04-15,0.4,-0.16263839663571442,-0.17195372216985394,0.5333333333333333,0.47826857541368356,0.4413046534679575,-0.640906972049398,-0.6132583756378114
E1,2022-04-18,Cardiff,Luton,home,2021,9,5.1451667781348505,4.9694776976635024,-0.026909824628489787,0.4215938303341903,Cardiff,Luton,39,2021-12-11,2022-04-15,0.6,1.7280014997327953,1.4757279835270463,0.4666666666666667,-0.6708948418208808,-0.7983405152685592,2.398896341553676,2.2740684987956055,41,2022-01-15,2022-04-15,0.6,-0.586133716466884,-0.5144666287621835,0.4666666666666667,-0.4066566198103215,-0.1722514887543936,-0.17947709665656247,-0.3422151400077899
E1,2022-04-18,Coventry,Bournemouth,away,2021,3,4.540634677036245,4.770358351143659,0.061778531001183135,0.48818897637795283,Bournemouth,Coventry,38,2021-12-03,2022-04-15,0.4,0.5873568987781066,0.5524012360924454,0.5333333333333333,-0.10978451846201545,-0.32112173816307005,0.697141417240122,0.8735229742555155,40,2021-12-29,2022-04-15,0.8,1.7089914249426414,1.4783098430598132,0.4,0.010879175434175567,-0.20531986688032225,1.698112249508466,1.6836297099401354
E1,2022-04-18,Coventry,Bournemouth,home,2021,10,5.074139565743528,4.8877740299001315,-0.061778531001183135,0.48818897637795283,Coventry,Bournemouth,40,2021-12-29,2022-04-15,0.2,1.2682136724902926,1.4068876652378164,0.6,0.3555891653015432,0.5400336259456318,0.9126245071887493,0.8668540392921846,38,2021-12-03,2022-04-15,0.6,-0.7959022393782658,-0.40361608654791353,0.4666666666666667,0.5166665180615672,0.7952689977286228,-1.3125687574398328,-1.1988850842765364
E1,2022-04-18,Middlesbrough,Huddersfield,away,2021,4,3.935653868418905,4.013418778167977,-0.3043991462043142,0.46073298429319376,Huddersfield,Middlesbrough,41,2021-12-18,2022-04-15,0.6,0.8735028555674628,0.6402352879352154,0.4666666666666667,0.1516466850433987,0.01335736510110707,0.721856170524064,0.6268779228341084,40,2021-12-11,2022-04-15,0.6,-0.9846295022107168,-0.9793182536386865,0.5333333333333333,0.1390024829383053,0.17927217425837708,-1.123631985149022,-1.1585904278970636
E1,2022-04-18,Middlesbrough,Huddersfield,home,2021,11,6.1855480007767625,5.95199869752727,0.3043991462043142,0.46073298429319376,Middlesbrough,Huddersfield,40,2021-12-11,2022-04-15,0.4,0.8946586256540856,1.1696719535899032,0.4666666666666667,0.6359729971789442,0.8147196803162969,0.2586856284751414,0.35495227327360623,41,2021-12-18,2022-04-15,0.4,-0.1686459714478417,-0.16544110166036727,0.5333333333333333,0.3171604553214724,0.1373764563228,-0.4858064267693141,-0.30281755798316723
E1,2022-04-18,Millwall,Hull,away,2021,7,4.25368071807829,4.141699908457276,-0.3134038497137234,0.40816326530612246,Hull,Millwall,41,2021-12-18,2022-04-15,0.6,-0.9781582186394916,-0.6739017347076532,0.4666666666666667,-0.3770457826736287,-0.14737465033733213,-0.6011124359658628,-0.5265270843703211,41,2021-12-29,2022-04-15,0.6,1.1636353158359551,1.2985990581804587,0.4666666666666667,0.8090487312363318,0.6429836332631936,0.35458658459962333,0.6556154249172651
E1,2022-04-18,Millwall,Hull,home,2021,5,5.9834248206326,5.881565487045788,0.3134038497137234,0.40816326530612246,Millwall,Hull,41,2021-12-29,2022-04-15,0.4,1.507895987433362,1.3581675929630337,0.5333333333333333,-1.1439346079530268,-1.093430598625061,2.6518305953863885,2.4515981915880944,41,2021-12-18,2022-04-15,0.4,2.6593195984496356,2.3179348949433707,0.5333333333333333,0.07361896724520355,-0.2911931273878008,2.585700631204432,2.6091280223311717
E1,2022-04-18,Nott'm Forest,West Brom,away,2021,0,4.3019154857242885,4.308182501439368,-0.19862210277806647,0.4543080939947781,West Brom,Nott'm Forest,41,2021-12-17,2022-04-15,0.6,0.19083976984663878,0.3935174883811802,0.4666666666666667,-0.7820352922528261,-0.6151376235933061,0.9728750620994648,1.0086551119744864,40,2021-12-04,2022-04-15,0.4,-0.19021877793346417,-0.04164617686621623,0.4666666666666667,-0.1807104675783245,-0.15559825382363668,-0.00950831035513966,0.11395207695742045
E1,2022-04-18,Nott'm Forest,West Brom,home,2021,8,4.225898604504574,4.876709830526916,0.19862210277806647,0.4543080939947781,Nott'm Forest,West Brom,40,2021-12-04,2022-04-15,0.6,0.04611422982435851,-0.012767988565498812,0.5333333333333333,0.9523322325221488,0.8720796565033189,-0.9062180026977903,-0.8848476450688176,41,2021-12-17,2022-04-15,0.4,-0.5180407112514724,-0.6109332187611594,0.5333333333333333,-0.2884253967601906,-0.39230776071428164,-0.22961531449128186,-0.21862545804687772
E1,2022-04-18,QPR,Derby,away,2021,5,4.425041066537754,4.449239025345077,-0.13262320028093177,0.44791666666666663,Derby,QPR,41,2021-12-27,2022-04-15,0.6,0.46221502780511126,0.44071431328716687,0.4666666666666667,0.40983534100914715,0.41420775651034647,0.05237968679596411,0.0265065567768204,42,2021-12-30,2022-04-15,0.6,-0.022495184023272507,-0.06269328112593238,0.5333333333333333,-0.3431895901959872,-0.16230309604599788,0.3206944061727147,0.0996098149200655
E1,2022-04-18,QPR,Derby,home,2021,6,5.142033736077487,5.211832062910651,0.13262320028093177,0.44791666666666663,QPR,Derby,42,2021-12-30,2022-04-15,0.4,-0.3202576126025118,-0.24017785378189097,0.4666666666666667,-0.8467918869120479,-0.8904057708742222,0.526534274309536,0.6502279170923313,41,2021-12-27,2022-04-15,0.4,2.1857358021799875,1.865213762262846,0.5333333333333333,-0.3321017389893251,-0.6605583862133366,2.5178375411693126,2.5257721484761824
E1,2022-04-18,Reading,Swansea,away,2021,3,4.771201933110109,4.702231577650236,-0.058698534933137314,0.4789473684210527,Swansea,Reading,41,2021-12-11,2022-04-15,0.6,-0.6014113953294078,-1.0144934720551073,0.4666666666666667,-1.3589708540051768,-1.4463118602941265,0.757559458675769,0.4318183882390192,41,2022-01-03,2022-04-15,0.4,-1.274916411124153,-1.3300713098312922,0.5333333333333333,0.5136864110600529,0.26450970267643686,-1.788602822184206,-1.594581012507729
E1,2022-04-18,Reading,Swansea,home,2021,5,4.16313366298799,4.645472024169021,0.058698534933137314,0.4789473684210527,Reading,Swansea,41,2022-01-03,2022-04-15,0.6,0.2073522251148577,0.10630377306050827,0.4666666666666667,0.12733577365972532,0.14647727877200026,0.08001645145513239,-0.04017350571149199,41,2021-12-11,2022-04-15,0.4,2.4834650282823736,2.541466273357608,0.5333333333333333,0.44089873169946664,0.3222252817311085,2.042566296582907,2.2192409916264992
E1,2022-04-19,Fulham,Preston,away,2021,5,4.22559076417907,3.876267619705682,-0.5243637902756468,0.5236842105263159,Preston,Fulham,41,2022-01-03,2022-04-15,0.6,0.7000040245632728,0.6487334483027647,0.4666666666666667,0.33505831913335293,0.18766248511899164,0.3649457054299199,0.46107096318377305,40,2021-12-11,2022-04-15,0.8,1.8006946903704992,2.1951222887807056,0.4666666666666667,-0.5017278151538946,-0.401516154157119,2.302422505524394,2.5966384429378246
E1,2022-04-19,Fulham,Preston,home,2021,6,6.232171849172533,6.379259247858301,0.5243637902756468,0.5236842105263159,Fulham,Preston,40,2021-12-11,2022-04-15,0.2,0.769880828250425,0.5959725007772546,0.5333333333333333,0.9312758191501899,0.7356142949697272,-0.16139499089976483,-0.13964179419247258,41,2022-01-03,2022-04-15,0.4,0.9324442173002574,0.7886969410790104,0.5333333333333333,-0.37896921250027804,-0.3322908444628871,1.3114134298005355,1.1209877855418975
E1,2022-04-22,Huddersfield,Barnsley,away,2021,7,4.290282399629672,4.016892650305701,-0.42789408417827707,0.5,Barnsley,Huddersfield,41,2021-12-17,2022-04-18,0.4,1.943303321268801,1.8332332396273692,0.5333333333333333,-1.041270945814594,-1.038737077921001,2.984574267083395,2.87197031754837,42,2021-12-26,2022-04-18,0.4,0.506892089761438,0.509457487063146,0.5333333333333333,0.3441680098366915,0.21555915559935485,0.16272407992474647,0.29389833146379113
E1,2022-04-22,Huddersfield,Barnsley,home,2021,2,5.541373685976818,5.885211947684262,0.42789408417827707,0.5,Huddersfield,Barnsley,42,2021-12-26,2022-04-18,0.6,1.0185511760621793,0.8668300705747359,0.4666666666666667,0.11114225721022827,-0.07137154958490527,0.907408918851951,0.9382016201596413,41,2021-12-17,2022-04-18,0.6,0.8814118732608156,0.844348870044793,0.4666666666666667,0.9543678280452298,0.7919642714060948,-0.07295595478441419,0.052384598638698154
E1,2022-04-23,Birmingham,Millwall,away,2021,6,4.10520688505644,4.681028924432479,0.146467939641103,0.43410852713178294,Millwall,Birmingham,42,2022-01-02,2022-04-18,0.6,1.2594706767300976,1.2135461459841455,0.5333333333333333,-1.0695884440508128,-1.0319583701513468,2.3290591207809106,2.245504516135492,42,2022-01-02,2022-04-18,0.6,1.1728557653126033,1.0030064554752416,0.4666666666666667,-0.09687924131399418,-0.25606294279536257,1.2697350066265976,1.2590693982706043
E1,2022-04-23,Birmingham,Millwall,home,2021,4,5.298762777092503,4.856713642989419,-0.146467939641103,0.43410852713178294,Birmingham,Millwall,42,2022-01-02,2022-04-18,0.4,1.6303286406008652,1.4711694004581677,0.5333333333333333,-0.13448441682595333,-0.21835130369690378,1.7648130574268186,1.6895207041550715,42,2022-01-02,2022-04-18,0.4,2.070465492245713,2.1614851873690646,0.4666666666666667,0.6600617065782184,0.5147928289320718,1.4104037856674947,1.6466923584369928
E1,2022-04-23,Bournemouth,Fulham,away,2021,3,5.551791981416336,4.967205553625494,-0.09801031687546058,0.5249343832020998,Fulham,Bournemouth,41,2021-12-20,2022-04-19,0.4,0.16875594318856457,-0.019365251327258193,0.5333333333333333,1.1930912742539506,1.0061267547807575,-1.024335331065386,-1.0254920061080157,39,2021-12-11,2022-04-18,0.6,0.7316413130433934,1.1585586762532785,0.4666666666666667,-0.0430500522797387,0.2528510694203981,0.7746913653231321,0.9057076068328804
E1,2022-04-23,Bournemouth,Fulham,home,2021,4,4.827780009397524,5.016918152424532,0.09801031687546058,0.5249343832020998,Bournemouth,Fulham,39,2021-12-11,2022-04-18,0.4,0.2406193265097926,0.18337886400951664,0.5333333333333333,0.010026592059120532,-0.2291550110931403,0.23059273445067205,0.41253387510265693,41,2021-12-20,2022-04-19,0.6,1.3776213296603694,1.7583418755189757,0.4666666666666667,-0.09544499517316485,-0.004303518316098209,1.4730663248335343,1.762645393835074
E1,2022-04-23,Derby,Bristol City,away,2021,5,4.119086755438582,4.244029869099667,-0.18499077301619854,0.47769028871391084,Bristol City,Derby,42,2021-12-30,2022-04-18,0.6,-0.1711239014182908,-0.38688336558731473,0.4666666666666667,0.019430910709813797,-0.054883348120527246,-0.1905548121281046,-0.3320000174667875,42,2021-12-30,2022-04-18,0.4,1.5909573119976503,1.3320121005258616,0.6,0.0375966745813623,-0.3160564963907767,1.553360637416288,1.6480685969166382
E1,2022-04-23,Derby,Bristol City,home,2021,2,5.755260565937171,5.563266441774952,0.18499077301619854,0.47769028871391084,Derby,Bristol City,42,2021-12-30,2022-04-18,0.6,1.2074208758583198,1.1657642551594027,0.4,0.3077571088398598,0.3353693707343676,0.89966376701846,0.8303948844250351,42,2021-12-30,2022-04-18,0.4,0.9127634431914322,1.1464353012654909,0.5333333333333333,1.0350423470825114,1.1931810842897093,-0.1222789038910792,-0.04674578302421839
E1,2022-04-23,Hull,Reading,away,2021,5,4.339984548109761,4.56352586965675,-0.01969487047299906,0.45052083333333337,Reading,Hull,42,2022-01-11,2022-04-18,0.6,0.5589636741133825,0.43840359823347735,0.4666666666666667,0.1428482122293129,0.17638474472707058,0.41611546188406967,0.26201885350640675,42,2022-01-01,2022-04-18,0.4,1.1202575339226752,0.8949805319463291,0.5333333333333333,0.5214469391512199,0.14952460772079548,0.5988105947714554,0.7454559242255336
E1,2022-04-23,Hull,Reading,home,2021,5,4.8326060723673,4.902515383033478,0.01969487047299906,0.45052083333333337,Hull,Reading,42,2022-01-01,2022-04-18,0.6,-0.5816329266502098,-0.3035156852399291,0.4666666666666667,-0.3552593121129918,-0.12565883826424254,-0.22637361453721805,-0.17785684697568657,42,2022-01-11,2022-04-18,0.4,-1.3673238151794,-1.4347549362529326,0.5333333333333333,0.08280328966541971,-0.17265839439206765,-1.4501271048448197,-1.262096541860865
E1,2022-04-23,Luton,Blackpool,away,2021,3,3.5811732718492055,3.8910677558313393,-0.2692870182312627,0.46335078534031415,Blackpool,Luton,32,2021-12-18,2022-04-18,0.4,1.6443995295397946,1.4712008007275805,0.6,-0.30637937870847254,-0.5569821945835254,1.9507789082482672,2.0281829953111057,42,2022-01-19,2022-04-18,0.6,0.005936348737652963,0.07032784053798284,0.5333333333333333,-0.4048172497943404,-0.16289966316710303,0.4107535985319934,0.23322750370508588
E1,2022-04-23,Luton,Blackpool,home,2021,0,5.453731158323954,5.572405233180289,0.2692870182312627,0.46335078534031415,Luton,Blackpool,42,2022-01-19,2022-04-18,0.4,-0.13225534271327904,-0.18751256712142456,0.4666666666666667,0.11892128004846488,-0.01453482595084535,-0.2511766227617439,-0.1729777411705792,32,2021-12-18,2022-04-18,0.6,0.5244612150208307,0.3917049881872526,0.4,-0.5021348755837218,-0.5738568694436711,1.0265960906045524,0.9655618576309237
E1,2022-04-23,Peterboro,Nott'm Forest,away,2021,5,5.271624030216563,5.61692068128947,0.38738442525836025,0.5235602094240838,Nott'm Forest,Peterboro,41,2021-12-11,2022-04-18,0.6,0.7473801034512959,0.54263432160189,0.5333333333333333,0.9969863853121519,0.9395897499552058,-0.24960628186085598,-0.3969554283533159,33,2022-01-15,2022-04-18,0.4,2.898007985986592,2.462306985252147,0.5333333333333333,-0.1329720352575478,-0.23780835095055508,3.03098002124414,2.700115336202702
E1,2022-04-23,Peterboro,Nott'm Forest,home,2021,6,4.611394591706554,4.250178201526939,-0.38738442525836025,0.5235602094240838,Peterboro,Nott'm Forest,33,2022-01-15,2022-04-18,0.6,0.2888695284814348,0.40331272990612543,0.4666666666666667,-0.3022392983400516,-0.4214856739545283,0.5911088268214864,0.8247984038606537,41,2021-12-11,2022-04-18,0.4,-0.6677440026903563,-0.488014706025196,0.4666666666666667,-0.2605859275636884,-0.23581772366606582,-0.40715807512666785,-0.25219698235913013
E1,2022-04-23,Sheffield United,Cardiff,away,2021,4,3.7046095234674814,3.7480981604076886,-0.4436450839328537,0.47244094488188976,Cardiff,Sheffield United,40,2021-12-30,2022-04-18,0.6,2.3782587156779385,2.237766200865542,0.5333333333333333,-0.6853749246929486,-0.822775259145092,3.0636336403708873,3.060541460010634,42,2022-01-18,2022-04-18,0.4,-0.7630833610089789,-0.8017850278425069,0.4666666666666667,-0.25282629860999495,-0.3039127775073213,-0.5102570623989839,-0.4978722503351856
E1,2022-04-23,Sheffield United,Cardiff,home,2021,5,6.7078355501705955,6.431207108266876,0.4436450839328537,0.47244094488188976,Sheffield United,Cardiff,42,2022-01-18,2022-04-18,0.6,0.7194539761683545,0.7693508817220633,0.5333333333333333,1.1007461114313695,0.9443529089510271,-0.381292135263015,-0.17500202722896374,40,2021-12-30,2022-04-18,0.4,0.29322554028000647,0.22649532249080567,0.4666666666666667,0.20901138357594473,0.15466650532950432,0.08421415670406174,0.07182881716130135
E1,2022-04-23,Stoke,QPR,away,2021,7,4.0262962749770725,4.172564453840857,-0.20819471195937667,0.46981627296587924,QPR,Stoke,43,2022-01-02,2022-04-18,0.4,0.26825891816254793,0.36626754892715974,0.5333333333333333,-1.2202359257159967,-1.294457536396009,1.4884948438785446,1.6607250853231688,43,2022-01-03,2022-04-18,0.6,-1.246256729175143,-1.218756036752335,0.5333333333333333,-0.3836221233444422,-0.37238883803920575,-0.8626346058307008,-0.8463671987131292
E1,2022-04-23,Stoke,QPR,home,2021,9,5.321006945669249,5.412209091954498,0.20819471195937667,0.46981627296587924,Stoke,QPR,43,2022-01-03,2022-04-18,0.4,-1.0706800216272736,-0.8955187271563514,0.4666666666666667,-0.11074858988153911,-0.07352896515524894,-0.9599314317457345,-0.8219897620011024,43,2022-01-02,2022-04-18,0.6,0.5199394746799699,0.4239487853059085,0.4666666666666667,-0.517533036281805,-0.31140590269259316,1.0374725109617748,0.7353546879985017
E1,2022-04-23,Swansea,Middlesbrough,away,2021,2,6.103072062687483,5.532897994773527,0.12264342343467133,0.4659685863874345,Middlesbrough,Swansea,41,2021-12-18,2022-04-18,0.6,1.5318245855266235,1.8490282966114375,0.4666666666666667,0.8068416473164368,0.9738661989092816,0.7249829382101867,0.8751620977021559,42,2022-01-15,2022-04-18,0.6,2.333682434479661,2.267897349712327,0.5333333333333333,0.7287256810318685,0.6072029985561083,1.6049567534477927,1.6606943511562189
E1,2022-04-23,Swansea,Middlesbrough,home,2021,8,3.9441208807116284,4.296075064943093,-0.12264342343467133,0.4659685863874345,Swansea,Middlesbrough,42,2022-01-15,2022-04-18,0.4,-0.18698137412918497,-0.5000448926899047,0.4666666666666667,-1.4095404051839717,-1.5165862727000747,1.2225590310547867,1.0165413800101701,41,2021-12-18,2022-04-18,0.4,-1.1364942338458817,-1.1203381629812665,0.5333333333333333,0.1904130826756788,0.22872898439870018,-1.3269073165215604,-1.3490671473799667
E1,2022-04-23,West Brom,Coventry,away,2021,3,5.514551691020179,4.888463163695205,-0.14138901616809585,0.47244094488188976,Coventry,West Brom,41,2022-01-15,2022-04-18,0.4,1.225408237058557,1.4158899334163029,0.5333333333333333,0.6684500880795786,0.8467325005216926,0.5569581489789784,0.5691574328946103,42,2021-12-27,2022-04-18,0.4,0.26515783675093035,0.17306759308861003,0.5333333333333333,-0.2612260248963196,-0.3930561490534126,0.5263838616472499,0.5661237421420227
E1,2022-04-23,West Brom,Coventry,home,2021,7,5.841269785295969,5.526861876156563,0.14138901616809585,0.47244094488188976,West Brom,Coventry,42,2021-12-27,2022-04-18,0.6,-0.42293891580472137,-0.3245869146358954,0.4666666666666667,-1.2226942856733496,-1.0107802087619109,0.7997553698686282,0.6861932941260155,41,2022-01-15,2022-04-18,0.6,0.802254301570825,0.6022406667980709,0.4666666666666667,0.26751528646566364,0.040715413747818466,0.5347390151051614,0.5615252530502524
E1,2022-04-25,Preston,Blackburn,away,2021,6,5.178578035428655,4.961355152503767,-0.0,0.44531250000000006,Blackburn,Preston,43,2021-12-29,2022-04-18,0.4,-0.7185982360085301,-0.8232609702833903,0.5333333333333333,2.576299535014755,2.3198998330930123,-3.294897771023285,-3.1431608033764027,42,2022-01-15,2022-04-19,0.4,1.1097110408314288,0.9561442113387406,0.5333333333333333,-0.3729019434443263,-0.32133808062695235,1.4826129842757552,1.277482291965693
E1,2022-04-25,Preston,Blackburn,home,2021,4,4.66244669234544,4.7974126206421195,0.0,0.44531250000000006,Preston,Blackburn,42,2022-01-15,2022-04-19,0.6,1.2168142774332957,1.193856678133178,0.4666666666666667,0.09651895809136685,-0.03580058566256857,1.120295319341929,1.2296572637957466,43,2021-12-29,2022-04-18,0.6,0.14212377360176925,-0.08507333167311462,0.4666666666666667,-1.1790322203327444,-1.1724573198210557,1.3211559939345137,1.087383988147941
E1,2022-04-26,Barnsley,Blackpool,away,2021,4,4.020158064734056,4.557047162407904,0.08770268670848624,0.47769028871391084,Blackpool,Barnsley,33,2021-12-26,2022-04-23,0.2,0.9284427474487422,0.6537659492955441,0.6,-0.19140250222275737,-0.4032622358184636,1.1198452496714997,1.0570281851140078,42,2021-12-29,2022-04-22,0.6,0.06072040104635405,-0.05358250305949852,0.5333333333333333,0.6333825501289045,0.4844620465169024,-0.5726621490825505,-0.5380445495764009
E1,2022-04-26,Barnsley,Blackpool,home,2021,6,4.010980001545268,4.373572008072706,-0.08770268670848624,0.47769028871391084,Barnsley,Blackpool,42,2021-12-29,2022-04-22,0.4,2.0596570458078185,1.9846928522843648,0.4666666666666667,-0.8627488858046007,-0.8379839211811259,2.922405931612419,2.8226767734654907,33,2021-12-26,2022-04-23,0.8,-0.3588413929605581,-0.5131536017015795,0.4,-0.7577429391355626,-0.8253903014416435,0.39890154617500445,0.31223669974006396
E1,2022-04-26,Fulham,Nott'm Forest,away,2021,5,4.646971628360422,4.36471593934103,-0.26820589378105897,0.5223097112860893,Nott'm Forest,Fulham,42,2021-12-18,2022-04-23,0.6,0.9004989210913855,0.6288726420912217,0.5333333333333333,1.109946839681715,1.0398684749273053,-0.2094479185903294,-0.41099583283608354,42,2022-01-11,2022-04-23,0.6,1.358390609052809,1.6227509631830652,0.5333333333333333,0.01671096392835105,0.11967355090463346,1.341679645124458,1.5030774122784318
E1,2022-04-26,Fulham,Nott'm Forest,home,2021,8,6.934630361487697,6.191163795903752,0.26820589378105897,0.5223097112860893,Fulham,Nott'm Forest,42,2022-01-11,2022-04-23,0.4,-0.27538023549514945,-0.2943816389625775,0.4666666666666667,1.0835893583142846,0.8844775843518967,-1.3589695938094342,-1.1788592233144741,42,2021-12-18,2022-04-23,0.4,-0.989745048752878,-0.7772716465963523,0.4666666666666667,0.1449753664386683,0.19194659564832509,-1.1347204151915464,-0.9692182422446773
E1,2022-04-26,Swansea,Bournemouth,away,2021,7,5.214527132333236,5.353155310663452,0.24309392265193366,0.49081364829396334,Bournemouth,Swansea,40,2021-12-18,2022-04-23,0.4,-1.0967839696727455,-1.1489266894478622,0.5333333333333333,0.40219694435043907,0.18179558300571733,-1.4989809140231847,-1.3307222724535797,43,2022-01-22,2022-04-23,0.4,0.8264574659120232,0.9469828068755086,0.5333333333333333,0.9910517422188112,0.8621076797373171,-0.16459427630678802,0.08487512713819156
E1,2022-04-26,Swansea,Bournemouth,home,2021,4,4.390055618815647,4.343340093935714,-0.24309392265193366,0.49081364829396334,Swansea,Bournemouth,43,2022-01-22,2022-04-23,0.6,0.6739574036735263,0.31814474334629866,0.4666666666666667,-1.5895498379202835,-1.6984619666573997,2.2635072415938096,2.0166067100036984,40,2021-12-18,2022-04-23,0.6,0.5056799050463299,0.9538414453648585,0.4666666666666667,-0.2140475114399667,0.11757366371696275,0.7197274164862966,0.8362677816478957
E1,2022-04-27,Middlesbrough,Cardiff,away,2021,4,3.7894785867772374,3.7960187799354044,-0.4344980861834795,0.4671916010498688,Cardiff,Middlesbrough,41,2022-01-02,2022-04-23,0.4,1.6116661011145805,1.4890257564714307,0.6,-0.1741705387321179,-0.34586428578899997,1.7858366398466985,1.8348900422604306,42,2021-12-26,2022-04-23,0.4,-0.5574651084272437,-0.5878618529687433,0.6,0.3016211474350591,0.3405946102535104,-0.8590862558623028,-0.9284564632222536
E1,2022-04-27,Middlesbrough,Cardiff,home,2021,9,6.860355833449167,6.477287469313981,0.4344980861834795,0.4671916010498688,Middlesbrough,Cardiff,42,2021-12-26,2022-04-23,0.6,0.48012159689917977,0.9068943398884153,0.4,0.8176705340888387,0.9456395027089021,-0.33754893718965895,-0.03874516282048679,41,2022-01-02,2022-04-23,0.6,-0.7189651542327533,-0.735089021158324,0.4,0.42120375177542324,0.377108125325503,-1.1401689060081766,-1.112197146483827
E1,2022-04-29,QPR,Sheffield United,away,2021,15,5.073759939901298,5.4626927263673695,0.35066459353012003,0.5052631578947367,Sheffield United,QPR,43,2022-01-22,2022-04-23,0.8,-0.1001450166233937,0.04413195800680754,0.5333333333333333,0.8529672929411695,0.6842320425065312,-0.9531123095645632,-0.6401000844997237,44,2022-01-15,2022-04-23,0.8,1.3219603031456733,1.2599316900047883,0.4,-0.25119185239862507,-0.0759096141568721,1.5731521555442982,1.3358413041616604
E1,2022-04-29,QPR,Sheffield United,home,2021,1,4.31273092160838,4.172613998019104,-0.35066459353012003,0.5052631578947367,QPR,Sheffield United,44,2022-01-15,2022-04-23,0.2,1.009324944439078,0.9995473763079842,0.6,-1.170110297121566,-1.2089105812405918,2.179435241560644,2.208457957548576,43,2022-01-22,2022-04-23,0.2,-0.6558913774232492,-0.648566631550348,0.4666666666666667,-0.23600324752219032,-0.29430979524281803,-0.4198881299010589,-0.35425683630752997
E1,2022-04-30,Barnsley,Preston,away,2021,10,5.039509630895332,5.1094950926272364,0.13789657756682488,0.47382198952879584,Preston,Barnsley,43,2022-01-18,2022-04-25,0.8,0.9679336910775029,0.9534373568063559,0.4,0.04137231716367484,-0.10138323289082342,0.9265613739138281,1.0548205896971794,43,2022-01-22,2022-04-26,0.6,-0.5885561475626261,-0.8442393775157864,0.4666666666666667,0.8960694088820119,0.8068049411344672,-1.484625556444638,-1.6510443186502535
E1,2022-04-30,Barnsley,Preston,home,2021,3,4.112544334592901,4.355801638984381,-0.13789657756682488,0.47382198952879584,Barnsley,Preston,43,2022-01-22,2022-04-26,0.4,3.0965250327952356,3.0623895688489258,0.5333333333333333,-0.8294775040318908,-0.8746758393548639,3.9260025368271263,3.9370654082037895,43,2022-01-18,2022-04-25,0.2,0.34161528102982314,0.2997644517268597,0.6,-0.26089400736092083,-0.22602331904893985,0.6025092883907439,0.5257877707757996
E1,2022-04-30,Blackburn,Bournemouth,away,2021,2,4.416544989174707,4.714024896745302,0.06278966414830806,0.4960629921259842,Bournemouth,Blackburn,41,2021-12-27,2022-04-26,0.4,-0.6923841745063417,-0.8291284312537535,0.5333333333333333,0.4202543690857902,0.22741520975197518,-1.112638543592132,-1.0565436410057287,44,2022-01-02,2022-04-25,0.6,0.19387261672880401,0.01663837420523482,0.5333333333333333,-0.9941522366599185,-1.0454102752706833,1.1880248533887225,1.062048649475918
E1,2022-04-30,Blackburn,Bournemouth,home,2021,6,5.12767697751932,4.908891535657211,-0.06278966414830806,0.4960629921259842,Blackburn,Bournemouth,44,2022-01-02,2022-04-25,0.4,-0.29248086052748634,-0.3797693116757369,0.4666666666666667,2.536627087691548,2.3372393506828724,-2.8291079482190344,-2.717008662358609,41,2021-12-27,2022-04-26,0.6,0.3287630073820459,0.7243858091191886,0.4666666666666667,-0.2472795587304957,0.06442472074665313,0.5760425661125416,0.6599610883725354
E1,2022-04-30,Blackpool,Derby,away,2021,1,4.520304993026246,4.303890168484591,-0.2744792693790674,0.48818897637795283,Derby,Blackpool,43,2022-01-03,2022-04-23,0.6,-0.1422414252936816,-0.06888653922859814,0.4666666666666667,0.46658348841450903,0.45132501530913244,-0.6088249137081907,-0.5202115545377306,34,2021-12-29,2022-04-26,0.8,0.40677663672256587,0.22777894448169905,0.4,-0.9720508483832833,-1.0299676445729573,1.378827485105849,1.2577465890546564
E1,2022-04-30,Blackpool,Derby,home,2021,5,5.082098787521912,5.410574566343951,0.2744792693790674,0.48818897637795283,Blackpool,Derby,34,2021-12-29,2022-04-26,0.2,1.0902163056946022,0.7767559047938624,0.6,0.02542333827472021,-0.19715152494259325,1.064792967419882,0.9739074297364556,43,2022-01-03,2022-04-23,0.4,0.7391624386269038,0.46976320086444084,0.5333333333333333,0.3801486550754763,0.056847665617989304,0.3590137835514275,0.4129155352464515
E1,2022-04-30,Bristol City,Hull,away,2021,4,5.736800771205248,4.989182873794696,-0.13132004646046636,0.5026315789473684,Hull,Bristol City,43,2022-01-16,2022-04-23,0.6,-0.7270507202921628,-0.5053287530137579,0.5333333333333333,-0.07056257218932581,0.13526846415348268,-0.656488148102837,-0.6405972171672406,43,2022-01-02,2022-04-23,0.6,0.40831574149749555,0.5773141101812984,0.5333333333333333,0.7183712637742491,0.8908892247747169,-0.31005552227675354,-0.31357511459341847
E1,2022-04-30,Bristol City,Hull,home,2021,1,4.548886772189029,4.936475957694797,0.13132004646046636,0.5026315789473684,Bristol City,Hull,43,2022-01-02,2022-04-23,0.4,0.03343701639731034,-0.07634656145209559,0.4666666666666667,-0.021891001006845438,-0.13160379025188806,0.05532801740415577,0.055257228799792474,43,2022-01-16,2022-04-23,0.4,1.0744425103724224,0.8969565846097078,0.4666666666666667,0.8172420787016748,0.44319203867316853,0.2572004316707477,0.4537645459365393
E1,2022-04-30,Cardiff,Birmingham,away,2021,2,4.2207173693462785,4.28379716460714,-0.18962104072398195,0.46335078534031415,Birmingham,Cardiff,43,2022-01-15,2022-04-23,0.6,1.0534202239772497,0.9553521530488076,0.4666666666666667,0.259649459992116,0.17144473213923592,0.7937707639851337,0.7839074209095717,42,2022-01-15,2022-04-27,0.8,-0.24127336697754984,-0.15314186599629825,0.3333333333333333,0.5559578078070283,0.4639882269670421,-0.7972311747845782,-0.6171300929633403
E1,2022-04-30,Cardiff,Birmingham,home,2021,7,5.655916893372105,5.528517292225901,0.18962104072398195,0.46335078534031415,Cardiff,Birmingham,42,2022-01-15,2022-04-27,0.2,0.9671598277289917,0.9154870566022371,0.6666666666666666,0.2713665534900254,0.05658987400326977,0.6957932742389663,0.8588971825989673,43,2022-01-15,2022-04-23,0.4,2.32048479612356,2.1216955654839955,0.5333333333333333,-0.25420198823633017,-0.432883379888697,2.57468678435989,2.5545789453726924
E1,2022-04-30,Coventry,Huddersfield,away,2021,3,3.738613562223747,4.2061910229384,-0.07286333202048051,0.4581151832460733,Huddersfield,Coventry,43,2021-12-30,2022-04-22,0.6,0.8526479044371806,0.6295172498191018,0.4666666666666667,-0.16135146389688818,-0.31730976637735203,1.013999368334069,0.9468270161964538,42,2022-01-22,2022-04-23,0.8,1.0782513877524242,0.9550058521850511,0.4,0.32285833656737384,0.1093899241896114,0.7553930511850504,0.8456159279954397
E1,2022-04-30,Coventry,Huddersfield,home,2021,10,6.076662150772014,5.509214688937228,0.07286333202048051,0.4581151832460733,Coventry,Huddersfield,42,2022-01-22,2022-04-23,0.2,1.3693974682079553,1.7052350419384694,0.6,0.28605568042387136,0.44552109479498797,1.0833417877840839,1.2597139471434815,43,2021-12-30,2022-04-22,0.4,1.0102249729744384,1.0911282551478088,0.5333333333333333,0.6291324530187478,0.5047865630865905,0.3810925199556906,0.5863416920612182
E1,2022-04-30,Middlesbrough,Stoke,away,2021,1,4.492915856703737,4.253930198420102,-0.3044767734307122,0.46073298429319376,Stoke,Middlesbrough,44,2022-01-16,2022-04-23,0.4,-0.2867675224818974,-0.0751225171735543,0.4666666666666667,-0.04615221913010341,-0.015755837500082966,-0.24061530335179399,-0.059366679673471326,43,2021-12-29,2022-04-27,0.4,-0.2712283333912152,-0.3084411575286669,0.6,-0.01813671425554366,0.0193311827506073,-0.2530916191356716,-0.3277723402792742
E1,2022-04-30,Middlesbrough,Stoke,home,2021,7,6.3767565650216955,6.032344074019653,0.3044767734307122,0.46073298429319376,Middlesbrough,Stoke,43,2021-12-29,2022-04-27,0.6,0.341438384998766,0.7738735026328705,0.4,1.0146589742183967,1.1397166302801383,-0.6732205892196307,-0.3658431276472678,44,2022-01-16,2022-04-23,0.6,-1.1295478669281867,-1.092246429582387,0.5333333333333333,-0.34217472156527307,-0.34273382354295573,-0.7873731453629136,-0.7495126060394313
E1,2022-04-30,Millwall,Peterboro,away,2021,12,3.7799951578327757,3.714745510658714,-0.5029328287606434,0.5223097112860893,Peterboro,Millwall,34,2022-01-22,2022-04-23,0.6,0.3344439117010878,0.5449684126018794,0.4666666666666667,-0.15476366767839822,-0.26399575097368516,0.489207579379486,0.8089641635755647,43,2022-01-15,2022-04-23,0.4,2.038007462797791,2.1267448179633193,0.4666666666666667,0.5584421350404317,0.4477817752413389,1.4795653277573595,1.6789630427219804
E1,2022-04-30,Millwall,Peterboro,home,2021,8,6.613016511419538,6.505828030699852,0.5029328287606434,0.5223097112860893,Millwall,Peterboro,43,2022-01-15,2022-04-23,0.6,1.6693152771177764,1.5352421839261559,0.5333333333333333,-0.9145464829100677,-0.905156163941598,2.583861760027844,2.440398347867754,34,2022-01-22,2022-04-23,0.4,2.6125946038533323,2.1033684912259356,0.5333333333333333,-0.22270372776546107,-0.33815572366741814,2.835298331618793,2.4415242148933536
E1,2022-04-30,Nott'm Forest,Swansea,away,2021,4,3.545450469149063,3.668801677556321,-0.45056292498049266,0.5184210526315789,Swansea,Nott'm Forest,44,2022-01-25,2022-04-26,0.8,0.37514961870623476,0.07618502858090537,0.4,-1.3201989555938465,-1.4300228552165628,1.6953485743000813,1.5062078837974682,43,2021-12-26,2022-04-26,0.6,-0.24290153603984824,0.07210776493486212,0.4666666666666667,-0.06207421280257129,-0.015966305462847222,-0.18082732323727696,0.08807407039770934
E1,2022-04-30,Nott'm Forest,Swansea,home,2021,12,5.684091682822274,5.992011813434723,0.45056292498049266,0.5184210526315789,Nott'm Forest,Swansea,43,2021-12-26,2022-04-26,0.4,0.5617911506391072,0.4084210090655308,0.5333333333333333,1.246753593047649,1.1808752698924352,-0.6849624424085418,-0.7724542608269044,44,2022-01-25,2022-04-26,0.2,0.21730349333104043,0.3396655532291204,0.6,0.9795234523455657,0.8556852025083982,-0.7622199590145253,-0.5160196492792778
E1,2022-04-30,Reading,West Brom,away,2021,5,5.11122858684359,5.031804675752646,0.06615055613299403,0.47769028871391084,West Brom,Reading,43,2022-01-02,2022-04-23,0.8,-0.42177167893603223,-0.2055979612028132,0.4666666666666667,-1.0315935177342364,-0.8380105115457671,0.6098218387982042,0.6324125503429538,43,2022-01-15,2022-04-23,0.4,-0.6947810423563896,-0.6628468946805255,0.6,-0.5028024751861467,-0.7612361592214855,-0.19197856717024286,0.09838926454095998
E1,2022-04-30,Reading,West Brom,home,2021,6,3.3329036081411108,4.057738867795441,-0.06615055613299403,0.47769028871391084,Reading,West Brom,43,2022-01-15,2022-04-23,0.6,0.045721828829261214,-0.1535490176725797,0.4,0.4840376988334984,0.5212916365576679,-0.43831587000423716,-0.6748406542302475,43,2022-01-02,2022-04-23,0.2,-0.15263123361344694,-0.016269715401474816,0.5333333333333333,-0.1816066592252397,-0.3297137272652929,0.028975425611792754,0.3134440118638181
E1,2022-05-02,Fulham,Luton,away,2021,3,4.11352506322959,3.905828445185415,-0.45968058932289,0.556135770234987,Luton,Fulham,43,2022-01-22,2022-04-23,0.4,-0.9957070484074915,-1.165391254565344,0.5333333333333333,0.12559697545504125,0.027947072728885126,-1.1213040238625327,-1.193338327294229,43,2022-01-15,2022-04-26,0.4,0.8623842381701442,1.1122444319221105,0.5333333333333333,0.3316894870486737,0.4506857432079111,0.5306947511214706,0.6615586887141994
E1,2022-05-02,Fulham,Luton,home,2021,5,6.887537192137212,6.537788931292976,0.45968058932289,0.556135770234987,Fulham,Luton,43,2022-01-15,2022-04-26,0.6,0.18182618459878713,0.3060100532838293,0.4666666666666667,0.6296274250977162,0.4671620417731274,-0.44780124049892905,-0.16115198848929813,43,2022-01-22,2022-04-23,0.6,-0.07941232823322127,-0.04998388779977887,0.4666666666666667,-0.5151140215375773,-0.28711994510351896,0.4357016933043561,0.2371360573037401
E1,2022-05-03,Bournemouth,Nott'm Forest,away,2021,3,4.896782670728302,4.661597540791404,-0.1256696663048426,0.45052083333333337,Nott'm Forest,Bournemouth,44,2021-12-30,2022-04-30,0.4,1.1847550530707496,1.0159134666898717,0.6,1.2217791491555057,1.1371883860948226,-0.0370240960847561,-0.12127491940495094,42,2021-12-30,2022-04-30,0.6,0.19446141651757856,0.596184870117552,0.4666666666666667,-0.031340266784290034,0.25840590533833596,0.2258016833018686,0.337778964779216
E1,2022-05-03,Bournemouth,Nott'm Forest,home,2021,4,5.762605509759784,5.468151921067769,0.1256696663048426,0.45052083333333337,Bournemouth,Nott'm Forest,42,2021-12-30,2022-04-30,0.4,-1.0182877811550726,-1.2365136253087299,0.5333333333333333,0.450307498052448,0.2519392714433751,-1.4685952792075205,-1.488452896752105,44,2021-12-30,2022-04-30,0.6,-0.22293230570689487,0.08302660177234573,0.4,-0.03030956246412885,-0.015970016472109508,-0.19262274324276601,0.09899661824445524
E1,2022-05-07,Birmingham,Blackburn,away,2021,1,4.860950173350355,4.89529139296038,0.04805682091097707,0.5721649484536083,Blackburn,Birmingham,45,2022-01-15,2022-04-30,0.6,-0.07376521279055712,-0.1034100581888863,0.4,2.1498538010148676,1.9920646587646071,-2.2236190138054246,-2.0954747169534933,44,2022-01-18,2022-04-30,0.6,2.358722611377022,2.24035343570321,0.4666666666666667,-0.2712861097688848,-0.4668987357378828,2.6300087211459067,2.707252171441093
E1,2022-05-07,Birmingham,Blackburn,home,2021,8,4.20509779494181,4.518859211303786,-0.04805682091097707,0.5721649484536083,Birmingham,Blackburn,44,2022-01-18,2022-04-30,0.4,0.6943980179476522,0.6869480443763358,0.5333333333333333,0.03249025589034386,-0.08406185740277942,0.6619077620573084,0.7710099017791152,45,2022-01-15,2022-04-30,0.4,0.3574631882472968,0.140871136117382,0.6,-1.145035208444619,-1.1980215520686373,1.5024983966919156,1.3388926881860193
E1,2022-05-07,Bournemouth,Millwall,away,2021,5,4.102416341454308,4.170133341599131,-0.23757123206916891,0.5404699738903395,Millwall,Bournemouth,44,2022-01-22,2022-04-30,0.6,0.9804634287195333,0.8973903862724875,0.5333333333333333,-0.6851857961991233,-0.7013561910091386,1.6656492249186567,1.598746577281626,43,2022-01-15,2022-05-03,0.6,0.1919106371553733,0.4462382492180092,0.4666666666666667,0.07903863095876815,0.4081523121706576,0.11287200619660515,0.03808593704735158
E1,2022-05-07,Bournemouth,Millwall,home,2021,6,5.925473933642738,5.72465583252814,0.23757123206916891,0.5404699738903395,Bournemouth,Millwall,43,2022-01-15,2022-05-03,0.4,-0.9524184635402992,-1.064521726408943,0.5333333333333333,0.299495198236803,0.0940591564030088,-1.2519136617771023,-1.158580882811952,44,2022-01-22,2022-04-30,0.4,3.4612117700270737,3.610504019853326,0.4666666666666667,0.4548533231787591,0.3353050015023623,3.0063584468483144,3.2751990183509636
E1,2022-05-07,Derby,Cardiff,away,2021,1,4.182322181175808,4.36226741842861,-0.11575875486381326,0.5196850393700787,Cardiff,Derby,43,2022-01-22,2022-04-30,0.4,1.1108490257005612,1.1059187034084386,0.6,0.13920585856511825,-0.06417499258038858,0.971643167135443,1.170093695988827,44,2022-01-15,2022-04-30,0.6,0.6063514332358165,0.3067114903972524,0.4666666666666667,0.49587090347267304,0.2007988073081168,0.11048052976314349,0.10591268308913557
E1,2022-05-07,Derby,Cardiff,home,2021,7,5.289908760964712,5.250562198399471,0.11575875486381326,0.5196850393700787,Derby,Cardiff,44,2022-01-15,2022-04-30,0.4,-1.7786825766148056,-1.5937733020366438,0.5333333333333333,0.43377141211409226,0.38078072431380605,-2.212453988728898,-1.9745540263504497,43,2022-01-22,2022-04-30,0.6,-0.7240577098685386,-0.6101545286019305,0.4,0.6934746517702778,0.6219591517904846,-1.4175323616388162,-1.232113680392415
E1,2022-05-07,Huddersfield,Bristol City,away,2021,2,3.8697517645576553,4.056290420332683,-0.24426345163836521,0.5532467532467532,Bristol City,Huddersfield,44,2022-01-15,2022-04-30,0.6,-0.3919433497542917,-0.674917873154376,0.4,-0.14254472664984044,-0.21598868415746753,-0.24939862310445124,-0.4589291889969085,44,2022-01-02,2022-04-30,0.4,2.053836930187575,2.2020021411564996,0.5333333333333333,0.3274399708277047,0.24466683721096008,1.7263969593598703,1.9573353039455395
E1,2022-05-07,Huddersfield,Bristol City,home,2021,7,5.796225300990361,5.680815275377806,0.24426345163836521,0.5532467532467532,Huddersfield,Bristol City,44,2022-01-02,2022-04-30,0.6,-0.3162764909126641,-0.5346714990492913,0.4666666666666667,0.24477939016057923,0.06707484113036725,-0.5610558810732433,-0.6017463401796586,44,2022-01-15,2022-04-30,0.4,-1.1108917070465874,-0.7494443875501131,0.6,1.2743243154823278,1.413299346251459,-2.3852160225289154,-2.1627437338015723
E1,2022-05-07,Hull,Nott'm Forest,away,2021,4,4.888888269781256,5.295385666807384,0.30140083558613906,0.5091863517060368,Nott'm Forest,Hull,45,2022-01-15,2022-05-03,0.4,1.654926276673573,1.4976088389232916,0.5333333333333333,0.723225543504148,0.6766359746873375,0.931700733169425,0.8209728642359541,44,2022-01-19,2022-04-30,0.6,-0.6565365269704786,-0.8132891512099647,0.4666666666666667,1.1404511831860586,0.7405211701385711,-1.7969877101565372,-1.5538103213485357
E1,2022-05-07,Hull,Nott'm Forest,home,2021,6,5.257534362268703,4.62013491533886,-0.30140083558613906,0.5091863517060368,Hull,Nott'm Forest,44,2022-01-19,2022-04-30,0.4,-0.8154664871656729,-0.4904485039765607,0.5333333333333333,-0.24058712055814582,-0.056969173179152545,-0.5748793666075271,-0.43347933079740814,45,2022-01-15,2022-05-03,0.6,-0.6311992835654773,-0.3772956194988299,0.4666666666666667,0.05400268926051532,0.11632835529457936,-0.6852019728259926,-0.49362397479340925
E1,2022-05-07,Luton,Reading,away,2021,4,4.258002849075108,3.9147558117472725,-0.5026395076352588,0.5584415584415584,Reading,Luton,44,2022-01-19,2022-04-30,0.6,0.4532730238284671,0.16253971963880617,0.4666666666666667,0.43035330090703483,0.45197350897991095,0.022919722921432295,-0.28943378934110475,44,2022-01-25,2022-05-02,0.6,-0.3861729221744379,-0.31851425076256296,0.4666666666666667,-0.6570041520915417,-0.43950895971564957,0.27083122991710384,0.12099470895308662
E1,2022-05-07,Luton,Reading,home,2021,1,5.092153903759096,5.7991281170306435,0.5026395076352588,0.5584415584415584,Luton,Reading,44,2022-01-25,2022-05-02,0.4,-1.5145846024862766,-1.509502506035572,0.5333333333333333,0.4222526970340365,0.2868553344276054,-1.9368372995203131,-1.7963578404631775,44,2022-01-19,2022-04-30,0.4,-0.19805235784620975,-0.23712791124982874,0.5333333333333333,-0.5888966134474489,-0.8113137222378016,0.39084425560123914,0.5741858109879729
E1,2022-05-07,Peterboro,Blackpool,away,2021,4,3.8626627437965344,4.571362205809365,0.15669229911958094,0.6035353535353536,Blackpool,Peterboro,35,2022-01-01,2022-04-30,0.4,0.46926973062765587,0.19474794898915143,0.5333333333333333,0.18439583874579255,-0.06610831616905725,0.2848738918818633,0.2608562651582087,35,2022-01-25,2022-04-30,0.6,2.5938187601365574,2.23925732265282,0.4666666666666667,-0.33414413803282866,-0.4952905749673494,2.927962898169386,2.7345478976201694
E1,2022-05-07,Peterboro,Blackpool,home,2021,4,4.283622809260501,4.409612205112855,-0.15669229911958094,0.6035353535353536,Peterboro,Blackpool,35,2022-01-25,2022-04-30,0.4,2.0491917246207585,2.2410467337659474,0.5333333333333333,0.00942179865928967,-0.10305741670317904,2.039769925961469,2.3441041504691267,35,2022-01-01,2022-04-30,0.6,-0.6384769139721295,-0.705609757711145,0.4666666666666667,-0.7606374258186831,-0.852461856072977,0.12216051184655363,0.146852098361832
E1,2022-05-07,Preston,Middlesbrough,away,2021,0,6.062943362763089,5.951368315441302,0.37521322190846157,0.5404699738903395,Middlesbrough,Preston,44,2022-01-15,2022-04-30,0.6,0.3180477528295233,0.8187214656143758,0.4666666666666667,1.1616879858081492,1.2759132700196651,-0.8436402329786259,-0.4571918044052894,44,2022-01-22,2022-04-30,0.4,0.2849115853039141,0.26300351190988247,0.6,-0.7232851771678875,-0.7106031488406954,1.0081967624718016,0.9736066607505779
E1,2022-05-07,Preston,Middlesbrough,home,2021,7,4.679659461536803,4.293383424591034,-0.37521322190846157,0.5404699738903395,Preston,Middlesbrough,44,2022-01-22,2022-04-30,0.6,2.327845794890614,2.347185286078729,0.4,-0.04837134565283747,-0.19604989043436116,2.3762171405434516,2.54323517651309,44,2022-01-15,2022-04-30,0.4,-0.25082425808903164,-0.33751084740665593,0.5333333333333333,-0.3003355685196362,-0.2234954059231741,0.04951131043060458,-0.11401544148348183
E1,2022-05-07,Sheffield United,Fulham,away,2021,7,4.832084476301636,4.537738952280965,-0.19590540063536882,0.5170603674540682,Fulham,Sheffield United,44,2022-01-18,2022-05-02,0.6,-0.17828515604190062,0.04873470940339839,0.4666666666666667,0.687494335494408,0.5215615277261971,-0.8657794915363086,-0.4728268183227987,44,2022-01-29,2022-04-29,0.4,-1.5190406151472646,-1.498221226619775,0.4666666666666667,0.028795978046629204,-0.018006122533277373,-1.5478365931938938,-1.4802151040864977
E1,2022-05-07,Sheffield United,Fulham,home,2021,2,5.2803945521507485,5.3741478576491435,0.19590540063536882,0.5170603674540682,Sheffield United,Fulham,44,2022-01-29,2022-04-29,0.6,2.154344055833846,2.191215578111872,0.5333333333333333,0.6449124237367806,0.46497811386682475,1.5094316320970655,1.726237464245047,44,2022-01-18,2022-05-02,0.4,-0.45061130545987477,-0.26020216523031464,0.5333333333333333,0.657587717349464,0.8046476108561808,-1.1081990228093388,-1.0648497760864954
E1,2022-05-07,Stoke,Coventry,away,2021,7,5.099544139520505,4.835462096921033,-0.06310220081936624,0.5710594315245477,Coventry,Stoke,43,2022-01-25,2022-04-30,0.4,2.6878346230641217,3.0910042748629882,0.5333333333333333,-0.4022959492274069,-0.2357690156336048,3.0901305722915287,3.326773290496593,45,2022-01-22,2022-04-30,0.6,-1.1307672633050978,-0.9710787335158434,0.5333333333333333,-0.38392844635405593,-0.43994468990037006,-0.7468388169510418,-0.5311340436154733
E1,2022-05-07,Stoke,Coventry,home,2021,4,5.016700835918558,5.049125539232208,0.06310220081936624,0.5710594315245477,Stoke,Coventry,45,2022-01-22,2022-04-30,0.4,-0.466376291943747,-0.2938286382763488,0.4666666666666667,-0.23633514290705052,-0.17010352698866005,-0.2300411490366965,-0.12372511128768876,43,2022-01-25,2022-04-30,0.6,0.5212152305274811,0.3662592024398862,0.4666666666666667,0.5911361249900687,0.37937288274621356,-0.06992089446258765,-0.013113680306327369
E1,2022-05-07,Swansea,QPR,away,2021,5,4.7740619408078615,4.521996491188826,-0.1897880821877656,0.6045340050377834,QPR,Swansea,45,2022-01-22,2022-04-29,0.4,0.1461757067150625,0.14989278123855704,0.5333333333333333,-0.9303432469403589,-0.9666442789640182,1.0765189536554214,1.1165370602025753,45,2022-01-29,2022-04-30,0.4,1.6312085958546034,1.644301231558913,0.5333333333333333,1.0082700312891286,0.9020534542021434,0.6229385645654748,0.7422477773567695
E1,2022-05-07,Swansea,QPR,home,2021,0,4.886502059703105,5.184528528889092,0.1897880821877656,0.6045340050377834,Swansea,QPR,45,2022-01-29,2022-04-30,0.6,0.7340053566338646,0.526244118141038,0.4666666666666667,-1.2728558727470618,-1.4423963139441176,2.0068612293809265,1.9686404320851556,45,2022-01-22,2022-04-29,0.6,3.5764493756029134,3.407015310109853,0.4666666666666667,-0.2749307637257633,-0.12042572480094398,3.851380139328677,3.527441034910797
E1,2022-05-07,West Brom,Barnsley,away,2021,1,4.644306785195613,3.986351184951617,-0.5694663521266349,0.598984771573604,Barnsley,West Brom,44,2022-01-25,2022-04-30,0.6,2.259982360011808,2.1811956267302715,0.5333333333333333,-0.5410678576513998,-0.5959857197973581,2.8010502176632075,2.7771813465276294,44,2022-01-15,2022-04-30,0.4,0.42809326639138207,0.3626118313662361,0.5333333333333333,0.019291840442506144,-0.12884765554266042,0.4088014259488759,0.4914594869088965
E1,2022-05-07,West Brom,Barnsley,home,2021,6,6.494291424822995,6.5844018869579966,0.5694663521266349,0.598984771573604,West Brom,Barnsley,44,2022-01-15,2022-04-30,0.6,-0.5429231702059049,-0.3727465138118696,0.4666666666666667,-0.8472832190872345,-0.6717329877431116,0.3043600488813296,0.29898647393124206,44,2022-01-25,2022-04-30,0.4,0.2167318334348421,-0.06769413828315116,0.4666666666666667,0.9556640254667909,0.9028079599823775,-0.7389321920319487,-0.9705020982655287
E1,2022-11-12,Cardiff,Sheffield United,away,2022,4,4.62600009323803,4.981224451088921,0.1186852070026676,0.4645669291338583,Sheffield United,Cardiff,20,2022-08-01,2022-11-08,0.6,-0.15413454708457958,0.3617062339343519,0.4666666666666667,0.9292817844875584,0.9978613863570227,-1.083416331572138,-0.6361551524226707,20,2022-07-30,2022-11-08,0.4,1.5168149864483476,1.1624577550058397,0.5333333333333333,-0.7195313516890065,-0.79585280977415,2.236346338137354,1.9583105647799897
E1,2022-11-12,Cardiff,Sheffield United,home,2022,5,5.469024478330469,4.875231578382352,-0.1186852070026676,0.4645669291338583,Cardiff,Sheffield United,20,2022-07-30,2022-11-08,0.6,0.0814989852885816,0.32888035681746575,0.4666666666666667,0.34091581889014383,0.2480404393408982,-0.2594168336015622,0.08083991747656755,20,2022-08-01,2022-11-08,0.4,1.5255219631116552,1.7778039286779859,0.5333333333333333,0.38434952741904316,0.40970906244509436,1.141172435692612,1.3680948662328916
E1,2022-11-12,Norwich,Middlesbrough,away,2022,4,4.633445360884045,4.50988241681821,-0.15039171742342128,0.4894736842105264,Middlesbrough,Norwich,20,2022-07-30,2022-11-08,0.4,-1.564110934344344,-0.940330403120962,0.5333333333333333,0.7194772268467786,0.9580649339650438,-2.2835881611911226,-1.8983953370860058,20,2022-07-30,2022-11-05,0.6,-0.7066836201061936,-0.5404211805209675,0.4666666666666667,-0.6093099953853283,-0.6156135567992186,-0.0973736247208653,0.07519237627825104
E1,2022-11-12,Norwich,Middlesbrough,home,2022,3,4.772898161735635,5.136270348252337,0.15039171742342128,0.4894736842105264,Norwich,Middlesbrough,20,2022-07-30,2022-11-05,0.4,1.550374433351171,2.156677103406796,0.5333333333333333,1.4516195848297886,1.3977590088722185,0.0987548485213825,0.7589180945345777,20,2022-07-30,2022-11-08,0.6,-0.7244912751687991,-0.9033397365949476,0.4666666666666667,-0.5963038649260223,-0.6670877562710359,-0.1281874102427768,-0.2362519803239117
E1,2022-12-10,Blackburn,Preston,away,2022,2,4.220864136084899,4.368018276233372,-0.14827020040290184,0.41902313624678666,Preston,Blackburn,20,2022-07-30,2022-11-12,0.6,-2.0105653947581095,-2.058058023534522,0.4666666666666667,-0.22958982529448033,-0.26182707503753655,-1.7809755694636291,-1.7962309484969854,21,2022-08-06,2022-11-13,0.6,0.6634973638523631,0.7975819800519922,0.5333333333333333,1.1690383637079111,0.9064988011256172,-0.505540999855548,-0.10891682107362499
E1,2022-12-10,Blackburn,Preston,home,2022,2,5.210800896719584,5.292888550468531,0.14827020040290184,0.41902313624678666,Blackburn,Preston,21,2022-08-06,2022-11-13,0.4,-1.3779591390298502,-1.4571087610501892,0.4666666666666667,-0.5697035371279614,-0.4887888693884087,-0.8082556019018888,-0.9683198916617805,20,2022-07-30,2022-11-12,0.4,-1.7914714266488823,-1.5709749866937752,0.5333333333333333,0.9924442437689223,1.055654513286742,-2.7839156704178043,-2.6266294999805173
E1,2022-12-10,Blackpool,Birmingham,away,2022,6,5.22572302147253,5.01901211112595,0.023807302041958966,0.44791666666666663,Birmingham,Blackpool,21,2022-08-05,2022-11-11,0.8,-0.026855394171855274,0.14630103472807096,0.4666666666666667,0.7626388284517291,0.9000672557935836,-0.7894942226235844,-0.7537662210655126,20,2022-07-30,2022-11-12,0.6,1.6088695234519812,1.7315375464171996,0.4666666666666667,1.324046993244467,1.158263442891479,0.28482253020751425,0.5732741035257205
E1,2022-12-10,Blackpool,Birmingham,home,2022,2,5.040067185875266,4.907349320962734,-0.023807302041958966,0.44791666666666663,Blackpool,Birmingham,20,2022-07-30,2022-11-12,0.4,0.11123323153912298,-0.08393875100004156,0.5333333333333333,-0.11614011726831137,-0.17304624411124378,0.22737334880743437,0.08910749311120222,21,2022-08-05,2022-11-11,0.2,-0.43843151683761866,-0.28665086718457716,0.5333333333333333,-0.5605264793111313,-0.6072783708826958,0.12209496247351265,0.3206275036981186
E1,2022-12-10,Middlesbrough,Luton,away,2022,2,4.293147926545343,4.168805265405121,-0.28996330003898524,0.4671916010498688,Luton,Middlesbrough,20,2022-07-30,2022-11-12,0.6,4.337123801844319,4.5872452805500155,0.5333333333333333,0.845295575060883,0.8012223442382937,3.491828226783436,3.7860229363117215,21,2022-08-06,2022-11-12,0.8,-1.313290363215308,-1.55456595270215,0.4666666666666667,-0.42812090595104263,-0.4967998991286405,-0.8851694572642652,-1.0577660535735096
E1,2022-12-10,Middlesbrough,Luton,home,2022,3,6.743193153291527,6.107619355839031,0.28996330003898524,0.4671916010498688,Middlesbrough,Luton,21,2022-08-06,2022-11-12,0.2,-0.93193124492035,-0.378253672086028,0.5333333333333333,0.5414615841259904,0.8193005524606396,-1.4733928290463405,-1.1975542245466677,20,2022-07-30,2022-11-12,0.4,0.6012209198221081,0.9005609593530716,0.4666666666666667,0.5182451051807045,0.681029106095144,0.08297581464140358,0.21953185325792757
E1,2022-12-10,Millwall,Wigan,away,2022,3,3.91496095302313,4.040900419516744,-0.28667790893760536,0.4252577319587629,Wigan,Millwall,20,2022-07-30,2022-11-12,0.6,-0.5106614307980589,-0.5865900167930302,0.4666666666666667,-0.7091854242735167,-0.7891697818939925,0.1985239934754578,0.2025797651009622,20,2022-07-30,2022-12-03,0.8,-1.6752062515017065,-1.7426394904732703,0.4,-1.1503089366584784,-0.9914096622040158,-0.5248973148432281,-0.7512298282692544
E1,2022-12-10,Millwall,Wigan,home,2022,4,5.793066960208331,5.78335845756364,0.28667790893760536,0.4252577319587629,Millwall,Wigan,20,2022-07-30,2022-12-03,0.2,0.6340257728324555,0.36208527979872274,0.6,-0.5505433235987844,-0.586453710759648,1.18456909643124,0.9485389905583708,20,2022-07-30,2022-11-12,0.4,0.7856554066827776,0.3276717417505429,0.5333333333333333,-0.22306084942441315,-0.319918121041976,1.0087162561071907,0.647589862792519
E1,2022-12-10,Rotherham,Bristol City,away,2022,9,4.326416309617191,4.777832921921719,0.06975968895725976,0.4684210526315789,Bristol City,Rotherham,20,2022-07-30,2022-11-12,0.6,0.47538380058488816,0.41960567457454745,0.5333333333333333,0.4031951518383806,0.08312055401143177,0.07218864874650754,0.3364851205631157,21,2022-08-13,2022-11-12,0.8,2.60484990745315,3.4289041719755815,0.4666666666666667,0.6176767750480328,0.704315599149788,1.9871731324051174,2.7245885728257937
E1,2022-12-10,Rotherham,Bristol City,home,2022,7,5.974821723863369,5.1212913823332515,-0.06975968895725976,0.4684210526315789,Rotherham,Bristol City,21,2022-08-13,2022-11-12,0.2,-1.0914432722307725,-1.204448391406902,0.5333333333333333,-1.0056083452933677,-0.8917759971119082,-0.0858349269374048,-0.3126723942949937,20,2022-07-30,2022-11-12,0.4,0.5377611323766949,1.1313854056087516,0.4666666666666667,-0.06711737504209522,0.4482188605327409,0.6048785074187901,0.6831665450760107
E1,2022-12-10,Stoke,Cardiff,away,2022,6,3.9943254809329503,4.223123819180421,-0.1869276918219135,0.4554973821989528,Cardiff,Stoke,21,2022-08-06,2022-11-12,0.8,0.5624107278077746,0.9959373695983578,0.4,0.4193696492070443,0.2871024608324309,0.1430410786007303,0.7088349087659269,21,2022-08-06,2022-11-12,0.6,0.6559890968065343,1.076729416908691,0.4666666666666667,0.8379104342017782,0.9943721586761803,-0.18192133739524396,0.08235725823251061
E1,2022-12-10,Stoke,Cardiff,home,2022,6,6.077444110545357,5.667529274403588,0.1869276918219135,0.4554973821989528,Stoke,Cardiff,21,2022-08-06,2022-11-12,0.4,0.9409517029350614,0.8079761460137475,0.5333333333333333,0.8737050435865742,0.9223121031313608,0.06724665934848717,-0.11433595711761335,21,2022-08-06,2022-11-12,0.2,1.0727905029129388,0.6456133652939494,0.6,-0.7918706399430933,-0.8351987150973195,1.864661142856032,1.480812080391269
E1,2022-12-10,Swansea,Norwich,away,2022,4,6.057480647304761,5.125845206117004,-0.05910700157437526,0.5013192612137204,Norwich,Swansea,21,2022-08-06,2022-11-12,0.6,0.5702627167501024,0.9300069456478207,0.5333333333333333,1.481516169697748,1.5180186330871834,-0.9112534529476455,-0.5880116874393627,21,2022-08-06,2022-11-12,0.8,0.2614654219359423,0.35712548855506226,0.4,-0.664651211734382,-0.49248864925255964,0.9261166336703244,0.8496141378076218
E1,2022-12-10,Swansea,Norwich,home,2022,7,4.545281683791229,4.8805268449504355,0.05910700157437526,0.5013192612137204,Swansea,Norwich,21,2022-08-06,2022-11-12,0.2,1.995411887548713,2.1498423414381223,0.6,1.3402877876596928,1.1619157421444155,0.6551240998890202,0.9879265992937067,21,2022-08-06,2022-11-12,0.4,-0.4383845071871896,-0.35343393545481716,0.4666666666666667,-0.4709466807052699,-0.45883833529849594,0.03256217351808033,0.10540439984367878
E1,2022-12-11,Watford,Hull,away,2022,5,4.392542607480938,4.05485503278413,-0.38619313097942043,0.4789473684210527,Hull,Watford,20,2022-07-30,2022-11-12,0.6,-0.4673275527462214,-0.44109197290528857,0.5333333333333333,0.17973933541649353,0.36208498055649435,-0.647066888162715,-0.803176953461783,20,2022-08-01,2022-11-12,0.6,-0.5631730944661288,-0.09341111653527463,0.5333333333333333,0.1303709350421453,0.6813222376245418,-0.6935440295082742,-0.7747333541598165
E1,2022-12-11,Watford,Hull,home,2022,7,5.027599818601844,5.709837082776062,0.38619313097942043,0.4789473684210527,Watford,Hull,20,2022-08-01,2022-11-12,0.4,2.307274977150147,1.9126004647407675,0.4666666666666667,-0.3483821323057439,-0.6334411370937997,2.655657109455891,2.5460416018345673,20,2022-07-30,2022-11-12,0.4,-0.08758981045995533,-0.1349831097015363,0.4666666666666667,0.07844201512996664,-0.09972503257828388,-0.16603182558992197,-0.03525807712325241
E1,2022-12-16,Birmingham,Reading,away,2022,7,4.650928317593285,4.404587181056106,-0.21753907410055326,0.3815461346633417,Reading,Birmingham,22,2022-08-13,2022-12-10,0.4,-0.5479335965624692,-0.4637342997342143,0.5333333333333333,0.27402016747206787,0.2900047909131773,-0.8219537640345371,-0.7537390906473916,22,2022-08-13,2022-12-10,0.4,-2.1696659590523666,-1.9708158136856802,0.5333333333333333,-0.3754715470704337,-0.41109327169513826,-1.7941944119819329,-1.5597225419905418
E1,2022-12-16,Birmingham,Reading,home,2022,0,5.102575856806015,5.390990535393291,0.21753907410055326,0.3815461346633417,Birmingham,Reading,22,2022-08-13,2022-12-10,0.6,0.8385819313677187,1.0105069905398694,0.4666666666666667,0.4778689037986927,0.6252354145340707,0.36071302756902607,0.38527157600579864,22,2022-08-13,2022-12-10,0.6,-0.4785444859175264,-0.5365517448235577,0.4666666666666667,0.26377817135383813,0.021425239069193757,-0.7423226572713646,-0.5579769838927515
E1,2022-12-17,Bristol City,Stoke,away,2022,3,5.473596923961171,4.9934473998536895,-0.033740366370020036,0.4789473684210527,Stoke,Bristol City,22,2022-08-13,2022-12-10,0.6,0.48729927248586435,0.4954876601046351,0.4666666666666667,1.0144771162594288,1.0682650591168814,-0.5271778437735645,-0.5727773990122463,21,2022-08-06,2022-12-10,0.4,-0.25484478869351557,0.5141846175512196,0.4666666666666667,0.25331434791721796,0.7359753810938234,-0.5081591366107335,-0.22179076354260385
E1,2022-12-17,Bristol City,Stoke,home,2022,3,5.464302412478909,5.157719417691764,0.033740366370020036,0.4789473684210527,Bristol City,Stoke,21,2022-08-06,2022-12-10,0.6,1.273021886346439,1.176878303872253,0.5333333333333333,0.5199436612123683,0.2076414350877511,0.7530782251340707,0.9692368687845019,22,2022-08-13,2022-12-10,0.4,1.3057260244755553,1.5898053498031486,0.5333333333333333,0.5957203190922612,0.8118907582626598,0.7100057053832941,0.7779145915404888
E1,2022-12-17,Cardiff,Blackpool,away,2022,6,3.7098082639166585,3.953592260115138,-0.2945951826992282,0.4554973821989528,Blackpool,Cardiff,21,2022-08-06,2022-12-10,0.6,-0.6605907520348563,-0.8201863068938824,0.4666666666666667,0.06746089309658536,0.03506916320407427,-0.7280516451314416,-0.8552554700979567,22,2022-08-13,2022-12-10,0.4,1.0806582388733914,0.8687703331723091,0.5333333333333333,-0.5345375930686411,-0.6198073740931923,1.6151958319420325,1.4885777072655015
E1,2022-12-17,Cardiff,Blackpool,home,2022,4,6.0511902953782455,5.889872732879647,0.2945951826992282,0.4554973821989528,Cardiff,Blackpool,22,2022-08-13,2022-12-10,0.6,0.28244956890770645,0.5447644440773459,0.4666666666666667,0.7972652691467135,0.7261411071967437,-0.514815700239007,-0.18137666311939782,21,2022-08-06,2022-12-10,0.4,2.3056281030077814,2.4537820373939345,0.5333333333333333,0.7564894907573974,0.5984218901672609,1.549138612250384,1.8553601472266736
E1,2022-12-17,Coventry,Swansea,away,2022,3,5.158005141955239,4.827008018462771,-0.068853445681613,0.4656084656084655,Swansea,Coventry,22,2022-08-13,2022-12-10,0.4,1.3620821142251256,1.349729096017274,0.5333333333333333,1.657728843379482,1.555403005171738,-0.2956467291543563,-0.20567390915446393,20,2022-07-31,2022-12-10,0.4,1.1326342006379388,0.9058957621201531,0.6,1.38166368537034,1.2376444233011694,-0.24902948473240105,-0.3317486611810163
E1,2022-12-17,Coventry,Swansea,home,2022,5,5.349790897968447,5.186725997036231,0.068853445681613,0.4656084656084655,Coventry,Swansea,20,2022-07-31,2022-12-10,0.6,-1.4070264639670123,-1.1181198954013118,0.4,-1.41380836296532,-1.0563688627920467,0.006781898998307723,-0.06175103260926518,22,2022-08-13,2022-12-10,0.6,-0.5519905107797916,-0.2518861691223254,0.4666666666666667,-0.4687749908486671,-0.3172931694309272,-0.08321551993112447,0.0654070003086018
E1,2022-12-17,Huddersfield,Watford,away,2022,11,4.726891747042448,5.175258253614738,0.2011476895197825,0.43264248704663216,Watford,Huddersfield,21,2022-08-08,2022-12-11,0.6,2.637610951919895,2.2796129265941856,0.4,-0.38073969132287455,-0.6797359022849037,3.0183506432427696,2.9593488288790892,20,2022-08-05,2022-12-10,0.6,2.786260180598849,2.6330804204307254,0.4666666666666667,-0.5197373029422545,-0.826729608349352,3.3059974835411037,3.4598100287800775
E1,2022-12-17,Huddersfield,Watford,home,2022,7,4.975216614125766,4.573594450138276,-0.2011476895197825,0.43264248704663216,Huddersfield,Watford,20,2022-08-05,2022-12-10,0.4,-1.5258652469928928,-1.2071025809117903,0.5333333333333333,0.08469311182186484,0.2066122768089355,-1.6105583588147576,-1.413714857720726,21,2022-08-08,2022-12-11,0.4,-0.0819322571296297,0.43745655852244225,0.6,0.10802805350723622,0.6230756913783834,-0.18996031063686591,-0.18561913285594112
E1,2022-12-17,Hull,Sunderland,away,2022,4,4.684892491403729,4.699325705399593,-0.05007518553850632,0.43896103896103894,Sunderland,Hull,22,2022-08-13,2022-12-12,0.6,-1.1786359384049774,-1.4858180694271756,0.4666666666666667,-0.7426682832251409,-0.562906237818451,-0.4359676551798365,-0.9229118316087247,21,2022-08-06,2022-12-11,0.6,0.5772127231151808,0.4390607372860858,0.4666666666666667,0.05939014130044894,-0.10959483478889294,0.5178225818147318,0.5486555720749787
E1,2022-12-17,Hull,Sunderland,home,2022,7,6.142724945360102,5.406818071079773,0.05007518553850632,0.43896103896103894,Hull,Sunderland,21,2022-08-06,2022-12-11,0.4,-0.45146601566773625,-0.41395146491075535,0.5333333333333333,0.20283384675173693,0.3728234924034965,-0.6542998624194731,-0.7867749573142518,22,2022-08-13,2022-12-12,0.4,0.5427812329436849,0.7848765163766599,0.5333333333333333,0.9193706286677041,1.113465632393518,-0.3765893957240193,-0.32858911601685803
E1,2022-12-17,Norwich,Blackburn,away,2022,2,3.516602678736701,3.8459746165534536,-0.318323207069973,0.4907651715039578,Blackburn,Norwich,22,2022-08-14,2022-12-10,0.4,-1.2397321719304777,-1.391525118906713,0.5333333333333333,-0.7679429661416035,-0.682928045797166,-0.4717892057888742,-0.708597073109547,22,2022-08-13,2022-12-10,0.4,0.2585631741146427,0.18503035459007008,0.5333333333333333,-0.22123808537522677,-0.21686783872060786,0.47980125948986946,0.40189819331067794
E1,2022-12-17,Norwich,Blackburn,home,2022,6,5.700470180583322,5.818737272048112,0.318323207069973,0.4907651715039578,Norwich,Blackburn,22,2022-08-13,2022-12-10,0.6,0.5355971726447178,0.886282177583151,0.4666666666666667,1.113467246872375,1.2444596141499606,-0.5778700742276571,-0.35817743656680967,22,2022-08-14,2022-12-10,0.6,-0.7975343468917322,-0.6389587787273378,0.4666666666666667,1.4506745684149582,1.2129624731869049,-2.2482089153066904,-1.8519212519142427
E1,2022-12-17,Preston,QPR,away,2022,4,4.927239461752767,4.668852679662704,-0.11525737255878488,0.42894056847545214,QPR,Preston,22,2022-08-13,2022-12-11,0.6,2.0267601372484334,1.9533272921905422,0.4666666666666667,0.20128547682777492,0.1269685922943771,1.8254746604206584,1.8263586998961652,21,2022-08-06,2022-12-10,0.4,-1.5792776047420318,-1.4206659241785773,0.5333333333333333,0.5702419736197306,0.6553136327231407,-2.1495195783617627,-2.075979556901718
E1,2022-12-17,Preston,QPR,home,2022,4,4.919133472211527,5.123672732145967,0.11525737255878488,0.42894056847545214,Preston,QPR,21,2022-08-06,2022-12-10,0.6,-2.6876147505213157,-2.7662661902528667,0.4666666666666667,-0.10644668468643055,-0.13899617435150943,-2.581168065834885,-2.6272700159013573,22,2022-08-13,2022-12-11,0.4,0.6007214878296308,0.6591760214833181,0.5333333333333333,-0.0371699016038118,-0.03107042025975506,0.6378913894334426,0.6902464417430731
E1,2022-12-17,West Brom,Rotherham,away,2022,3,2.8287007053780457,3.2906510917157274,-0.5323074487140156,0.5157894736842105,Rotherham,West Brom,22,2022-08-16,2022-12-10,0.4,-0.8630510589339222,-0.6720438451144751,0.4666666666666667,-1.0158377194602235,-0.9280563803194969,0.1527866605263013,0.25601253520502176,20,2022-07-30,2022-12-12,0.4,0.9452483619151003,0.5717979400599633,0.5333333333333333,-0.7378964586844752,-0.9855864628267926,1.6831448205995754,1.5573844028867558
E1,2022-12-17,West Brom,Rotherham,home,2022,6,9.425270635388904,7.516988545849988,0.5323074487140156,0.5157894736842105,West Brom,Rotherham,20,2022-07-30,2022-12-12,0.6,0.2545243486772003,0.9091878006528601,0.4666666666666667,1.325153912419222,1.431061631405798,-1.0706295637420218,-0.5218738307529379,22,2022-08-16,2022-12-10,0.6,2.858470582816234,3.4667894259063106,0.5333333333333333,0.7130650905144591,0.8139763728490446,2.1454054923017747,2.6528130530572662
E1,2022-12-19,Wigan,Sheffield United,away,2022,4,4.055869435827213,4.9217811092053845,0.21069054802705833,0.44531250000000006,Sheffield United,Wigan,22,2022-08-14,2022-12-10,0.6,0.9088647630556306,1.3764358156538483,0.4666666666666667,1.0273012976943992,1.0622420410234148,-0.11843653463876858,0.3141937746304335,21,2022-08-06,2022-12-10,0.6,0.3628979531312277,0.07997992864644558,0.5333333333333333,-0.1561618644951444,-0.31161535031604914,0.5190598176263721,0.39159527896249474
E1,2022-12-19,Wigan,Sheffield United,home,2022,8,4.4051235637822295,4.366741673511395,-0.21069054802705833,0.44531250000000006,Wigan,Sheffield United,21,2022-08-06,2022-12-10,0.4,-0.33390426256999806,-0.45293141908183615,0.4666666666666667,-0.9665194802833488,-1.033827965459473,0.6326152177133507,0.580896546377637,22,2022-08-14,2022-12-10,0.4,-0.13610060035019805,-0.021749768054036344,0.5333333333333333,0.5836339269158444,0.7593440002257109,-0.7197345272660425,-0.7810937682797473
E1,2022-12-21,Coventry,West Brom,away,2022,2,4.7517269535031055,4.931105401094828,0.06612052410238961,0.44155844155844154,West Brom,Coventry,21,2022-08-08,2022-12-17,0.6,-0.7637655898712927,0.13547894967488325,0.5333333333333333,1.5263423233179785,1.683462486998608,-2.290107913189271,-1.5479835373237247,21,2022-08-13,2022-12-17,0.4,0.7178539785167167,0.6235098366593478,0.5333333333333333,1.4411935834892933,1.2705971303904817,-0.7233396049725765,-0.6470872937311339
E1,2022-12-21,Coventry,West Brom,home,2022,10,4.361077848497814,4.591468609975335,-0.06612052410238961,0.44155844155844154,Coventry,West Brom,21,2022-08-13,2022-12-17,0.6,-0.9818369523052048,-0.7020271263282585,0.4666666666666667,-1.422788601531255,-1.0719641290435034,0.4409516492260501,0.3699370027152449,21,2022-08-08,2022-12-17,0.4,1.257328015151956,0.802467884269306,0.4666666666666667,-0.755562445642484,-0.9992664937158341,2.01289046079444,1.8017343779851402
E1,2022-12-26,Bristol City,West Brom,away,2022,6,5.195414465427932,5.130921334233461,0.08866058754180406,0.4671916010498688,West Brom,Bristol City,22,2022-08-14,2022-12-21,0.4,-1.259534642292169,-0.5497254092567788,0.5333333333333333,1.100645190357638,1.2768693153305868,-2.360179832649807,-1.8265947245873657,22,2022-08-13,2022-12-17,0.4,-1.8738376100510912,-1.1085127388502791,0.4666666666666667,0.3905288629801424,0.872895460891929,-2.2643664730312336,-1.9814081997422082
E1,2022-12-26,Bristol City,West Brom,home,2022,8,4.4136796149029776,4.572389623057805,-0.08866058754180406,0.4671916010498688,Bristol City,West Brom,22,2022-08-13,2022-12-17,0.6,0.37820160059587576,0.3614918038799134,0.5333333333333333,0.40605408833768447,0.12094846790548625,-0.027852487741808707,0.24054333597442717,22,2022-08-14,2022-12-21,0.6,2.661359513750271,2.22340038340533,0.4666666666666667,-0.5286299687374232,-0.8013474133501645,3.189989482487694,3.0247477967554945
E1,2022-12-26,Cardiff,QPR,away,2022,6,4.253451648349734,4.498087278094395,-0.07656061183607599,0.4352331606217616,QPR,Cardiff,23,2022-08-16,2022-12-17,0.6,1.8291883094353494,1.8485442103208836,0.4666666666666667,0.27295135405979365,0.200415375049813,1.5562369553755557,1.6481288352710706,23,2022-08-17,2022-12-17,0.4,0.18496490918376035,0.022730185912777756,0.5333333333333333,0.07173683641170049,-0.038170989903571005,0.11322807277205986,0.06090117581634876
E1,2022-12-26,Cardiff,QPR,home,2022,1,5.842855107847019,5.365155976895268,0.07656061183607599,0.4352331606217616,Cardiff,QPR,23,2022-08-17,2022-12-17,0.6,-0.5688056002002817,-0.41617731150800574,0.4666666666666667,1.1913816657843554,1.147977518314121,-1.7601872659846372,-1.5641548298221268,23,2022-08-16,2022-12-17,0.4,-0.655590025379675,-0.6462000364855178,0.5333333333333333,0.4003863333024381,0.41884688556338906,-1.0559763586821131,-1.065046922048907
E1,2022-12-26,Hull,Blackpool,away,2022,8,4.259994152975393,4.316385823840163,-0.18899803536345766,0.45052083333333337,Blackpool,Hull,22,2022-08-13,2022-12-17,0.6,0.07369466347968938,-0.0716785377858189,0.4666666666666667,-0.18394423682702063,-0.2079207453429629,0.25763890030671,0.136242207557144,22,2022-08-13,2022-12-17,0.6,1.1680649365314717,0.9610393765138576,0.4,-0.10475528545837136,-0.2321974125545984,1.272820221989843,1.193236789068456
E1,2022-12-26,Hull,Blackpool,home,2022,11,5.628201388062174,5.520978203050033,0.18899803536345766,0.45052083333333337,Hull,Blackpool,22,2022-08-13,2022-12-17,0.4,-0.79279997420171,-0.5841262446222254,0.6,0.6348170159998117,0.7656696114261147,-1.4276169902015217,-1.34979585604834,22,2022-08-13,2022-12-17,0.4,1.9499663822118776,1.9768242121053088,0.5333333333333333,0.7330149145569617,0.6510417287142153,1.216951467654916,1.3257824833910936
E1,2022-12-26,Luton,Norwich,away,2022,4,6.465250157175533,5.3394771969702255,-0.010780047142351146,0.46335078534031415,Norwich,Luton,23,2022-08-16,2022-12-17,0.6,0.8441051603836647,1.0802354199040705,0.5333333333333333,0.6164413211429489,0.8044314831876621,0.22766383924071576,0.27580393671640835,21,2022-08-13,2022-12-10,0.6,-0.1074972803185787,0.19144637896520855,0.4666666666666667,0.38883491700866807,0.5873487400720393,-0.49633219732724676,-0.39590236110683075
E1,2022-12-26,Luton,Norwich,home,2022,6,5.583771058252678,5.152896932887553,0.010780047142351146,0.46335078534031415,Luton,Norwich,21,2022-08-13,2022-12-10,0.4,3.588715753113168,3.735331311011014,0.5333333333333333,0.6426584911171024,0.6532830935433538,2.9460572619960654,3.0820482174676602,23,2022-08-16,2022-12-17,0.4,-0.48292096997282324,-0.5631471997490154,0.4666666666666667,0.08740720610462409,0.06964908451199919,-0.5703281760774473,-0.6327962842610146
E1,2022-12-26,Middlesbrough,Wigan,away,2022,10,3.581894902220417,3.7600301447527764,-0.39654170340527967,0.46981627296587924,Wigan,Middlesbrough,22,2022-08-13,2022-12-19,0.4,1.0051799568475084,0.8637095728401288,0.5333333333333333,-0.8548458563245965,-0.9503306914113417,1.860025813172105,1.8140402642514706,23,2022-08-17,2022-12-17,0.6,-2.133722003662887,-2.2393760364052904,0.5333333333333333,-0.360768889746719,-0.47730775117254676,-1.772953113916168,-1.7620682852327436
E1,2022-12-26,Middlesbrough,Wigan,home,2022,9,6.556700019065417,6.292038072952842,0.39654170340527967,0.46981627296587924,Middlesbrough,Wigan,23,2022-08-17,2022-12-17,0.4,-1.3434133932397647,-0.8028395399875435,0.4666666666666667,0.20739950478131686,0.5353312822787273,-1.5508128980210816,-1.338170822266271,22,2022-08-13,2022-12-19,0.6,-0.3491565561798674,-0.6366320011848938,0.4666666666666667,-0.16497371815344405,-0.3472743755369406,-0.18418283802642335,-0.2893576256479532
E1,2022-12-26,Preston,Huddersfield,away,2022,3,4.327042327758402,4.178645410918328,-0.29105046500990994,0.4363636363636364,Huddersfield,Preston,21,2022-08-13,2022-12-17,0.4,-0.9505733942732654,-0.6737289908396535,0.6,-0.16143734946559604,0.019201521860376904,-0.7891360448076693,-0.6929305127000305,22,2022-08-13,2022-12-17,0.4,-1.3611327676391207,-1.3064017471347396,0.5333333333333333,0.6967645765626661,0.8025444589217947,-2.0578973442017867,-2.108946206056534
E1,2022-12-26,Preston,Huddersfield,home,2022,2,5.3736934975788,5.641897119549135,0.29105046500990994,0.4363636363636364,Preston,Huddersfield,22,2022-08-13,2022-12-17,0.6,-2.408833571306044,-2.455767906663528,0.4666666666666667,-0.18218449876543114,-0.21939510202082863,-2.2266490725406127,-2.2363728046426994,21,2022-08-13,2022-12-17,0.6,4.717412729270962,4.529274544254936,0.4,-0.7931568836774652,-1.1226405817789216,5.510569612948427,5.651915126033858
E1,2022-12-26,Rotherham,Stoke,away,2022,3,5.466523511766906,5.2707821360516185,0.11296850951361664,0.4528795811518324,Stoke,Rotherham,23,2022-08-17,2022-12-17,0.6,-0.7083007344520225,-0.43545752785636527,0.4666666666666667,1.3367742388514814,1.3576455973793051,-2.045074973303504,-1.7931031252356704,23,2022-08-20,2022-12-17,0.6,2.445743537668775,3.2030197352462735,0.5333333333333333,0.29518547038764475,0.4975658156212871,2.15055806728113,2.7054539196249863
E1,2022-12-26,Rotherham,Stoke,home,2022,3,5.538633016031665,4.9073439531464595,-0.11296850951361664,0.4528795811518324,Rotherham,Stoke,23,2022-08-20,2022-12-17,0.4,-0.7270672319241153,-0.619410527934736,0.4666666666666667,-0.9410003272199996,-0.8752392389195524,0.21393309529588433,0.2558287109848163,23,2022-08-17,2022-12-17,0.4,1.432974474153726,1.7482507928890398,0.5333333333333333,0.5290139731289873,0.7450717519652794,0.9039605010247387,1.0031790409237604
E1,2022-12-26,Sheffield United,Coventry,away,2022,7,4.352045617937753,4.073871650786422,-0.36484490398818314,0.48157894736842105,Coventry,Sheffield United,22,2022-08-27,2022-12-21,0.8,0.17476147235400602,0.2796941152413462,0.4666666666666667,-1.483379738622044,-1.1161760522304442,1.65814121097605,1.3958701674717904,23,2022-08-17,2022-12-19,0.4,-0.12379509074444553,0.004072941388487195,0.5333333333333333,0.8195014773338173,0.9947263147041329,-0.9432965680782628,-0.9906533733156456
E1,2022-12-26,Sheffield United,Coventry,home,2022,2,7.282025286396755,6.451763528080971,0.36484490398818314,0.48157894736842105,Sheffield United,Coventry,23,2022-08-17,2022-12-19,0.6,1.9800450531285136,2.120464585478792,0.4666666666666667,0.7248698998540967,0.8041228485871564,1.255175153274417,1.3163417368916353,22,2022-08-27,2022-12-21,0.2,-0.8897939584515695,-0.8994085307770876,0.5333333333333333,1.9610729652083585,1.7333597864787782,-2.850866923659928,-2.6327683172558656
E1,2022-12-26,Sunderland,Blackburn,away,2022,3,4.549895682180395,4.561969813456938,-0.10228390905795232,0.43782383419689114,Blackburn,Sunderland,23,2022-08-17,2022-12-17,0.4,-1.272730210382313,-1.4447087786745691,0.4666666666666667,-0.63045195312304,-0.5418876361635708,-0.642278257259273,-0.9028211425109983,23,2022-08-17,2022-12-17,0.4,0.8845714194164452,1.1516053822604975,0.6,0.9302168022306193,1.1805440731366506,-0.045645382814174074,-0.028938690876153084
E1,2022-12-26,Sunderland,Blackburn,home,2022,7,4.4090675121261755,4.906740531443437,0.10228390905795232,0.43782383419689114,Sunderland,Blackburn,23,2022-08-17,2022-12-17,0.6,-0.6390835386051202,-0.8944374359599362,0.4,-0.8881172872680921,-0.7169513606909071,0.2490337486629719,-0.17748607526902904,23,2022-08-17,2022-12-17,0.6,-0.8432583244337237,-0.7645947185856009,0.5333333333333333,1.411849142826261,1.234482785564629,-2.2551074672599847,-1.9990775041502298
E1,2022-12-26,Watford,Millwall,away,2022,10,4.6357125100557255,4.437463278332811,-0.1944261468217971,0.4215938303341903,Millwall,Watford,21,2022-08-06,2022-12-10,0.4,0.8760622574296338,0.7391118992056904,0.5333333333333333,-0.8968059369154365,-1.0028446609783956,1.7728681943450704,1.741956560184086,22,2022-08-16,2022-12-17,0.4,-0.11799268998712194,0.33977045948536483,0.6,-0.15247126334907643,0.3778104964759372,0.03447857336195449,-0.038040036990572346
E1,2022-12-26,Watford,Millwall,home,2022,4,4.7685127706649775,5.219305703892681,0.1944261468217971,0.4215938303341903,Watford,Millwall,22,2022-08-16,2022-12-17,0.6,2.538500925605106,2.189239580634735,0.4,0.38951903398357846,0.04969915020329771,2.1489818916215273,2.1395404304314374,21,2022-08-06,2022-12-10,0.6,-2.475088839596171,-2.598326289659624,0.4666666666666667,-0.7586858793591864,-0.6002009791421951,-1.7164029602369848,-1.998125310517429
E1,2022-12-27,Reading,Swansea,away,2022,4,5.20182063243639,5.031067512259661,0.03459782369841047,0.44270833333333337,Swansea,Reading,23,2022-08-16,2022-12-17,0.4,0.6047657512635233,0.5635716890392779,0.5333333333333333,1.675860579515684,1.6048520067893606,-1.0710948282521606,-1.0412803177500827,23,2022-08-17,2022-12-16,0.6,-1.580507361829734,-1.688163497608602,0.4666666666666667,0.2884835513938252,0.06183701201675955,-1.8689909132235591,-1.7500005096253615
E1,2022-12-27,Reading,Swansea,home,2022,3,4.690432308648009,4.765860701855673,-0.03459782369841047,0.44270833333333337,Reading,Swansea,23,2022-08-17,2022-12-16,0.4,-0.12813809375497076,-0.0675094124762154,0.5333333333333333,0.15904940659194972,0.171768736227718,-0.2871875003469205,-0.23927814870393338,23,2022-08-16,2022-12-17,0.6,0.023348654246143675,0.3396546078569925,0.4666666666666667,-0.5376975111874084,-0.3836979596389432,0.561046165433552,0.7233525674959357
E1,2022-12-29,Blackburn,Middlesbrough,away,2022,7,4.671495203056275,4.966941653151866,0.10170622968537668,0.44675324675324674,Middlesbrough,Blackburn,24,2022-08-20,2022-12-26,0.4,-0.99275383670973,-0.5943061415158173,0.5333333333333333,0.066738837870625,0.4423312268890688,-1.059492674580355,-1.036637368404886,24,2022-08-20,2022-12-26,0.6,0.17007586439653793,0.10749514360601128,0.5333333333333333,1.046959958946657,0.9083153581343449,-0.8768840945501191,-0.8008202145283336
E1,2022-12-29,Blackburn,Middlesbrough,home,2022,1,4.254862795896139,4.492100102237445,-0.10170622968537668,0.44675324675324674,Blackburn,Middlesbrough,24,2022-08-20,2022-12-26,0.4,-1.5658885405485663,-1.6740870631342077,0.4666666666666667,-0.5185308520954949,-0.4344951058386483,-1.0473576884530713,-1.2395919572955594,24,2022-08-20,2022-12-26,0.6,-0.3002264941257449,-0.4028097342137903,0.4666666666666667,-0.4843858562231636,-0.6117126229957511,0.18415936209741868,0.20890288878196084
E1,2022-12-29,Blackpool,Sheffield United,away,2022,6,5.7902270780214184,5.833510683794387,0.33162881636336294,0.5026315789473684,Sheffield United,Blackpool,24,2022-08-20,2022-12-26,0.6,0.14179584413981933,0.31089604052674014,0.4666666666666667,0.521307114606101,0.6410592613598015,-0.3795112704662817,-0.3301632208330614,23,2022-08-16,2022-12-26,0.6,1.709688749841085,1.8212042603865668,0.5333333333333333,1.0807873240890975,0.9773802329396017,0.6289014257519876,0.843824027446965
E1,2022-12-29,Blackpool,Sheffield United,home,2022,5,4.6865560481580335,4.266666109343531,-0.33162881636336294,0.5026315789473684,Blackpool,Sheffield United,23,2022-08-16,2022-12-26,0.4,0.07325011322558579,-0.14046830277740624,0.4666666666666667,0.21171426426045475,0.20380732331906065,-0.13846415103486898,-0.3442756260964669,24,2022-08-20,2022-12-26,0.4,0.041974502968632164,0.29013295566293473,0.5333333333333333,1.0770537441347492,1.1844614570139824,-1.035079241166117,-0.8943285013510477
E1,2022-12-29,Coventry,Cardiff,away,2022,2,3.8081652177156315,4.206281282226961,-0.15257235099209876,0.4352331606217616,Cardiff,Coventry,24,2022-08-21,2022-12-26,0.8,-1.4734995394969654,-1.2087705896447731,0.4666666666666667,1.2717555578313493,1.2369882271551154,-2.7452550973283145,-2.4457588167998887,23,2022-08-31,2022-12-26,0.4,-1.9197909410883416,-1.7509003751576961,0.4666666666666667,2.056116165279855,1.8292591146364614,-3.9759071063681963,-3.5801594897941573
E1,2022-12-29,Coventry,Cardiff,home,2022,5,5.770964777403358,5.494888834678264,0.15257235099209876,0.4352331606217616,Coventry,Cardiff,23,2022-08-31,2022-12-26,0.6,0.6737244980691555,0.8042988544598776,0.5333333333333333,-1.3613976339412859,-1.0104195704504377,2.035122132010441,1.8147184249103154,24,2022-08-21,2022-12-26,0.2,0.27724931900283745,0.14547476254992714,0.5333333333333333,0.019638241552737353,-0.15099663321041715,0.2576110774501001,0.2964713957603443
E1,2022-12-29,Huddersfield,Rotherham,away,2022,2,3.404595689478356,3.9934347516928117,-0.18645787533398722,0.4404145077720207,Rotherham,Huddersfield,24,2022-08-27,2022-12-26,0.4,-0.6788148743774891,-0.5139963485423148,0.5333333333333333,-1.0190468247519544,-0.9418772329921983,0.3402319503744653,0.4278808844498835,22,2022-08-16,2022-12-26,0.6,4.17074058794202,3.9509876488376863,0.4666666666666667,-0.7471754878629022,-1.0607094556774446,4.917916075804922,5.011697104515131
E1,2022-12-29,Huddersfield,Rotherham,home,2022,0,6.596198048237383,5.831896728096914,0.18645787533398722,0.4404145077720207,Huddersfield,Rotherham,22,2022-08-16,2022-12-26,0.4,-1.2175655213834133,-0.8987104560668282,0.5333333333333333,-0.020912830851396523,0.1454630854522476,-1.1966526905320167,-1.0441735415190758,24,2022-08-27,2022-12-26,0.6,1.4746486957739864,2.1330988343880315,0.4666666666666667,0.2216438909051804,0.4683208735466012,1.253004804868806,1.6647779608414304
E1,2022-12-29,Millwall,Bristol City,away,2022,4,3.89118362842101,4.067194892410599,-0.26346215089793823,0.46981627296587924,Bristol City,Millwall,23,2022-08-16,2022-12-26,0.6,0.3887958999774786,0.34618492341315504,0.6,0.8339061140042908,0.572441242021564,-0.4451102140268122,-0.22625631860840895,22,2022-08-13,2022-12-26,0.6,-1.9955696080592702,-2.2243401608967956,0.4666666666666667,-0.745044539648872,-0.6048811316208533,-1.2505250684103983,-1.6194590292759423
E1,2022-12-29,Millwall,Bristol City,home,2022,3,6.16634547283441,5.860808391999367,0.26346215089793823,0.46981627296587924,Millwall,Bristol City,22,2022-08-13,2022-12-26,0.4,1.8602875738166098,1.7821300617724103,0.5333333333333333,-0.933827862605802,-1.043320933526142,2.7941154364224117,2.825450995298552,23,2022-08-16,2022-12-26,0.4,-0.6305663258983527,-0.006312014030950763,0.4,0.11868698736358572,0.605714162831452,-0.7492533132619384,-0.6120261768624027
E1,2022-12-29,QPR,Luton,away,2022,2,4.813244616397607,4.583712710430316,-0.14266908461123262,0.44791666666666663,Luton,QPR,22,2022-08-16,2022-12-26,0.4,3.590513836911627,3.8313382787271175,0.5333333333333333,0.4772926965798118,0.4897972422693263,3.1132211403318153,3.3415410364577913,24,2022-08-20,2022-12-26,0.6,-1.6433078797792078,-1.552596394415066,0.5333333333333333,0.551028726149904,0.5781162579109097,-2.1943366059291116,-2.130712652325976
E1,2022-12-29,QPR,Luton,home,2022,6,5.823996622305957,5.492322918167946,0.14266908461123262,0.44791666666666663,QPR,Luton,24,2022-08-20,2022-12-26,0.4,1.4083157839145346,1.4798475665722488,0.4666666666666667,0.724553580183163,0.6462415667984788,0.6837622037313716,0.83360599977377,22,2022-08-16,2022-12-26,0.6,-0.6505661454275298,-0.19930673695961634,0.4666666666666667,0.5196716650798799,0.7354811573306499,-1.1702378105074098,-0.9347878942902662
E1,2022-12-29,West Brom,Preston,away,2022,3,3.533911578777554,3.828536935884513,-0.33519553072625696,0.44675324675324674,Preston,West Brom,23,2022-08-16,2022-12-26,0.6,-2.438274926202179,-2.5552613541867912,0.5333333333333333,-0.28311981012537557,-0.32184390240133287,-2.155155116076803,-2.233417451785458,23,2022-08-17,2022-12-26,0.6,2.608441394918807,2.2398432706640135,0.4666666666666667,-0.04430405800340189,-0.3319435198257059,2.652745452922209,2.5717867904897194
E1,2022-12-29,West Brom,Preston,home,2022,14,6.6863347271863,6.192683451592079,0.33519553072625696,0.44675324675324674,West Brom,Preston,23,2022-08-17,2022-12-26,0.4,-1.1177643682078844,-0.4092748386539656,0.5333333333333333,1.0329920619038748,1.2555485200755954,-2.150756430111759,-1.6648233587295609,23,2022-08-16,2022-12-26,0.4,-1.9522565677613557,-1.962886632603847,0.4666666666666667,0.6128213253652255,0.7548393268407855,-2.565077893126581,-2.7177259594446324
E1,2022-12-29,Wigan,Sunderland,away,2022,4,3.6962752437369097,4.416012993753407,0.006583385485666893,0.42673521850899737,Sunderland,Wigan,24,2022-08-20,2022-12-26,0.6,-0.3779223015413315,-0.6534235099925952,0.4666666666666667,-0.6661636945299587,-0.5677254476558231,0.2882413929886272,-0.08569806233677213,23,2022-08-20,2022-12-26,0.6,0.08374193814748834,-0.15149953172737743,0.5333333333333333,0.04590888225374871,-0.11057128138862359,0.037833055893739635,-0.040928250338753844
E1,2022-12-29,Wigan,Sunderland,home,2022,1,5.627653315470344,5.133856106237096,-0.006583385485666893,0.42673521850899737,Wigan,Sunderland,23,2022-08-20,2022-12-26,0.4,2.4957269036258625,2.3342392433819463,0.4666666666666667,-0.8348783152691908,-0.9822288920806029,3.3306052188950535,3.316468135462549,24,2022-08-20,2022-12-26,0.4,0.6384693652530862,0.919649336811396,0.5333333333333333,0.4447469389886026,0.6842625670499142,0.19372242626448355,0.23538676976148187
E1,2022-12-30,Birmingham,Hull,away,2022,7,4.3734119015827355,4.296622075995633,-0.22618605768181127,0.42894056847545214,Hull,Birmingham,23,2022-08-20,2022-12-26,0.6,0.7254022538199194,0.9358451991483345,0.5333333333333333,0.6494602694882659,0.7844699628557346,0.07594198433165356,0.15137523629259997,24,2022-08-20,2022-12-27,0.4,-2.4920386543392197,-2.2570314083939977,0.5333333333333333,-0.26405509797882704,-0.2654833715408139,-2.2279835563603925,-1.991548036853184
E1,2022-12-30,Birmingham,Hull,home,2022,4,5.189198595285184,5.440403070359026,0.22618605768181127,0.42894056847545214,Birmingham,Hull,24,2022-08-20,2022-12-27,0.6,0.12704616707546723,0.24558759084349582,0.4666666666666667,0.4903361940813166,0.6070055154491761,-0.3632900270058494,-0.36141792460568034,23,2022-08-20,2022-12-26,0.4,0.8914613563082499,0.7938994178812339,0.4666666666666667,-0.17737895335987908,-0.3183710466518525,1.068840309668129,1.1122704645330863
E1,2022-12-30,Norwich,Reading,away,2022,7,3.963426828035431,3.9569084572003783,-0.35484283080966317,0.48293963254593175,Reading,Norwich,24,2022-08-20,2022-12-27,0.4,-0.15374201468755402,-0.022933532105370347,0.5333333333333333,-0.1449513938014954,-0.1358353752897927,-0.008790620886058614,0.11290184318442235,24,2022-08-19,2022-12-26,0.6,-0.4117991170858898,-0.36473913226364374,0.4666666666666667,0.29238045832330667,0.2504346798550082,-0.7041795754091964,-0.615173812118652
E1,2022-12-30,Norwich,Reading,home,2022,8,5.2045246603824245,5.712679920583522,0.35484283080966317,0.48293963254593175,Norwich,Reading,24,2022-08-19,2022-12-26,0.4,-0.7214296898184424,-0.2683015310296174,0.5333333333333333,0.853770790334545,1.0486139441519813,-1.5752004801529873,-1.3169154751815988,24,2022-08-20,2022-12-27,0.6,-1.233335548716427,-1.3596764399274928,0.4666666666666667,0.21016627464445053,0.018667915041251367,-1.4435018233608776,-1.3783443549687442
E1,2022-12-30,Swansea,Watford,away,2022,2,5.194400559018543,4.742271085425795,-0.12316930171796431,0.44908616187989553,Watford,Swansea,23,2022-08-20,2022-12-26,0.6,1.3274958252044453,1.008681152638729,0.4666666666666667,0.7091421358178008,0.36715494777435204,0.6183536893866445,0.6415262048643768,24,2022-08-20,2022-12-27,0.8,-0.10781188026102022,0.20901816697823072,0.4666666666666667,-0.7715492074559996,-0.6176052462639718,0.6637373271949795,0.8266234132422026
E1,2022-12-30,Swansea,Watford,home,2022,4,5.382197924785529,5.3036925527444785,0.12316930171796431,0.44908616187989553,Swansea,Watford,24,2022-08-20,2022-12-27,0.2,0.3086401229166844,0.30089827063543045,0.5333333333333333,1.6163924200328608,1.5577270970591008,-1.3077522971161764,-1.2568288264236704,23,2022-08-20,2022-12-26,0.4,0.9836788023605066,1.3522927673834741,0.5333333333333333,0.003300941199172236,0.5272902098312492,0.9803778611613344,0.825002557552225
E1,2023-01-01,Blackburn,Cardiff,away,2022,9,3.668146608413569,4.240263858800723,-0.09550653954333221,0.44415584415584414,Cardiff,Blackburn,25,2022-08-27,2022-12-29,0.6,-1.4331121160408629,-1.3119330779129297,0.5333333333333333,0.9231628019846294,0.8977927143213358,-2.356274918025492,-2.2097257922342655,25,2022-08-27,2022-12-29,0.6,0.6341931622268154,0.524854429932129,0.4666666666666667,0.6974496517964411,0.5618399522661671,-0.0632564895696257,-0.03698552233403807
E1,2023-01-01,Blackburn,Cardiff,home,2022,3,5.386222556517657,5.250841294998354,0.09550653954333221,0.44415584415584414,Blackburn,Cardiff,25,2022-08-27,2022-12-29,0.4,-2.0887945415409765,-2.22241455508912,0.5333333333333333,-0.5442262131355882,-0.47800150935918423,-1.5445683284053884,-1.7444130457299358,25,2022-08-27,2022-12-29,0.4,0.5124662213093726,0.48093558032393896,0.4666666666666667,-0.24436216484200637,-0.4179629551069343,0.7568283861513789,0.8988985354308733
E1,2023-01-01,Blackpool,Sunderland,away,2022,5,5.289787771661057,5.118175247114491,0.06495082386000767,0.4842105263157894,Sunderland,Blackpool,25,2022-08-27,2022-12-29,0.6,0.05418883044780447,-0.4127476881890869,0.4666666666666667,-0.6488187443816119,-0.5672294201460386,0.7030075748294163,0.1544817319569517,24,2022-08-27,2022-12-29,0.6,1.5634625054867235,1.5539598060037116,0.4666666666666667,1.3383890945122034,1.300360801186342,0.22507341097452005,0.25359900481736974
E1,2023-01-01,Blackpool,Sunderland,home,2022,1,5.241044391079341,4.89972463839206,-0.06495082386000767,0.4842105263157894,Blackpool,Sunderland,24,2022-08-27,2022-12-29,0.4,0.5949562402853104,0.4985163627404985,0.5333333333333333,0.20296860060076735,0.18784901235421286,0.391987639684543,0.3106673503862856,25,2022-08-27,2022-12-29,0.4,-0.5022862040062062,-0.20713698140275572,0.5333333333333333,0.4865868974900506,0.703863318206588,-0.9888731014962567,-0.9110002996093437
E1,2023-01-01,Coventry,Bristol City,away,2022,11,3.9311684291973394,4.135045070324008,-0.22859356838434713,0.4855643044619423,Bristol City,Coventry,24,2022-08-21,2022-12-29,0.6,0.9604336642745019,0.9213182760730907,0.5333333333333333,0.6447438394375306,0.3693562369524469,0.3156898248369714,0.5519620391206438,24,2022-09-03,2022-12-29,0.4,-2.5782566165915863,-2.478308182502803,0.4666666666666667,2.023235797733418,1.812155470608075,-4.601492414325005,-4.290463653110878
E1,2023-01-01,Coventry,Bristol City,home,2022,6,6.215757082310231,5.8016109157492775,0.22859356838434713,0.4855643044619423,Coventry,Bristol City,24,2022-09-03,2022-12-29,0.6,1.2413651856117716,1.36872976748706,0.5333333333333333,-1.810856076826597,-1.4652040006147034,3.0522212624383687,2.8339337681017636,24,2022-08-21,2022-12-29,0.4,-1.4018358601221166,-0.9115326793685294,0.4666666666666667,0.04163108034797792,0.5807794512951749,-1.4434669404700946,-1.4923121306637044
E1,2023-01-01,Huddersfield,Luton,away,2022,1,4.3622151241741305,4.793034288646828,0.07052101164500807,0.43152454780361754,Luton,Huddersfield,23,2022-08-20,2022-12-29,0.4,1.7132275588737493,2.063171425532319,0.5333333333333333,0.792449094598029,0.7709843054567258,0.9207784642757203,1.292187120075593,23,2022-08-27,2022-12-29,0.4,2.1856536264129014,1.923796401317181,0.4666666666666667,-0.29928501704915716,-0.633906066165692,2.4849386434620584,2.557702467482873
E1,2023-01-01,Huddersfield,Luton,home,2022,1,5.152705042011197,4.860494135521566,-0.07052101164500807,0.43152454780361754,Huddersfield,Luton,23,2022-08-27,2022-12-29,0.6,-2.4693342577595687,-2.053928495005734,0.5333333333333333,0.15752881845600203,0.33219072992272525,-2.626863076215571,-2.3861192249284593,23,2022-08-20,2022-12-29,0.6,-1.363811189547746,-0.9032839208167603,0.4666666666666667,0.7632827937265365,0.9970911293834028,-2.127093983274283,-1.900375050200163
E1,2023-01-01,Millwall,Rotherham,away,2022,1,3.1348947120013215,3.5220547572878407,-0.44653407001868567,0.4581151832460733,Rotherham,Millwall,25,2022-08-31,2022-12-29,0.4,-0.4559970193229888,-0.4207653862189102,0.4666666666666667,-1.2701940038992354,-1.1970642612446762,0.8141969845762467,0.776298875025766,23,2022-08-16,2022-12-29,0.6,-1.5299638281094083,-1.8136120549983488,0.4666666666666667,-0.943978513831424,-0.8238104284130927,-0.5859853142779844,-0.9898016265852561
E1,2023-01-01,Millwall,Rotherham,home,2022,10,6.24620376297966,6.301718292158966,0.44653407001868567,0.4581151832460733,Millwall,Rotherham,23,2022-08-16,2022-12-29,0.4,0.2024137296215848,0.30610558950794553,0.5333333333333333,-0.42484774643324436,-0.5915031085554716,0.6272614760548292,0.8976086980634171,25,2022-08-31,2022-12-29,0.6,-0.6637743717261708,0.018080211521853507,0.5333333333333333,0.6853234141987096,0.9488992598031932,-1.3490977859248803,-0.9308190482813398
E1,2023-01-02,Birmingham,Middlesbrough,away,2022,8,5.470037131179657,5.26292091662432,0.10834375049448558,0.45052083333333337,Middlesbrough,Birmingham,25,2022-08-27,2022-12-29,0.4,-0.7152337060710631,-0.4882367897701684,0.5333333333333333,0.02679131289075792,0.43278129929276055,-0.7420250189618209,-0.9210180890629289,25,2022-08-27,2022-12-30,0.4,-1.0850841853557396,-0.9122707240296105,0.5333333333333333,-0.4894339900680997,-0.43458130459408456,-0.5956501952876398,-0.47768941943552595
E1,2023-01-02,Birmingham,Middlesbrough,home,2022,9,3.9949621013916667,4.382945488965924,-0.10834375049448558,0.45052083333333337,Birmingham,Middlesbrough,25,2022-08-27,2022-12-30,0.6,-1.503115530168945,-1.449518597244288,0.4666666666666667,0.8477507853572555,0.9517216033556253,-2.3508663155262006,-2.401240200599913,25,2022-08-27,2022-12-29,0.6,-0.4921817166136416,-0.6089118672746683,0.4666666666666667,-0.6958192625271081,-0.8189037033898848,0.20363754591346656,0.20999183611521655
E1,2023-01-02,Norwich,Watford,away,2022,3,4.704773804825751,4.384589560050856,-0.24066717922432943,0.4842105263157894,Watford,Norwich,24,2022-08-27,2022-12-30,0.4,0.2167188780296973,0.14042659717356915,0.5333333333333333,0.8321438295067689,0.4528323452279715,-0.6154249514770715,-0.31240574805440235,25,2022-08-27,2022-12-30,0.4,0.7514944780599832,0.7307621463179939,0.5333333333333333,0.0906805596643429,0.09025629831230078,0.6608139183956403,0.6405058480056931
E1,2023-01-02,Norwich,Watford,home,2022,8,5.853707238087406,5.706164682413033,0.24066717922432943,0.4842105263157894,Norwich,Watford,25,2022-08-27,2022-12-30,0.6,-0.6401247614363351,-0.42660198879424005,0.4666666666666667,1.1052384377435638,1.3145199054347014,-1.745363199179899,-1.7411218942289415,24,2022-08-27,2022-12-30,0.6,1.1024161260689278,1.362424584289529,0.4666666666666667,-0.2167640405212542,0.31655694889831165,1.319180166590182,1.0458676353912173
E1,2023-01-02,QPR,Sheffield United,away,2022,6,5.050134743825454,5.110208838809863,0.10458018897837529,0.44791666666666663,Sheffield United,QPR,25,2022-08-26,2022-12-29,0.4,-0.6354330293171448,-0.6044453734789326,0.4666666666666667,0.44433007288728965,0.6143794868927192,-1.0797631022044345,-1.2188248603716518,25,2022-08-27,2022-12-29,0.6,-2.1384859297874073,-2.058177629820652,0.5333333333333333,0.6358182577784952,0.6700521516186756,-2.7743041875659022,-2.7282297814393277
E1,2023-01-02,QPR,Sheffield United,home,2022,8,5.352720915228472,4.863992706580397,-0.10458018897837529,0.44791666666666663,QPR,Sheffield United,25,2022-08-27,2022-12-29,0.4,-0.2606513641801042,-0.04712131424328323,0.4666666666666667,1.0598045620647119,0.954576565901801,-1.3204559262448161,-1.0016978801450842,25,2022-08-26,2022-12-29,0.6,0.6084002862871969,0.9287176464561954,0.5333333333333333,0.9261349048402043,1.0270132587703167,-0.31773461855300744,-0.09829561231412132
E1,2023-01-02,Stoke,Preston,away,2022,7,4.530609777148267,4.438306057566027,-0.17223858278529686,0.4352331606217616,Preston,Stoke,24,2022-08-20,2022-12-29,0.6,-1.957521302357105,-2.1862681812306524,0.4666666666666667,-0.8060690494756109,-0.8032786401701171,-1.151452252881494,-1.3829895410605353,25,2022-08-27,2022-12-30,0.6,-0.49141950769899656,-0.11129836588615571,0.5333333333333333,0.9706716323320179,1.1401042488558095,-1.4620911400310144,-1.2514026147419652
E1,2023-01-02,Stoke,Preston,home,2022,4,5.714010976795409,5.5159397329359265,0.17223858278529686,0.4352331606217616,Stoke,Preston,25,2022-08-27,2022-12-30,0.4,-1.0649503717844433,-0.7831787706747952,0.4666666666666667,1.150561064127456,1.1763437256638132,-2.2155114359118993,-1.9595224963386084,24,2022-08-20,2022-12-29,0.4,-0.17704097240159716,-0.0036753021802832463,0.5333333333333333,0.6174058600349156,0.7119949731676987,-0.7944468324365128,-0.7156702753479819
E1,2023-01-02,West Brom,Reading,away,2022,3,3.8464776696165215,3.875318311375699,-0.3826132057802303,0.49473684210526314,Reading,West Brom,25,2022-08-27,2022-12-30,0.4,0.8487495283708867,0.8565551039095045,0.4666666666666667,-0.33510465743017187,-0.26921060237337296,1.1838541858010585,1.1257657062828774,24,2022-08-20,2022-12-29,0.6,2.0517935226509247,1.6893475891698135,0.4666666666666667,0.20731738030528893,-0.08785740713151681,1.8444761423456357,1.7772049963013303
E1,2023-01-02,West Brom,Reading,home,2022,6,6.989286511489331,6.401590415458069,0.3826132057802303,0.49473684210526314,West Brom,Reading,24,2022-08-20,2022-12-29,0.4,0.28182302033524903,0.7995591714588703,0.5333333333333333,0.9162669355477886,1.2010533207103415,-0.6344439152125396,-0.4014941492514712,25,2022-08-27,2022-12-30,0.6,-1.1461373161639512,-1.2220127624241983,0.5333333333333333,0.2647907518715706,0.015537327696950895,-1.4109280680355218,-1.2375500901211491
E1,2023-01-02,Wigan,Hull,away,2022,5,3.5620112065944984,4.250571363827989,-0.06121964850770567,0.4581151832460733,Hull,Wigan,24,2022-08-27,2022-12-30,0.6,1.640129731290579,1.9109593686588724,0.5333333333333333,0.6381369987408994,0.7548732158161701,1.0019927325496796,1.1560861528427022,24,2022-08-30,2022-12-29,0.4,0.11385903870280645,-0.29532306110224305,0.5333333333333333,-0.05057456896700409,-0.21465674127943934,0.16443360766981052,-0.0806663198228037
E1,2023-01-02,Wigan,Hull,home,2022,7,4.67738801820827,4.9337481749754,0.06121964850770567,0.4581151832460733,Wigan,Hull,24,2022-08-30,2022-12-29,0.6,1.596604315174373,1.546328883370113,0.4666666666666667,-0.7751809491393141,-0.896252079024564,2.371785264313687,2.4425809623946773,24,2022-08-27,2022-12-30,0.4,1.055642104250442,0.8439125719866641,0.4666666666666667,-0.6742555881775011,-0.8000562597875815,1.7298976924279432,1.6439688317742456
E1,2023-01-14,Bristol City,Birmingham,away,2022,2,4.93034479478107,4.640253957830674,-0.13239074550128538,0.4450261780104712,Birmingham,Bristol City,26,2022-08-30,2023-01-02,0.6,-0.717332856612502,-0.8261227920042055,0.5333333333333333,1.1101107914216322,1.216091929518863,-1.827443648034134,-2.0422147215230684,25,2022-08-27,2023-01-01,0.6,-0.8051871336794225,-0.38161588483380926,0.4666666666666667,-0.3862215674672458,0.1908688686256154,-0.41896556621217673,-0.5724847534594246
E1,2023-01-14,Bristol City,Birmingham,home,2022,5,4.80872997173298,5.115452281255658,0.13239074550128538,0.4450261780104712,Bristol City,Birmingham,25,2022-08-27,2023-01-01,0.4,2.5946499210765146,2.457963614918821,0.5333333333333333,0.4370634047580288,0.19265132565564055,2.157586516318486,2.2653122892631807,26,2022-08-30,2023-01-02,0.4,-0.2077254308551531,-0.04097648680028474,0.4666666666666667,-0.6964575651441626,-0.6337551688106366,0.48873213428900947,0.5927786820103519
E1,2023-01-14,Cardiff,Wigan,away,2022,3,4.24235195925274,4.2227140329727675,-0.244130111098385,0.41902313624678666,Wigan,Cardiff,25,2022-09-03,2023-01-02,0.6,1.358595849459122,1.3529446962013174,0.4666666666666667,-0.44692223499816336,-0.6045376668819339,1.8055180844572853,1.9574823630832512,26,2022-08-30,2023-01-01,0.6,0.1604217286534472,0.22701221154205237,0.4666666666666667,-0.12641761109689223,-0.30490232250715016,0.28683933975033943,0.5319145340492025
E1,2023-01-14,Cardiff,Wigan,home,2022,3,6.180387838670123,5.82351452720633,0.244130111098385,0.41902313624678666,Cardiff,Wigan,26,2022-08-30,2023-01-01,0.4,-0.27293654205748297,-0.38493953399660386,0.5333333333333333,0.6821285369406922,0.6987975828659309,-0.9550650789981752,-1.0837371168625347,25,2022-09-03,2023-01-02,0.4,0.46721542691352613,0.06724760053934756,0.5333333333333333,0.0449005630329346,-0.09741472988015645,0.42231486388059153,0.164662330419504
E1,2023-01-14,Hull,Huddersfield,away,2022,4,4.218910094542444,4.213032766477504,-0.24507081415784082,0.41687979539641945,Huddersfield,Hull,24,2022-08-31,2023-01-01,0.6,-2.619282178497656,-2.2437062960740812,0.5333333333333333,-0.21951102959083532,0.010155129712421888,-2.3997711489068205,-2.253861425786503,25,2022-08-30,2023-01-02,0.6,1.232185384705116,0.9800600285299513,0.4666666666666667,-0.46648972842795255,-0.6221391187284254,1.6986751131330686,1.6021991472583768
E1,2023-01-14,Hull,Huddersfield,home,2022,4,6.3354510017012595,5.876464375267854,0.24507081415784082,0.41687979539641945,Hull,Huddersfield,25,2022-08-30,2023-01-02,0.4,2.1802215901839106,2.2940310506524884,0.5333333333333333,0.6578181902891787,0.7859975127993105,1.522403399894732,1.5080335378531777,24,2022-08-31,2023-01-01,0.4,0.1419121377247919,-0.08751430174570238,0.4666666666666667,0.18445732866388365,-0.14168667212490274,-0.04254519093909176,0.05417237037920036
E1,2023-01-14,Luton,West Brom,away,2022,9,4.834863479624734,4.967403825810026,0.06946696024583221,0.42783505154639173,West Brom,Luton,25,2022-08-27,2023-01-02,0.6,0.1903933414008856,0.7653421703543148,0.4666666666666667,0.517921248608742,0.8166990029713381,-0.3275279072078564,-0.051356832617023285,24,2022-08-26,2023-01-01,0.6,-1.943675787329545,-1.5182038717410138,0.4666666666666667,0.5397715442046739,0.8136207161088223,-2.4834473315342187,-2.331824587849836
E1,2023-01-14,Luton,West Brom,home,2022,2,5.711775938283412,5.041504168577339,-0.06946696024583221,0.42783505154639173,Luton,West Brom,24,2022-08-26,2023-01-01,0.4,-0.7113684157980458,-0.4421095615680624,0.5333333333333333,1.3554581838903235,1.3307035989281788,-2.066826599688369,-1.7728131604962412,25,2022-08-27,2023-01-02,0.4,1.603230516565418,1.3683270855981846,0.5333333333333333,0.4188865528743924,0.07601098783096986,1.1843439636910256,1.2923160977672148
E1,2023-01-14,Middlesbrough,Millwall,away,2022,3,4.3418238229499515,4.266961513805588,-0.23797951619687166,0.44155844155844154,Millwall,Middlesbrough,24,2022-08-19,2023-01-01,0.6,1.4999304667438393,1.5828232147281072,0.5333333333333333,-0.7719766302004187,-0.9302522565670273,2.271907096944258,2.513075471295134,26,2022-08-30,2023-01-02,0.6,0.8634054954551521,0.7417531045826143,0.5333333333333333,-0.809635586522118,-0.9594727268387337,1.67304108197727,1.7012258314213482
E1,2023-01-14,Middlesbrough,Millwall,home,2022,6,5.693957508714202,5.645348811826697,0.23797951619687166,0.44155844155844154,Middlesbrough,Millwall,26,2022-08-30,2023-01-02,0.4,-0.08255206013018554,0.1611555102686097,0.4666666666666667,-0.14509370179675998,0.2635765651254779,0.06254164166657444,-0.1024210548568682,24,2022-08-19,2023-01-01,0.4,-1.4089420050831236,-1.7241798379878621,0.4666666666666667,-1.2047007624096173,-1.0877030329500088,-0.2042412426735063,-0.6364768050378533
E1,2023-01-14,Preston,Norwich,away,2022,7,6.293159929876723,5.4184139027997595,0.054219864035815024,0.44155844155844154,Norwich,Preston,26,2022-08-30,2023-01-02,0.6,0.14371342329331077,0.45941914437362075,0.5333333333333333,0.847726325572203,1.0429296926248501,-0.7040129022788921,-0.5835105482512294,25,2022-08-27,2023-01-02,0.6,0.026914321957507602,0.23019803488448626,0.5333333333333333,0.400856112027475,0.5120518299439993,-0.3739417900699674,-0.2818537950595131
E1,2023-01-14,Preston,Norwich,home,2022,4,4.279475480419514,4.581325127781317,-0.054219864035815024,0.44155844155844154,Preston,Norwich,25,2022-08-27,2023-01-02,0.4,-0.9156424923602093,-1.080086224275803,0.4666666666666667,-1.0770753167830445,-1.1216695147740898,0.16143282442283513,0.04158329049828691,26,2022-08-30,2023-01-02,0.4,0.537228789271642,0.5558207176714646,0.4666666666666667,-0.21450774486071605,-0.18304976999144554,0.7517365341323581,0.7388704876629101
E1,2023-01-14,Reading,QPR,away,2022,7,4.768153400065371,4.812593616649557,-0.0026197879685624925,0.4404145077720207,QPR,Reading,26,2022-08-30,2023-01-02,0.6,-0.028028179185917247,0.29392859354092254,0.4666666666666667,1.1777658597865577,1.0641839892179663,-1.2057940389724748,-0.7702553956770437,26,2022-08-30,2023-01-02,0.6,-1.0915005182495863,-1.0691448907565984,0.5333333333333333,0.3301342764615084,0.11077536746773298,-1.4216347947110948,-1.1799202582243313
E1,2023-01-14,Reading,QPR,home,2022,5,4.433293055125489,4.737483736674841,0.0026197879685624925,0.4404145077720207,Reading,QPR,26,2022-08-30,2023-01-02,0.4,0.39147487854391044,0.4043885331727318,0.4666666666666667,0.013180603649571647,0.04500319920443344,0.3782942748943388,0.35938533396829836,26,2022-08-30,2023-01-02,0.4,-1.2266792355292107,-1.21681071761979,0.5333333333333333,0.6689945817580594,0.7474173416340371,-1.89567381728727,-1.964228059253827
E1,2023-01-14,Rotherham,Blackburn,away,2022,2,4.3762207707392,4.954680592588747,0.15676872002950937,0.4543080939947781,Blackburn,Rotherham,26,2022-08-31,2023-01-01,0.6,-2.3836769220100953,-2.488754875542944,0.4666666666666667,-1.0551515531603437,-0.9979565569560582,-1.3285253688497516,-1.4907983185868858,26,2022-09-03,2023-01-01,0.6,-0.8121224535980087,-0.3398437248158409,0.5333333333333333,1.2615193596619048,1.5601014056835727,-2.0736418132599135,-1.8999451304994137
E1,2023-01-14,Rotherham,Blackburn,home,2022,4,5.191305928072846,4.719569761562678,-0.15676872002950937,0.4543080939947781,Rotherham,Blackburn,26,2022-09-03,2023-01-01,0.4,-0.9763291693505514,-0.9669551872352182,0.4666666666666667,-1.0273279655663663,-0.9633108862104655,0.050998796215814934,-0.003644301024752772,26,2022-08-31,2023-01-01,0.4,1.6659912719471521,1.339859681664498,0.5333333333333333,0.7621494791015022,0.6982912385778183,0.9038417928456499,0.6415684430866798
E1,2023-01-14,Sheffield United,Stoke,away,2022,6,4.431276996272698,4.131706879898759,-0.3439550140581068,0.4750656167979003,Stoke,Sheffield United,26,2022-08-31,2023-01-02,0.6,-1.8576181236558962,-1.4711550115792782,0.4666666666666667,1.3536918874043244,1.395410451245401,-3.2113100110602204,-2.8665654628246795,26,2022-08-30,2023-01-02,0.6,1.2316609989075962,1.5309654208165864,0.5333333333333333,0.9258947885375844,1.0726210206661557,0.3057662103700117,0.45834440015043065
E1,2023-01-14,Sheffield United,Stoke,home,2022,2,6.939683510500415,6.294541292263793,0.3439550140581068,0.4750656167979003,Sheffield United,Stoke,26,2022-08-30,2023-01-02,0.4,-0.3202599594346296,-0.23024225102312101,0.4666666666666667,0.153808733256979,0.2950977350899192,-0.47406869269160856,-0.5253399861130402,26,2022-08-31,2023-01-02,0.4,-0.0606871291482566,0.04841112303189057,0.5333333333333333,0.5415822245919361,0.7989682806304673,-0.6022693537401926,-0.7505571575985768
E1,2023-01-14,Sunderland,Swansea,away,2022,4,5.514426421234839,5.022028096409671,-0.025402921943748935,0.48293963254593175,Swansea,Sunderland,26,2022-08-31,2023-01-02,0.6,-0.6436561500959217,-0.5625691908138084,0.4666666666666667,1.6440373990229296,1.5780382242025157,-2.2876935491188513,-2.140607415016324,26,2022-08-31,2023-01-01,0.6,-2.018691290181539,-1.6465748078202318,0.5333333333333333,0.5700000654208867,0.7945220948599137,-2.5886913556024256,-2.4410969026801457
E1,2023-01-14,Sunderland,Swansea,home,2022,1,4.626752410009399,4.849956802816584,0.025402921943748935,0.48293963254593175,Sunderland,Swansea,26,2022-08-31,2023-01-01,0.4,0.6632628683766291,0.31790594575430386,0.4666666666666667,-1.1341212222680794,-1.0579728884506672,1.7973840906447085,1.375878834204971,26,2022-08-31,2023-01-02,0.4,-1.2974896683831418,-1.1127682249958442,0.5333333333333333,-0.6850034618968688,-0.5004217196355883,-0.612486206486273,-0.6123465053602558
E1,2023-01-14,Watford,Blackpool,away,2022,3,4.925661551250387,4.335060154980421,-0.31461132383261214,0.4934383202099738,Blackpool,Watford,25,2022-08-31,2023-01-01,0.6,-0.18749400840093838,-0.06874363053072514,0.4666666666666667,0.22227483344911012,0.14474062678357663,-0.40976884185004847,-0.21348425731430176,25,2022-08-30,2023-01-02,0.6,1.752124621092927,1.9848460007174544,0.5333333333333333,-0.27123026766660807,0.2762290709443945,2.023354888759535,1.70861692977306
E1,2023-01-14,Watford,Blackpool,home,2022,2,5.495852970706549,5.736604340921809,0.31461132383261214,0.4934383202099738,Watford,Blackpool,25,2022-08-30,2023-01-02,0.4,0.5155642599692876,0.35374766284797354,0.4666666666666667,0.8926646535258485,0.5879207693360858,-0.3771003935565609,-0.2341731064881123,25,2022-08-31,2023-01-01,0.4,0.8029740890809149,0.9236902044070984,0.5333333333333333,1.6450286079720036,1.5914482439012378,-0.8420545188910886,-0.6677580394941395
E1,2023-01-20,Sheffield United,Hull,away,2022,2,4.2590754951522785,4.028326654793192,-0.3746954695292776,0.48684210526315796,Hull,Sheffield United,26,2022-09-04,2023-01-14,0.6,1.591639911339846,1.7297091821557438,0.5333333333333333,0.5202149409295701,0.659380277773131,1.071424970410276,1.0703289043826127,27,2022-09-04,2023-01-14,0.6,2.1544553717241626,2.4594041959758988,0.5333333333333333,0.6755550728895021,0.8155399398708006,1.4789002988346605,1.6438642561050982
E1,2023-01-20,Sheffield United,Hull,home,2022,4,6.530828852222497,6.232516710622347,0.3746954695292776,0.48684210526315796,Sheffield United,Hull,27,2022-09-04,2023-01-14,0.4,-1.823588010914251,-1.72236109043088,0.4666666666666667,0.50430304339704,0.7140183677375342,-2.327891054311291,-2.436379458168414,26,2022-09-04,2023-01-14,0.4,0.793923329516996,0.6794208917896629,0.4666666666666667,-0.10131190430992293,-0.2879775630738337,0.8952352338269189,0.9673984548634966
E1,2023-01-21,Birmingham,Preston,away,2022,3,4.813945230490277,4.641674830420977,-0.10898422470180846,0.38059701492537307,Preston,Birmingham,26,2022-08-31,2023-01-14,0.6,-0.5273647612271324,-0.722747594585392,0.4666666666666667,-1.065455032561055,-1.1010618038506021,0.5380902713339226,0.3783142092652102,27,2022-09-03,2023-01-14,0.4,0.4385420119733041,0.5174029211411304,0.5333333333333333,-1.055568659606329,-0.9798199675498276,1.494110671579633,1.497222888690958
E1,2023-01-21,Birmingham,Preston,home,2022,5,5.30976067105219,5.250770614272878,0.10898422470180846,0.38059701492537307,Birmingham,Preston,27,2022-09-03,2023-01-14,0.6,-1.4582572112742103,-1.5503711613451503,0.4666666666666667,1.0536948488641449,1.16256747615761,-2.511952060138355,-2.71293863750276,26,2022-08-31,2023-01-14,0.4,0.8104425153260797,1.2050929644182404,0.5333333333333333,-0.022963247575736822,0.08521290034951594,0.8334057629018166,1.1198800640687245
E1,2023-01-21,Bristol City,Blackburn,away,2022,3,4.180019086751761,4.3573180912352445,-0.14568069517805415,0.4764397905759163,Blackburn,Bristol City,27,2022-09-03,2023-01-14,0.4,-2.2167608968140184,-2.4211132839669873,0.5333333333333333,-1.2903849710227766,-1.2394582268720786,-0.9263759257912418,-1.1816550570949087,26,2022-08-31,2023-01-14,0.4,-1.5962917478629628,-1.2854083999332937,0.4666666666666667,-0.27665057303325435,0.34390270236849196,-1.3196411748297083,-1.6293111023017857
E1,2023-01-21,Bristol City,Blackburn,home,2022,5,5.146522837364268,5.264800885406852,0.14568069517805415,0.4764397905759163,Bristol City,Blackburn,26,2022-08-31,2023-01-14,0.6,1.6981871886533568,1.590439743052033,0.5333333333333333,0.821098210218817,0.5630050561845169,0.8770889784345398,1.0274346868675162,27,2022-09-03,2023-01-14,0.6,1.8719029135495624,1.6695493845986369,0.4666666666666667,0.4807379529462696,0.4110832820564369,1.3911649606032928,1.2584661025422
E1,2023-01-21,Cardiff,Millwall,away,2022,4,4.247772306694341,4.750981523209555,0.0719296893069154,0.3875,Millwall,Cardiff,25,2022-08-27,2023-01-14,0.6,0.5633694941943844,0.6699380132279258,0.5333333333333333,-0.5656181392885744,-0.7083053485228092,1.128987633482959,1.378243361750735,27,2022-09-03,2023-01-14,0.4,-0.07255984108802949,-0.08402474017178356,0.5333333333333333,0.005999269386451219,-0.11666370271307488,-0.0785591104744807,0.032638962541291325
E1,2023-01-21,Cardiff,Millwall,home,2022,7,5.033695410607127,4.81825071356143,-0.0719296893069154,0.3875,Cardiff,Millwall,27,2022-09-03,2023-01-14,0.6,-1.3101490136049176,-1.3050176756017857,0.4666666666666667,0.8495341961200241,0.8291719737179679,-2.1596832097249417,-2.1341896493197536,25,2022-08-27,2023-01-14,0.4,-0.6807019145649281,-0.8989609169869123,0.4666666666666667,-1.3348403589347464,-1.2784814573386911,0.6541384443698183,0.37952054035177885
E1,2023-01-21,Coventry,Norwich,away,2022,6,6.126143490971939,5.328606982956755,0.03465813378039634,0.5026315789473684,Norwich,Coventry,27,2022-09-03,2023-01-14,0.6,0.6965775667789182,1.0009054050370696,0.5333333333333333,0.5541210003480702,0.8156318348753743,0.14245656643084803,0.18527357016169532,26,2022-09-17,2023-01-14,0.4,-1.2330840654607296,-1.177208215043334,0.4,1.7703322623563198,1.6220650657660252,-3.0034163278170496,-2.799273280809359
E1,2023-01-21,Coventry,Norwich,home,2022,4,4.942062984076052,4.854018458707688,-0.03465813378039634,0.5026315789473684,Coventry,Norwich,26,2022-09-17,2023-01-14,0.6,1.6434780511837666,1.8107561735648876,0.6,-1.5199974161261602,-1.210404897013304,3.163475467309927,3.0211610705781915,27,2022-09-03,2023-01-14,0.4,-0.009609970054014916,0.015661061105288355,0.4666666666666667,-0.15889426490611663,-0.16067520560766416,0.1492842948521017,0.17633626671295252
E1,2023-01-21,QPR,Swansea,away,2022,8,5.017110345624325,4.891931094196249,-0.006715124087353641,0.47368421052631576,Swansea,QPR,27,2022-09-03,2023-01-14,0.4,-1.4374850975846436,-1.1908694411056555,0.5333333333333333,1.913206232939225,1.8138333995039881,-3.3506913305238686,-3.0047028406096437,27,2022-09-03,2023-01-14,0.6,-1.4117321990814191,-1.3840467989912513,0.5333333333333333,0.5903589570728834,0.6310368868056307,-2.0020911561543024,-2.015083685796882
E1,2023-01-21,QPR,Swansea,home,2022,5,5.518442080687688,5.123901021459356,0.006715124087353641,0.47368421052631576,QPR,Swansea,27,2022-09-03,2023-01-14,0.4,1.1748875904595397,1.3328301601690002,0.4666666666666667,1.1592681885918663,1.1118612537382988,0.01561940186767341,0.22096890643070144,27,2022-09-03,2023-01-14,0.6,-1.6113440209240693,-1.65759054433576,0.4666666666666667,-1.2681910680049941,-1.0139618978216003,-0.3431529529190751,-0.6436286465141596
E1,2023-01-21,Stoke,Reading,away,2022,2,5.051151759389412,4.44487855264742,-0.2710543961399409,0.43782383419689114,Reading,Stoke,27,2022-09-04,2023-01-14,0.4,0.6830883641962529,0.6519683223674604,0.5333333333333333,-0.09356655353395524,-0.0921766767211326,0.7766549177302081,0.744144999088593,27,2022-09-04,2023-01-14,0.6,-1.4497587350617496,-1.165872371584784,0.5333333333333333,0.7808148053654503,1.0119236576499409,-2.2305735404272,-2.1777960292347247
E1,2023-01-21,Stoke,Reading,home,2022,6,5.248279861945089,5.553889661655946,0.2710543961399409,0.43782383419689114,Stoke,Reading,27,2022-09-04,2023-01-14,0.4,-1.5283847008013647,-1.1639905326783124,0.4666666666666667,0.9025067170801594,0.9790913351736168,-2.430891417881524,-2.1430818678519294,27,2022-09-04,2023-01-14,0.6,-0.4532722122359063,-0.46978440006881994,0.4666666666666667,0.44487847479947185,0.2646660684577846,-0.8981506870353781,-0.7344504685266046
E1,2023-01-21,Watford,Rotherham,away,2022,3,3.5803924407413423,3.689984348257389,-0.4467599157696062,0.5,Rotherham,Watford,27,2022-09-14,2023-01-14,0.4,-1.4196260101924467,-1.4866108630811035,0.4666666666666667,-0.7632334355431962,-0.704845116791648,-0.6563925746492505,-0.7817657462894555,26,2022-09-03,2023-01-14,0.6,1.2455008323390373,1.5288049762781961,0.5333333333333333,-0.3341982015091133,0.2023955209601315,1.5796990338481507,1.3264094553180645
E1,2023-01-21,Watford,Rotherham,home,2022,9,6.186748227060156,6.28111570384551,0.4467599157696062,0.5,Watford,Rotherham,26,2022-09-03,2023-01-14,0.4,-0.5780863704516538,-0.6516057887811758,0.4666666666666667,1.1786514507031443,0.8595695484107061,-1.7567378211547982,-1.511175337191882,27,2022-09-14,2023-01-14,0.6,-2.2220833458224107,-1.7752132589492464,0.5333333333333333,1.4959135072360588,1.7803389655904842,-3.7179968530584695,-3.5555522245397304
E1,2023-01-21,Wigan,Luton,away,2022,1,3.677200607006324,4.481003319052654,0.05079711585670177,0.4215938303341903,Luton,Wigan,25,2022-08-30,2023-01-14,0.4,-2.352830932730634,-2.1479906731894314,0.5333333333333333,1.686188809235037,1.7338535586848083,-4.039019741965671,-3.88184423187424,26,2022-09-13,2023-01-14,0.4,0.18975125122116765,-0.14078361338919035,0.5333333333333333,-0.2639285539486898,-0.43580128025379267,0.45367980516985745,0.2950176668646023
E1,2023-01-21,Wigan,Luton,home,2022,3,4.951469507048004,4.828223509955105,-0.05079711585670177,0.4215938303341903,Wigan,Luton,26,2022-09-13,2023-01-14,0.6,1.2931176482131999,1.3165819735101132,0.4666666666666667,-0.5089673728182916,-0.6599410855174165,1.8020850210314916,1.9765230590275298,25,2022-08-30,2023-01-14,0.6,-1.2040016908817899,-0.7534634864617586,0.4666666666666667,0.3221012799993313,0.5736802108981973,-1.5261029708811211,-1.327143697359956
E1,2023-01-22,Sunderland,Middlesbrough,away,2022,8,5.772381744964106,5.258203058376748,0.05507915567282329,0.47244094488188976,Middlesbrough,Sunderland,27,2022-09-05,2023-01-14,0.4,0.7272950687852795,0.8536096190710765,0.5333333333333333,-0.4981050053599711,-0.08044127306244521,1.2254000741452507,0.9340508921335217,27,2022-09-05,2023-01-14,0.6,-2.215148951065004,-1.8048793451151077,0.5333333333333333,0.7462724934234887,0.9989821593788583,-2.9614214444884928,-2.803861504493966
E1,2023-01-22,Sunderland,Middlesbrough,home,2022,4,3.5937482289274487,4.307439297020933,-0.05507915567282329,0.47244094488188976,Sunderland,Middlesbrough,27,2022-09-05,2023-01-14,0.4,-0.341355085787454,-0.5980422561055022,0.4666666666666667,-0.7645385625094522,-0.7639785547734247,0.4231834767219982,0.16593629866792248,27,2022-09-05,2023-01-14,0.6,1.0536703161742305,0.922121854902521,0.4666666666666667,-0.8080186632077223,-0.918421826606051,1.8616889793819529,1.840543681508572
E1,2023-01-28,Coventry,Huddersfield,away,2022,3,4.110144262898276,4.068318121430532,-0.31446315576933725,0.4569190600522194,Huddersfield,Coventry,25,2022-09-04,2023-01-14,0.6,-2.0540144253350383,-1.7315326982305173,0.5333333333333333,-0.5323262548730164,-0.3398998669219607,-1.521688170462022,-1.3916328313085566,27,2022-10-01,2023-01-21,0.4,-0.7079673729544963,-0.4567085314157193,0.3333333333333333,1.4915030969737615,1.3404230864278053,-2.199470469928258,-1.7971316178435246
E1,2023-01-28,Coventry,Huddersfield,home,2022,6,5.793221134154998,5.843423731282273,0.31446315576933725,0.4569190600522194,Coventry,Huddersfield,27,2022-10-01,2023-01-21,0.6,0.32728102406811904,0.5582462038184169,0.6666666666666666,-1.0677494666110785,-0.7812729836159866,1.3950304906791975,1.3395191874344037,25,2022-09-04,2023-01-14,0.4,-0.8405694119949987,-1.0960177577542731,0.4666666666666667,0.4339451773464836,0.17199667670564783,-1.2745145893414822,-1.268014434459921
E1,2023-01-28,Hull,QPR,away,2022,5,4.935380772678672,4.808292861953557,-0.03760761214318076,0.4569190600522194,QPR,Hull,28,2022-09-14,2023-01-21,0.6,1.2566470666725555,1.4418204918096698,0.4666666666666667,1.1370217804758946,1.1090492720096714,0.11962528619666091,0.33277121979999835,27,2022-09-13,2023-01-20,0.6,0.4247360573532424,0.37278269074511206,0.4666666666666667,0.1794833885173573,-0.020064547043001882,0.2452526688358851,0.3928472377881139
E1,2023-01-28,Hull,QPR,home,2022,4,5.594225391033582,5.207933288775127,0.03760761214318076,0.4569190600522194,Hull,QPR,27,2022-09-13,2023-01-20,0.4,0.9683698013814108,1.0054074654130596,0.5333333333333333,0.43993724788295835,0.6403470719639164,0.5284325534984524,0.3650603934491432,28,2022-09-14,2023-01-21,0.4,-0.6313275737639786,-0.5376984714013074,0.5333333333333333,0.4324481973371707,0.48335743764178307,-1.0637757711011493,-1.0210559090430906
E1,2023-01-28,Middlesbrough,Watford,away,2022,5,4.761785207416447,4.378407617847579,-0.2558495748164581,0.46214099216710186,Watford,Middlesbrough,27,2022-09-13,2023-01-21,0.6,-1.2700576664551955,-1.2727772788273302,0.4666666666666667,1.5196805691156146,1.1866454195380824,-2.78973823557081,-2.4594226983654126,28,2022-09-13,2023-01-22,0.6,1.446541629722875,1.1581046906434669,0.5333333333333333,-1.029560623176915,-1.1449368427276467,2.47610225289979,2.303041533371114
E1,2023-01-28,Middlesbrough,Watford,home,2022,9,6.408843913407154,5.9239565218523795,0.2558495748164581,0.46214099216710186,Middlesbrough,Watford,28,2022-09-13,2023-01-22,0.4,1.9670856786040687,2.1149094974135054,0.4666666666666667,-0.5054676734189153,-0.14882390700385878,2.472553352022984,2.2637334044173643,27,2022-09-13,2023-01-21,0.4,0.7244656670159221,0.9055269966543735,0.5333333333333333,-0.0034633308367698844,0.49737441919194725,0.7279289978526919,0.4081525774624263
E1,2023-01-31,Luton,Cardiff,away,2022,2,4.395651337981536,4.265567687955658,-0.25050479287551275,0.4143222506393862,Cardiff,Luton,28,2022-09-13,2023-01-21,0.6,-0.5066500366506936,-0.4906932717381423,0.5333333333333333,0.5748703817589677,0.5814522273516158,-1.0815204184096614,-1.072145499089758,26,2022-09-03,2023-01-21,0.6,-0.8456569616330851,-0.49758431728497354,0.4666666666666667,0.10624909435475818,0.37842156597299365,-0.9519060559878433,-0.8760058832579671
E1,2023-01-31,Luton,Cardiff,home,2022,13,6.2165961943257075,5.849309618850817,0.25050479287551275,0.4143222506393862,Luton,Cardiff,26,2022-09-03,2023-01-21,0.4,-2.4296414688228305,-2.410430283918938,0.5333333333333333,1.6708921019850478,1.7553404457454482,-4.100533570807878,-4.165770729664386,28,2022-09-13,2023-01-21,0.4,-0.5801526496435659,-0.643502592790667,0.4666666666666667,0.30051756858427014,0.13433883865537624,-0.8806702182278361,-0.7778414314460432
E1,2023-02-03,West Brom,Coventry,away,2022,4,3.8658406202527047,4.009280649540054,-0.2958881079692716,0.47244094488188976,Coventry,West Brom,28,2022-10-04,2023-01-28,0.8,-0.16095407917533003,0.004335787719246564,0.6,-0.731065615302522,-0.45632065756331674,0.570111536127192,0.46065644528256333,27,2022-09-14,2023-01-20,0.6,1.8096841511414055,1.8657505621846766,0.4666666666666667,0.7501409239071669,0.37877731093797634,1.0595432272342387,1.4869732512467002
E1,2023-02-03,West Brom,Coventry,home,2022,10,7.336805195793253,6.3051450566891845,0.2958881079692716,0.47244094488188976,West Brom,Coventry,27,2022-09-14,2023-01-20,0.4,2.40438198845926,2.5805563225597745,0.5333333333333333,0.2501589422876995,0.7829478416396459,2.154223046171561,1.7976084809201285,28,2022-10-04,2023-01-28,0.2,0.12640883174519962,0.2199805499143684,0.4,1.0783279055734698,0.9804095254869123,-0.9519190738282701,-0.7604289755725439
E1,2023-02-04,Huddersfield,QPR,away,2022,4,4.432119896755354,4.842361968585262,0.08305340812292061,0.4143222506393862,QPR,Huddersfield,29,2022-09-17,2023-01-28,0.6,0.920261241806768,1.1797793750378374,0.4666666666666667,1.2659894863768242,1.2364361414916252,-0.34572824457005613,-0.05665676645378781,26,2022-09-13,2023-01-28,0.6,-2.0538352894175085,-2.2296508532877803,0.4666666666666667,0.96157380828311,0.7141006309332452,-3.0154090977006183,-2.9437514842210257
E1,2023-02-04,Huddersfield,QPR,home,2022,8,4.575865256516763,4.640358699406329,-0.08305340812292061,0.4143222506393862,Huddersfield,QPR,26,2022-09-13,2023-01-28,0.4,-2.6809999550895407,-2.4304774324889684,0.5333333333333333,-0.7696326930071116,-0.5242148317879799,-1.9113672620824291,-1.9062626007009884,29,2022-09-17,2023-01-28,0.4,0.01839836959870862,0.09374606622272079,0.5333333333333333,0.13358191127780555,0.21111269044919165,-0.11518354167909693,-0.11736662422647086
E1,2023-02-04,Hull,Cardiff,away,2022,7,4.187330841227623,4.317291162682914,-0.1721722105990518,0.41902313624678666,Cardiff,Hull,29,2022-09-17,2023-01-31,0.4,-0.017209282677597228,-0.07077561395022017,0.6,0.30674355146240423,0.3489300945671229,-0.3239528341400015,-0.419705708517343,28,2022-09-17,2023-01-28,0.6,-0.31034126658741334,-0.3255987168775668,0.4666666666666667,0.3346643746339681,0.14527747173561725,-0.6450056412213814,-0.47087618861318403
E1,2023-02-04,Hull,Cardiff,home,2022,3,6.187980576060195,5.6723346394890175,0.1721722105990518,0.41902313624678666,Hull,Cardiff,28,2022-09-17,2023-01-28,0.4,-0.42483499921287093,-0.3319835517319589,0.5333333333333333,0.6754603359139241,0.8687154317395281,-1.100295335126795,-1.200698983471487,29,2022-09-17,2023-01-31,0.6,0.4272184411612393,0.48625293905804856,0.4,0.2570905215563676,0.051588914607387494,0.17012791960487172,0.43466402445066105
E1,2023-02-04,Luton,Stoke,away,2022,5,4.906601158164591,4.621743774151797,-0.1385862442638791,0.4215938303341903,Stoke,Luton,28,2022-09-13,2023-01-21,0.6,-0.8833212883981479,-0.6760789850387636,0.4666666666666667,0.645613587911025,0.7724954485359291,-1.5289348763091728,-1.4485744335746928,27,2022-09-14,2023-01-31,0.6,-0.8317371977942857,-0.68280241548206,0.4666666666666667,-0.05914865707553023,0.30311302884061236,-0.7725885407187555,-0.9859154443226723
E1,2023-02-04,Luton,Stoke,home,2022,7,6.362759721642508,5.657057069527923,0.1385862442638791,0.4215938303341903,Luton,Stoke,27,2022-09-14,2023-01-31,0.4,-1.1562064960374359,-1.1497128211115906,0.5333333333333333,1.5093493784671332,1.5923179970168844,-2.665555874504569,-2.742030818128475,28,2022-09-13,2023-01-21,0.4,-1.5671286044438502,-1.2233041985759152,0.5333333333333333,0.6673234913285045,0.9163472139870665,-2.2344520957723546,-2.1396514125629817
E1,2023-02-04,Middlesbrough,Blackpool,away,2022,7,4.035358338555993,3.821098465004513,-0.46584726979649405,0.5249343832020998,Blackpool,Middlesbrough,26,2022-09-04,2023-01-14,0.4,0.0353871185240374,0.24571420266573743,0.4666666666666667,-0.11375022935881353,-0.17842273271976197,0.14913734788285093,0.4241369353854994,29,2022-09-17,2023-01-28,0.6,0.21056356868366927,0.034429196024506406,0.5333333333333333,-0.546956773098372,-0.6704505867026403,0.7575203417820413,0.7048797827271468
E1,2023-02-04,Middlesbrough,Blackpool,home,2022,9,6.5699412820070835,6.460730520639959,0.46584726979649405,0.5249343832020998,Middlesbrough,Blackpool,29,2022-09-17,2023-01-28,0.4,1.9966568997357215,2.188525807633598,0.4666666666666667,-0.5024446118278633,-0.1511705507090774,2.499101511563585,2.3396963583426755,26,2022-09-04,2023-01-14,0.6,-0.051051900765888905,-0.01982824155207332,0.5333333333333333,1.675467048459374,1.6348716699413897,-1.726518949225263,-1.654699911493463
E1,2023-02-04,Millwall,Sunderland,away,2022,6,4.091704965617611,4.2362849645822065,-0.20131935840337545,0.43410852713178294,Sunderland,Millwall,28,2022-09-14,2023-01-22,0.6,-0.12312623329219799,-0.5196649744297701,0.4666666666666667,-0.927866368794182,-0.9379583862066162,0.8047401355019841,0.4182934117768461,26,2022-09-03,2023-01-21,0.6,-0.1044488060817275,-0.2544309757958497,0.4666666666666667,-1.1435455333577689,-1.1260286532158787,1.0390967272760414,0.871597677420029
E1,2023-02-04,Millwall,Sunderland,home,2022,5,5.429592478090678,5.476777587498568,0.20131935840337545,0.43410852713178294,Millwall,Sunderland,26,2022-09-03,2023-01-21,0.4,0.8724284248971823,0.8764134000987427,0.5333333333333333,-0.5356477119751148,-0.6542292210031986,1.4080761368722972,1.5306426211019413,28,2022-09-14,2023-01-22,0.4,-1.941080310985805,-1.5751563425745028,0.5333333333333333,1.0608171486110747,1.2744584840380528,-3.0018974595968797,-2.8496148266125556
E1,2023-02-04,Preston,Bristol City,away,2022,3,4.772911227256329,4.697255445612228,-0.06885449615906003,0.43782383419689114,Bristol City,Preston,27,2022-09-03,2023-01-21,0.6,2.161743103676285,1.969023449509016,0.5333333333333333,0.7345021149429769,0.5217702501839501,1.427240988733308,1.447253199325066,27,2022-09-03,2023-01-21,0.6,0.9339382734661952,1.2887093774962057,0.4666666666666667,-0.2936264402368035,-0.19302548180465148,1.2275647137029986,1.4817348593008572
E1,2023-02-04,Preston,Bristol City,home,2022,5,5.314205038705883,5.174586200541507,0.06885449615906003,0.43782383419689114,Preston,Bristol City,27,2022-09-03,2023-01-21,0.4,-0.7063271128828823,-0.8263480142403938,0.5333333333333333,-1.2585551755749667,-1.288460813655291,0.5522280626920844,0.46211279941489725,27,2022-09-03,2023-01-21,0.4,-1.3375761804210806,-1.1581825382096047,0.4666666666666667,-0.5513556692224779,0.04587792945688497,-0.7862205111986027,-1.2040604676664897
E1,2023-02-04,Reading,Watford,away,2022,4,5.404955312205814,5.110560619564001,0.0405858148876998,0.43041237113402064,Watford,Reading,28,2022-09-17,2023-01-28,0.4,-1.0687121538054893,-0.9045976616183097,0.5333333333333333,1.4051806832767713,1.0824401918057815,-2.4738928370822606,-1.9870378534240913,28,2022-09-14,2023-01-21,0.6,0.717586986736279,0.697635774678649,0.5333333333333333,0.01272008344068123,-0.1684326938825431,0.7048669032955978,0.8660684685611921
E1,2023-02-04,Reading,Watford,home,2022,4,4.850282484474352,4.811561788544571,-0.0405858148876998,0.43041237113402064,Reading,Watford,28,2022-09-14,2023-01-21,0.4,-0.39695632416297244,-0.3560899519508024,0.4666666666666667,0.11383373875480689,0.1291223620583701,-0.5107900629177793,-0.48521231400917253,28,2022-09-17,2023-01-28,0.6,0.16983938634563628,0.4082283479504598,0.4666666666666667,0.13311197143045952,0.6046081394633621,0.036727414915176754,-0.1963797915129023
E1,2023-02-04,Rotherham,Sheffield United,away,2022,5,5.426035436195215,5.782706356011212,0.36948714222587337,0.4894736842105264,Sheffield United,Rotherham,28,2022-09-13,2023-01-20,0.6,-2.3185798941933076,-1.9845082107142722,0.4666666666666667,0.8270332065960879,0.9671010235146469,-3.1456131007893955,-2.9516092342289193,28,2022-09-17,2023-01-21,0.6,-0.9743788641566609,-0.9280386905483511,0.6,1.2759961239246906,1.7050438259751952,-2.2503749880813517,-2.6330825165235465
E1,2023-02-04,Rotherham,Sheffield United,home,2022,3,4.9618334403608335,4.292249102027546,-0.36948714222587337,0.4894736842105264,Rotherham,Sheffield United,28,2022-09-17,2023-01-21,0.4,-1.5699643572651063,-1.5664775143894358,0.4,-0.747886286218098,-0.7126472632546352,-0.8220780710470083,-0.8538302511348006,28,2022-09-13,2023-01-20,0.4,0.983664985450153,1.3270871997195397,0.5333333333333333,0.7777841386147486,0.9325118272328112,0.20588084683540442,0.39457537248672847
E1,2023-02-04,Swansea,Birmingham,away,2022,3,3.990529816948221,4.058117428035064,-0.2933050124600693,0.4581151832460733,Birmingham,Swansea,28,2022-09-14,2023-01-21,0.6,-0.49969417412344497,-0.5223271771210676,0.5333333333333333,0.5945808982309896,0.668137480442201,-1.0942750723544346,-1.1904646575632687,28,2022-09-13,2023-01-21,0.6,-1.6450742574679176,-1.6450255492203851,0.5333333333333333,-1.2519409052020112,-0.9846321007084629,-0.3931333522659064,-0.6603934485119223
E1,2023-02-04,Swansea,Birmingham,home,2022,1,4.907949545243637,5.469688893840773,0.2933050124600693,0.4581151832460733,Swansea,Birmingham,28,2022-09-13,2023-01-21,0.4,-0.40930613831846097,-0.20385405625235098,0.4666666666666667,1.6727040285539314,1.6192649312523537,-2.0820101668723923,-1.8231189875047047,28,2022-09-14,2023-01-21,0.4,-0.3940613706060942,-0.33001460873184385,0.4666666666666667,-0.7720903246626409,-0.6684703687805184,0.37802895405654674,0.3384557600486745
E1,2023-02-06,Blackburn,Wigan,away,2022,7,4.38321001562382,4.297985673675306,-0.22744719584146686,0.44531250000000006,Wigan,Blackburn,27,2022-09-17,2023-01-21,0.6,0.183848459560045,0.22428560622137095,0.5333333333333333,-0.36670712487543305,-0.4637798495049425,0.550555584435478,0.6880654557263135,28,2022-09-13,2023-01-21,0.6,1.7826923821933736,1.5803366619268888,0.5333333333333333,0.3145787541236532,0.2859549634653876,1.4681136280697205,1.294381698461501
E1,2023-02-06,Blackburn,Wigan,home,2022,7,5.353775019680961,5.502959135894782,0.22744719584146686,0.44531250000000006,Blackburn,Wigan,28,2022-09-13,2023-01-21,0.4,-2.1494441784170304,-2.323381978903346,0.4666666666666667,-1.312355196007361,-1.318687344532212,-0.8370889824096694,-1.0046946343711338,27,2022-09-17,2023-01-21,0.4,-0.3345149830146544,-0.6526280553586442,0.4666666666666667,-0.12229199887086392,-0.4069357681950333,-0.21222298414379046,-0.2456922871636109
E1,2023-02-07,Blackpool,Huddersfield,away,2022,7,4.639270051220425,4.534947771153764,-0.13666105081691027,0.41581632653061223,Huddersfield,Blackpool,27,2022-09-17,2023-02-04,0.6,-1.730764540841213,-1.5228200901865687,0.4666666666666667,-0.712740997391365,-0.5124736065100833,-1.018023543449848,-1.0103464836764853,27,2022-09-14,2023-02-04,0.6,0.8451979019083435,0.8660002008958644,0.5333333333333333,1.1664290315751138,1.1628048195592788,-0.32123112966677025,-0.29680461866341445
E1,2023-02-07,Blackpool,Huddersfield,home,2022,3,5.090255092530084,5.226970256995087,0.13666105081691027,0.41581632653061223,Blackpool,Huddersfield,27,2022-09-14,2023-02-04,0.4,0.1702771035961705,0.4722129616878624,0.4666666666666667,0.1483506337861988,0.11179228774114194,0.021926469809971677,0.3604206739467205,27,2022-09-17,2023-02-04,0.4,-1.4655205692528195,-1.6697438230950055,0.5333333333333333,0.6392627273061974,0.42525150387653643,-2.1047832965590167,-2.094995326971542
E1,2023-02-10,Birmingham,West Brom,away,2022,6,5.25969186475349,5.394715170854299,0.21198034267499,0.43896103896103894,West Brom,Birmingham,28,2022-09-17,2023-02-03,0.6,2.7761038423861963,3.14571157806863,0.4666666666666667,0.39844571395431105,0.9016869275988243,2.3776581284318854,2.244024650469806,29,2022-09-17,2023-02-04,0.4,-0.07481475604585733,-0.15727179962747223,0.4666666666666667,-1.0443880965038224,-0.963230056496618,0.9695733404579651,0.8059582568691457
E1,2023-02-10,Birmingham,West Brom,home,2022,5,5.252342876906065,4.642763482353294,-0.21198034267499,0.43896103896103894,Birmingham,West Brom,29,2022-09-17,2023-02-04,0.6,-0.08295919589166631,-0.15449811189271312,0.5333333333333333,0.4919350913080486,0.5788533219521015,-0.5748942871997149,-0.7333514338448146,28,2022-09-17,2023-02-03,0.4,1.1192519500714604,1.178372356888227,0.5333333333333333,1.0915301231978347,0.7111513611891456,0.027721826873625677,0.4672209956990814
E1,2023-02-11,Blackpool,Rotherham,away,2022,0,3.8750299629279135,4.238951166781735,-0.14819959646127578,0.47769028871391084,Rotherham,Blackpool,29,2022-10-01,2023-02-04,0.4,-1.4546044421309399,-1.4434585441656531,0.4666666666666667,-0.8763605375051436,-0.7896848767410892,-0.5782439046257962,-0.6537736674245639,28,2022-09-17,2023-02-07,0.4,0.24298416927669333,0.2632062872751183,0.5333333333333333,1.528476135387937,1.5396475323406713,-1.2854919661112436,-1.276441245065553
E1,2023-02-11,Blackpool,Rotherham,home,2022,4,5.870913862114632,5.519148605535924,0.14819959646127578,0.47769028871391084,Blackpool,Rotherham,28,2022-09-17,2023-02-07,0.6,-0.9957750843147677,-0.7099039249431225,0.4666666666666667,0.4061183493023982,0.3832039962598414,-1.401893433617166,-1.093107921202964,29,2022-10-01,2023-02-04,0.6,-0.5662812490423228,-0.6304235345402696,0.5333333333333333,1.0241153657861035,1.4448870903078306,-1.5903966148284263,-2.0753106248481004
E1,2023-02-11,Bristol City,Norwich,away,2022,8,6.473091849191114,5.485376108395573,0.06063398082754812,0.5,Norwich,Bristol City,29,2022-09-17,2023-02-04,0.6,0.9971070111489786,1.3314709226903019,0.4666666666666667,0.778745927221619,1.127369427329788,0.21836108392735964,0.2041014953605138,28,2022-09-14,2023-02-04,0.6,-1.5613342950766709,-1.366915511471214,0.4,-0.4185800133198114,0.14765236395141776,-1.1427542817568594,-1.5145678754226317
E1,2023-02-11,Bristol City,Norwich,home,2022,8,4.594810046950158,4.685965448781599,-0.06063398082754812,0.5,Bristol City,Norwich,28,2022-09-14,2023-02-04,0.4,1.0898967812056148,0.9440502849981309,0.6,0.7874622871657166,0.6130651081922546,0.3024344940398982,0.33098517680587636,29,2022-09-17,2023-02-04,0.4,-0.18825070114291131,-0.254784443805117,0.5333333333333333,-0.25570774834862475,-0.24091411490781484,0.06745704720571344,-0.013870328897302164
E1,2023-02-11,Cardiff,Middlesbrough,away,2022,4,5.003123076867321,5.217678768890824,0.16943856235334515,0.44791666666666663,Middlesbrough,Cardiff,30,2022-10-01,2023-02-04,0.6,2.01696768394556,2.2897680341359794,0.4,-0.4346568160524085,-0.12440458751645836,2.4516244999979686,2.4141726216524377,30,2022-10-01,2023-02-04,0.6,-0.05618471857012804,0.05076377809589783,0.4,0.5167259280072509,0.2974904654449167,-0.572910646577379,-0.24672668734901887
E1,2023-02-11,Cardiff,Middlesbrough,home,2022,7,4.541572641236064,4.481938365957664,-0.16943856235334515,0.44791666666666663,Cardiff,Middlesbrough,30,2022-10-01,2023-02-04,0.4,0.9069575926200045,0.9070224099585891,0.6,0.23745027603682478,0.2961181790890953,0.6695073165831797,0.6109042308694937,30,2022-10-01,2023-02-04,0.4,1.4544644601516987,1.368629523471093,0.6,-0.7231796763763824,-0.8531386101284932,2.177644136528081,2.2217681335995865
E1,2023-02-11,Coventry,Luton,away,2022,5,4.2419565140277165,4.40890100737121,-0.12790674925362622,0.4516971279373368,Luton,Coventry,28,2022-09-17,2023-02-04,0.6,-0.46610951708641635,-0.364381692931112,0.4666666666666667,1.1875438329043413,1.3044987596251436,-1.6536533499907575,-1.6688804525562557,29,2022-10-08,2023-02-03,0.4,1.0206808361296755,1.4002077950219236,0.3333333333333333,0.6557146459096618,0.5726242042058485,0.36496619022001375,0.8275835908160751
E1,2023-02-11,Coventry,Luton,home,2022,5,5.378158391664077,5.311635098856517,0.12790674925362622,0.4516971279373368,Coventry,Luton,29,2022-10-08,2023-02-03,0.6,0.020070752254800615,0.1014574247468885,0.6666666666666666,-0.5111890885889305,-0.2966778761861548,0.5312598408437311,0.39813530093304333,28,2022-09-17,2023-02-04,0.4,-0.8482581049660125,-0.7086865866788303,0.5333333333333333,0.0981902399360757,0.4466986760584089,-0.9464483449020882,-1.1553852627372392
E1,2023-02-11,QPR,Millwall,away,2022,3,4.765928171193291,4.791051418424072,-0.01425377191512317,0.42783505154639173,Millwall,QPR,27,2022-09-14,2023-02-04,0.6,-0.2863475687098081,-0.3314494617344087,0.4666666666666667,-0.03618969585323401,-0.16881808084925876,-0.2501578728565741,-0.16263138088514995,30,2022-10-01,2023-02-04,0.6,1.2658742415748774,1.2824168684275181,0.5333333333333333,-0.13152940379809036,-0.04870273470640913,1.3974036453729677,1.3311196031339272
E1,2023-02-11,QPR,Millwall,home,2022,4,5.294511390853865,5.064067154348708,0.01425377191512317,0.42783505154639173,QPR,Millwall,30,2022-10-01,2023-02-04,0.4,0.7986365869168888,0.9097715649543741,0.4666666666666667,1.1033780575326015,1.0859401935073598,-0.3047414706157128,-0.17616862855298576,27,2022-09-14,2023-02-04,0.4,0.43091275492774583,0.34217317206624526,0.5333333333333333,-1.3326975127379408,-1.3290439309830997,1.7636102676656866,1.671217103049345
E1,2023-02-11,Sheffield United,Swansea,away,2022,5,4.78406312274175,4.340567276218897,-0.2836244918992036,0.4921052631578948,Swansea,Sheffield United,29,2022-09-17,2023-02-04,0.6,-0.9505319208799105,-0.8915783325685733,0.4,1.4563011685163725,1.437407761277398,-2.406833089396283,-2.3289860938459714,29,2022-09-17,2023-02-04,0.6,0.06170742096553692,0.48341170947131484,0.4666666666666667,0.8180329462104327,1.0144677146894048,-0.7563255252448957,-0.5310560052180899
E1,2023-02-11,Sheffield United,Swansea,home,2022,4,6.11215917410898,5.886602083524698,0.2836244918992036,0.4921052631578948,Sheffield United,Swansea,29,2022-09-17,2023-02-04,0.4,-1.3473819241529996,-1.2506967763003205,0.5333333333333333,0.5873740464465551,0.7646788459402057,-1.9347559705995547,-2.0153756222405264,29,2022-09-17,2023-02-04,0.4,-1.5050937591279603,-1.503476894456263,0.6,-1.2521605335016277,-1.0079940898678836,-0.2529332256263326,-0.49548280458837946
E1,2023-02-11,Stoke,Hull,away,2022,2,4.462025888735344,4.35734939510862,-0.20737011948932627,0.42783505154639173,Hull,Stoke,29,2022-09-30,2023-02-04,0.6,-1.5877487341083625,-1.4071260644306358,0.5333333333333333,0.9597501301210417,1.13312480329731,-2.547498864229404,-2.540250867727946,29,2022-09-17,2023-02-04,0.4,-0.9319539455660187,-0.573246821852208,0.5333333333333333,0.3754844708281706,0.6522911904229164,-1.3074384163941892,-1.2255380122751243
E1,2023-02-11,Stoke,Hull,home,2022,7,5.542764904647758,5.529012420875968,0.20737011948932627,0.42783505154639173,Stoke,Hull,29,2022-09-17,2023-02-04,0.6,-0.371336817677685,-0.14627131265879942,0.4666666666666667,0.38702595010820146,0.540877713167118,-0.7583627677858864,-0.6871490258259174,29,2022-09-30,2023-02-04,0.4,0.4900322842240989,0.4990236646576555,0.4666666666666667,0.24856984331095736,0.08160606499882815,0.24146244091314154,0.41741759965882735
E1,2023-02-11,Sunderland,Reading,away,2022,8,5.199139901567941,4.471830430909228,-0.28207718731056775,0.46073298429319376,Reading,Sunderland,29,2022-09-17,2023-02-04,0.4,-0.22892635932824107,-0.16523016928858203,0.4666666666666667,0.15886782519273995,0.15030122094787057,-0.387794184520981,-0.3155313902364526,29,2022-09-17,2023-02-04,0.6,-1.7170196701678617,-1.3581178973828283,0.4666666666666667,1.115220343480182,1.3092300688208023,-2.8322400136480437,-2.6673479662036303
E1,2023-02-11,Sunderland,Reading,home,2022,4,4.159669429661637,5.13952423099226,0.28207718731056775,0.46073298429319376,Sunderland,Reading,29,2022-09-17,2023-02-04,0.4,-0.25965372399048503,-0.5855738610575241,0.5333333333333333,-0.8800737773801295,-0.9371130153627938,0.6204200533896445,0.3515391543052697,29,2022-09-17,2023-02-04,0.6,0.6769600507823942,0.681737153217781,0.5333333333333333,-0.19233753316594732,-0.3758757884264691,0.8692975839483414,1.0576129416442501
E1,2023-02-11,Watford,Blackburn,away,2022,2,4.072249438603521,4.136674659295847,-0.26085937964384254,0.44270833333333337,Blackburn,Watford,29,2022-09-17,2023-02-06,0.6,-1.5102200459171433,-1.7115798433909144,0.4,-1.6367254385484429,-1.6864207266024056,0.12650539263129956,-0.025159116788508795,29,2022-10-02,2023-02-04,0.6,0.27622247440787157,0.5066545007904413,0.5333333333333333,0.19581519165211717,0.62613523624352,0.0804072827557544,-0.11948073545307869
E1,2023-02-11,Watford,Blackburn,home,2022,6,5.224269564592117,5.5239908234784805,0.26085937964384254,0.44270833333333337,Watford,Blackburn,29,2022-10-02,2023-02-04,0.4,-0.7108231044429436,-0.5782555684459509,0.4666666666666667,0.9967728969843102,0.7241948942763393,-1.7075960014272538,-1.3024504627222901,29,2022-09-17,2023-02-06,0.4,1.7878638814938448,1.7020876334805153,0.6,0.4240418855207298,0.4025874138963694,1.363821995973115,1.2995002195841459
E1,2023-02-11,Wigan,Huddersfield,away,2022,2,3.334722396733917,4.040313664764992,-0.1354450947295357,0.3964646464646465,Huddersfield,Wigan,28,2022-10-01,2023-02-07,0.4,0.06062105856217901,0.1365697012020611,0.4666666666666667,-0.84145447566275,-0.622372581900464,0.902075534224929,0.7589422831025251,28,2022-10-01,2023-02-06,0.4,-0.49392998313776315,-0.8948122679470323,0.5333333333333333,0.07755886779710242,-0.1576832436185314,-0.5714888509348656,-0.7371290243285009
E1,2023-02-11,Wigan,Huddersfield,home,2022,3,5.014777976485136,5.197273078009235,0.1354450947295357,0.3964646464646465,Wigan,Huddersfield,28,2022-10-01,2023-02-06,0.6,-0.5764145631206354,-0.48330549956313507,0.4666666666666667,0.30738464194444515,0.23255387093104604,-0.8837992050650806,-0.7158593704941811,28,2022-10-01,2023-02-07,0.6,-1.6026524498631651,-1.7164509241554609,0.5333333333333333,0.5968740870964363,0.3866293571007853,-2.1995265369596013,-2.103080281256246
E1,2023-02-14,Birmingham,Cardiff,away,2022,4,4.4879543163688504,4.495732555843632,-0.1286948040711668,0.413265306122449,Cardiff,Birmingham,31,2022-10-04,2023-02-11,0.6,0.33227238605550546,0.4586875085272009,0.5333333333333333,0.3152191983345318,0.32892184402659536,0.01705318772097364,0.12976566450060556,30,2022-10-01,2023-02-10,0.4,-0.4520707486800083,-0.5768904185992054,0.4666666666666667,-0.7929624171944015,-0.7144417075006544,0.34089166851439323,0.13755128890144896
E1,2023-02-14,Birmingham,Cardiff,home,2022,5,5.661892089695256,5.40998645228967,0.1286948040711668,0.413265306122449,Birmingham,Cardiff,30,2022-10-01,2023-02-10,0.6,0.10441194778415755,0.20502980570843335,0.5333333333333333,0.3172744831400178,0.39659149799626864,-0.21286253535586028,-0.1915616922878353,31,2022-10-04,2023-02-11,0.4,0.22043517735993917,0.25739628331740383,0.4666666666666667,0.5458205712904282,0.38715653425279156,-0.325385393930489,-0.12976025093538773
E1,2023-02-14,Burnley,Watford,away,2022,1,4.349092511222392,4.051486012173342,-0.37903422344462623,0.4842105263157894,Watford,Burnley,30,2022-10-05,2023-02-11,0.6,-0.2147222563962167,-0.2061358211314758,0.4666666666666667,0.7982285362099864,0.5449609549353002,-1.0129507926062031,-0.7510967760667759,20,2022-10-01,2023-02-11,0.4,-0.3370423047882272,-0.2173175525537676,0.4666666666666667,-0.4725476713350386,-0.1373336135416599,0.1355053665468114,-0.07998393901210771
E1,2023-02-14,Burnley,Watford,home,2022,5,6.8263737330644805,6.340354052741311,0.37903422344462623,0.4842105263157894,Burnley,Watford,20,2022-10-01,2023-02-11,0.6,1.0543697991655405,0.9473772257008563,0.5333333333333333,0.4892517143152093,0.4692949281710257,0.5651180848503312,0.47808229752983056,30,2022-10-05,2023-02-11,0.4,-0.5674859656953515,-0.3794474945861216,0.5333333333333333,0.33751336294459994,0.7374733041435616,-0.9049993286399514,-1.1169207987296832
E1,2023-02-14,Coventry,Millwall,away,2022,6,4.507487559637671,4.634647908607568,-0.05089018433905779,0.42783505154639173,Millwall,Coventry,28,2022-09-17,2023-02-11,0.4,-0.006264108381584421,-0.11749806701934969,0.4666666666666667,-0.22328867291175858,-0.3407729890487901,0.21702456453017416,0.22327492202944044,30,2022-10-15,2023-02-11,0.4,-0.24147678083639992,0.14543660761248328,0.3333333333333333,0.9064882589020181,0.8668244730620941,-1.147965039738418,-0.7213878654496109
E1,2023-02-14,Coventry,Millwall,home,2022,3,5.006478896632095,5.0336129456742835,0.05089018433905779,0.42783505154639173,Coventry,Millwall,30,2022-10-15,2023-02-11,0.6,-0.012409509615968695,-0.0005474118745593337,0.6666666666666666,-0.26549033887386353,-0.0789907670538525,0.2530808292578948,0.07844335517929316,28,2022-09-17,2023-02-11,0.6,0.1502472024411749,0.14279871967862362,0.5333333333333333,-1.312911938841763,-1.3062642357888927,1.463159141282938,1.4490629554675163
E1,2023-02-14,Norwich,Hull,away,2022,3,3.621424174264043,3.906517014921965,-0.3040449688772866,0.4894736842105264,Hull,Norwich,30,2022-10-05,2023-02-11,0.6,-2.367751670536532,-2.028481670686762,0.4666666666666667,0.9467637439520502,1.0404881648982043,-3.3145154144885822,-3.068969835584966,30,2022-10-01,2023-02-11,0.6,-0.11452734492585677,-0.2005958421213611,0.5333333333333333,-0.05829086759331051,-0.02055834778286402,-0.05623647733254626,-0.18003749433849708
E1,2023-02-14,Norwich,Hull,home,2022,5,5.9745084104907775,5.88417641774353,0.3040449688772866,0.4894736842105264,Norwich,Hull,30,2022-10-01,2023-02-11,0.4,0.7433935733872407,1.3769316851278917,0.4666666666666667,0.7797214182228355,1.140499399987082,-0.036327844835594814,0.2364322851408096,30,2022-10-05,2023-02-11,0.4,0.3169569069362014,0.37997081547754197,0.5333333333333333,0.2977279971877053,0.1448319350488756,0.01922890974849606,0.23513888042866637
E1,2023-02-14,QPR,Sunderland,away,2022,2,4.803186017098449,4.689867757624325,-0.07906753184330695,0.4659685863874345,Sunderland,QPR,30,2022-10-01,2023-02-11,0.6,-0.3523325611754305,-0.7302761085052947,0.5333333333333333,-0.7049757117552305,-0.8564072813165645,0.35264315057980006,0.12613117281126984,31,2022-10-04,2023-02-11,0.6,0.7227155561013099,0.7462483525046764,0.4666666666666667,-0.29780523560323696,-0.19096268402732683,1.020520791704547,0.9372110365320032
E1,2023-02-14,QPR,Sunderland,home,2022,2,5.613892895392307,5.295296615169968,0.07906753184330695,0.4659685863874345,QPR,Sunderland,31,2022-10-04,2023-02-11,0.4,0.010278491791810219,0.069756675400712,0.5333333333333333,1.5080088825452236,1.4842970712074999,-1.4977303907534134,-1.414540395806788,30,2022-10-01,2023-02-11,0.4,-0.2313169873873809,0.17428723768274496,0.4666666666666667,0.6112623734242675,0.8582124365706065,-0.8425793608116484,-0.6839251988878616
E1,2023-02-14,Reading,Rotherham,away,2022,4,3.238880894664013,3.8476969398754366,-0.2393596111925098,0.4352331606217616,Rotherham,Reading,30,2022-10-05,2023-02-11,0.4,-1.9486912968208514,-1.8925618271834377,0.4,-1.0999134672962259,-1.0893294647081453,-0.8487778295246255,-0.8032323624752924,30,2022-10-01,2023-02-11,0.6,0.08593109692655165,-0.003631708863966665,0.5333333333333333,0.24024558310979713,0.0569479469541364,-0.15431448618324548,-0.06057965581810307
E1,2023-02-14,Reading,Rotherham,home,2022,4,5.619173038995574,5.622081577201473,0.2393596111925098,0.4352331606217616,Reading,Rotherham,30,2022-10-01,2023-02-11,0.4,-0.27606897403474306,-0.06821456403035198,0.4666666666666667,0.3982702379293721,0.4218957199078701,-0.6743392119641152,-0.4901102839382221,30,2022-10-05,2023-02-11,0.6,0.37877558818222745,0.23212608997192846,0.6,0.6041549016911983,1.0866937163317199,-0.2253793135089709,-0.8545676263597914
E1,2023-02-15,Bristol City,Wigan,away,2022,11,5.05155448739442,4.5308674238892435,-0.21955650898583717,0.4569190600522194,Wigan,Bristol City,29,2022-10-05,2023-02-11,0.6,-0.05383949532359385,-0.09598889391756274,0.5333333333333333,0.018660493367342566,-0.012436794921077047,-0.0724999886909364,-0.08355209899648569,29,2022-10-01,2023-02-11,0.4,-0.6226835703480118,-0.29182905475045506,0.4,-0.3453068395666498,0.23357632961200933,-0.277376730781362,-0.5254053843624644
E1,2023-02-15,Bristol City,Wigan,home,2022,3,5.690364994924391,5.605597817102989,0.21955650898583717,0.4569190600522194,Bristol City,Wigan,29,2022-10-01,2023-02-11,0.6,1.7491714974997852,1.620296173723931,0.6,0.5387357668858516,0.3834712430467462,1.2104357306139337,1.2368249306771848,29,2022-10-05,2023-02-11,0.4,-0.8216194137371646,-1.2196724021493492,0.4666666666666667,-0.03210603227788355,-0.3521663810562938,-0.7895133814592811,-0.8675060210930554
E1,2023-02-15,Preston,Luton,away,2022,10,4.47519191757464,4.755771437897743,0.025345960131049172,0.39798488664987414,Luton,Preston,29,2022-09-30,2023-02-11,0.6,0.3579422049428663,0.5124449633240115,0.4,1.0780447953918062,1.1477843527724925,-0.7201025904489399,-0.635339389448481,29,2022-10-01,2023-02-11,0.6,-0.9466133177231736,-0.6779861747230973,0.5333333333333333,0.012911517526762022,0.1297429176422148,-0.9595248352499356,-0.8077290923653121
E1,2023-02-15,Preston,Luton,home,2022,2,4.6510668963375466,4.7681377295568925,-0.025345960131049172,0.39798488664987414,Preston,Luton,29,2022-10-01,2023-02-11,0.4,-0.36011735326996586,-0.3172301149075589,0.4666666666666667,-1.5580467629124048,-1.609914610561461,1.1979294096424389,1.292684495653902,29,2022-09-30,2023-02-11,0.4,-0.09334877489658844,0.0010852206541795083,0.6,-0.07253736013740042,0.2907438996581962,-0.02081141475918802,-0.2896586790040167
E1,2023-02-15,Sheffield United,Middlesbrough,away,2022,6,5.098950936167582,4.568987296448983,-0.20583281623969507,0.46858638743455505,Middlesbrough,Sheffield United,31,2022-10-05,2023-02-11,0.6,1.3103504948080267,1.4988164636826788,0.4,-0.32703279710489347,-0.00516197436024104,1.63738329191292,1.50397843804292,30,2022-10-01,2023-02-11,0.4,0.042206006048793654,0.4686314760962418,0.4666666666666667,0.6730710713029756,0.9016097033495262,-0.630865065254182,-0.4329782272532844
E1,2023-02-15,Sheffield United,Middlesbrough,home,2022,6,5.239333912128996,5.417680918682556,0.20583281623969507,0.46858638743455505,Sheffield United,Middlesbrough,30,2022-10-01,2023-02-11,0.6,-1.8117683433705118,-1.661315056246383,0.5333333333333333,0.6277308961844273,0.7916657506573299,-2.439499239554939,-2.452980806903713,31,2022-10-05,2023-02-11,0.4,0.9451423521828193,0.9488309480727448,0.6,-0.2293569239647536,-0.41545787328778994,1.1744992761475728,1.3642888213605349
E1,2023-02-15,Stoke,Huddersfield,away,2022,3,4.124531748922007,4.097288875613694,-0.2986669147031369,0.40609137055837563,Huddersfield,Stoke,29,2022-10-04,2023-02-11,0.2,0.624217587617635,0.5006057953533759,0.5333333333333333,-0.8712740228736698,-0.6448449209532624,1.495491610491305,1.1454507163066383,30,2022-10-02,2023-02-11,0.4,-1.469246131483189,-1.0384264734227568,0.4666666666666667,0.21610181952771282,0.4658533611661226,-1.685347951010902,-1.5042798345888795
E1,2023-02-15,Stoke,Huddersfield,home,2022,12,5.818087360327973,5.817974768379708,0.2986669147031369,0.40609137055837563,Stoke,Huddersfield,30,2022-10-02,2023-02-11,0.6,0.43141322043489116,0.5295415060963208,0.5333333333333333,0.1390299364447701,0.3261047010634336,0.29238328399012103,0.2034368050328872,29,2022-10-04,2023-02-11,0.8,-1.3331650203253662,-1.3972986820279423,0.4666666666666667,0.3555530373367634,0.14290206467847025,-1.6887180576621297,-1.5402007467064125
E1,2023-02-15,Swansea,Blackpool,away,2022,2,4.088325453786256,3.965914666293798,-0.3780494504700138,0.5170603674540682,Blackpool,Swansea,29,2022-10-01,2023-02-11,0.6,-1.4326466471060875,-1.1604004241816008,0.5333333333333333,0.5444258991204004,0.5702866302444453,-1.9770725462264878,-1.730687054426046,30,2022-10-01,2023-02-11,0.6,-1.2886454821460476,-1.3323430940760437,0.6,-1.3559366497902305,-1.106627985605446,0.06729116764418297,-0.22571510847059773
E1,2023-02-15,Swansea,Blackpool,home,2022,6,5.347749593252915,5.817341400786544,0.3780494504700138,0.5170603674540682,Swansea,Blackpool,30,2022-10-01,2023-02-11,0.4,-0.6309049604711546,-0.498953277263457,0.4,1.3573400152266724,1.382850389048245,-1.9882449756978269,-1.8818036663117022,29,2022-10-01,2023-02-11,0.4,-0.5739764077046057,-0.6178818093223514,0.4666666666666667,1.5568580405705257,1.5809488116987491,-2.1308344482751314,-2.1988306210211004
E1,2023-02-15,West Brom,Blackburn,away,2022,5,3.0317936600765276,3.5698451791997132,-0.3786493616798481,0.4712041884816754,Blackburn,West Brom,30,2022-10-01,2023-02-11,0.4,-1.2736973744586197,-1.440494754802595,0.4666666666666667,-1.7475968888809148,-1.8178159007836772,0.47389951442229505,0.37732114598108213,29,2022-10-01,2023-02-10,0.6,1.175565690445758,1.4155270475944708,0.4666666666666667,0.8705464863060424,0.5165575328263736,0.3050192041397157,0.8989695147680972
E1,2023-02-15,West Brom,Blackburn,home,2022,12,7.530494159958445,6.561796161743725,0.3786493616798481,0.4712041884816754,West Brom,Blackburn,29,2022-10-01,2023-02-10,0.4,1.4614324148727584,1.7053052342161863,0.5333333333333333,0.8810020680995673,1.4396576950976616,0.5804303467731912,0.2656475391185247,30,2022-10-01,2023-02-11,0.6,1.4773090091866763,1.3906777994151922,0.5333333333333333,0.693924176082719,0.6342791827433828,0.7833848331039573,0.7563986166718094
E1,2023-02-17,Cardiff,Reading,away,2022,3,4.409837816724854,4.268801353104473,-0.25151069504435053,0.4025316455696203,Reading,Cardiff,31,2022-10-04,2023-02-14,0.6,-0.4306080479105535,-0.21756721719550676,0.4,0.3246650184735398,0.3726828259702967,-0.7552730663840933,-0.5902500431658035,32,2022-10-08,2023-02-14,0.6,0.33652715127143595,0.4199417994540234,0.4666666666666667,0.7242837367862821,0.5944872090553577,-0.38775658551484615,-0.1745454096013343
E1,2023-02-17,Cardiff,Reading,home,2022,8,5.274743178876559,5.523455865155032,0.25151069504435053,0.4025316455696203,Cardiff,Reading,32,2022-10-08,2023-02-14,0.4,0.8707590905157601,0.9242439027997404,0.5333333333333333,-0.010684989167317986,0.022501036342993313,0.881444079683078,0.9017428664567472,31,2022-10-04,2023-02-14,0.4,0.4360122202916152,0.10714698625255989,0.6,0.42132060460033516,0.2650691892389044,0.014691615691280024,-0.1579222029863445
E1,2023-02-18,Blackburn,Swansea,away,2022,3,5.1612934458186865,4.993397739100111,0.02176165803108815,0.48031496062992135,Swansea,Blackburn,31,2022-10-05,2023-02-15,0.4,-0.3142598056194933,-0.30831135229042667,0.4666666666666667,1.1346289363241624,1.1875058175841127,-1.4488887419436556,-1.4958171698745393,31,2022-10-04,2023-02-15,0.8,1.304839498877701,1.5263713388265916,0.5333333333333333,1.0378526762728952,0.9678570511322095,0.2669868226048058,0.558514287694382
E1,2023-02-18,Blackburn,Swansea,home,2022,6,4.890793236990225,4.859503345111827,-0.02176165803108815,0.48031496062992135,Blackburn,Swansea,31,2022-10-04,2023-02-15,0.2,-0.40281159517039394,-0.7042955316428668,0.4666666666666667,-1.7749093031754806,-1.8663325033797358,1.3720977080050867,1.1620369717368688,31,2022-10-05,2023-02-15,0.6,-1.8672417871081088,-1.7768984004259,0.5333333333333333,-1.3448106760389569,-1.1947355953995153,-0.522431111069152,-0.5821628050263847
E1,2023-02-18,Blackpool,Stoke,away,2022,5,5.301747360181132,5.169705773669581,0.08978011074480685,0.4569190600522194,Stoke,Blackpool,31,2022-10-05,2023-02-15,0.6,2.0105979437283787,2.0691344990075646,0.5333333333333333,0.023374525156719568,0.1834577655952824,1.987223418571659,1.8856767334122821,30,2022-10-04,2023-02-15,0.6,-0.3855687720229771,-0.5577150400567621,0.4666666666666667,1.5383592625138394,1.5579355390881269,-1.9239280345368166,-2.115650579144889
E1,2023-02-18,Blackpool,Stoke,home,2022,3,4.720484200613729,4.6796306567976895,-0.08978011074480685,0.4569190600522194,Blackpool,Stoke,30,2022-10-04,2023-02-15,0.4,-1.0021028596474704,-0.7736384297619485,0.5333333333333333,-0.027092528525412232,0.0011564764631141718,-0.9750103311220581,-0.7747949062250626,31,2022-10-05,2023-02-15,0.4,-2.188030525837937,-1.7702230370322902,0.4666666666666667,0.29583506059855497,0.5497049886574054,-2.483865586436492,-2.3199280256896957
E1,2023-02-18,Huddersfield,Birmingham,away,2022,6,3.9446399376959853,4.472313704310743,-0.0207855222608353,0.40712468193384227,Birmingham,Huddersfield,31,2022-10-05,2023-02-14,0.6,-1.0289740498765603,-0.8003783869563158,0.6,0.6500062079336485,0.6855733435317437,-1.6789802578102089,-1.4859517304880594,30,2022-10-09,2023-02-15,0.8,0.370307707949291,0.21439923934968697,0.4666666666666667,-0.004004916172177116,-0.18473343901280928,0.37431262412146815,0.3991326783624962
E1,2023-02-18,Huddersfield,Birmingham,home,2022,4,4.449029084834616,4.775503698182265,0.0207855222608353,0.40712468193384227,Huddersfield,Birmingham,30,2022-10-09,2023-02-15,0.2,0.44309325674172245,0.3237545735261378,0.5333333333333333,-0.9406117306562802,-0.7226056215362175,1.3837049873980027,1.0463601950623553,31,2022-10-05,2023-02-14,0.4,-1.055654185717847,-1.2234527464430678,0.4,-0.45767459060587456,-0.35951897262810084,-0.5979795951119724,-0.8639337738149669
E1,2023-02-18,Hull,Preston,away,2022,6,4.540447279337693,4.42983634562861,-0.17943002160567917,0.4143222506393862,Preston,Hull,30,2022-10-05,2023-02-15,0.6,-1.384208777107822,-1.383196449305732,0.4666666666666667,-1.6523912191293388,-1.6800671829645046,0.26818244202151686,0.2968707336587726,31,2022-10-09,2023-02-14,0.6,0.16583724374653475,0.24574208522433683,0.5333333333333333,0.23183815376488665,0.10386739519440115,-0.0660009100183519,0.1418746900299357
E1,2023-02-18,Hull,Preston,home,2022,11,5.487201151645435,5.452589768252199,0.17943002160567917,0.4143222506393862,Hull,Preston,31,2022-10-09,2023-02-14,0.4,-2.024946305049088,-1.8344921986175844,0.4666666666666667,0.5938951028012198,0.6687329765410688,-2.618841407850308,-2.5032251751586534,30,2022-10-05,2023-02-15,0.4,0.5011504941209802,0.6740474842845394,0.5333333333333333,-0.02406812227751735,0.10910494781230534,0.5252186163984975,0.564942536472234
E1,2023-02-18,Luton,Burnley,away,2022,5,4.6904334555244365,5.045685037961651,0.14021862338650531,0.4252577319587629,Burnley,Luton,21,2022-10-05,2023-02-14,0.8,0.5281638383478343,0.6279340420614974,0.5333333333333333,0.7310715994345002,0.7261412076758229,-0.20290776108666586,-0.09820716561432552,30,2022-10-04,2023-02-15,0.6,-1.456589458239151,-1.3590615600951939,0.5333333333333333,0.09628610215825896,0.4169850971269543,-1.55287556039741,-1.7760466572221483
E1,2023-02-18,Luton,Burnley,home,2022,7,5.881098665733058,4.9613460576942625,-0.14021862338650531,0.4252577319587629,Luton,Burnley,30,2022-10-04,2023-02-15,0.4,2.205259009084621,2.1695915094599307,0.4666666666666667,0.7249104212635447,0.8704931565824107,1.4803485878210763,1.29909835287752,21,2022-10-05,2023-02-14,0.2,-0.8206657335304612,-0.6735045498580968,0.4666666666666667,-0.8123006663105083,-0.4732157597275581,-0.008365067219952893,-0.20028879013053874
E1,2023-02-18,Middlesbrough,QPR,away,2022,9,4.547827523573507,4.053408187560153,-0.4199909776374298,0.5078947368421052,QPR,Middlesbrough,32,2022-10-07,2023-02-14,0.6,-1.158869407273577,-1.0267839243033703,0.5333333333333333,1.717690357222017,1.6925168323489816,-2.8765597644955943,-2.719300756652352,32,2022-10-08,2023-02-15,0.6,1.3656403343470105,1.3186870670973514,0.6,-0.467042688277086,-0.6454290524536442,1.8326830226240964,1.9641161195509955
E1,2023-02-18,Middlesbrough,QPR,home,2022,9,6.402961525998772,6.29442974534278,0.4199909776374298,0.5078947368421052,Middlesbrough,QPR,32,2022-10-08,2023-02-15,0.4,1.4293518093173507,1.7140887667582216,0.4,-0.26839305962429605,0.039776176839576335,1.6977448689416468,1.6743125899186453,32,2022-10-07,2023-02-14,0.4,0.04873696370671787,0.15577154831477974,0.4666666666666667,-0.46243939562846215,-0.3736167164497953,0.51117635933518,0.5293882647645751
E1,2023-02-18,Millwall,Sheffield United,away,2022,5,4.649604768019581,4.803436972001612,0.016051154900169617,0.4404145077720207,Sheffield United,Millwall,31,2022-10-04,2023-02-15,0.8,-1.8496081770312203,-1.7228094722209213,0.4666666666666667,0.8576788819299009,1.0234359573841805,-2.7072870589611213,-2.7462454296051018,29,2022-10-01,2023-02-14,0.8,0.17593036551502017,0.24048708200133503,0.5333333333333333,-1.3378269666133136,-1.336207511667243,1.5137573321283337,1.576694593668578
E1,2023-02-18,Millwall,Sheffield United,home,2022,4,5.156984714755349,4.961304353271228,-0.016051154900169617,0.4404145077720207,Millwall,Sheffield United,29,2022-10-01,2023-02-14,0.2,-0.4585208677131865,-0.5840839903090702,0.4666666666666667,0.0413614532736141,-0.06401888358168441,-0.49988232098680063,-0.5200651067273858,31,2022-10-04,2023-02-15,0.2,-0.30703999813902827,0.12763255812252475,0.5333333333333333,0.8486188751741527,1.0918550677107033,-1.155658873313181,-0.9642225095881786
E1,2023-02-18,Rotherham,Coventry,away,2022,2,5.123800037148498,5.245673542335356,0.16131364683530192,0.4581151832460733,Coventry,Rotherham,31,2022-10-19,2023-02-14,0.8,-0.5971524053559853,-0.6103941768121631,0.6666666666666666,-0.40562623735039016,-0.19214827116446018,-0.1915261680055952,-0.4182459056477029,31,2022-10-08,2023-02-14,0.6,-0.6958182670209553,-0.831946567036573,0.6666666666666666,0.8925433016291594,1.3812122301306913,-1.5883615686501147,-2.213158797167264
E1,2023-02-18,Rotherham,Coventry,home,2022,4,5.114318686859754,4.686951180141414,-0.16131364683530192,0.4581151832460733,Rotherham,Coventry,31,2022-10-08,2023-02-14,0.4,-1.3694885333533897,-1.3576902637009571,0.3333333333333333,-1.263543068616817,-1.311256581386091,-0.10594546473657274,-0.04643368231486611,31,2022-10-19,2023-02-14,0.2,0.7354925953342291,1.0508761845889503,0.3333333333333333,0.22355364964046961,0.20675239462565198,0.5119389456937594,0.8441237899632983
E1,2023-02-18,Sunderland,Bristol City,away,2022,4,5.186081516212728,4.586860215365877,-0.21133933118316078,0.46073298429319376,Bristol City,Sunderland,30,2022-10-04,2023-02-15,0.8,-0.2026678156456251,-0.2738143756318653,0.5333333333333333,0.7803910227225792,0.6395555449582188,-0.9830588383682043,-0.913369920590084,31,2022-10-04,2023-02-14,0.4,-0.10588668824997409,0.2951728423271634,0.5333333333333333,0.06955560961192812,0.3572986254458275,-0.1754422978619022,-0.062125783118664124
E1,2023-02-18,Sunderland,Bristol City,home,2022,2,4.932480390031343,5.314931254612132,0.21133933118316078,0.46073298429319376,Sunderland,Bristol City,31,2022-10-04,2023-02-14,0.6,-0.855012210262909,-1.2446146106072615,0.4666666666666667,-0.6470071378838864,-0.7838609520917117,-0.20800507237902255,-0.46075365851554984,30,2022-10-04,2023-02-15,0.2,0.6101569486351502,0.9623196436215518,0.4666666666666667,-0.1315450923594782,0.4360919933675575,0.7417020409946284,0.5262276502539942
E1,2023-02-18,Wigan,Norwich,away,2022,5,4.8509019003977345,5.221873710703627,0.20080591000671588,0.46073298429319376,Norwich,Wigan,31,2022-10-04,2023-02-14,0.4,0.11923333890656629,0.7413293380617925,0.5333333333333333,0.9236280090710591,1.2782868316898903,-0.8043946701644928,-0.5369574936280979,30,2022-10-08,2023-02-15,0.6,-1.647290171403143,-1.8906776928043492,0.4,-0.13341202042159653,-0.548862035317438,-1.5138781509815464,-1.3418156574869111
E1,2023-02-18,Wigan,Norwich,home,2022,3,4.3639451431323035,4.368376643642908,-0.20080591000671588,0.46073298429319376,Wigan,Norwich,30,2022-10-08,2023-02-15,0.4,0.6713272108391761,0.7845872562996685,0.6,0.1222054550334688,0.09855097132458876,0.5491217558057073,0.6860362849750797,31,2022-10-04,2023-02-14,0.6,0.1021425811864849,-0.10498133309558284,0.4666666666666667,-0.46072458948888395,-0.42201282967478193,0.5628671706753688,0.3170314965791991
E1,2023-02-20,Watford,West Brom,away,2022,6,5.123205556738651,4.947716172139444,0.0040254989049174905,0.44531250000000006,West Brom,Watford,30,2022-10-05,2023-02-15,0.4,2.553190885178936,2.8732640849590547,0.5333333333333333,0.7725318696832824,1.3076532665760219,1.7806590154956539,1.5656108183830328,31,2022-10-08,2023-02-14,0.6,-0.5476284020581701,-0.38050627413829974,0.5333333333333333,0.11506000005468262,0.537251989443934,-0.6626884021128527,-0.9177582635822338
E1,2023-02-20,Watford,West Brom,home,2022,6,5.223580684851265,5.006025810898088,-0.0040254989049174905,0.44531250000000006,Watford,West Brom,31,2022-10-08,2023-02-14,0.4,-0.18537016449938531,-0.06911215538178243,0.4666666666666667,0.8443134463187608,0.5950158340639232,-1.0296836108181462,-0.6641279894457056,30,2022-10-05,2023-02-15,0.6,1.7385024923537569,1.8766216740296682,0.4666666666666667,0.6534685872631795,0.31422847564730755,1.0850339050905773,1.5623931983823607
E1,2023-02-21,Blackburn,Blackpool,away,2022,2,4.348444143602058,4.2930988832824095,-0.2229825002459366,0.4516971279373368,Blackpool,Blackburn,31,2022-10-08,2023-02-18,0.6,-0.9610673895201387,-0.8425525301254023,0.5333333333333333,-0.7076490646735023,-0.6211374295559716,-0.2534183248466364,-0.2214151005694307,32,2022-10-08,2023-02-18,0.6,1.110841995328533,1.271605743319105,0.5333333333333333,0.8445539494775306,0.8016992278248511,0.2662880458510023,0.4699065154942539
E1,2023-02-21,Blackburn,Blackpool,home,2022,8,5.485383053450279,5.540890554824982,0.2229825002459366,0.4516971279373368,Blackburn,Blackpool,32,2022-10-08,2023-02-18,0.4,0.29427391157940097,0.11473991785251707,0.4666666666666667,-1.672037391778724,-1.774466265884901,1.966311303358125,1.889206183737418,31,2022-10-08,2023-02-18,0.4,0.25325235008210634,0.15566467339368337,0.4666666666666667,1.2827819289840903,1.3298306125590418,-1.0295295789019838,-1.1741659391653585
E1,2023-02-21,Millwall,Burnley,away,2022,6,4.208818085837224,4.801665066480946,0.1091994382022472,0.3875,Burnley,Millwall,22,2022-10-08,2023-02-18,0.6,1.2685440353411102,1.2511661931671478,0.5333333333333333,-0.06526677550373065,-0.07548318054292937,1.3338108108448408,1.3266493737100773,30,2022-10-05,2023-02-18,0.6,0.18480091365394422,0.20886944996635198,0.5333333333333333,-1.1856550443876486,-1.2110246153851913,1.3704559580415927,1.4198940653515433
E1,2023-02-21,Millwall,Burnley,home,2022,3,5.039809878166945,4.754019733305725,-0.1091994382022472,0.3875,Millwall,Burnley,30,2022-10-05,2023-02-18,0.4,-0.4215530460742659,-0.5229525582021983,0.4666666666666667,-0.059621860838634966,-0.13222085885984852,-0.36193118523563095,-0.3907316993423498,22,2022-10-08,2023-02-18,0.4,-0.7803325830906704,-0.46889793719969647,0.4666666666666667,-0.6047522482886833,-0.2687769556702424,-0.1755803348019871,-0.20012098152945407
E1,2023-02-21,Norwich,Birmingham,away,2022,1,3.7060012037708545,3.820488763338191,-0.38580166149546097,0.48684210526315796,Birmingham,Norwich,32,2022-10-08,2023-02-18,0.6,-0.031833078459543265,0.033209663747670426,0.6,0.30641904549924176,0.36404933476421675,-0.338252123958785,-0.3308396710165463,32,2022-10-08,2023-02-18,0.6,-0.11475135135607309,-0.2623916362679012,0.4666666666666667,-0.39006054770756066,-0.3773669013597437,0.27530919635148754,0.11497526509184253
E1,2023-02-21,Norwich,Birmingham,home,2022,6,5.278356393962392,5.807423016263637,0.38580166149546097,0.48684210526315796,Norwich,Birmingham,32,2022-10-08,2023-02-18,0.4,0.007684944802364058,0.3806373764810189,0.5333333333333333,0.9053431932011523,1.3021876662811214,-0.8976582483987883,-0.9215502898001025,32,2022-10-08,2023-02-18,0.4,-1.1837140083381743,-1.3554630298283894,0.4,-0.4066863506598626,-0.3459210527235476,-0.7770276576783117,-1.0095419771048417
E1,2023-02-21,Rotherham,Sunderland,away,2022,6,4.626688331844769,5.128120567436843,0.196771714066103,0.45052083333333337,Sunderland,Rotherham,32,2022-10-08,2023-02-18,0.6,-0.7161578062672977,-1.1376095009663711,0.4666666666666667,-0.9113111007004923,-1.0195227094137818,0.1951532944331945,-0.11808679155258939,32,2022-10-15,2023-02-18,0.6,-0.8453341203028149,-0.8901451569858949,0.6,0.6129353832503536,1.0405931017412209,-1.4582695035531685,-1.9307382587271158
E1,2023-02-21,Rotherham,Sunderland,home,2022,4,4.7110363017181145,4.494099690652925,-0.196771714066103,0.45052083333333337,Rotherham,Sunderland,32,2022-10-15,2023-02-18,0.4,-1.3540910851107713,-1.3511665474167045,0.4,-1.3141331048918898,-1.2988486444172047,-0.03995798021888142,-0.05231790299949979,32,2022-10-08,2023-02-18,0.4,-0.04021770724555189,0.38220641853592224,0.5333333333333333,-0.5835852512017919,-0.24412647666854134,0.5433675439562401,0.6263328952044636
E1,2023-02-21,Swansea,Stoke,away,2022,4,4.233421300341235,4.397208642450702,-0.13315058379053446,0.45052083333333337,Stoke,Swansea,32,2022-10-08,2023-02-18,0.6,1.6365038709466915,1.6615347202534003,0.5333333333333333,0.2743554379558321,0.4447413857250985,1.3621484329908593,1.2167933345283017,32,2022-10-08,2023-02-18,0.6,-0.920049952504274,-0.7788077088849488,0.5333333333333333,-1.307452395217039,-1.1522375470638784,0.3874024427127649,0.3734298381789296
E1,2023-02-21,Swansea,Stoke,home,2022,5,5.068202353481516,5.212204562647014,0.13315058379053446,0.45052083333333337,Swansea,Stoke,32,2022-10-08,2023-02-18,0.4,-0.4436332105362627,-0.5025852808285146,0.4666666666666667,0.9395912487686151,1.0081533067892017,-1.383224459304878,-1.5107385876177162,32,2022-10-08,2023-02-18,0.4,-1.5441906638606,-1.2472409099390693,0.4666666666666667,-0.6036599190069825,-0.3274324328129397,-0.9405307448536175,-0.9198084771261297
E1,2023-02-25,Birmingham,Luton,away,2022,7,4.84928860021911,4.934080246514428,0.04853386434674739,0.41538461538461535,Luton,Birmingham,31,2022-10-08,2023-02-18,0.6,2.9644793973392742,3.2735229617316093,0.4,0.34256916073426663,0.435888389972145,2.6219102366050078,2.837634571759464,33,2022-10-16,2023-02-21,0.6,-0.6765962410325972,-0.9886126669969212,0.4,-0.5090588453722913,-0.4120961762191457,-0.1675373956603059,-0.5765164907777756
E1,2023-02-25,Birmingham,Luton,home,2022,2,5.07215135411652,4.873321399741599,-0.04853386434674739,0.41538461538461535,Birmingham,Luton,33,2022-10-16,2023-02-21,0.4,-0.5110811850032763,-0.48073396606539215,0.6,0.1823411710857048,0.2190337787546233,-0.6934223560889811,-0.6997677448200155,31,2022-10-08,2023-02-18,0.4,-1.0043822479344375,-1.0025538656965032,0.6,-0.08855556645805536,0.2315450136454924,-0.9158266814763821,-1.2340988793419956
E1,2023-02-25,Bristol City,Hull,away,2022,3,4.760350174392616,4.633312830033598,-0.1032554137387065,0.4352331606217616,Hull,Bristol City,32,2022-10-16,2023-02-18,0.6,-0.47057143634771953,-0.31934482130938574,0.4666666666666667,0.5036419564123199,0.6224557259536178,-0.9742133927600394,-0.9418005472630036,31,2022-10-08,2023-02-18,0.4,0.6097298295850957,0.8273841842652601,0.4666666666666667,-0.055627233471067565,0.45271043320122545,0.6653570630561633,0.3746737510640346
E1,2023-02-25,Bristol City,Hull,home,2022,7,5.174570666851784,5.192367622586866,0.1032554137387065,0.4352331606217616,Bristol City,Hull,31,2022-10-08,2023-02-18,0.6,-0.4781381245415748,-0.368095962453909,0.5333333333333333,0.49107344612428133,0.37115882374190856,-0.9692115706658562,-0.7392547861958176,32,2022-10-16,2023-02-18,0.4,0.9639135583234955,1.0062781582230842,0.5333333333333333,-0.007196661453816056,-0.10522190807348206,0.9711102197773115,1.1115000662965662
E1,2023-02-25,Burnley,Huddersfield,away,2022,2,3.293029050576672,3.3918212024861836,-0.5944616849089058,0.49868766404199477,Huddersfield,Burnley,31,2022-10-15,2023-02-18,0.4,0.5753162923544544,0.3823174581757911,0.4666666666666667,-1.0849342399200348,-0.8540816855246464,1.6602505322744892,1.2363991437004374,23,2022-10-15,2023-02-21,0.6,-1.3338563839289796,-0.9387780118393433,0.4,-0.2961490846846276,-0.024623742828487522,-1.0377072992443521,-0.9141542690108557
E1,2023-02-25,Burnley,Huddersfield,home,2022,5,6.9604388741301,6.915750707661549,0.5944616849089058,0.49868766404199477,Burnley,Huddersfield,23,2022-10-15,2023-02-21,0.4,-0.48407269328383346,-0.6384671900927896,0.6,0.4178691032542815,0.4708202163228327,-0.9019417965381149,-1.1092874064156224,31,2022-10-15,2023-02-18,0.6,0.7400239472410937,0.4886212447439931,0.5333333333333333,0.07013222817207528,-0.0853504946995324,0.6698917190690183,0.5739717394435255
E1,2023-02-25,Coventry,Sunderland,away,2022,7,4.665916046018415,4.535819784042452,-0.1415567853423968,0.44675324675324674,Sunderland,Coventry,33,2022-10-15,2023-02-21,0.4,-0.5227458268507619,-0.9017457550495532,0.5333333333333333,-0.8106640363105929,-0.9927162342752494,0.28791820945983104,0.09097047922569612,32,2022-10-22,2023-02-18,0.4,0.5378575561566661,0.7792073451520183,0.3333333333333333,-0.11308122121632926,-0.08093994234485483,0.6509387773729953,0.8601472874968731
E1,2023-02-25,Coventry,Sunderland,home,2022,4,5.044803537133232,5.220018962940374,0.1415567853423968,0.44675324675324674,Coventry,Sunderland,32,2022-10-22,2023-02-18,0.6,-1.0334998159704747,-1.0887251935376967,0.6666666666666666,-0.40587035146436623,-0.1938394663695631,-0.6276294645061085,-0.8948857271681336,33,2022-10-15,2023-02-21,0.6,-0.6279486185963536,-0.26497290791931327,0.4666666666666667,-0.5276078668517249,-0.16893675291950933,-0.10034075174462875,-0.09603615499980395
E1,2023-02-25,Norwich,Cardiff,away,2022,5,3.4126548149586324,3.7519805737781513,-0.35656151534690206,0.4659685863874345,Cardiff,Norwich,33,2022-10-15,2023-02-17,0.4,1.0225495368618736,0.98320287248102,0.6,0.12905141768998188,0.23807330723196748,0.8934981191718917,0.7451295652490525,33,2022-10-15,2023-02-21,0.4,-0.4675389952950336,-0.6556856971940018,0.5333333333333333,-0.3775377683564465,-0.36620550947415587,-0.09000122693858714,-0.28948018771984596
E1,2023-02-25,Norwich,Cardiff,home,2022,3,6.264944203879527,6.1009659685433215,0.35656151534690206,0.4659685863874345,Norwich,Cardiff,33,2022-10-15,2023-02-21,0.6,0.17724236420427353,0.28487416981964253,0.4666666666666667,0.7352729754007554,1.203096135634552,-0.5580306111964819,-0.9182219658149094,33,2022-10-15,2023-02-17,0.6,0.10411404926533337,0.3163778334750399,0.4,0.6550270340366272,0.486846787384466,-0.5509129847712938,-0.17046895390942612
E1,2023-02-25,Preston,Wigan,away,2022,7,5.465368317611971,4.816880891410338,-0.12921555049955485,0.40609137055837563,Wigan,Preston,31,2022-10-11,2023-02-18,0.6,0.6470085740632634,0.7554547341656404,0.5333333333333333,-0.01335655788674579,-0.040538284330516976,0.6603651319500092,0.7959930184961573,31,2022-10-08,2023-02-18,0.6,1.462342249767238,1.4672123111940514,0.5333333333333333,-0.3315935544376887,-0.1224637661100171,1.7939358042049267,1.5896760773040686
E1,2023-02-25,Preston,Wigan,home,2022,3,4.791629342843632,5.103033283750533,0.12921555049955485,0.40609137055837563,Preston,Wigan,31,2022-10-08,2023-02-18,0.4,-1.0364031368914577,-0.9528986928751906,0.4666666666666667,-1.5118476637248608,-1.5478823211105286,0.4754445268334031,0.594983628235338,31,2022-10-11,2023-02-18,0.4,-0.9813929837486652,-1.3703495295038088,0.4666666666666667,-0.33678844210182973,-0.6669740186714571,-0.6446045416468356,-0.7033755108323517
E1,2023-02-25,QPR,Blackburn,away,2022,1,3.8307590720240894,4.180809818399451,-0.17451230587072225,0.42894056847545214,Blackburn,QPR,33,2022-10-11,2023-02-21,0.6,1.0332011182396972,0.8780254251345696,0.4,-1.871898531225034,-2.008594560850805,2.905099649464731,2.8866199859853747,33,2022-10-15,2023-02-18,0.6,-0.028433272368171458,0.07527181808547337,0.4666666666666667,-0.2755648948126917,-0.20418670737239117,0.24713162244452025,0.27945852545786454
E1,2023-02-25,QPR,Blackburn,home,2022,7,5.733863910004231,5.527329371441353,0.17451230587072225,0.42894056847545214,QPR,Blackburn,33,2022-10-15,2023-02-18,0.4,-0.1647464958507408,-0.01268535752352964,0.5333333333333333,1.7122035324865605,1.7618251131713278,-1.8769500283373013,-1.7745104706948576,33,2022-10-11,2023-02-21,0.4,0.6704577340809749,0.8659461437439934,0.6,0.8636161192496967,0.8444250898707928,-0.19315838516872186,0.02152105387320058
E1,2023-02-25,Reading,Blackpool,away,2022,8,4.378448767801926,4.38075962117874,-0.17507596703468048,0.4581151832460733,Blackpool,Reading,32,2022-10-15,2023-02-21,0.6,-2.0236845505293517,-1.9369526137809818,0.4666666666666667,-0.4589228932044962,-0.4126750026098197,-1.5647616573248555,-1.5242776111711622,32,2022-10-07,2023-02-17,0.6,0.5346942645293776,0.16497453655146482,0.6,0.5047028907178517,0.32935804290681536,0.029991373811525945,-0.16438350635535054
E1,2023-02-25,Reading,Blackpool,home,2022,3,4.92323056778574,5.240349014824057,0.17507596703468048,0.4581151832460733,Reading,Blackpool,32,2022-10-07,2023-02-17,0.4,-0.8259170002304266,-0.5238307404814331,0.4,0.45174122194113153,0.4735848470257666,-1.2776582221715582,-0.9974155875071997,32,2022-10-15,2023-02-21,0.4,0.2701639957934671,0.13963266655667878,0.5333333333333333,1.318202835745685,1.377427701253583,-1.0480388399522178,-1.2377950346969042
E1,2023-02-25,Sheffield United,Watford,away,2022,5,4.704612932197404,4.346492290058876,-0.26412404825644054,0.4750656167979003,Watford,Sheffield United,32,2022-10-15,2023-02-20,0.4,-0.5927366560576071,-0.4140941767922982,0.5333333333333333,0.9052805567434838,0.6545872438780935,-1.498017212801091,-1.0686814206703916,32,2022-10-08,2023-02-18,0.4,-0.8521815418355585,-0.4382869365519692,0.5333333333333333,1.014092110103791,1.278800611302238,-1.8662736519393495,-1.7170875478542074
E1,2023-02-25,Sheffield United,Watford,home,2022,5,6.408509463349775,5.942087021921666,0.26412404825644054,0.4750656167979003,Sheffield United,Watford,32,2022-10-08,2023-02-18,0.6,-0.7915924285350536,-0.824588608168485,0.4666666666666667,0.3259520248796809,0.5369780879224486,-1.1175444534147345,-1.3615666960909336,32,2022-10-15,2023-02-20,0.6,-0.2561910252576318,-0.03205263891471066,0.4666666666666667,0.1274505647113321,0.48778869083989423,-0.3836415899689639,-0.519841329754605
E1,2023-02-25,Stoke,Millwall,away,2022,4,4.54356981556323,4.587735044774838,-0.08580996909935129,0.401015228426396,Millwall,Stoke,31,2022-10-08,2023-02-21,0.6,-0.7799605603687867,-0.7235602002214323,0.4666666666666667,-0.038004697148319146,-0.1343198937975832,-0.7419558632204676,-0.5892403064238492,33,2022-10-15,2023-02-21,0.6,-0.9476007826790209,-0.8007061119389881,0.4666666666666667,-0.7880988238717367,-0.48114462850993184,-0.15950195880728424,-0.31956148342905627
E1,2023-02-25,Stoke,Millwall,home,2022,9,5.404069872096085,5.2380402720101555,0.08580996909935129,0.401015228426396,Stoke,Millwall,33,2022-10-15,2023-02-21,0.4,1.4394755832674622,1.4928709240944484,0.5333333333333333,0.24701189774513002,0.3906735888617096,1.192463685522332,1.1021973352327388,31,2022-10-08,2023-02-21,0.4,0.1497763786079247,0.012186579382448848,0.5333333333333333,-1.0758713589486268,-1.1193647958147097,1.2256477375565515,1.1315513751971586
E1,2023-02-25,West Brom,Middlesbrough,away,2022,8,4.4031775804256545,4.561904644423642,-0.07134103465595182,0.47244094488188976,Middlesbrough,West Brom,33,2022-10-15,2023-02-18,0.6,1.5032358531104175,1.706843429365015,0.4,-0.23285768517944086,0.08899596739312401,1.7360935382898584,1.617847461971891,31,2022-10-08,2023-02-20,0.6,2.6361415430401864,2.683717345565518,0.4666666666666667,0.5651921121433979,0.2824014014482153,2.0709494308967886,2.401315944117303
E1,2023-02-25,West Brom,Middlesbrough,home,2022,4,6.547970368709724,5.573350015605849,0.07134103465595182,0.47244094488188976,West Brom,Middlesbrough,31,2022-10-08,2023-02-20,0.4,1.8955224697561526,2.2772016156931714,0.5333333333333333,0.6955595342065768,1.2394852244530152,1.1999629355495758,1.0377163912401561,33,2022-10-15,2023-02-18,0.4,2.174824475417799,2.3694932889895073,0.6,-0.120360324062654,-0.3413000055217611,2.295184799480453,2.7107932945112685
E1,2023-02-27,Swansea,Rotherham,away,2022,6,2.8329909046023305,3.410179742522664,-0.4377050446784951,0.4894736842105264,Rotherham,Swansea,33,2022-10-18,2023-02-21,0.6,-1.3802198573061257,-1.3119896158958115,0.3333333333333333,-1.1488853738693083,-1.1704926664337523,-0.2313344834368174,-0.14149694946205926,33,2022-10-15,2023-02-21,0.4,-0.8630457964349836,-0.8334692330832179,0.6,-1.268451587611156,-1.1131951868879073,0.40540579117617237,0.27972595380468945
E1,2023-02-27,Swansea,Rotherham,home,2022,3,6.10710154836211,6.23160137450496,0.4377050446784951,0.4894736842105264,Swansea,Rotherham,33,2022-10-15,2023-02-21,0.6,-1.0538516121077008,-1.1666399745186677,0.4,1.0459200597413343,1.1077611614836005,-2.099771671849035,-2.2744011360022682,33,2022-10-18,2023-02-21,0.4,-1.1333221412597374,-1.2595461297041617,0.6666666666666666,0.8937871617195938,1.3155063474526267,-2.0271093029793312,-2.575052477156788
E1,2023-02-28,Luton,Millwall,away,2022,2,4.708648562850685,4.5213259933030905,-0.15878836902710963,0.36674816625916873,Millwall,Luton,32,2022-10-15,2023-02-25,0.4,-0.8027560278632973,-0.7457516916766863,0.4666666666666667,0.25295471712189754,0.15851993376912457,-1.0557107449851948,-0.9042716254458109,32,2022-10-15,2023-02-25,0.6,-1.1396822511614342,-1.1241046080536914,0.5333333333333333,-0.21941343135911276,0.0274097802004628,-0.9202688198023214,-1.151514388254154
E1,2023-02-28,Luton,Millwall,home,2022,6,6.03255782325853,5.594005192805855,0.15878836902710963,0.36674816625916873,Luton,Millwall,32,2022-10-15,2023-02-25,0.4,2.037940916160594,2.2565688361988867,0.4666666666666667,0.7706817724919491,0.9130878166259826,1.2672591436686447,1.3434810195729041,32,2022-10-15,2023-02-25,0.6,0.4873033973122299,0.411835517896859,0.5333333333333333,-1.061624199214005,-1.135350465674859,1.5489275965262348,1.547185983571718
E1,2023-02-28,Preston,Coventry,away,2022,2,5.15673407325728,4.973172216329067,0.011672675661125342,0.41687979539641945,Coventry,Preston,33,2022-10-25,2023-02-25,0.6,-1.2838162965661213,-1.3640442398693169,0.7333333333333333,-0.20095951785851393,-0.01197851376727342,-1.0828567787076073,-1.3520657261020435,32,2022-10-12,2023-02-25,0.4,1.8312207204552817,1.9539902557665596,0.5333333333333333,-0.5139049175767689,-0.2830328721776612,2.3451256380320507,2.2370231279442208
E1,2023-02-28,Preston,Coventry,home,2022,4,4.618391008080079,4.780571094480964,-0.011672675661125342,0.41687979539641945,Preston,Coventry,32,2022-10-12,2023-02-25,0.6,-1.0319399593621286,-1.045170383541102,0.4666666666666667,-1.5574503674680285,-1.5892313540058267,0.5255104081058999,0.5440609704647248,33,2022-10-25,2023-02-25,0.4,1.2267031995326383,1.4857070126296343,0.26666666666666666,-0.4028951089265274,-0.38494512094417865,1.6295983084591656,1.870652133573813
E1,2023-03-03,Hull,West Brom,away,2022,6,5.39863964149107,5.3274020966550655,0.15353900307806817,0.4143222506393862,West Brom,Hull,32,2022-10-15,2023-02-25,0.6,1.2403665708092872,1.8434554845934996,0.4666666666666667,0.7729323669059284,1.2260798795311971,0.4674342039033589,0.6173756050623025,33,2022-10-19,2023-02-25,0.6,1.316075579488873,1.3294632060964227,0.5333333333333333,-0.10495230924558321,-0.18155504274171322,1.4210278887344563,1.5110182488381358
E1,2023-03-03,Hull,West Brom,home,2022,4,5.765385900521422,4.902523372261813,-0.15353900307806817,0.4143222506393862,Hull,West Brom,33,2022-10-19,2023-02-25,0.4,-0.5037963930195263,-0.40442072956108,0.4666666666666667,0.30263329155433466,0.42065978714951185,-0.806429684573861,-0.8250805167105919,32,2022-10-15,2023-02-25,0.4,1.2446529154975567,1.242036046717042,0.5333333333333333,1.2446955073419608,0.9926549260133569,-4.259184440402741e-05,0.249381120703685
E1,2023-03-04,Blackburn,Sheffield United,away,2022,8,4.92583406034082,5.271625926333665,0.21184029102003699,0.4721485411140583,Sheffield United,Blackburn,33,2022-10-15,2023-02-25,0.6,-0.5671285507605093,-0.5665026704283488,0.5333333333333333,0.17620131382605417,0.39742334836046106,-0.7433298645865635,-0.9639260187888099,34,2022-10-15,2023-02-25,0.6,0.4003269552048927,0.6200774041907842,0.5333333333333333,1.2417709192523614,1.2183857200946375,-0.8414439640474687,-0.5983083159038534
E1,2023-03-04,Blackburn,Sheffield United,home,2022,3,5.051057499014907,4.579727496765716,-0.21184029102003699,0.4721485411140583,Blackburn,Sheffield United,34,2022-10-15,2023-02-25,0.4,0.1378043077710715,-0.05754471136636417,0.4666666666666667,-1.6122572895304477,-1.6920044924040027,1.7500615973015192,1.6344597810376387,33,2022-10-15,2023-02-25,0.4,-0.34128902924458354,0.09807993639489396,0.4666666666666667,0.7860288610126098,1.0597703482296996,-1.1273178902571934,-0.9616904118348056
E1,2023-03-04,Blackpool,Burnley,away,2022,8,5.17328553139869,5.843573055644729,0.44275615669261204,0.47368421052631576,Burnley,Blackpool,24,2022-10-19,2023-02-25,0.6,-0.6658575864382916,-0.7222012085680303,0.5333333333333333,0.4898001763357834,0.4571943305563038,-1.155657762774075,-1.179395539124334,33,2022-10-19,2023-02-25,0.6,-0.5866281075195959,-0.8014475821773799,0.4666666666666667,0.9297098240598058,1.0200622036283336,-1.5163379315794017,-1.8215097858057134
E1,2023-03-04,Blackpool,Burnley,home,2022,1,4.239438283619533,3.9524501876173215,-0.44275615669261204,0.47368421052631576,Blackpool,Burnley,33,2022-10-19,2023-02-25,0.4,-0.8813232855837203,-0.7677104866177121,0.5333333333333333,-0.6050929891874843,-0.5755812943880305,-0.276230296396236,-0.1921291922296816,24,2022-10-19,2023-02-25,0.4,-1.4850762690569912,-1.181786272777496,0.4666666666666667,-0.46842412887173807,-0.16918460949772357,-1.016652140185253,-1.0126016632797723
E1,2023-03-04,Cardiff,Bristol City,away,2022,5,4.0392191925030545,4.323893878120096,-0.13402061855670105,0.42894056847545214,Bristol City,Cardiff,32,2022-10-12,2023-02-25,0.6,-0.08374769043907797,0.04639069011008825,0.6,0.4998624442869198,0.3967752965805854,-0.5836101347259978,-0.3503846064704972,34,2022-10-19,2023-02-25,0.6,-1.9055555526454306,-1.733953436463461,0.4666666666666667,0.9059690171338542,0.7826939167495548,-2.811524569779285,-2.516647353213016
E1,2023-03-04,Cardiff,Bristol City,home,2022,3,6.25691212848871,5.614298404050438,0.13402061855670105,0.42894056847545214,Cardiff,Bristol City,34,2022-10-19,2023-02-25,0.4,1.8191488414664545,1.6859202953165213,0.5333333333333333,-0.4874376514042818,-0.3622468975021919,2.3065864928707365,2.0481671928187133,32,2022-10-12,2023-02-25,0.4,0.4936636120569247,0.7721852365055893,0.4,-0.23772233559790948,0.2339250453941411,0.7313859476548342,0.5382601911114482
E1,2023-03-04,Huddersfield,Coventry,away,2022,5,4.276139058826048,4.838810656653875,0.11494252873563221,0.41794871794871796,Coventry,Huddersfield,34,2022-10-29,2023-02-28,0.6,-1.9419949871670366,-1.9568225532271193,0.6666666666666666,-0.16521157464133077,-0.004033467450532857,-1.7767834125257058,-1.9527890857765864,32,2022-10-18,2023-02-25,0.8,0.4343601517661444,0.2739434969287357,0.4666666666666667,0.24526479546038865,0.03284697526206172,0.18909535630575575,0.241096521666674
E1,2023-03-04,Huddersfield,Coventry,home,2022,5,4.932281850295528,4.7080950634010295,-0.11494252873563221,0.41794871794871796,Huddersfield,Coventry,32,2022-10-18,2023-02-25,0.2,-0.3681164664575275,-0.5679750424401797,0.5333333333333333,-0.7633569300812354,-0.5364513061839618,0.3952404636237079,-0.03152373625621796,34,2022-10-29,2023-02-28,0.4,0.570386037075273,0.5906218050712784,0.3333333333333333,-0.027619645582535313,0.05921653429008824,0.5980056826578083,0.5314052707811902
E1,2023-03-04,Luton,Swansea,away,2022,3,5.040273558302362,4.5327829971308065,-0.21630566689956976,0.44908616187989553,Swansea,Luton,34,2022-10-18,2023-02-27,0.6,-0.8936820127313954,-0.9190224706515051,0.4666666666666667,0.6489103542004224,0.677006361744674,-1.5425923669318178,-1.596028832396179,33,2022-10-18,2023-02-28,0.6,-1.700091732098653,-1.70402105188395,0.5333333333333333,-0.5400415690512742,-0.2611417808241607,-1.1600501630473787,-1.4428792710597893
E1,2023-03-04,Luton,Swansea,home,2022,4,6.140515413048711,5.750538827648943,0.21630566689956976,0.44908616187989553,Luton,Swansea,33,2022-10-18,2023-02-28,0.4,1.903981295837389,2.0691792115433003,0.4666666666666667,0.6035993346301342,0.7727506188537078,1.300381961207255,1.2964285926895927,34,2022-10-18,2023-02-27,0.4,-0.031538013965805335,-0.103881695980738,0.5333333333333333,-1.192454875102348,-1.0975568601710843,1.1609168611365428,0.9936751641903463
E1,2023-03-04,Middlesbrough,Reading,away,2022,1,4.696721509532512,3.956988770726448,-0.515239751136435,0.5184210526315789,Reading,Middlesbrough,33,2022-10-15,2023-02-25,0.6,-0.6003327619096923,-0.4829248329167603,0.4,0.2363462951725629,0.27281835887309264,-0.8366790570822552,-0.7557431917898529,34,2022-10-19,2023-02-25,0.6,1.617587443159143,1.9305048094378532,0.6,-0.11859300756918296,-0.29351046140804726,1.736180450728326,2.2240152708459004
E1,2023-03-04,Middlesbrough,Reading,home,2022,6,6.373573139737834,6.510635631612087,0.515239751136435,0.5184210526315789,Middlesbrough,Reading,34,2022-10-19,2023-02-25,0.4,1.7043691197067177,1.7792538048507622,0.4,-0.25103967682185263,0.07781199434102296,1.9554087965285702,1.7014418105097393,33,2022-10-15,2023-02-25,0.4,1.1086604833580103,0.799600544646906,0.6,0.5838935472319018,0.4366670810493891,0.5247669361261085,0.3629334635975169
E1,2023-03-04,Millwall,Norwich,away,2022,4,5.750460347212005,5.053701716529463,-0.04809561259458778,0.43896103896103894,Norwich,Millwall,34,2022-10-18,2023-02-25,0.6,-0.3683605515843091,-0.2999630443299376,0.5333333333333333,0.3061673680923957,0.7444734528166879,-0.6745279196767048,-1.0444364971466253,33,2022-10-19,2023-02-28,0.6,0.7396941108312968,0.7058479102054296,0.5333333333333333,-0.800187184758551,-0.8648576257249465,1.5398812955898478,1.570705535930376
E1,2023-03-04,Millwall,Norwich,home,2022,4,4.7571480523830925,4.938989230382711,0.04809561259458778,0.43896103896103894,Millwall,Norwich,33,2022-10-19,2023-02-28,0.4,-0.991300106194776,-0.8918066066524901,0.4666666666666667,0.06831068971777939,-0.041459902510022434,-1.0596107959125554,-0.8503467041424677,34,2022-10-18,2023-02-25,0.4,0.06023292338480166,-0.10666568889256292,0.4666666666666667,-0.3645748962414822,-0.3578616628260524,0.4248078196262839,0.25119597393348947
E1,2023-03-04,Rotherham,QPR,away,2022,8,5.146481430797499,5.048211545124356,0.05386341128200978,0.4516971279373368,QPR,Rotherham,34,2022-10-19,2023-02-25,0.6,0.07555687668414741,0.24350734057891116,0.5333333333333333,1.3896567538267937,1.4608369462932542,-1.3140998771426462,-1.217329605714343,34,2022-10-22,2023-02-27,0.6,-1.6695353636931167,-1.7493251334029112,0.6,0.7539495454232565,1.124814306716282,-2.4234849091163735,-2.874139440119193
E1,2023-03-04,Rotherham,QPR,home,2022,7,4.927663524078143,4.814571095686958,-0.05386341128200978,0.4516971279373368,Rotherham,QPR,34,2022-10-22,2023-02-27,0.4,-0.3544513501544252,-0.5355757439948352,0.4,-1.218561865905855,-1.185234274555579,0.8641105157514298,0.6496585305607439,34,2022-10-19,2023-02-25,0.4,-0.2757400085662729,-0.3193034878393915,0.4666666666666667,-0.591411710633912,-0.5145823197611464,0.31567170206763906,0.19527883192175494
E1,2023-03-04,Sunderland,Stoke,away,2022,4,5.413714545004706,4.818107282386863,-0.119554769730987,0.4516971279373368,Stoke,Sunderland,34,2022-10-18,2023-02-25,0.6,2.1399818404811635,2.1696116245227772,0.5333333333333333,0.18260684940119873,0.32974661127060867,1.9573749910799647,1.8398650132521686,34,2022-10-18,2023-02-25,0.6,-0.7509908304048645,-0.4136211830076745,0.5333333333333333,-0.5720695722605049,-0.23269112864134414,-0.17892125814435955,-0.18093005436633033
E1,2023-03-04,Sunderland,Stoke,home,2022,2,4.230712252615358,4.867234461568535,0.119554769730987,0.4516971279373368,Sunderland,Stoke,34,2022-10-18,2023-02-25,0.4,-0.4375880429309227,-0.7616527189416024,0.4666666666666667,-0.34997730563351875,-0.5679669419264222,-0.08761073729740393,-0.1936857770151802,34,2022-10-18,2023-02-25,0.4,-1.1837628014631654,-1.1868417069883712,0.4666666666666667,-0.5440436567530909,-0.227549147683533,-0.6397191447100745,-0.9592925593048383
E1,2023-03-04,Watford,Preston,away,2022,3,4.537987436953714,4.219398282876126,-0.30991796724612786,0.4252577319587629,Preston,Watford,33,2022-10-15,2023-02-28,0.6,-1.092777153236968,-1.1663673623289932,0.5333333333333333,-1.2725866735089528,-1.3378241358474516,0.17980952027198494,0.17145677351845845,33,2022-10-19,2023-02-25,0.6,-1.056124135246156,-0.835678738928568,0.5333333333333333,-0.09311599516173041,0.24602089975156644,-0.9630081400844255,-1.0816996386801345
E1,2023-03-04,Watford,Preston,home,2022,6,5.546620084800628,5.7451308216448345,0.30991796724612786,0.4252577319587629,Watford,Preston,33,2022-10-19,2023-02-25,0.4,-0.5813022010137983,-0.40771111123455767,0.4666666666666667,1.0042253755878723,0.8041759570220484,-1.5855275766016705,-1.211887068256606,33,2022-10-15,2023-02-28,0.4,1.5544561512550912,1.6988069016231915,0.4666666666666667,-0.6173092080505117,-0.3853649677950879,2.1717653593056028,2.084171869418279
E1,2023-03-04,Wigan,Birmingham,away,2022,1,3.3729395883653512,4.081767542557619,-0.11874052951212821,0.393939393939394,Birmingham,Wigan,34,2022-10-19,2023-02-25,0.6,-0.9274054924369359,-0.8437747604066992,0.6,0.014242253675967386,0.05937900634762503,-0.9416477461129034,-0.9031537667543242,32,2022-10-15,2023-02-25,0.6,-0.804278730916127,-1.0947555224433847,0.4666666666666667,-0.36537557289560113,-0.6822535624351793,-0.4389031580205259,-0.4125019600082054
E1,2023-03-04,Wigan,Birmingham,home,2022,2,4.185612220249251,4.847484124425429,0.11874052951212821,0.393939393939394,Wigan,Birmingham,32,2022-10-15,2023-02-25,0.4,1.34422881195047,1.5577232578745939,0.5333333333333333,0.060247609354306716,0.031406490141341156,1.2839812025961632,1.5263167677332528,34,2022-10-19,2023-02-25,0.4,0.5351359479723083,0.3185090624683477,0.4,-0.8643157871776136,-0.8313424886942943,1.3994517351499218,1.149851551162642
E1,2023-03-07,Huddersfield,Bristol City,away,2022,4,4.226273748227617,4.750337671922251,0.07636078840882393,0.393939393939394,Bristol City,Huddersfield,33,2022-10-15,2023-03-04,0.6,0.4629907165115769,0.5210630036085148,0.5333333333333333,0.39645815381317734,0.29444320096315874,0.06653256269839958,0.22661980264535603,33,2022-10-22,2023-03-04,0.6,0.9971833585069516,0.7515754169969782,0.5333333333333333,0.04101763522537188,-0.14774668467144803,0.9561657232815798,0.8993221016684262
E1,2023-03-07,Huddersfield,Bristol City,home,2022,6,5.24757893299116,4.88113343972393,-0.07636078840882393,0.393939393939394,Huddersfield,Bristol City,33,2022-10-22,2023-03-04,0.4,-0.826718826272548,-1.002604500889633,0.4666666666666667,-0.5979419110886013,-0.3719604452668976,-0.22877691518394672,-0.6306440556227353,33,2022-10-15,2023-03-04,0.4,-0.09487780589964068,0.284242795803803,0.4666666666666667,0.04714135836116598,0.485332263552516,-0.14201916426080666,-0.201089467748713
E1,2023-03-07,Reading,Sheffield United,away,2022,4,5.529257652085996,5.76927980361581,0.34541845643307956,0.48684210526315796,Sheffield United,Reading,34,2022-10-19,2023-03-04,0.6,0.13291172441036955,0.13571341550716057,0.4666666666666667,-0.3980760568581438,-0.176459388255285,0.5309877812685133,0.3121728037624456,34,2022-10-18,2023-03-04,0.6,1.3149369178516062,0.9195855422372888,0.6,0.3640638267629254,0.24576439063951927,0.9508730910886807,0.6738211515977696
E1,2023-03-07,Reading,Sheffield United,home,2022,3,4.209130572494442,4.087689096580172,-0.34541845643307956,0.48684210526315796,Reading,Sheffield United,34,2022-10-18,2023-03-04,0.4,-1.1696205669213244,-0.9120102293531357,0.4,0.1441205041108861,0.224260675707794,-1.3137410710322106,-1.1362709050609296,34,2022-10-19,2023-03-04,0.4,-0.35913384097539824,0.04058425744726009,0.5333333333333333,0.6484202085075715,0.9591788001159914,-1.0075540494829698,-0.9185945426687313
E1,2023-03-07,West Brom,Wigan,away,2022,2,4.4349727243016765,3.9655335377508356,-0.45523344099796703,0.4528795811518324,Wigan,West Brom,33,2022-10-19,2023-03-04,0.6,0.38374837102538367,0.4478235677245694,0.5333333333333333,0.21887806810998392,0.17957157534105714,0.16487030291539975,0.26825199238351227,33,2022-10-18,2023-03-03,0.6,0.8647438594438134,1.0633875021726902,0.4666666666666667,1.2180991738950602,0.9975826521150262,-0.3533553144512468,0.06580485005766401
E1,2023-03-07,West Brom,Wigan,home,2022,1,7.656702009416031,6.790699929308354,0.45523344099796703,0.4528795811518324,West Brom,Wigan,33,2022-10-18,2023-03-03,0.4,0.8279996816697238,1.2390040766003234,0.5333333333333333,0.8243126541977894,1.3555382266463145,0.00368702747193439,-0.1165341500459911,33,2022-10-19,2023-03-04,0.4,-1.608111644653005,-2.010517203775952,0.4666666666666667,0.07783982084391636,-0.27528254817385756,-1.6859514654969214,-1.7352346556020946
E1,2023-03-10,Stoke,Blackburn,away,2022,5,3.675962488521508,4.043006523072031,-0.2257375118071182,0.41794871794871796,Blackburn,Stoke,35,2022-10-18,2023-03-04,0.6,0.1420426956887944,0.05384472113966208,0.4666666666666667,-1.7645209217827813,-1.8280994177201735,1.9065636174715757,1.8819441388598355,35,2022-10-22,2023-03-04,0.6,-1.1375000742391683,-1.2888187202803543,0.4666666666666667,-0.647066312014605,-0.3132974420107645,-0.49043376222456336,-0.9755212782695898
E1,2023-03-10,Stoke,Blackburn,home,2022,1,6.516972231810249,5.892571152763427,0.2257375118071182,0.41794871794871796,Stoke,Blackburn,35,2022-10-22,2023-03-04,0.4,1.5657919124097737,1.7117926522205984,0.5333333333333333,0.1683206018746926,0.28930083287661357,1.3974713105350811,1.4224918193439848,35,2022-10-18,2023-03-04,0.4,0.8600140560551519,1.0705503836197472,0.5333333333333333,1.1025605508642857,1.0338661269341296,-0.24254649480913382,0.03668425668561759
E1,2023-03-11,Birmingham,Rotherham,away,2022,10,3.636856024643413,3.988575240281969,-0.2521115537848606,0.427461139896373,Rotherham,Birmingham,35,2022-10-25,2023-03-04,0.6,0.8350219376155291,0.7493002702241204,0.3333333333333333,-1.3942240750641794,-1.3843561438028757,2.2292460126797087,2.133656414026996,35,2022-10-22,2023-03-04,0.6,-0.05004812312684379,-0.3720447282458782,0.4,-0.7948691388600461,-0.7253649804987953,0.7448210157332023,0.3533202522529171
E1,2023-03-11,Birmingham,Rotherham,home,2022,4,6.030460627551028,5.790655603484348,0.2521115537848606,0.427461139896373,Birmingham,Rotherham,35,2022-10-22,2023-03-04,0.4,-1.3515248347287934,-1.5315755724475644,0.6,-0.20797499973158365,-0.14508858341395361,-1.1435498349972097,-1.3864869890336107,35,2022-10-25,2023-03-04,0.4,-0.7246488774296898,-0.8551377213205976,0.6666666666666666,0.44677728031040365,0.8519463089017428,-1.1714261577400933,-1.7070840302223405
E1,2023-03-11,Bristol City,Blackpool,away,2022,0,4.986289409784214,4.465318637728461,-0.24648939348670454,0.4645669291338583,Blackpool,Bristol City,34,2022-10-22,2023-03-04,0.4,-1.1550281698847003,-1.0543708030339918,0.5333333333333333,-0.5050175156676006,-0.4473415502142865,-0.6500106542170997,-0.6070292528197052,34,2022-10-18,2023-03-07,0.6,-0.24977522265964983,0.00509132953813154,0.4666666666666667,0.08201975242385977,0.5723974479419355,-0.3317949750835096,-0.567306118403804
E1,2023-03-11,Bristol City,Blackpool,home,2022,6,5.5923313848356315,5.62752328350634,0.24648939348670454,0.4645669291338583,Bristol City,Blackpool,34,2022-10-18,2023-03-07,0.4,-0.26330202374391476,-0.2918114410196157,0.5333333333333333,0.971208591195545,0.8568094879508792,-1.2345106149394598,-1.148620928970495,34,2022-10-22,2023-03-04,0.6,0.7537207787862487,0.4776280400500214,0.4666666666666667,0.7095670959022429,0.765195167465505,0.044153682884005785,-0.28756712741548357
E1,2023-03-11,Burnley,Wigan,away,2022,0,3.95760280636227,3.587713368389188,-0.617089035961673,0.48284960422163586,Wigan,Burnley,34,2022-10-22,2023-03-07,0.4,0.2997094214620756,0.4941714757762492,0.5333333333333333,0.0847735892736433,0.06679636908261534,0.21493583218843226,0.4273751066936339,25,2022-10-22,2023-03-04,0.6,-1.76049367786372,-1.422224638655367,0.4,-0.7979752731246109,-0.5141518576509471,-0.962518404739109,-0.9080727810044199
E1,2023-03-11,Burnley,Wigan,home,2022,10,6.1979607763874185,6.695698925110619,0.617089035961673,0.48284960422163586,Burnley,Wigan,25,2022-10-22,2023-03-04,0.4,0.22813006400901373,0.010594415901962684,0.6,0.4003446967279027,0.4223161049424434,-0.17221463271888895,-0.41172168904048073,34,2022-10-22,2023-03-07,0.6,-2.6725075671894283,-2.7605944566846246,0.4666666666666667,-0.009564895472635697,-0.37133313837493304,-2.6629426717167926,-2.3892613183096914
E1,2023-03-11,Coventry,Hull,away,2022,3,4.241163360367839,4.259272386771036,-0.2206629460012664,0.4226804123711341,Hull,Coventry,34,2022-10-22,2023-03-03,0.4,-0.21927745791177183,-0.05045847611563907,0.5333333333333333,0.12829385585461986,0.27023385280619816,-0.3475713137663917,-0.32069232892183724,35,2022-11-01,2023-03-04,0.6,0.43232096982171075,0.5307829938653145,0.3333333333333333,-0.031686928650691705,0.04703056989824296,0.4640078984724025,0.4837524239670715
E1,2023-03-11,Coventry,Hull,home,2022,10,5.386939711863645,5.501022936078836,0.2206629460012664,0.4226804123711341,Coventry,Hull,35,2022-11-01,2023-03-04,0.4,-1.7215911205994303,-1.862257664786591,0.6666666666666666,-0.009787739468833816,0.15053983035967441,-1.7118033811305966,-2.0127974951462653,34,2022-10-22,2023-03-03,0.6,0.8738138194361836,0.9274410193019923,0.4666666666666667,0.30736203233343445,0.22680853095556466,0.5664517871027492,0.7006324883464277
E1,2023-03-11,Preston,Cardiff,away,2022,4,4.548003932021132,4.623004130456215,-0.06611893583724571,0.38345864661654133,Cardiff,Preston,35,2022-10-23,2023-03-04,0.6,0.6052325840142367,0.6265188470430166,0.5333333333333333,-0.1482185127107589,-0.025343437045624976,0.7534510967249957,0.6518622840886417,34,2022-10-18,2023-03-04,0.4,1.9737768910220095,2.051290972893164,0.5333333333333333,-0.7974890980924845,-0.5720124389757153,2.771265989114494,2.6233034118688794
E1,2023-03-11,Preston,Cardiff,home,2022,4,4.729032252291725,4.961833052347573,0.06611893583724571,0.38345864661654133,Preston,Cardiff,34,2022-10-18,2023-03-04,0.6,-1.027904392710533,-1.0601953472586252,0.4666666666666667,-1.1951709409198656,-1.2904420742677223,0.16726654820933273,0.2302467270090971,35,2022-10-23,2023-03-04,0.4,-1.0758032759340026,-1.0642652841896767,0.4666666666666667,0.6576988297291974,0.5647190378085588,-1.7335021056632,-1.6289843219982356
E1,2023-03-11,QPR,Watford,away,2022,5,4.7116805160651465,4.970285693761405,0.09542177563573084,0.44531250000000006,Watford,QPR,34,2022-10-23,2023-03-04,0.6,-0.209635155532761,-0.13462515165072428,0.4666666666666667,0.9053769563498129,0.716085437723726,-1.1150121118825738,-0.8507105893744503,35,2022-10-22,2023-03-04,0.4,-0.5460996620785489,-0.5541459670955172,0.5333333333333333,-0.21142819962633178,-0.1325500284194737,-0.3346714624522171,-0.4215959386760435
E1,2023-03-11,QPR,Watford,home,2022,2,5.69523428325217,4.988040251740614,-0.09542177563573084,0.44531250000000006,QPR,Watford,35,2022-10-22,2023-03-04,0.6,0.7326845698757184,1.0023374252710924,0.4666666666666667,1.3251106117091263,1.364860245412508,-0.5924260418334079,-0.3625228201414157,34,2022-10-23,2023-03-04,0.4,-1.1936651257420283,-0.917246037794879,0.5333333333333333,0.08556736638872886,0.40543892468406245,-1.2792324921307572,-1.3226849624789414
E1,2023-03-11,Reading,Millwall,away,2022,2,4.672091813437413,5.110127375851323,0.17808072380456658,0.42010309278350516,Millwall,Reading,34,2022-10-22,2023-03-04,0.6,-1.4412322047438604,-1.3526748710075187,0.4,0.403180379590684,0.2630857144182738,-1.8444125843345445,-1.6157605854257926,35,2022-10-22,2023-03-07,0.4,1.0410192733667345,0.7936344277125787,0.6,0.09873649055840499,-0.030162575428278396,0.9422827828083296,0.8237970031408571
E1,2023-03-11,Reading,Millwall,home,2022,2,4.246841464671092,4.363534876635854,-0.17808072380456658,0.42010309278350516,Reading,Millwall,35,2022-10-22,2023-03-07,0.6,-1.9716187011066246,-1.8351819624873247,0.4,0.6440041370548554,0.7556484686981482,-2.61562283816148,-2.5908304311854726,34,2022-10-22,2023-03-04,0.4,0.7908978207153148,0.9018301560343938,0.6,-0.9391371762916957,-1.0144849667639546,1.7300349970070106,1.9163151227983484
E1,2023-03-11,Sheffield United,Luton,away,2022,4,4.539895398069332,4.3273622923240795,-0.24231040823568625,0.44010416666666663,Luton,Sheffield United,34,2022-10-23,2023-03-04,0.6,1.32426951603319,1.6008516474877539,0.4666666666666667,0.7684589707424233,0.9456649523323412,0.5558105452907668,0.6551866951554127,35,2022-10-22,2023-03-07,0.6,-0.6441473309259367,-0.30884010662499506,0.4666666666666667,0.7253760851492156,1.0583843504101411,-1.3695234160751522,-1.3672244570351362
E1,2023-03-11,Sheffield United,Luton,home,2022,3,5.8081041591262625,5.693989676300146,0.24231040823568625,0.44010416666666663,Sheffield United,Luton,35,2022-10-22,2023-03-07,0.4,0.2494920288149663,0.1591778714889381,0.5333333333333333,-0.8671119732574121,-0.634684731930321,1.1166040020723784,0.7938626034192592,34,2022-10-23,2023-03-04,0.4,-2.0325147654263103,-1.948250631538808,0.5333333333333333,-0.4219989582078419,-0.1583635664247622,-1.6105158072184684,-1.7898870651140457
E1,2023-03-11,Swansea,Middlesbrough,away,2022,6,4.9760129386389265,5.133347503062761,0.1307155894603828,0.4907651715039578,Middlesbrough,Swansea,35,2022-10-22,2023-03-04,0.4,1.1436427481605673,1.169272782656337,0.4666666666666667,-0.08745898548994901,0.28706694708161634,1.2311017336505163,0.8822058355747207,35,2022-10-23,2023-03-04,0.4,-0.03720926175375165,-0.07666904480558694,0.6,-1.0201058603277813,-0.9271538440217617,0.9828965985740297,0.8504847992161748
E1,2023-03-11,Swansea,Middlesbrough,home,2022,4,4.282237822872984,4.453964716358179,-0.1307155894603828,0.4907651715039578,Swansea,Middlesbrough,35,2022-10-23,2023-03-04,0.6,-1.3449240998435177,-1.357465614833887,0.4,0.408623438457228,0.5210098593284339,-1.7535475383007457,-1.8784754741623209,35,2022-10-22,2023-03-04,0.6,0.2853148089638394,0.7033267482934663,0.5333333333333333,0.0792638227897527,-0.04787402679950767,0.20605098617408668,0.751200775092974
E1,2023-03-11,West Brom,Huddersfield,away,2022,2,3.3332222029386798,3.4688632974946176,-0.5454753303763318,0.4960422163588391,Huddersfield,West Brom,34,2022-10-29,2023-03-07,0.6,-0.40929013352399657,-0.3707684558814206,0.4666666666666667,-0.7649965561039896,-0.5826387384034756,0.3557064225799931,0.21187028252205498,34,2022-10-22,2023-03-07,0.4,0.428217889964691,0.5988334910931817,0.5333333333333333,1.3652140259059962,1.2062137577679612,-0.9369961359413052,-0.6073802666747795
E1,2023-03-11,West Brom,Huddersfield,home,2022,9,7.770036754814627,7.058560781442243,0.5454753303763318,0.4960422163588391,West Brom,Huddersfield,34,2022-10-22,2023-03-07,0.6,-0.6514023472627842,-0.04019287509048741,0.4666666666666667,0.5093273923941327,0.9629139837055402,-1.160729739656917,-1.0031068587960275,34,2022-10-29,2023-03-07,0.4,1.3548842041584557,1.0409624982143748,0.5333333333333333,0.15965535732663044,-0.07288048507253814,1.1952288468318253,1.113842983286913
E1,2023-03-12,Norwich,Sunderland,away,2022,3,3.9623061515110516,4.067118991552139,-0.28063246503657635,0.4894736842105264,Sunderland,Norwich,35,2022-10-22,2023-03-04,0.4,-0.851796607521667,-1.1071947650568574,0.5333333333333333,-0.5497068295856118,-0.8190772732960938,-0.3020897779360552,-0.2881174917607636,35,2022-10-22,2023-03-04,0.4,-0.7722346777017852,-0.9572704452127855,0.5333333333333333,-0.023238828990689044,-0.0034182921081116055,-0.7489958487110961,-0.9538521531046739
E1,2023-03-12,Norwich,Sunderland,home,2022,8,5.418209057628565,5.636407308788265,0.28063246503657635,0.4894736842105264,Norwich,Sunderland,35,2022-10-22,2023-03-04,0.6,-1.0238342511884873,-1.0136281659567155,0.4666666666666667,0.5512144151006921,1.0356689332468159,-1.5750486662891794,-2.0492970992035313,35,2022-10-22,2023-03-04,0.6,-1.5939057590922174,-1.2828765533032014,0.4666666666666667,-0.1401876186472641,0.1852228828861945,-1.4537181404449533,-1.468099436189396
E1,2023-03-14,Blackpool,QPR,away,2022,1,5.802475880298204,5.067320501631465,-0.049363271186647684,0.40458015267175573,QPR,Blackpool,36,2022-10-28,2023-03-11,0.6,0.2525399913960573,0.6175428057927113,0.4666666666666667,1.2962593015175172,1.340375977799574,-1.04371931012146,-0.7228331720068628,35,2022-10-29,2023-03-11,0.6,0.7048044204697053,0.5155916635060622,0.5333333333333333,0.6754249468366396,0.6991709035891787,0.0293794736330657,-0.18357924008311644
E1,2023-03-14,Blackpool,QPR,home,2022,6,4.558838375255288,4.867979344358363,0.049363271186647684,0.40458015267175573,Blackpool,QPR,35,2022-10-29,2023-03-11,0.4,-1.734620961084292,-1.5542515973209243,0.4666666666666667,-0.35945454550309525,-0.3087736037642384,-1.3751664155811967,-1.245477993556686,36,2022-10-28,2023-03-11,0.4,-0.1352501310529199,-0.1899928221629839,0.5333333333333333,-0.3040728246531536,-0.23304468523509225,0.16882269360023372,0.04305186307210834
E1,2023-03-14,Middlesbrough,Stoke,away,2022,6,4.558651794113868,4.152425806601574,-0.3572773098036125,0.5105263157894737,Stoke,Middlesbrough,36,2022-10-29,2023-03-10,0.4,-0.7739850618866815,-0.5031266246561458,0.5333333333333333,0.3646438410025145,0.46865187781401124,-1.138628902889196,-0.9717785024701571,36,2022-10-29,2023-03-11,0.6,-0.26281822736354477,0.1089214782133631,0.6,0.16508582814088776,0.045339366651069773,-0.42790405550443256,0.06358211156229332
E1,2023-03-14,Middlesbrough,Stoke,home,2022,4,6.407773530863442,6.151088491905659,0.3572773098036125,0.5105263157894737,Middlesbrough,Stoke,36,2022-10-29,2023-03-11,0.4,1.5490647758062461,1.5861390358219496,0.4,0.09862239658583048,0.4272394339550868,1.4504423792204157,1.158899601866863,36,2022-10-29,2023-03-10,0.6,-0.6477862221590683,-0.8779622497720216,0.4666666666666667,-0.5309095193932198,-0.21502749903056953,-0.1168767027658485,-0.6629347507414521
E1,2023-03-14,Millwall,Swansea,away,2022,5,4.614326199363525,4.358780561666377,-0.23820961640801422,0.4352331606217616,Swansea,Millwall,36,2022-10-29,2023-03-11,0.6,-1.5318217457675316,-1.484790277948214,0.4,0.345831977277766,0.42632059944462886,-1.8776537230452977,-1.911110877392843,35,2022-10-29,2023-03-11,0.6,0.27145048138501265,0.38981057510754535,0.6,-0.7237024174708968,-0.8109103191646102,0.9951528988559095,1.2007208942721554
E1,2023-03-14,Millwall,Swansea,home,2022,5,4.9526506003272734,5.375954778636485,0.23820961640801422,0.4352331606217616,Millwall,Swansea,35,2022-10-29,2023-03-11,0.4,-1.744253624480273,-1.7824394755235375,0.4,0.25861407365085803,0.16969024494148338,-2.0028676981311313,-1.952129720465021,36,2022-10-29,2023-03-11,0.4,0.5852532412757142,0.4898443878406205,0.6,-0.967755344518436,-0.8441803789555605,1.5530085857941502,1.334024766796181
E1,2023-03-14,Rotherham,Preston,away,2022,5,4.679336016908345,4.769829482565009,-0.008871553198557869,0.39746835443037976,Preston,Rotherham,35,2022-10-22,2023-03-11,0.6,-0.6434974639013686,-0.6989344118167612,0.5333333333333333,-1.4368055547420469,-1.5071135657053523,0.7933080908406782,0.8081791538885911,36,2022-10-29,2023-03-11,0.4,-0.8069063951407806,-0.8888525265771726,0.6666666666666666,0.3656363956113955,0.752371293374389,-1.1725427907521762,-1.6412238199515616
E1,2023-03-14,Rotherham,Preston,home,2022,3,5.218520584513403,5.028358631109535,0.008871553198557869,0.39746835443037976,Rotherham,Preston,36,2022-10-29,2023-03-11,0.6,1.9554269116196494,1.9211246101428139,0.3333333333333333,-1.1457536583115713,-1.176364614114359,3.1011805699312207,3.097489224257173,35,2022-10-22,2023-03-11,0.4,0.7592144881327109,0.8778444343814694,0.4666666666666667,-0.42113553685679805,-0.2222431558415832,1.180350024989509,1.1000875902230527
E1,2023-03-14,Watford,Birmingham,away,2022,1,4.148936243820109,4.094188702640186,-0.3062803849588253,0.401015228426396,Birmingham,Watford,36,2022-10-28,2023-03-11,0.4,-1.6252385422999478,-1.8077094026864997,0.6666666666666666,-0.591054100220306,-0.4934000480774835,-1.0341844420796418,-1.314309354609016,35,2022-10-29,2023-03-11,0.6,-1.5182620946717582,-1.0875191562838322,0.5333333333333333,0.207155186977149,0.5039957965320193,-1.7254172816489073,-1.5915149528158516
E1,2023-03-14,Watford,Birmingham,home,2022,3,4.785502302406443,5.4475730284770405,0.3062803849588253,0.401015228426396,Watford,Birmingham,35,2022-10-29,2023-03-11,0.4,-0.30711734582736694,-0.22388412570730926,0.4666666666666667,0.8693723269077392,0.686737435485755,-1.1764896727351062,-0.9106215611930644,36,2022-10-28,2023-03-11,0.6,1.3201715352182437,0.9293867348664543,0.3333333333333333,-0.5672703778035396,-0.5170267001426433,1.8874419130217834,1.4464134350090976
E1,2023-03-14,Wigan,Coventry,away,2022,4,3.5317884109187827,4.613115454902096,0.1671412653212826,0.40561224489795916,Coventry,Wigan,36,2022-11-05,2023-03-11,0.4,-0.3976832836457406,-0.5557396628675015,0.6666666666666666,0.021496231174192103,0.166111623474822,-0.4191795148199327,-0.7218512863423235,35,2022-10-29,2023-03-11,0.6,-1.3740267234820336,-1.5786146782861508,0.4666666666666667,-0.13147311260227973,-0.49858611683815296,-1.242553610879754,-1.0800285614479979
E1,2023-03-14,Wigan,Coventry,home,2022,6,4.507216314262173,4.473819547264138,-0.1671412653212826,0.40561224489795916,Wigan,Coventry,35,2022-10-29,2023-03-11,0.4,-1.6815002423314944,-1.5171977131237397,0.5333333333333333,0.5064205431667463,0.5169806452359854,-2.1879207854982408,-2.0341783583597253,36,2022-11-05,2023-03-11,0.6,-0.1144141903243229,0.0058580982326208895,0.3333333333333333,0.07342083613007215,0.16572593540165467,-0.18783502645439504,-0.15986783716903377
E1,2023-03-15,Blackburn,Reading,away,2022,4,4.589016274133475,4.195413853366614,-0.3358306941249798,0.44270833333333337,Reading,Blackburn,36,2022-10-29,2023-03-11,0.6,-2.0971523862417287,-1.983472622374201,0.4,0.20351207568930488,0.3165288596877559,-2.3006644619310337,-2.300001482061957,36,2022-10-22,2023-03-10,0.4,-1.137281558315209,-0.9956046145841931,0.6,1.2114427115590722,1.2212710001810272,-2.348724269874281,-2.2168756147652204
E1,2023-03-15,Blackburn,Reading,home,2022,6,5.08787230626265,5.6274944825220485,0.3358306941249798,0.44270833333333337,Blackburn,Reading,36,2022-10-22,2023-03-10,0.6,0.013208929999798258,-0.04078754763480141,0.4,-1.3881492187367794,-1.550053056078667,1.4013581487365776,1.5092655084438655,36,2022-10-29,2023-03-11,0.4,0.35437708961205433,0.14114834051740158,0.6,0.10378488014246716,-0.04906263352595781,0.25059220946958716,0.1902109740433594
E1,2023-03-15,Cardiff,West Brom,away,2022,5,4.715523672326931,5.009655783817996,0.11588749282479754,0.41025641025641024,West Brom,Cardiff,35,2022-10-29,2023-03-11,0.6,-1.2993108662340207,-0.739545799030191,0.5333333333333333,0.9993695250856739,1.5159313519887432,-2.2986803913196945,-2.255477151018934,36,2022-10-29,2023-03-11,0.6,-1.0209851110188835,-1.0130961408810264,0.4,0.4845491363087751,0.3766739533844685,-1.5055342473276585,-1.389770094265495
E1,2023-03-15,Cardiff,West Brom,home,2022,3,5.555394162311473,4.90722919647543,-0.11588749282479754,0.41025641025641024,Cardiff,West Brom,36,2022-10-29,2023-03-11,0.4,0.003946325857223254,-0.0016943058566936565,0.6,0.20724885726859907,0.3565617813763183,-0.2033025314113758,-0.35825608723301194,35,2022-10-29,2023-03-11,0.4,-0.23206781860773953,0.019029867434200744,0.4666666666666667,1.4289937902780914,1.2722488998959385,-1.661061608885831,-1.2532190324617378
E1,2023-03-15,Huddersfield,Norwich,away,2022,8,5.680608559093545,5.735014481572743,0.3038599952987448,0.44908616187989553,Norwich,Huddersfield,36,2022-10-25,2023-03-12,0.6,-0.31257438061604487,-0.36407434416566264,0.5333333333333333,0.2777364929833265,0.710251809361078,-0.5903108735993714,-1.0743261535267408,35,2022-11-02,2023-03-11,0.4,0.3644943252611247,0.19284529560186775,0.6,0.7719994921843807,0.5838206340087131,-0.407505166923256,-0.39097533840684534
E1,2023-03-15,Huddersfield,Norwich,home,2022,6,4.498312857208431,4.2492965180120335,-0.3038599952987448,0.44908616187989553,Huddersfield,Norwich,35,2022-11-02,2023-03-11,0.6,-0.4510282243273311,-0.44508334025760526,0.4,-1.0455954718620692,-0.8716269018720568,0.5945672475347381,0.42654356161445156,36,2022-10-25,2023-03-12,0.4,-0.8404110731511871,-0.9893908405388203,0.4666666666666667,0.06699562109031243,0.03246848304035487,-0.9074066942414996,-1.021859323579175
E1,2023-03-15,Hull,Burnley,away,2022,3,5.268234431349042,5.604434991722817,0.3130996400926883,0.41645244215938304,Burnley,Hull,26,2022-10-25,2023-03-11,0.4,1.353812655344426,0.9395254414281011,0.6666666666666666,0.2645033732962745,0.33333224266103517,1.0893092820481516,0.6061931987670659,35,2022-10-29,2023-03-11,0.6,1.5049788579930061,1.5330389162614186,0.4666666666666667,0.48718416039378737,0.40834924476865236,1.0177946975992187,1.1246896714927663
E1,2023-03-15,Hull,Burnley,home,2022,3,5.063968979259334,4.414591926966795,-0.3130996400926883,0.41645244215938304,Hull,Burnley,35,2022-10-29,2023-03-11,0.4,0.024895047761729218,0.16915692555187772,0.5333333333333333,-0.21828587769961427,-0.05851419764652069,0.24318092546134348,0.2276711231983984,26,2022-10-25,2023-03-11,0.6,-1.8821957368916955,-1.529470109898536,0.3333333333333333,-0.8478532708042884,-0.542813423443643,-1.034342466087407,-0.9866566864548929
E1,2023-03-15,Luton,Bristol City,away,2022,2,4.445665189211797,4.195098912539751,-0.3060360089079195,0.4464751958224543,Bristol City,Luton,35,2022-10-22,2023-03-11,0.4,0.35630469827383704,0.30380346569971406,0.6,0.9557886353385927,0.8679183046205011,-0.5994839370647557,-0.5641148389207871,35,2022-10-29,2023-03-11,0.4,-2.063922217984053,-1.9334210208874587,0.5333333333333333,-0.6864567430996108,-0.40398802906796033,-1.377465474884442,-1.5294329918194984
E1,2023-03-15,Luton,Bristol City,home,2022,7,6.748198839376731,6.145801079210642,0.3060360089079195,0.4464751958224543,Luton,Bristol City,35,2022-10-29,2023-03-11,0.6,0.11132881993425184,0.48653347660248636,0.4666666666666667,1.3965172927327687,1.536282038940172,-1.2851884727985168,-1.0497485623376854,35,2022-10-22,2023-03-11,0.6,-2.4367222071376085,-2.181798913229712,0.4,0.11424364911080757,0.5706963881321646,-2.550965856248416,-2.7524953013618765
E1,2023-03-15,Sunderland,Sheffield United,away,2022,8,5.835573621007606,5.39995663379941,0.11638874919317477,0.47631578947368425,Sheffield United,Sunderland,36,2022-10-29,2023-03-11,0.4,-0.46426202058448707,-0.4960838800345799,0.5333333333333333,-0.6847381723674075,-0.4995422170325607,0.22047615178292046,0.00345833699798076,36,2022-10-29,2023-03-12,0.6,-0.35476899153946917,-0.15109869202686088,0.5333333333333333,-0.39519688623408056,-0.03409048355712419,0.04042789469461139,-0.1170082084697367
E1,2023-03-15,Sunderland,Sheffield United,home,2022,4,3.7986246513418873,4.293211812183288,-0.11638874919317477,0.47631578947368425,Sunderland,Sheffield United,36,2022-10-29,2023-03-12,0.4,-0.48362063440418745,-0.7826450118424203,0.4666666666666667,-0.5631910609903596,-0.8236309554521886,0.0795704265861722,0.04098594360976826,36,2022-10-29,2023-03-11,0.6,-0.9323362233062866,-0.6605151058000145,0.4666666666666667,0.5769353279867294,0.8873131679440396,-1.5092715512930162,-1.547828273744054
E1,2023-03-18,Blackpool,Coventry,away,2022,4,5.007215791049946,5.161745005686945,0.13965589986404758,0.44791666666666663,Coventry,Blackpool,37,2022-11-08,2023-03-14,0.4,0.32071904160020237,-0.029228045380849464,0.6666666666666666,-0.17715243984944984,-0.08359495815931114,0.4978714814496522,0.05436691277846168,36,2022-11-01,2023-03-14,0.6,-0.19534128355370922,-0.2639312820863145,0.4666666666666667,0.8359428507746661,0.8632061564118483,-1.0312841343283754,-1.1271374384981627
E1,2023-03-18,Blackpool,Coventry,home,2022,5,4.570162847305091,4.541804577903722,-0.13965589986404758,0.44791666666666663,Blackpool,Coventry,36,2022-11-01,2023-03-14,0.4,-1.1022917960126037,-0.991921334833059,0.5333333333333333,-0.528757007676986,-0.47234154478451573,-0.5735347883356178,-0.5195797900485433,37,2022-11-08,2023-03-14,0.6,0.40700628419519325,0.4484844248080762,0.3333333333333333,-0.3533012584164666,-0.1923032390135962,0.7603075426116599,0.6407876638216724
E1,2023-03-18,Middlesbrough,Preston,away,2022,4,4.282120915566913,3.916567981972057,-0.4555248374179711,0.48157894736842105,Preston,Middlesbrough,36,2022-10-29,2023-03-14,0.6,-0.8712752114154991,-0.966933039204041,0.5333333333333333,-1.4171275495466351,-1.4806374925711494,0.545852338131136,0.5137044533671085,37,2022-11-01,2023-03-14,0.4,-0.12668180376051924,0.36197250062955943,0.6,0.3699995252181473,0.2625715820784099,-0.4966813289786665,0.09940091855114952
E1,2023-03-18,Middlesbrough,Preston,home,2022,7,6.6518863266830115,6.464076868240897,0.4555248374179711,0.48157894736842105,Middlesbrough,Preston,37,2022-11-01,2023-03-14,0.6,0.8873002568670743,0.8697187967306143,0.4,0.2932232439924798,0.6053185185172809,0.5940770128745945,0.26440027821333334,36,2022-10-29,2023-03-14,0.4,-0.7870493984408828,-0.6373093381899977,0.4666666666666667,0.2311690534504286,0.41721311714457154,-1.0182184518913115,-1.0545224553345691
E1,2023-03-18,Millwall,Huddersfield,away,2022,6,3.672255946947902,3.657561763019306,-0.49445974792074476,0.41902313624678666,Huddersfield,Millwall,36,2022-11-05,2023-03-15,0.6,-0.06088497880209402,0.060158095776441114,0.4,-1.0187523523361173,-0.9072963217176102,0.9578673735340233,0.9674544174940514,36,2022-11-02,2023-03-14,0.6,-0.009651141320247447,0.27838747607045916,0.5333333333333333,-0.8099204223566582,-0.9468568953576749,0.8002692810364107,1.225244371428134
E1,2023-03-18,Millwall,Huddersfield,home,2022,3,5.699672356410265,6.211942355375513,0.49445974792074476,0.41902313624678666,Millwall,Huddersfield,36,2022-11-02,2023-03-14,0.4,-1.326821768912339,-1.5068264845896897,0.4666666666666667,0.3228433739860098,0.29732169969433364,-1.6496651428983489,-1.8041481842840232,36,2022-11-05,2023-03-15,0.4,0.41730060098161276,0.3403051401494677,0.6,1.1345337956981825,0.9294149785703832,-0.7172331947165698,-0.5891098384209155
E1,2023-03-18,QPR,Birmingham,away,2022,1,3.8413849971843406,4.308231845491935,-0.09632182257639932,0.41902313624678666,Birmingham,QPR,37,2022-11-02,2023-03-14,0.4,-2.666097803524772,-2.732084402352389,0.6,-0.2171694527886782,-0.16888483568587015,-2.448928350736094,-2.563199566666519,37,2022-11-02,2023-03-14,0.6,0.7136193973157123,0.5743848604902084,0.4666666666666667,-0.2540912491816901,-0.18969974306438442,0.9677106464974025,0.7640846035545928
E1,2023-03-18,QPR,Birmingham,home,2022,10,4.707104819215806,5.00964160988076,0.09632182257639932,0.41902313624678666,QPR,Birmingham,37,2022-11-02,2023-03-14,0.4,0.014823394414877811,0.4631380285004118,0.5333333333333333,0.6809261068114656,0.753124509352057,-0.6661027123965878,-0.2899864808516452,37,2022-11-02,2023-03-14,0.6,1.0528768917038784,0.5949728688074993,0.4,-0.9716126518057455,-0.936291974124313,2.024489543509624,1.5312648429318123
E1,2023-03-18,Reading,Hull,away,2022,9,4.171841872302766,4.658763621611494,0.03621984909756426,0.40458015267175573,Hull,Reading,36,2022-11-01,2023-03-15,0.6,-0.2636139132373291,0.0675419431429118,0.4666666666666667,-0.2949241364589928,-0.17291149379086523,0.03131022322166371,0.24045343693377702,37,2022-11-01,2023-03-15,0.4,-0.008248735865163859,-0.2796593829560017,0.6,-0.1323741445413517,-0.2804538694469709,0.12412540867618785,0.0007944864909692484
E1,2023-03-18,Reading,Hull,home,2022,1,4.606660368569802,4.732941962790161,-0.03621984909756426,0.40458015267175573,Reading,Hull,37,2022-11-01,2023-03-15,0.6,-1.932988077723452,-1.7687951224266292,0.4,-0.23025407753221433,-0.11186557261606232,-1.7027340001912377,-1.656929549810567,36,2022-11-01,2023-03-15,0.4,1.246233653821353,1.1889872014655611,0.5333333333333333,0.5123244321262371,0.45474123810002853,0.7339092216951159,0.7342459633655326
E1,2023-03-18,Stoke,Norwich,away,2022,3,6.080221582903122,5.153701139940969,-0.04806116876024025,0.4671916010498688,Norwich,Stoke,37,2022-10-29,2023-03-15,0.6,0.12148428764479302,0.13329750166051416,0.5333333333333333,0.4132865614086667,0.7559416530337465,-0.2918022737638737,-0.6226441513732324,37,2022-11-02,2023-03-14,0.6,-0.7852440882090109,-0.9722538167936156,0.4666666666666667,-0.5627411248155981,-0.2744359772402349,-0.2225029633934128,-0.6978178395533807
E1,2023-03-18,Stoke,Norwich,home,2022,8,5.394325287693285,5.161818515181638,0.04806116876024025,0.4671916010498688,Stoke,Norwich,37,2022-11-02,2023-03-14,0.4,-0.42536594867322874,-0.09967063124254434,0.5333333333333333,0.1984728142103971,0.33101061589324093,-0.6238387628836258,-0.43068124713578526,37,2022-10-29,2023-03-15,0.4,-0.26728461596641234,-0.3655748154126452,0.4666666666666667,0.04473395090151824,-0.020566740190847574,-0.31201856686793056,-0.3450080752217976
E1,2023-03-18,Sunderland,Luton,away,2022,2,5.413322548669541,5.027044927106643,-0.005225085338952773,0.43005181347150256,Luton,Sunderland,36,2022-11-01,2023-03-15,0.6,-0.06209121479448285,0.24964247229921047,0.4666666666666667,1.3745178938765372,1.5328079962745613,-1.43660910867102,-1.2831655239753508,37,2022-11-02,2023-03-15,0.6,0.31533258750155524,0.4862820242864325,0.4666666666666667,-0.5708618084556236,-0.2125988034008418,0.8861943959571789,0.6988808276872743
E1,2023-03-18,Sunderland,Luton,home,2022,6,3.827051356218474,4.503415412724925,0.005225085338952773,0.43005181347150256,Sunderland,Luton,37,2022-11-02,2023-03-15,0.4,0.1431505133337037,-0.17830112335665155,0.5333333333333333,-0.7453829434865765,-1.073823275499683,0.8885334568202803,0.8955221521430314,36,2022-11-01,2023-03-15,0.4,-2.6149685647215257,-2.3633037958030783,0.5333333333333333,-0.6525121632953671,-0.436230601338756,-1.9624564014261585,-1.9270731944643222
E1,2023-03-18,Watford,Wigan,away,2022,4,4.563634735124414,4.144141008724762,-0.36368546122272627,0.43782383419689114,Wigan,Watford,36,2022-11-02,2023-03-14,0.4,-1.1101544765574682,-0.9382862938479855,0.5333333333333333,0.5354073199021551,0.5397017628646391,-1.6455617964596234,-1.4779880567126247,36,2022-11-02,2023-03-14,0.4,-1.7827745968228839,-1.438286086263607,0.5333333333333333,0.20531339105041255,0.5285850868874462,-1.9880879878732964,-1.9668711731510533
E1,2023-03-18,Watford,Wigan,home,2022,5,5.368157086905656,5.79412379403693,0.36368546122272627,0.43782383419689114,Watford,Wigan,36,2022-11-02,2023-03-14,0.6,0.005600695935822841,-0.10310152896804894,0.4666666666666667,0.6247181389896187,0.5196316608104093,-0.6191174430537959,-0.6227331897784583,36,2022-11-02,2023-03-14,0.6,-1.3102040255862426,-1.6568630271258442,0.4666666666666667,-0.14291459313208993,-0.4770510714155179,-1.1672894324541527,-1.1798119557103264
E1,2023-03-19,Swansea,Bristol City,away,2022,7,4.033040963461826,4.240718298821074,-0.18485446863779326,0.46981627296587924,Bristol City,Swansea,36,2022-10-29,2023-03-15,0.4,0.10438796367402325,-0.017844273735060767,0.6,0.8310236501527406,0.7997406948234591,-0.7266356864787173,-0.8175849685585199,37,2022-11-01,2023-03-14,0.4,0.3728817686083046,0.1865541011356889,0.6,-1.0277948280693783,-0.8960948074476782,1.4006765966776829,1.082648908583367
E1,2023-03-19,Swansea,Bristol City,home,2022,3,5.393562499858252,5.430665596865366,0.18485446863779326,0.46981627296587924,Swansea,Bristol City,37,2022-11-01,2023-03-14,0.6,-1.0224282964764995,-0.9578668424614672,0.4,-0.17301206463192695,-0.11457520863896532,-0.8494162318445725,-0.8432916338225019,36,2022-10-29,2023-03-15,0.6,-1.7998658970066863,-1.347972878149414,0.4,-0.4138022356571277,0.018720133961061987,-1.3860636613495587,-1.3666930121104761
E1,2023-03-31,Burnley,Sunderland,away,2022,4,3.5312428076737956,3.56802849131047,-0.5241567912488605,0.5354330708661418,Sunderland,Burnley,38,2022-11-05,2023-03-18,0.6,0.30307790845896276,-0.05336009241426787,0.5333333333333333,-0.42831853291602673,-0.7719493884797531,0.7313964413749895,0.7185892960654853,27,2022-10-29,2023-03-15,0.6,-2.518769799596951,-2.2201192837530423,0.4,-0.6476496534013029,-0.3464217362370167,-1.8711201461956484,-1.8736975475160256
E1,2023-03-31,Burnley,Sunderland,home,2022,5,6.408492283780553,6.544785973711682,0.5241567912488605,0.5354330708661418,Burnley,Sunderland,27,2022-10-29,2023-03-15,0.4,0.8382524601795049,0.4277754506758679,0.6,0.35380914894800486,0.3684764598085833,0.4844433112315001,0.05929899086728463,38,2022-11-05,2023-03-18,0.4,-0.22512466188873007,-0.02030702300431102,0.4666666666666667,-0.5614858367219046,-0.22950795607777272,0.3363611748331745,0.2092009330734617
E1,2023-04-01,Birmingham,Blackburn,away,2022,7,4.281572363692166,4.575928591012722,-0.036608233482173846,0.393939393939394,Blackburn,Birmingham,37,2022-10-29,2023-03-15,0.6,-0.02620688385468668,-0.19438577511684568,0.4,-1.054073052388365,-1.232632828340395,1.0278661685336783,1.0382470532235493,38,2022-11-05,2023-03-18,0.6,1.9671272066531955,1.5545291500840746,0.4666666666666667,-0.9530471386038647,-0.946616569130795,2.92017434525706,2.5011457192148696
E1,2023-04-01,Birmingham,Blackburn,home,2022,4,5.289676365673173,5.10466281779362,0.036608233482173846,0.393939393939394,Birmingham,Blackburn,38,2022-11-05,2023-03-18,0.4,-2.69317456220747,-2.829633018783137,0.5333333333333333,-0.1864956044834365,-0.15096833006129468,-2.5066789577240334,-2.6786646887218426,37,2022-10-29,2023-03-15,0.4,-0.8228261239781667,-0.6360078374374938,0.6,0.7284035206621212,0.7673987830634681,-1.551229644640288,-1.4034066205009619
E1,2023-04-01,Bristol City,Reading,away,2022,4,4.882665791271717,4.312485138957258,-0.3203778119468168,0.41902313624678666,Reading,Bristol City,38,2022-11-04,2023-03-18,0.6,-2.2696740378802644,-2.0673137120198497,0.4666666666666667,-0.37514239327587856,-0.3021747324479261,-1.8945316446043858,-1.7651389795719237,37,2022-11-01,2023-03-19,0.8,-1.9265083620998134,-1.5074434315157677,0.4,-0.9059167261384157,-0.49817001351809814,-1.0205916359613978,-1.0092734179976695
E1,2023-04-01,Bristol City,Reading,home,2022,10,5.2052592823920225,5.6402767070859685,0.3203778119468168,0.41902313624678666,Bristol City,Reading,37,2022-11-01,2023-03-19,0.2,0.33269390435201485,0.17248559101809757,0.6,0.8187323379443611,0.7923019811663392,-0.4860384335923462,-0.6198163901482416,38,2022-11-04,2023-03-18,0.4,0.23307264323466814,-0.13526018304255255,0.5333333333333333,0.08191336942151839,-0.06364239276101565,0.15115927381314975,-0.0716177902815369
E1,2023-04-01,Cardiff,Swansea,away,2022,3,4.575369324187392,4.6299394050289475,-0.06775430693370671,0.4215938303341903,Swansea,Cardiff,38,2022-11-05,2023-03-19,0.6,-1.4875003257518464,-1.4015590493051377,0.4666666666666667,-0.2861306663875462,-0.2689741139105803,-1.2013696593643002,-1.1325849353945574,37,2022-11-02,2023-03-15,0.4,-0.8317114275452185,-0.9330300071866917,0.4666666666666667,0.4482085163522659,0.4015624641515163,-1.2799199438974844,-1.334592471338208
E1,2023-04-01,Cardiff,Swansea,home,2022,1,5.278653679240828,5.160293656586232,0.06775430693370671,0.4215938303341903,Cardiff,Swansea,37,2022-11-02,2023-03-15,0.6,-0.4095416433313012,-0.2839936339830532,0.5333333333333333,-0.05231345139381697,0.05466355709176689,-0.35722819193748423,-0.3386571910748201,38,2022-11-05,2023-03-19,0.4,1.0129578359841864,0.8178521698616146,0.5333333333333333,-0.8282571332189193,-0.7129467248155367,1.8412149692031057,1.5307988946771514
E1,2023-04-01,Coventry,Stoke,away,2022,6,4.867379960793346,4.704086210369306,-0.08346835018716126,0.4659685863874345,Stoke,Coventry,38,2022-11-05,2023-03-18,0.6,0.14245325385636143,0.5474073942112685,0.5333333333333333,-0.05071547986090277,0.12711147039977325,0.1931687337172642,0.4202959238114953,38,2022-11-12,2023-03-18,0.8,0.026156923937858068,0.047287466035822234,0.3333333333333333,-0.18889296993683455,-0.015070937537897795,0.21504989387469262,0.06235840357372003
E1,2023-04-01,Coventry,Stoke,home,2022,6,5.282479069466299,5.1918291604260745,0.08346835018716126,0.4659685863874345,Coventry,Stoke,38,2022-11-12,2023-03-18,0.2,0.3282365908168596,-0.017573253930163624,0.6666666666666666,-0.25701529255743194,-0.18513653256339754,0.5852518833742915,0.16756327863323392,38,2022-11-05,2023-03-18,0.4,-1.387647934093332,-1.3605531322524065,0.4666666666666667,-0.360584970989715,-0.09191983920862128,-1.0270629631036172,-1.2686332930437851
E1,2023-04-01,Huddersfield,Middlesbrough,away,2022,9,5.403306025845384,5.768904803597944,0.36702312990806996,0.47244094488188976,Middlesbrough,Huddersfield,38,2022-11-05,2023-03-18,0.6,0.4375152967302263,0.43578937215099084,0.4666666666666667,0.7089693794915739,1.006304462263659,-0.2714540827613476,-0.5705150901126681,37,2022-11-08,2023-03-18,0.4,0.2694539045255796,0.08106681060667498,0.6,1.046526723485115,0.8517291075571388,-0.7770728189595354,-0.7706622969504638
E1,2023-04-01,Huddersfield,Middlesbrough,home,2022,5,4.275537294645392,4.077361467776814,-0.36702312990806996,0.47244094488188976,Huddersfield,Middlesbrough,37,2022-11-08,2023-03-18,0.6,0.6632696419236599,0.8070099836698166,0.4,-1.1054821762273843,-0.996501862897859,1.7687518181510442,1.8035118465676756,38,2022-11-05,2023-03-18,0.4,-1.0735404821592005,-0.6106594582528213,0.5333333333333333,0.49588136715926223,0.4294073144092278,-1.5694218493184628,-1.0400667726620492
E1,2023-04-01,Hull,Rotherham,away,2022,8,3.9672466320861135,4.099336860810663,-0.2605726864525899,0.42783505154639173,Rotherham,Hull,37,2022-11-02,2023-03-14,0.6,1.7345865320889196,1.6528431199491895,0.4,-1.2122560514123804,-1.1699404185374278,2.9468425835013,2.8227835384866173,37,2022-11-05,2023-03-18,0.6,0.2329910359749313,0.1283660780332511,0.5333333333333333,0.8522381840694032,0.7800334084940179,-0.6192471480944719,-0.6516673304607669
E1,2023-04-01,Hull,Rotherham,home,2022,8,6.406880898396803,5.933722425855205,0.2605726864525899,0.42783505154639173,Hull,Rotherham,37,2022-11-05,2023-03-18,0.4,-0.40054205736879533,-0.17369282752894719,0.4666666666666667,-0.09833386972267301,0.033978799827149624,-0.30220818764612234,-0.20767162735609682,37,2022-11-02,2023-03-14,0.4,-0.11801359109275004,-0.19368371462310313,0.6,-0.069648961102997,0.2671436699903894,-0.04836462998975305,-0.46082738461349254
E1,2023-04-01,Luton,Watford,away,2022,3,4.761248707711709,4.489648624830789,-0.1882127694997086,0.3964646464646465,Watford,Luton,37,2022-11-05,2023-03-18,0.6,-0.22331458447505542,-0.46072112559581735,0.5333333333333333,0.22523553436410115,0.1674560416717022,-0.4485501188391566,-0.6281771672675196,37,2022-11-05,2023-03-18,0.4,-1.5659485651419165,-1.4893225983997436,0.6,-0.87399519812775,-0.6687379201651226,-0.6919533670141665,-0.820584678234621
E1,2023-04-01,Luton,Watford,home,2022,9,6.285808284128043,5.737757897129475,0.1882127694997086,0.3964646464646465,Luton,Watford,37,2022-11-05,2023-03-18,0.6,-1.1748980044845692,-0.7689504638192325,0.4,1.490749419011595,1.6460647646048046,-2.6656474234961642,-2.415015228424037,37,2022-11-05,2023-03-18,0.4,-2.0708604325000364,-1.677571053580671,0.4666666666666667,0.11676065059038947,0.40441493907500925,-2.1876210830904257,-2.0819859926556803
E1,2023-04-01,Norwich,Sheffield United,away,2022,5,4.388992193028403,4.6277241162292295,-0.029734060633528014,0.46981627296587924,Sheffield United,Norwich,37,2022-11-01,2023-03-15,0.4,-0.1014557911820921,-0.015387812394139467,0.5333333333333333,-0.5687718921312246,-0.3901712943151721,0.4673161009491325,0.37478348192103267,38,2022-11-02,2023-03-18,0.6,0.7950505672491016,0.7661592342186654,0.4666666666666667,-0.2817206654632473,-0.3349268680895252,1.0767712327123489,1.1010861023081906
E1,2023-04-01,Norwich,Sheffield United,home,2022,4,5.353212133425793,5.113035488619878,0.029734060633528014,0.46981627296587924,Norwich,Sheffield United,38,2022-11-02,2023-03-18,0.4,-0.638888750143353,-0.3359581230749523,0.5333333333333333,0.5442634764297108,0.8213470175263514,-1.1831522265730638,-1.1573051406013037,37,2022-11-01,2023-03-15,0.6,-0.6606642106235944,-0.5268965975824264,0.4666666666666667,0.3887244098461355,0.6664558304566313,-1.0493886204697298,-1.1933524280390575
E1,2023-04-01,Preston,Blackpool,away,2022,8,4.541748605137999,4.398527817268386,-0.1987916629233672,0.43152454780361754,Blackpool,Preston,37,2022-11-05,2023-03-18,0.6,-0.5466355367532103,-0.44166247375732154,0.5333333333333333,-0.5932375944844973,-0.5121393966263127,0.046602057731287005,0.07047692286899115,37,2022-11-01,2023-03-18,0.6,-1.024353000255091,-0.9667485335561097,0.4666666666666667,0.4680087420941187,0.6454326287093419,-1.4923617423492095,-1.6121811622654516
E1,2023-04-01,Preston,Blackpool,home,2022,6,4.802913354759144,5.240990653377576,0.1987916629233672,0.43152454780361754,Preston,Blackpool,37,2022-11-01,2023-03-18,0.4,-0.5693735259601553,-0.5296399788483457,0.5333333333333333,-1.3823668811836847,-1.4424287681483412,0.8129933552235293,0.9127887892999955,37,2022-11-05,2023-03-18,0.4,-0.8997078310736425,-0.9881021722587071,0.4666666666666667,1.0217760933045625,0.9941523598526173,-1.921483924378205,-1.9822545321113245
E1,2023-04-01,West Brom,Millwall,away,2022,7,3.6133384093942733,3.9180275245931813,-0.29401313664261863,0.41794871794871796,Millwall,West Brom,37,2022-11-05,2023-03-18,0.6,-1.758042277081746,-2.031667946709825,0.4666666666666667,0.25706132574783497,0.23497630278710507,-2.0151036028295812,-2.26664424949693,36,2022-11-01,2023-03-15,0.4,-0.8984305140997811,-0.5612108096812676,0.5333333333333333,1.573361676058829,1.4347805666868954,-2.47179219015861,-1.995991376368163
E1,2023-04-01,West Brom,Millwall,home,2022,6,6.787129118425864,6.130782019203332,0.29401313664261863,0.41794871794871796,West Brom,Millwall,36,2022-11-01,2023-03-15,0.6,-1.4177744893516768,-0.9519337213659014,0.4666666666666667,0.9467438841461929,1.4293132265767872,-2.36451837349787,-2.3812469479426888,37,2022-11-05,2023-03-18,0.4,-0.26328835629061087,-0.00551682213137088,0.5333333333333333,-0.3591178186064316,-0.49011049031123044,0.09582946231582073,0.48459366817985955
E1,2023-04-01,Wigan,QPR,away,2022,5,3.8332372018592227,4.324102441491424,-0.08441785853739048,0.4035532994923858,QPR,Wigan,38,2022-11-05,2023-03-18,0.6,0.1829679352864181,0.4718913440362904,0.5333333333333333,0.9736962934190548,1.0925597815356742,-0.7907283581326368,-0.6206684374993838,37,2022-11-05,2023-03-18,0.6,-1.0255095743986478,-1.395081129183124,0.5333333333333333,-0.4959834233702163,-0.7946718596623076,-0.5295261510284315,-0.6004092695208164
E1,2023-04-01,Wigan,QPR,home,2022,2,4.739487325692364,4.999556916278501,0.08441785853739048,0.4035532994923858,Wigan,QPR,37,2022-11-05,2023-03-18,0.4,-1.5298077600599571,-1.4037383173108704,0.4666666666666667,0.8444190761193409,0.8819061456453646,-2.374226836179298,-2.285644462956235,38,2022-11-05,2023-03-18,0.4,-0.3740652969214014,-0.6283755595396225,0.4666666666666667,-0.4384502905039416,-0.3695422299337839,0.06438499358254018,-0.25883332960583866
E1,2023-04-07,Blackburn,Norwich,away,2022,5,5.90975624687856,5.278000355538948,0.0429633475151992,0.44415584415584414,Norwich,Blackburn,39,2022-11-05,2023-04-01,0.4,-0.2565423360526061,0.06162797290973643,0.5333333333333333,-0.030894410084590974,0.2544021157769157,-0.22564792596801514,-0.19277414286717925,38,2022-11-01,2023-04-01,0.6,-0.6110725683923895,-0.3983206243397358,0.5333333333333333,0.5366305972802081,0.5605626956950939,-1.1477031656725978,-0.9588833200348297
E1,2023-04-07,Blackburn,Norwich,home,2022,8,4.995124990841058,4.85724586910565,-0.0429633475151992,0.44415584415584414,Blackburn,Norwich,38,2022-11-01,2023-04-01,0.4,0.014555254096936032,-0.2013933823543937,0.4666666666666667,-0.7963244235198822,-0.9633551108144487,0.8108796776168182,0.761961728460055,39,2022-11-05,2023-04-01,0.6,0.5997830916351475,0.5910105257284497,0.4666666666666667,-0.1799389649479998,-0.2420630883204412,0.7797220565831473,0.8330736140488909
E1,2023-04-07,Blackpool,Cardiff,away,2022,3,4.579759281212884,4.797564507708192,0.02706472531506182,0.41071428571428575,Cardiff,Blackpool,38,2022-11-05,2023-04-01,0.6,-1.8103237434041553,-1.6113611922692932,0.5333333333333333,-0.017635366663033912,0.025444096411623995,-1.7926883767411212,-1.6368052886809172,38,2022-11-08,2023-04-01,0.4,-0.27564438846832323,-0.388230499969411,0.5333333333333333,0.45534827053272764,0.42765432182810187,-0.7309926590010509,-0.8158848217975129
E1,2023-04-07,Blackpool,Cardiff,home,2022,4,4.695140722600468,4.780902014520948,-0.02706472531506182,0.41071428571428575,Blackpool,Cardiff,38,2022-11-08,2023-04-01,0.6,-0.5792955042204252,-0.44521611297525077,0.4666666666666667,-0.6012827522243006,-0.5393609047794137,0.021987248003875415,0.09414479180416291,38,2022-11-05,2023-04-01,0.4,-0.864817729037726,-1.0052576175715866,0.4666666666666667,-0.09702456373149075,-0.1014648578009498,-0.7677931653062353,-0.9037927597706368
E1,2023-04-07,Middlesbrough,Burnley,away,2022,2,4.641921561865372,4.810655868498673,0.021656374249217514,0.46858638743455505,Burnley,Middlesbrough,28,2022-11-02,2023-03-31,0.6,0.1983176205908393,-0.12084873077027929,0.5333333333333333,0.055378463800141615,0.0518712771325091,0.14293915679069769,-0.17272000790278838,39,2022-11-08,2023-04-01,0.4,-0.4190538673463339,-0.1114617486870145,0.6,0.5093081725723559,0.5207080904161897,-0.9283620399186898,-0.6321698391032042
E1,2023-04-07,Middlesbrough,Burnley,home,2022,1,5.640129419241908,5.109158298712343,-0.021656374249217514,0.46858638743455505,Middlesbrough,Burnley,39,2022-11-08,2023-04-01,0.6,0.43748960764628037,0.39438934031613043,0.4,0.9027573942442362,1.1244911569895144,-0.4652677865979558,-0.7301018166733839,28,2022-11-02,2023-03-31,0.4,-2.017056385498321,-1.7829210353539913,0.4666666666666667,-1.1234139440522952,-0.8071640605542519,-0.8936424414460258,-0.9757569747997393
E1,2023-04-07,Millwall,Luton,away,2022,4,4.354757128608024,4.586351097610306,-0.04650420346919226,0.36341463414634145,Luton,Millwall,38,2022-11-08,2023-04-01,0.6,-0.6255480966584717,-0.19770100468395652,0.4666666666666667,1.0503664458749074,1.255989648048169,-1.675914542533379,-1.4536906527321254,38,2022-11-12,2023-04-01,0.4,-0.4142026153240776,-0.11287218741086633,0.6,-0.2133408382789789,-0.3216551417047653,-0.2008617770450987,0.20878295429389895
E1,2023-04-07,Millwall,Luton,home,2022,4,4.754832704446208,4.935226127286854,0.04650420346919226,0.36341463414634145,Millwall,Luton,38,2022-11-12,2023-04-01,0.6,-0.5389802463904636,-0.9110082529678426,0.4,-0.2650501616515919,-0.23439969472129807,-0.2739300847388717,-0.6766085582465445,38,2022-11-08,2023-04-01,0.4,-1.3764685941141208,-1.2829871247052833,0.5333333333333333,-1.3040536755374703,-1.1053305197931802,-0.0724149185766505,-0.1776566049121031
E1,2023-04-07,QPR,Preston,away,2022,6,4.082965502661766,4.430407569089145,-0.07870183211785065,0.4035532994923858,Preston,QPR,38,2022-11-04,2023-04-01,0.4,-0.20627799529596835,-0.22172389062766823,0.5333333333333333,-1.2084938335158155,-1.2848381823182176,1.0022158382198472,1.0631142916905494,39,2022-11-08,2023-04-01,0.6,-0.35581094765505633,-0.5921249791154326,0.4666666666666667,-0.6335498395822572,-0.5927179386772455,0.27773889192720086,0.0005929595618129335
E1,2023-04-07,QPR,Preston,home,2022,6,5.7796277737631705,5.348949600476096,0.07870183211785065,0.4035532994923858,QPR,Preston,39,2022-11-08,2023-04-01,0.4,0.1630932769154197,0.3125367300262763,0.5333333333333333,0.8013779674684833,0.9677114273963324,-0.6382846905530637,-0.6551746973700561,38,2022-11-04,2023-04-01,0.6,0.29864409336876535,0.3481803462560265,0.4666666666666667,0.14898802568678182,0.3069692131922569,0.14965606768198353,0.04121113306376961
E1,2023-04-07,Reading,Birmingham,away,2022,0,4.0683204069968415,4.617109927041686,0.03579644947119348,0.36609336609336607,Birmingham,Reading,39,2022-11-08,2023-04-01,0.4,-2.3366795645188008,-2.4759013023935417,0.6,-0.29443950708437844,-0.2508950938186389,-2.042240057434422,-2.2250062085749027,39,2022-11-08,2023-04-01,0.4,1.2667354147038306,0.8388116018626711,0.6,0.2528538066391911,0.08054875184252565,1.0138816080646396,0.7582628500201455
E1,2023-04-07,Reading,Birmingham,home,2022,5,3.8819838991846924,4.4575539131105195,-0.03579644947119348,0.36609336609336607,Reading,Birmingham,39,2022-11-08,2023-04-01,0.6,-1.7068628942281054,-1.5384129856660118,0.4,-0.5174296469790398,-0.36672464358236273,-1.1894332472490656,-1.171688342083649,39,2022-11-08,2023-04-01,0.6,2.0806704539585845,1.6261594811844158,0.4,-0.6772391541375896,-0.6985980485177077,2.757909608096174,2.3247575297021235
E1,2023-04-07,Rotherham,West Brom,away,2022,3,5.490876361096011,5.743399653957762,0.33990110878034163,0.4215938303341903,West Brom,Rotherham,37,2022-11-05,2023-04-01,0.6,-1.0656062392949046,-0.6634201220853981,0.4666666666666667,0.7950713056587931,1.291428799298832,-1.8606775449536976,-1.9548489213842302,38,2022-11-05,2023-04-01,0.6,-0.07405210440315688,0.04519591369322455,0.5333333333333333,0.11268084408412556,0.33847830499792003,-0.18673294848728245,-0.29328239130469547
E1,2023-04-07,Rotherham,West Brom,home,2022,8,4.742047404159815,4.271191889190279,-0.33990110878034163,0.4215938303341903,Rotherham,West Brom,38,2022-11-05,2023-04-01,0.4,2.6833444660153196,2.5317956859176425,0.4666666666666667,-1.2257504821651157,-1.1659592194066615,3.909094948180435,3.697754905324304,37,2022-11-05,2023-04-01,0.4,-0.9404626798935048,-0.6324353857151753,0.5333333333333333,1.9052321934630776,1.777062330769016,-2.8456948733565826,-2.4094977164841915
E1,2023-04-07,Sheffield United,Wigan,away,2022,6,4.493289831021031,3.9057822567044025,-0.5084457448075255,0.4973684210526315,Wigan,Sheffield United,38,2022-11-08,2023-04-01,0.4,-1.6405827811485796,-1.4341528756814848,0.5333333333333333,0.767686903843537,0.7662524371811268,-2.4082696849921166,-2.2004053128626113,38,2022-11-05,2023-04-01,0.8,-0.9903840508692723,-0.8802052372946267,0.4,0.17286028848704132,0.4764133591676404,-1.1632443393563137,-1.3566185964622672
E1,2023-04-07,Sheffield United,Wigan,home,2022,9,6.103538708949197,6.396241196285666,0.5084457448075255,0.4973684210526315,Sheffield United,Wigan,38,2022-11-05,2023-04-01,0.2,0.3024476628821823,0.24748476874434785,0.6,-0.3018877972751012,-0.14351543188794308,0.6043354601572835,0.3910002006322909,38,2022-11-08,2023-04-01,0.6,-0.31756909709742215,-0.6435481089698847,0.4666666666666667,-0.6727665632144267,-1.0189430011501208,0.3551974661170046,0.37539489218023614
E1,2023-04-07,Stoke,Bristol City,away,2022,4,4.365364957150686,4.158600246433364,-0.3123275083985285,0.4595300261096606,Bristol City,Stoke,38,2022-11-05,2023-04-01,0.4,1.0994858863742212,0.909209025224923,0.5333333333333333,0.6472277992315566,0.6037660706732668,0.4522580871426646,0.30544295455165615,39,2022-11-08,2023-04-01,0.6,-1.1354297848739459,-1.0813719553826537,0.4666666666666667,-0.2999567710204378,-0.03947417930151461,-0.835473013853508,-1.0418977760811392
E1,2023-04-07,Stoke,Bristol City,home,2022,7,6.315560367370752,6.018504037562858,0.3123275083985285,0.4595300261096606,Stoke,Bristol City,39,2022-11-08,2023-04-01,0.4,-0.35020876388309075,0.05419820653943841,0.5333333333333333,0.32144041981357396,0.4881993226464788,-0.6716491836966647,-0.4340011161070404,38,2022-11-05,2023-04-01,0.6,-1.4516590946564147,-1.0470807784971314,0.4666666666666667,-0.7622594756248883,-0.3629949098994539,-0.6893996190315265,-0.6840858685976776
E1,2023-04-07,Sunderland,Hull,away,2022,0,4.7960107399046485,4.440733324768208,-0.22457474876879477,0.4543080939947781,Hull,Sunderland,38,2022-11-08,2023-04-01,0.6,0.2701517978303672,0.5662252533067316,0.4666666666666667,-0.06774304613749269,0.06648030595176516,0.33789484396785985,0.49974494735496644,39,2022-11-11,2023-03-31,0.4,-0.2978624112181942,-0.0852604251585726,0.5333333333333333,-0.6098470451065465,-0.28402991452636905,0.31198463388835235,0.19876948936779645
E1,2023-04-07,Sunderland,Hull,home,2022,1,4.352250388231424,5.1114830262357165,0.22457474876879477,0.4543080939947781,Sunderland,Hull,39,2022-11-11,2023-03-31,0.6,-0.06998744387211335,-0.45980183386787143,0.4666666666666667,-0.35838802282091314,-0.6668833633305739,0.2884005789487998,0.20708152946270242,38,2022-11-08,2023-04-01,0.4,0.6744558429280654,0.5469722303884916,0.5333333333333333,0.6323985564032365,0.5992546357000298,0.042057286524828874,-0.05228240531153816
E1,2023-04-07,Swansea,Coventry,away,2022,5,4.3080501192126475,4.468393377298765,-0.10644346178142772,0.47244094488188976,Coventry,Swansea,39,2022-12-10,2023-04-01,0.4,1.1030875915750558,0.7386953572504348,0.6,-0.22685301643348812,-0.16221178699772362,1.3299406080085439,0.9009071442481584,39,2022-11-08,2023-04-01,0.6,-0.47617471894351304,-0.5321706129510989,0.5333333333333333,-0.5481478844515952,-0.4661134744862567,0.07197316550808219,-0.06605713846484224
E1,2023-04-07,Swansea,Coventry,home,2022,5,4.954647098731399,5.119839150566786,0.10644346178142772,0.47244094488188976,Swansea,Coventry,39,2022-11-08,2023-04-01,0.4,-1.1811538809169029,-1.0812266554099352,0.4666666666666667,-0.5118579368982071,-0.503234177528216,-0.6692959440186957,-0.5779924778817193,39,2022-12-10,2023-04-01,0.6,0.37635913339520466,0.4625844428581537,0.4,-0.329063247795546,-0.16249286080320016,0.7054223811907507,0.6250773036613538
E1,2023-04-07,Watford,Huddersfield,away,2022,3,3.8480391412557355,3.8742452119875903,-0.38374224866261364,0.4215938303341903,Huddersfield,Watford,38,2022-11-12,2023-04-01,0.6,0.7946185530536872,0.9331567027946598,0.4666666666666667,-1.0784773418233125,-0.9733210982311019,1.8730958948769998,1.9064778010257617,38,2022-11-08,2023-04-01,0.4,-1.2463201966556898,-0.8367052286222325,0.5333333333333333,0.032464684486662364,0.308280792135122,-1.2787848811423521,-1.1449860207573546
E1,2023-04-07,Watford,Huddersfield,home,2022,13,5.6537799028840645,5.944700404926825,0.38374224866261364,0.4215938303341903,Watford,Huddersfield,38,2022-11-08,2023-04-01,0.6,-0.6346417395779165,-0.8893523925501998,0.4666666666666667,-0.10750617653828076,-0.10120920673804612,-0.5271355630396357,-0.7881431858121537,38,2022-11-12,2023-04-01,0.4,0.8440205111217123,0.6950479812178612,0.5333333333333333,0.5267281783522292,0.3196402980528995,0.3172923327694831,0.37540768316496165
E1,2023-04-10,Birmingham,Stoke,away,2022,10,5.520928944050938,5.318166427378166,0.12769731007981083,0.41071428571428575,Stoke,Birmingham,40,2022-11-12,2023-04-07,0.6,0.0694220716437,0.4141188555042394,0.4666666666666667,0.3107515870200739,0.4860517958807079,-0.24132951537637387,-0.07193294037646852,40,2022-11-11,2023-04-07,0.6,2.741396118171496,2.304145523447398,0.4666666666666667,-0.529067685720864,-0.6204019569582314,3.27046380389236,2.9245474804056295
E1,2023-04-10,Birmingham,Stoke,home,2022,6,4.915277961637481,4.680158210384125,-0.12769731007981083,0.41071428571428575,Birmingham,Stoke,40,2022-11-11,2023-04-07,0.4,-2.6757557282450986,-2.7829697792903554,0.5333333333333333,-0.916742805704527,-0.925354787994473,-1.7590129225405715,-1.8576149912958824,40,2022-11-12,2023-04-07,0.4,-0.7623603257810114,-0.5396451123556195,0.5333333333333333,-1.0327219044737848,-0.8128478531964222,0.27036157869277333,0.27320274084080265
E1,2023-04-10,Bristol City,Middlesbrough,away,2022,7,6.039435999712916,5.623390981958565,0.19306052139102092,0.5,Middlesbrough,Bristol City,40,2022-11-12,2023-04-07,0.6,-0.4158216482545344,-0.32531519310392076,0.4666666666666667,0.8151255753450212,0.9902680090073827,-1.2309472235995556,-1.3155832021113034,39,2022-11-12,2023-04-07,0.6,-1.4652553815323333,-1.074554898064917,0.4666666666666667,-0.7580982177099264,-0.39942346819361774,-0.7071571638224069,-0.6751314298712994
E1,2023-04-10,Bristol City,Middlesbrough,home,2022,4,4.711784742840415,4.500551524339792,-0.19306052139102092,0.5,Bristol City,Middlesbrough,39,2022-11-12,2023-04-07,0.4,1.0716676445896074,1.0275565103227005,0.5333333333333333,0.8154343793434575,0.7499343362591353,0.25623326524614987,0.27762217406356515,40,2022-11-12,2023-04-07,0.4,-0.20809387781290578,-0.08219516824145945,0.5333333333333333,0.41586585083396554,0.487681468163297,-0.6239597286468713,-0.5698766364047565
E1,2023-04-10,Burnley,Sheffield United,away,2022,2,4.053670797525879,4.292680274810739,-0.15689702769853686,0.4645669291338583,Sheffield United,Burnley,39,2022-11-08,2023-04-07,0.4,0.26690673316050706,0.22256171475394773,0.5333333333333333,-0.35755811853427016,-0.26802910675547326,0.6244648516947773,0.490590821509421,29,2022-11-05,2023-04-07,0.6,-2.6864764592313684,-2.3263884545992233,0.4666666666666667,-1.1757078913956012,-0.8630309622123692,-1.5107685678357672,-1.4633574923868542
E1,2023-04-10,Burnley,Sheffield United,home,2022,8,5.855552048074642,5.531919615564791,0.15689702769853686,0.4645669291338583,Burnley,Sheffield United,29,2022-11-05,2023-04-07,0.4,0.06202108304378484,-0.299829762937704,0.5333333333333333,0.015458232834908969,-0.06263609720827379,0.04656285020887587,-0.23719366572943024,39,2022-11-08,2023-04-07,0.6,-0.2788305172704971,-0.14541618928236408,0.4666666666666667,-0.08515063901374305,0.27137630752716985,-0.1936798782567541,-0.4167924968095339
E1,2023-04-10,Cardiff,Sunderland,away,2022,5,4.246442199786818,4.519760965149966,-0.06206361520558579,0.4252577319587629,Sunderland,Cardiff,40,2022-12-03,2023-04-07,0.6,-0.29429507099532637,-0.7086515468013077,0.5333333333333333,-0.38331344608309764,-0.7500728539170797,0.08901837508777127,0.041421307115771966,39,2022-11-08,2023-04-07,0.4,-0.35085703278191416,-0.541244826767112,0.4666666666666667,-0.4003625974937846,-0.3674085782851618,0.04950556471187045,-0.17383624848195023
E1,2023-04-10,Cardiff,Sunderland,home,2022,7,5.160682761295824,5.108685672590343,0.06206361520558579,0.4252577319587629,Cardiff,Sunderland,39,2022-11-08,2023-04-07,0.6,-2.4437446366550057,-2.220477979055301,0.5333333333333333,0.10948000643063056,0.13545803057384267,-2.5532246430856365,-2.355936009629144,40,2022-12-03,2023-04-07,0.4,-0.9743216501981827,-0.8097856336348416,0.4666666666666667,-0.7758363168286018,-0.43857543234107066,-0.19848533336958096,-0.3712102012937709
E1,2023-04-10,Coventry,Watford,away,2022,4,4.938519697389231,4.680726945129565,-0.11058196018668448,0.44531250000000006,Watford,Coventry,39,2022-11-12,2023-04-07,0.6,0.7439262968053961,0.4707336907934021,0.4666666666666667,-0.23457979398200243,-0.1908180409743687,0.9785060907873986,0.6615517317677708,40,2022-12-17,2023-04-07,0.6,0.3718860837080305,0.38023562542500233,0.4,-0.2651246722561011,-0.07800701952003658,0.6370107559641316,0.4582426449450389
E1,2023-04-10,Coventry,Watford,home,2022,6,5.670088885169932,5.376433268322999,0.11058196018668448,0.44531250000000006,Coventry,Watford,40,2022-12-17,2023-04-07,0.4,1.096705379497736,0.8127788131214567,0.6,-0.11464262501297326,-0.09750609276875206,1.2113480045107092,0.9102849058902088,39,2022-11-12,2023-04-07,0.4,-1.1083305375160943,-0.7676746144445253,0.5333333333333333,0.061657824911590296,0.3172776824283638,-1.1699883624276846,-1.084952296872889
E1,2023-04-10,Huddersfield,Blackburn,away,2022,10,4.036337113517007,4.596960836470469,0.03148464268108353,0.4252577319587629,Blackburn,Huddersfield,39,2022-11-05,2023-04-07,0.6,1.1816820703335424,1.0633194075043666,0.4666666666666667,-0.9794347595648792,-1.147737205963829,2.161116829898422,2.2110566134681955,39,2022-12-10,2023-04-07,0.6,2.3585192801904227,2.2561754346169467,0.5333333333333333,0.054543773852627035,-0.1479501618530899,2.3039755063377956,2.4041255964700365
E1,2023-04-10,Huddersfield,Blackburn,home,2022,5,5.115015883667855,4.918802801131337,-0.03148464268108353,0.4252577319587629,Huddersfield,Blackburn,39,2022-12-10,2023-04-07,0.4,0.47452651140077207,0.5345343483419277,0.4666666666666667,-0.801451574801339,-0.704622985534042,1.275978086202111,1.2391573338759696,39,2022-11-05,2023-04-07,0.4,-1.0462510357672554,-0.7484548211592548,0.5333333333333333,0.7860889003650918,0.8098867270924368,-1.8323399361323474,-1.5583415482516916
E1,2023-04-10,Hull,Millwall,away,2022,5,4.875739359162805,5.0097095941507055,0.08433589116700152,0.3954659949622167,Millwall,Hull,39,2022-12-03,2023-04-07,0.6,-0.5385171768030868,-0.9102556323486712,0.4666666666666667,-0.13327420190440253,-0.11797854886282723,-0.4052429748986842,-0.792277083485844,39,2022-11-12,2023-04-07,0.6,-0.11626630642000535,-0.4098439555276386,0.4666666666666667,0.8064960693035749,0.7567924186487708,-0.9227623757235802,-1.1666363741764094
E1,2023-04-10,Hull,Millwall,home,2022,7,5.361496448541151,4.903534131440947,-0.08433589116700152,0.3954659949622167,Hull,Millwall,39,2022-11-12,2023-04-07,0.4,-0.33597317004627814,-0.14141673719454745,0.5333333333333333,-0.05563215357651853,0.15112494270419924,-0.2803410164697596,-0.2925416798987467,39,2022-12-03,2023-04-07,0.4,-0.13506197160328134,-0.019402063627035025,0.5333333333333333,-0.14737127295092964,-0.19395419998404442,0.012309301347648294,0.1745521363570094
E1,2023-04-10,Luton,Blackpool,away,2022,5,4.250525708035586,3.866915239970968,-0.4828661151784832,0.4671916010498688,Blackpool,Luton,39,2022-11-12,2023-04-07,0.6,-0.07043599201661195,-0.010906478355976112,0.4666666666666667,-0.6642395255684924,-0.5720849548250314,0.5938035335518804,0.5611784764690553,39,2022-11-12,2023-04-07,0.6,-1.1193804233428903,-1.163475750736493,0.4666666666666667,-1.356513109217481,-1.1551230942085473,0.23713268587459058,-0.008352656527945701
E1,2023-04-10,Luton,Blackpool,home,2022,7,6.827849030576701,6.590220842993655,0.4828661151784832,0.4671916010498688,Luton,Blackpool,39,2022-11-12,2023-04-07,0.4,-0.26839643977033417,0.035136541323770844,0.5333333333333333,0.3236144350593369,0.5570623497479009,-0.5920108748296711,-0.52192580842413,39,2022-11-12,2023-04-07,0.4,-1.156939138431162,-1.1790287903821037,0.5333333333333333,0.5810689588561222,0.4712353455771272,-1.7380080972872842,-1.650264135959231
E1,2023-04-10,Norwich,Rotherham,away,2022,3,3.3571720121727298,3.5872190520018297,-0.4619386346745939,0.4973684210526315,Rotherham,Norwich,39,2022-11-08,2023-04-07,0.6,2.7015331661038227,2.759593256584119,0.4,-0.8292902222209511,-0.8310102122342677,3.530823388324774,3.5906034688183865,40,2022-11-12,2023-04-07,0.6,1.3521877039435544,1.407359197983862,0.4666666666666667,-0.045089181522552924,-0.14236804700538425,1.3972768854661073,1.5497272449892463
E1,2023-04-10,Norwich,Rotherham,home,2022,10,6.678792560224363,6.488690069515395,0.4619386346745939,0.4973684210526315,Norwich,Rotherham,40,2022-11-12,2023-04-07,0.4,-0.0884015159859171,0.21676824510783935,0.5333333333333333,-0.30685514641252726,-0.0210994898743546,0.21845363042661015,0.23786773498219393,39,2022-11-08,2023-04-07,0.4,0.04919293305006285,0.14283625780266415,0.6,-0.2537226389871509,-0.08221661118504985,0.30291557203721375,0.22505286898771398
E1,2023-04-10,Preston,Reading,away,2022,2,4.949132232678539,4.439666621785296,-0.25492662177535025,0.41071428571428575,Reading,Preston,40,2022-11-12,2023-04-07,0.6,-1.2414335595661554,-1.2123859489720812,0.4666666666666667,-0.4663127155901604,-0.34894714086939066,-0.775120843975995,-0.8634388081026905,39,2022-11-12,2023-04-07,0.6,0.25204255557625677,0.42741659048977426,0.4666666666666667,0.2833742002990795,0.4565431653299277,-0.03133164472282274,-0.029126574840153463
E1,2023-04-10,Preston,Reading,home,2022,9,4.665365027195162,5.297116210157751,0.25492662177535025,0.41071428571428575,Preston,Reading,39,2022-11-12,2023-04-07,0.4,0.48472639156242125,0.3360742521297279,0.5333333333333333,-1.1151810161125344,-1.1878978811322791,1.5999074076749555,1.523972133262007,40,2022-11-12,2023-04-07,0.4,0.7589228637216614,0.2692455771774959,0.5333333333333333,-0.006395648623555061,-0.14400334785852872,0.7653185123452164,0.4132489250360246
E1,2023-04-10,West Brom,QPR,away,2022,4,4.23314908668671,3.944019121310389,-0.42585350385794307,0.4789473684210527,QPR,West Brom,40,2022-11-12,2023-04-07,0.6,-0.36353599167771466,-0.14761088104407172,0.4666666666666667,0.42355659753750097,0.6216625586607277,-0.7870925892152156,-0.7692734397047994,38,2022-11-12,2023-04-07,0.4,0.06420501937881644,0.2938309108991313,0.5333333333333333,1.5308124014780269,1.49386770990831,-1.4666073820992105,-1.2000367990091787
E1,2023-04-10,West Brom,QPR,home,2022,8,7.2404017812080275,6.586399707287398,0.42585350385794307,0.4789473684210527,West Brom,QPR,38,2022-11-12,2023-04-07,0.6,-1.6840535832158927,-1.3466196335459375,0.4666666666666667,0.828779718616012,1.325146938671663,-2.512833301831905,-2.6717665722176003,40,2022-11-12,2023-04-07,0.4,-0.3868713433717811,-0.71529227379587,0.5333333333333333,-0.4729037834303596,-0.4433022428295505,0.08603244005857852,-0.2719900309663195
E1,2023-04-10,Wigan,Swansea,away,2022,1,3.868516703698188,4.617111507573686,0.08339632149155962,0.4569190600522194,Swansea,Wigan,40,2022-11-12,2023-04-07,0.6,-0.7640285890027103,-0.7986378860971313,0.4666666666666667,-0.3539972243516888,-0.3373913441490985,-0.4100313646510215,-0.4612465419480328,39,2022-11-12,2023-04-07,0.6,1.5930635629959446,1.035343637634653,0.4666666666666667,-1.126755980741262,-1.425196639978739,2.7198195437372066,2.460540277613392
E1,2023-04-10,Wigan,Swansea,home,2022,6,4.104348963799301,4.465921788871212,-0.08339632149155962,0.4569190600522194,Wigan,Swansea,39,2022-11-12,2023-04-07,0.4,-0.8522462024924506,-0.6222026194721981,0.5333333333333333,0.6141580804376183,0.6481704884095997,-1.466404282930069,-1.270373107881798,40,2022-11-12,2023-04-07,0.4,0.09031833982369974,-0.07574152288106344,0.5333333333333333,-1.1549562380506342,-1.0518245876681793,1.245274577874334,0.9760830647871159
E1,2023-04-14,Middlesbrough,Norwich,away,2022,5,5.597587709288413,4.666676383635392,-0.2370778821918002,0.5366492146596858,Norwich,Middlesbrough,41,2022-12-10,2023-04-10,0.4,0.05948178349492324,0.44631169296241335,0.5333333333333333,-0.016542539472055928,0.27889137942325015,0.07602432296697917,0.1674203135391632,41,2022-12-10,2023-04-10,0.4,-0.29400326180639186,-0.09151252983778199,0.5333333333333333,0.5152432067581424,0.5998351769562409,-0.8092464685645342,-0.6913477067940229
E1,2023-04-14,Middlesbrough,Norwich,home,2022,3,6.072127112029923,5.772343011242746,0.2370778821918002,0.5366492146596858,Middlesbrough,Norwich,41,2022-12-10,2023-04-10,0.6,-0.42850626046933227,-0.22332388888308152,0.4666666666666667,0.9256210701613625,1.082037003257746,-1.354127330630695,-1.3053608921408275,41,2022-12-10,2023-04-10,0.6,1.4732145318112189,1.5033391858939236,0.4666666666666667,-0.06701323423102,-0.17951715198764615,1.5402277660422388,1.6828563378815697
E1,2023-04-15,Blackburn,Hull,away,2022,3,4.124428865031739,4.106428299984664,-0.29264614714407783,0.4516971279373368,Hull,Blackburn,40,2022-12-11,2023-04-10,0.6,0.23996021231905953,0.5297309138714704,0.4666666666666667,-0.054211677530297354,0.1449021018392014,0.2941718898493569,0.38482881203226904,40,2022-11-13,2023-04-10,0.6,-1.6840874004326623,-1.2778901961187892,0.5333333333333333,0.9905054091562147,0.9953608709890228,-2.674592809588877,-2.273251067107812
E1,2023-04-15,Blackburn,Hull,home,2022,9,5.26443112400092,5.604666027414732,0.29264614714407783,0.4516971279373368,Blackburn,Hull,40,2022-11-13,2023-04-10,0.4,2.784626147433122,2.4598727395634157,0.4666666666666667,-1.073483073436934,-1.2030215295840176,3.8581092208700563,3.6628942691474333,40,2022-12-11,2023-04-10,0.4,-1.0140262358798373,-1.3115812871420125,0.5333333333333333,1.018040383211441,0.9643565867563041,-2.032066619091278,-2.2759378738983167
E1,2023-04-15,Blackpool,Wigan,away,2022,7,5.035889811199835,4.706529557568207,-0.11423971716278924,0.44791666666666663,Wigan,Blackpool,40,2022-12-10,2023-04-10,0.6,0.3184045660201432,0.40215569643139704,0.4666666666666667,0.11614093932226795,0.20677807979241564,0.2022636266978753,0.1953776166389814,40,2022-12-10,2023-04-10,0.4,-1.2040426675793758,-1.1715683022795667,0.5333333333333333,0.37406991250921434,0.29385560928546617,-1.5781125800885902,-1.4654239115650327
E1,2023-04-15,Blackpool,Wigan,home,2022,3,4.737308268325301,5.0544418480368325,0.11423971716278924,0.44791666666666663,Blackpool,Wigan,40,2022-12-10,2023-04-10,0.6,1.0767167483331135,1.1087742011955224,0.4666666666666667,-0.974739276377567,-0.7988778858711993,2.0514560247106806,1.9076520870667217,40,2022-12-10,2023-04-10,0.4,0.25895237753379086,-0.3489388788579603,0.5333333333333333,-0.8513671559905501,-1.134014923517051,1.110319533524341,0.7850760446590905
E1,2023-04-15,Millwall,Preston,away,2022,4,4.239496555026149,4.150710239639445,-0.2897853441894892,0.3796526054590571,Preston,Millwall,40,2022-12-10,2023-04-10,0.4,1.497459836581734,1.2690176205676924,0.5333333333333333,-0.9811162444564664,-1.0540723617994319,2.4785760810382005,2.323089982367124,40,2022-12-10,2023-04-10,0.4,0.6420070316227069,0.8725980854119465,0.5333333333333333,-0.07481683984199042,-0.10009363063767165,0.7168238714646973,0.9726917160496181
E1,2023-04-15,Millwall,Preston,home,2022,2,5.217718181736258,5.581216194650479,0.2897853441894892,0.3796526054590571,Millwall,Preston,40,2022-12-10,2023-04-10,0.6,0.02075331405183496,-0.2901720760085477,0.4666666666666667,-0.534145725453385,-0.5451513401659367,0.55489903950522,0.254979264157389,40,2022-12-10,2023-04-10,0.6,-0.22818310455522467,0.06408409222395797,0.4666666666666667,0.42909310140373297,0.5940299845168318,-0.6572762059589576,-0.5299458922928738
E1,2023-04-15,QPR,Coventry,away,2022,2,4.3671035995855725,4.756168895233908,0.048680097046362614,0.4543080939947781,Coventry,QPR,41,2022-12-21,2023-04-10,0.4,0.24007554483647864,0.037696746672624036,0.6,0.21621412072734683,0.2148741112950744,0.023861424109131807,-0.17717736462245035,41,2022-12-11,2023-04-10,0.6,-0.29261559640035717,-0.4385150765010685,0.4666666666666667,-0.21307127016027352,-0.2201850624260325,-0.07954432624008365,-0.21833001407503602
E1,2023-04-15,QPR,Coventry,home,2022,5,5.600662498682493,5.045661235159165,-0.048680097046362614,0.4543080939947781,QPR,Coventry,41,2022-12-11,2023-04-10,0.4,0.3288810476353773,0.4611933450419733,0.5333333333333333,0.07826343466731676,0.3270760249114486,0.2506176129680605,0.1341173201305247,41,2022-12-21,2023-04-10,0.6,0.43241481630375206,0.4959447137532965,0.4,-0.20400188681694117,-0.04015797740725428,0.6364167031206932,0.5361026911605508
E1,2023-04-15,Reading,Burnley,away,2022,7,4.6828473273102125,5.701489355010013,0.47064515748356717,0.46073298429319376,Burnley,Reading,30,2022-11-13,2023-04-10,0.6,-0.07443222029140557,-0.2374990749217165,0.5333333333333333,0.08263210317520576,-0.018596186107345147,-0.15706432346661134,-0.21890288881437137,41,2022-12-10,2023-04-10,0.6,2.1602682209701114,1.6318478103162104,0.4666666666666667,-0.10037040278197225,-0.273616521328879,2.2606386237520835,1.9054643316450894
E1,2023-04-15,Reading,Burnley,home,2022,3,3.531243418149374,3.6685193819873594,-0.47064515748356717,0.46073298429319376,Reading,Burnley,41,2022-12-10,2023-04-10,0.4,-1.381891713167645,-1.2276122980019697,0.5333333333333333,-0.7120951852027905,-0.5988837687989919,-0.6697965279648544,-0.6287285292029778,30,2022-11-13,2023-04-10,0.4,-2.449322962012637,-2.194434472037907,0.4666666666666667,-1.6522851608733509,-1.36626625449881,-0.7970378011392862,-0.8281682175390972
E1,2023-04-15,Rotherham,Luton,away,2022,6,4.773684246466077,5.292792193788094,0.25228133319662427,0.4143222506393862,Luton,Rotherham,40,2022-12-10,2023-04-10,0.6,-0.125987166271808,0.18256483118985578,0.4666666666666667,-0.012081034570587157,0.16937810429099517,-0.11390613170122085,0.013186726898860607,40,2022-11-12,2023-04-10,0.6,0.14273070716468989,0.25474055292445624,0.5333333333333333,-0.3365492203245444,-0.2016438066089386,0.47927992748923426,0.45638435953339485
E1,2023-04-15,Rotherham,Luton,home,2022,2,4.682194084630377,4.3928819809628346,-0.25228133319662427,0.4143222506393862,Rotherham,Luton,40,2022-11-12,2023-04-10,0.4,2.215631468484905,2.205063665321145,0.4666666666666667,-0.5232221261761034,-0.5213423143927424,2.7388535946610086,2.726405979713887,40,2022-12-10,2023-04-10,0.4,-0.40786473312475496,-0.3980608634706574,0.5333333333333333,-1.5748377890349978,-1.348648689148137,1.166973055910243,0.9505878256774797
E1,2023-04-15,Sheffield United,Cardiff,away,2022,5,4.115358813372324,3.8776211742339606,-0.4448790716899718,0.46981627296587924,Cardiff,Sheffield United,40,2022-11-12,2023-04-10,0.6,-1.424498763216428,-1.3193554327632824,0.5333333333333333,0.026359353531126128,0.07386939302955862,-1.4508581167475543,-1.393224825792841,40,2022-11-12,2023-04-10,0.6,0.3918851876134628,0.5657377069207121,0.5333333333333333,0.0021529871366846366,0.3628363386424808,0.38973220047677815,0.2029013682782313
E1,2023-04-15,Sheffield United,Cardiff,home,2022,5,6.238810955417308,6.295226145519222,0.4448790716899718,0.46981627296587924,Sheffield United,Cardiff,40,2022-11-12,2023-04-10,0.4,0.1620241040725304,0.11788162051496194,0.4666666666666667,-0.7325697812908968,-0.7021941860787924,0.8945938853634272,0.8200758065937543,40,2022-11-12,2023-04-10,0.4,-0.3923016342386669,-0.5804182441730861,0.4666666666666667,-0.20650725773158604,-0.1775219752566133,-0.18579437650708083,-0.4028962689164728
E1,2023-04-15,Stoke,West Brom,away,2022,5,4.87212334506912,4.658530930563141,-0.11058196018668448,0.44270833333333337,West Brom,Stoke,39,2022-12-12,2023-04-10,0.6,-0.2007935375742921,0.09424041085825383,0.4666666666666667,0.36395102931507467,0.8215571768615234,-0.5647445668893668,-0.7273167660032696,41,2022-12-10,2023-04-10,0.6,-0.810223420404206,-0.4670754498180383,0.4666666666666667,-0.9655012923817541,-0.8665913879241404,0.15527787197754805,0.3995159381061021
E1,2023-04-15,Stoke,West Brom,home,2022,5,5.928661549229822,5.461289276013266,0.11058196018668448,0.44270833333333337,Stoke,West Brom,41,2022-12-10,2023-04-10,0.4,2.0686307291955623,2.3289998005812915,0.5333333333333333,-0.20700174727139978,0.03161762092404684,2.275632476466962,2.297382179657245,39,2022-12-12,2023-04-10,0.4,0.5045697469018096,0.6981337941872208,0.5333333333333333,1.218525701020458,1.2345693759524887,-0.7139559541186484,-0.536435581765268
E1,2023-04-15,Sunderland,Birmingham,away,2022,2,3.877917297390458,4.050972901873438,-0.270991052993806,0.4516971279373368,Birmingham,Sunderland,41,2022-12-10,2023-04-10,0.4,-2.0527191950623895,-2.16087030067031,0.5333333333333333,-1.12384848292967,-1.144736860549007,-0.9288707121327195,-1.0161334401213031,41,2022-12-12,2023-04-10,0.4,-1.1228163909316344,-0.9042413063952571,0.5333333333333333,-0.8264489899903275,-0.5008335525066431,-0.296367400941307,-0.40340775388861405
E1,2023-04-15,Sunderland,Birmingham,home,2022,9,3.754786242820821,4.937608084083363,0.270991052993806,0.4516971279373368,Sunderland,Birmingham,41,2022-12-12,2023-04-10,0.6,0.048877719349520274,-0.3991799415208731,0.4666666666666667,-0.22512332543015576,-0.5697845588984592,0.274001044779676,0.17060461737758614,41,2022-12-10,2023-04-10,0.6,2.3645815342899907,2.038227286028158,0.4666666666666667,0.018930639548414577,-0.11168083279229943,2.345650894741576,2.1499081188204574
E1,2023-04-15,Swansea,Huddersfield,away,2022,4,3.7820785203032754,3.8702080813964668,-0.37020614179914146,0.4973684210526315,Huddersfield,Swansea,40,2022-12-17,2023-04-10,0.6,0.718167775254937,0.8445464476145839,0.4666666666666667,-0.6873164643068824,-0.6176204883206616,1.4054842395618194,1.4621669359352456,41,2022-12-10,2023-04-10,0.6,0.2646511347916249,0.057743619957246396,0.4666666666666667,-0.8598260714051787,-0.7999407458603746,1.1244772061968036,0.857684365817621
E1,2023-04-15,Swansea,Huddersfield,home,2022,5,5.537804139025139,5.871985259491158,0.37020614179914146,0.4973684210526315,Swansea,Huddersfield,41,2022-12-10,2023-04-10,0.4,-1.281284365167751,-1.4312672443402326,0.5333333333333333,-0.8299125671609822,-0.7852236070174831,-0.45137179800676885,-0.6460436373227495,40,2022-12-17,2023-04-10,0.4,3.3052592084499466,2.948495423611301,0.5333333333333333,-0.03525579292819429,-0.22959107426757275,3.340515001378141,3.1780864978788737
E1,2023-04-15,Watford,Bristol City,away,2022,7,4.237708264287034,4.222481365210812,-0.24324324324324326,0.4645669291338583,Bristol City,Watford,40,2022-12-10,2023-04-10,0.4,0.8477769729886507,0.8529508621560101,0.5333333333333333,0.916095601234909,0.82931756832889,-0.06831862824625823,0.023633293827120094,40,2022-12-11,2023-04-10,0.4,-0.30330145789964674,-0.04535321776100236,0.5333333333333333,-0.11120781309139413,0.17262644994916682,-0.1920936448082526,-0.2179796677101692
E1,2023-04-15,Watford,Bristol City,home,2022,6,6.032886415685818,5.772423022625496,0.24324324324324326,0.4645669291338583,Watford,Bristol City,40,2022-12-11,2023-04-10,0.6,0.49855846054057923,0.3286454405197702,0.4666666666666667,-0.0020917807514320447,-0.025424094663603826,0.5006502412920113,0.35406953518337403,40,2022-12-10,2023-04-10,0.6,-0.2758846995180736,0.09383063308906223,0.4666666666666667,-0.8772507973939602,-0.5336983848139899,0.6013660978758866,0.6275290179030522
E1,2023-04-18,Blackpool,West Brom,away,2022,5,5.424670327931852,5.51359119601559,0.2414553825494773,0.48031496062992135,West Brom,Blackpool,40,2022-12-17,2023-04-15,0.4,-0.4212108556251907,-0.22575361896592572,0.5333333333333333,0.4814244534486002,0.9663534854277266,-0.9026353090737909,-1.1921071043936524,41,2022-12-17,2023-04-15,0.4,0.14927454624029793,0.1005898865330849,0.5333333333333333,0.0022863885875027633,-0.04269828341490148,0.14698815765279516,0.14328816994798638
E1,2023-04-18,Blackpool,West Brom,home,2022,5,4.404982439900236,4.31706553803167,-0.2414553825494773,0.48031496062992135,Blackpool,West Brom,41,2022-12-17,2023-04-15,0.6,0.4410227697191109,0.4714817004598286,0.4666666666666667,-0.6759906890029017,-0.5295865540975746,1.1170134587220126,1.0010682545574032,40,2022-12-17,2023-04-15,0.6,0.5854818776435812,0.8996485984834912,0.4666666666666667,1.0365550634371448,1.087992875687351,-0.4510731857935636,-0.1883442772038597
E1,2023-04-18,Millwall,Birmingham,away,2022,4,3.438986647252345,3.746827698910836,-0.36752566432755146,0.4096692111959288,Birmingham,Millwall,42,2022-12-16,2023-04-15,0.4,-1.798515405776459,-1.952227140516961,0.5333333333333333,-1.3853960310861757,-1.416415299983289,-0.41311937469028326,-0.5358118405336718,41,2022-12-26,2023-04-15,0.4,0.5169729604901819,0.7142121498173328,0.5333333333333333,0.011892143735316581,0.01204769321901944,0.5050808167548654,0.7021644565983134
E1,2023-04-18,Millwall,Birmingham,home,2022,11,4.66282840208975,5.522359280663997,0.36752566432755146,0.4096692111959288,Millwall,Birmingham,41,2022-12-26,2023-04-15,0.6,-0.6322602022299619,-0.9312243592113465,0.4666666666666667,-0.4114513014613144,-0.4513244282374597,-0.2208089007686475,-0.4798999309738868,42,2022-12-16,2023-04-15,0.6,3.770724746207115,3.340220274906893,0.4666666666666667,0.1025682984463361,-0.08102907995991988,3.668156447760779,3.4212493548668133
E1,2023-04-18,Rotherham,Burnley,away,2022,7,5.070008717984243,5.743244392696204,0.415202913042658,0.4554973821989528,Burnley,Rotherham,31,2022-12-11,2023-04-15,0.4,-0.37140953047596437,-0.6386571609015952,0.5333333333333333,0.32457719521706124,0.15604322671611814,-0.6959867256930257,-0.7947003876177133,41,2022-12-10,2023-04-15,0.4,0.79408598338168,0.7543132348637069,0.5333333333333333,-0.7716157052532481,-0.686880939476529,1.565701688634928,1.441194174340236
E1,2023-04-18,Rotherham,Burnley,home,2022,4,3.9957391099059687,3.9109596389876384,-0.415202913042658,0.4554973821989528,Rotherham,Burnley,41,2022-12-10,2023-04-15,0.6,0.40656385648751225,0.5242023171849718,0.4666666666666667,-0.1301302636947638,-0.13450694693112045,0.536694120182276,0.6587092641160922,31,2022-12-11,2023-04-15,0.6,-1.7640510843700585,-1.6105956747575412,0.4666666666666667,-1.8553379710193645,-1.5441711662094737,0.09128688664930595,-0.06642450854806747
E1,2023-04-18,Sheffield United,Bristol City,away,2022,2,4.5146908314542324,3.9371836891754097,-0.4913837305214348,0.5196850393700787,Bristol City,Sheffield United,41,2022-12-17,2023-04-15,0.4,1.8893683579736034,1.8474743716217978,0.5333333333333333,0.4414790092619352,0.40149983562102104,1.4478893487116682,1.4459745360007767,41,2022-12-10,2023-04-15,0.6,0.6767925045528644,0.8556859305387359,0.4666666666666667,-0.0025717408459062343,0.33269429104636555,0.6793642453987707,0.5229916394923704
E1,2023-04-18,Sheffield United,Bristol City,home,2022,2,6.50934425849843,6.501129533021705,0.4913837305214348,0.5196850393700787,Sheffield United,Bristol City,41,2022-12-10,2023-04-15,0.4,0.47588274481432136,0.39763432667114673,0.5333333333333333,-0.8780433856834456,-0.8163785344262073,1.353926130497767,1.2140128610973542,41,2022-12-17,2023-04-15,0.6,-0.33282221477989093,-0.031493755593908546,0.4666666666666667,-0.9288092717615176,-0.6019990312724826,0.5959870569816267,0.570505275678574
E1,2023-04-18,Stoke,Wigan,away,2022,4,4.755167695864985,4.0594699960034575,-0.45810754481033755,0.46858638743455505,Wigan,Stoke,41,2022-12-19,2023-04-15,0.4,0.41266986663261085,0.5556136943705832,0.5333333333333333,0.2766572485729984,0.3779168046092559,0.13601261805961246,0.17769688976132725,42,2022-12-17,2023-04-15,0.4,-0.30309338324534174,0.031436062450465305,0.5333333333333333,-1.2597311623771204,-1.1284556994391566,0.9566377791317786,1.1598917618896218
E1,2023-04-18,Stoke,Wigan,home,2022,7,6.082956301586187,6.270288073141701,0.45810754481033755,0.46858638743455505,Stoke,Wigan,42,2022-12-17,2023-04-15,0.6,1.5946287781723714,1.867227106698953,0.4666666666666667,-0.10574892617596726,0.13262451877751444,1.7003777043483386,1.7346025879214386,41,2022-12-19,2023-04-15,0.6,-0.18215159394751285,-0.6372041574849077,0.4666666666666667,-0.7006152527045801,-1.0559987233396144,0.5184636587570672,0.41879456585470676
E1,2023-04-18,Sunderland,Huddersfield,away,2022,11,4.0411800922377985,3.9249480604261,-0.3950343343671467,0.4569190600522194,Huddersfield,Sunderland,41,2022-12-26,2023-04-15,0.4,0.4614146426359681,0.5203641349376972,0.4666666666666667,-0.72218954717906,-0.6626672928455787,1.183604189815028,1.1830314277832759,42,2022-12-17,2023-04-15,0.4,-1.931285126208205,-1.8344445600100627,0.5333333333333333,-0.6466780236030003,-0.31213030076425086,-1.2846071026052046,-1.5223142592458119
E1,2023-04-18,Sunderland,Huddersfield,home,2022,5,4.8993934596589055,5.676893815290011,0.3950343343671467,0.4569190600522194,Sunderland,Huddersfield,42,2022-12-17,2023-04-15,0.6,1.0576454010537337,0.4719408040991119,0.4666666666666667,-0.30478745957368264,-0.6379842934761749,1.3624328606274163,1.1099250975752868,41,2022-12-26,2023-04-15,0.6,2.733820092463628,2.3211012680276184,0.5333333333333333,-0.2988369137316006,-0.46690815613143993,3.0326570061952287,2.7880094241590583
E1,2023-04-19,Blackburn,Coventry,away,2022,6,4.396367326159045,4.577960345021051,-0.060421528734570296,0.4645669291338583,Coventry,Blackburn,42,2022-12-26,2023-04-15,0.4,-0.32698749289687934,-0.39091394139373836,0.5333333333333333,-0.1284999167673844,-0.18656901170004309,-0.19848757612949494,-0.20434492969369528,41,2022-12-10,2023-04-15,0.4,-0.8055787270769603,-0.5206616255630365,0.5333333333333333,0.6111830708365481,0.6235421353022988,-1.4167617979135083,-1.1442037608653353
E1,2023-04-19,Blackburn,Coventry,home,2022,5,5.547317562036543,5.236755585387891,0.060421528734570296,0.4645669291338583,Blackburn,Coventry,41,2022-12-10,2023-04-15,0.6,3.26693242033724,2.947540838694876,0.4666666666666667,-0.9244265290602302,-1.0779459849402042,4.19135894939747,4.02548682363508,42,2022-12-26,2023-04-15,0.6,0.01372557941968804,0.1815763761742911,0.4666666666666667,0.07896548913245435,0.2569944128481251,-0.06523990971276632,-0.07541803667383398
E1,2023-04-19,Middlesbrough,Hull,away,2022,3,3.888684836858388,3.7151270490843578,-0.506553664562174,0.5673575129533679,Hull,Middlesbrough,41,2022-12-17,2023-04-15,0.4,0.4278682351645786,0.5913636392678965,0.5333333333333333,-0.23230676898219046,-0.012413691106309521,0.6601750041467691,0.603777330374206,42,2022-12-17,2023-04-14,0.4,-0.7017904448413008,-0.39436264524454556,0.5333333333333333,0.7642096155869071,0.8675938075431436,-1.466000060428208,-1.2619564527876892
E1,2023-04-19,Middlesbrough,Hull,home,2022,4,6.152896078769051,6.4098500456017335,0.506553664562174,0.5673575129533679,Middlesbrough,Hull,42,2022-12-17,2023-04-14,0.6,-0.5613769767026285,-0.34757479275049885,0.4666666666666667,1.0146490449899015,1.1458057275199707,-1.5760260216925301,-1.4933805202704695,41,2022-12-17,2023-04-15,0.6,0.18673442558978728,-0.11162749428039546,0.4666666666666667,0.7353314090282947,0.7047167261598537,-0.5485969834385075,-0.8163442204402491
E1,2023-04-19,QPR,Norwich,away,2022,11,5.433258496218132,5.333134018041059,0.15039171742342128,0.46981627296587924,Norwich,QPR,42,2022-12-17,2023-04-14,0.4,-0.5239140465440503,0.059979312549883625,0.5333333333333333,0.27524893307535847,0.5049467610595343,-0.7991629796194087,-0.44496744850965064,42,2022-12-17,2023-04-15,0.4,-1.0542686412664142,-1.2161529866761775,0.5333333333333333,-0.2164586126863296,-0.217963463395421,-0.8378100285800846,-0.9981895232807565
E1,2023-04-19,QPR,Norwich,home,2022,7,5.3066707453305835,4.767419809097974,-0.15039171742342128,0.46981627296587924,QPR,Norwich,42,2022-12-17,2023-04-15,0.6,1.1692437239585194,1.2655251983364333,0.4666666666666667,0.010280525866946869,0.2563947547886807,1.1589631980915724,1.0091304435477526,42,2022-12-17,2023-04-14,0.6,0.5584516808469203,0.5987298872477813,0.4666666666666667,-0.1305486457921668,-0.2041017968584193,0.6890003266390872,0.8028316841062006
E1,2023-04-19,Reading,Luton,away,2022,5,4.758348373569132,5.3989136825029895,0.3087557907144432,0.411764705882353,Luton,Reading,41,2022-12-26,2023-04-15,0.4,0.0689157523103228,0.15316660827436532,0.5333333333333333,0.15758223790732023,0.3709117167039605,-0.08866648559699743,-0.21774510842959519,42,2022-12-16,2023-04-15,0.4,2.4412732167605986,1.8170488358186176,0.5333333333333333,0.02439110547610248,-0.19482308215778563,2.416882111284496,2.011871917976403
E1,2023-04-19,Reading,Luton,home,2022,2,3.797203696817113,3.996560708481296,-0.3087557907144432,0.411764705882353,Reading,Luton,42,2022-12-16,2023-04-15,0.6,-1.370337141970825,-1.3222334037261188,0.4666666666666667,-0.6919389045858753,-0.5468858468468673,-0.6783982373849498,-0.7753475568792515,41,2022-12-26,2023-04-15,0.6,-0.45517051220847093,-0.43761747715527405,0.4666666666666667,-1.4883359247630161,-1.287813992928185,1.033165412554545,0.850196515772911
E1,2023-04-19,Swansea,Preston,away,2022,4,4.2021538255288995,4.337156498077875,-0.16315570342132713,0.4645669291338583,Preston,Swansea,41,2022-12-17,2023-04-15,0.4,1.3854277289581731,1.192841469152805,0.5333333333333333,-0.8116810365113629,-0.8808597755548744,2.197108765469536,2.0737012447076797,42,2022-12-17,2023-04-15,0.4,0.29876555079642453,0.15889295940525008,0.5333333333333333,-0.7195040682733463,-0.7499480506950066,1.0182696190697709,0.9088410101002566
E1,2023-04-19,Swansea,Preston,home,2022,2,4.954986824976452,5.228985259602989,0.16315570342132713,0.4645669291338583,Swansea,Preston,42,2022-12-17,2023-04-15,0.6,-1.465979953100074,-1.7339081839051886,0.4666666666666667,-0.9678488681991354,-0.8837738547985459,-0.4981310849009385,-0.8501343291066428,41,2022-12-17,2023-04-15,0.6,-0.4280226239997956,-0.24648742048423083,0.4666666666666667,0.49524512221747835,0.6783319791407647,-0.923267746217274,-0.9248193996249956
E1,2023-04-19,Watford,Cardiff,away,2022,1,4.135382253401675,4.156597412975356,-0.262468475139897,0.42894056847545214,Cardiff,Watford,41,2022-12-10,2023-04-15,0.6,-1.1379697394866666,-0.9702788415188316,0.4666666666666667,0.02109405661841534,0.02401788955796779,-1.1590637961050818,-0.9942967310767994,41,2022-12-17,2023-04-15,0.4,0.8789441380069682,1.1289882497248724,0.5333333333333333,-0.36163405551400557,-0.0966624613745702,1.2405781935209739,1.2256507110994426
E1,2023-04-19,Watford,Cardiff,home,2022,10,5.751567219661532,5.717121336967472,0.262468475139897,0.42894056847545214,Watford,Cardiff,41,2022-12-17,2023-04-15,0.6,0.8490816378847044,0.8636754416900791,0.4666666666666667,-0.2526186130050721,-0.2746064910436691,1.1017002508897764,1.1382819327337481,41,2022-12-10,2023-04-15,0.4,-0.4942573748637834,-0.6470968628074159,0.5333333333333333,-0.21337606833516568,-0.17622921534052344,-0.28088130652861776,-0.4708676474668924
E1,2023-04-22,Birmingham,Blackpool,away,2022,7,5.2623346172914705,4.694781734522771,-0.16254030422759314,0.44908616187989553,Blackpool,Birmingham,42,2022-12-26,2023-04-18,0.6,0.47405885120008195,0.516429508434239,0.5333333333333333,-0.8000143278954639,-0.6354673752834804,1.274073179095546,1.1518968837177193,43,2022-12-27,2023-04-18,0.6,3.9795800296323263,3.437676740750247,0.5333333333333333,0.29882319833816806,0.07863395811843651,3.680756831294158,3.3590427826318106
E1,2023-04-22,Birmingham,Blackpool,home,2022,6,5.479982689014243,5.415977768855525,0.16254030422759314,0.44908616187989553,Birmingham,Blackpool,43,2022-12-27,2023-04-18,0.4,-1.1180357357900597,-1.239946311200741,0.4666666666666667,-1.2346499737780638,-1.2775647206565324,0.11661423798800419,0.037618409455791424,42,2022-12-26,2023-04-18,0.4,0.26578363886391665,0.23022064846735582,0.4666666666666667,0.07188468887605601,0.0058435650646120035,0.19389894998786064,0.22437708340274382
E1,2023-04-22,Bristol City,Rotherham,away,2022,7,4.265440397236101,4.285996559219531,-0.20922268646231973,0.4907651715039578,Rotherham,Bristol City,42,2022-12-17,2023-04-18,0.6,0.851120151408999,0.9476821156093511,0.4666666666666667,-0.3463768544047661,-0.3949780968495394,1.197497005813765,1.3426602124588904,42,2022-12-26,2023-04-18,0.6,-0.7559785665079266,-0.44558654282517624,0.5333333333333333,-0.9234736434879897,-0.6311469110732609,0.16749507698006305,0.1855603682480847
E1,2023-04-22,Bristol City,Rotherham,home,2022,7,6.47616318775856,5.8436221444943515,0.20922268646231973,0.4907651715039578,Bristol City,Rotherham,42,2022-12-26,2023-04-18,0.4,0.7930383843751221,0.9081812935509308,0.4666666666666667,0.8035631058630739,0.7292999102124004,-0.010524721487951805,0.17888138333853043,42,2022-12-17,2023-04-18,0.4,1.1159514431665003,0.9596302528374678,0.5333333333333333,-1.0618103524059916,-0.9530140435194151,2.1777617955724917,1.9126442963568828
E1,2023-04-22,Burnley,QPR,away,2022,4,3.653885098956314,3.5278715323132115,-0.5868914178146658,0.5328083989501312,QPR,Burnley,43,2022-12-26,2023-04-19,0.6,0.44933053873556394,0.7139695584929906,0.5333333333333333,0.4249561687027442,0.6336754927741435,0.024374370032819725,0.08029406571884712,32,2022-12-17,2023-04-18,0.6,-1.3504051104993853,-1.30986921716171,0.4666666666666667,-1.7407537530838098,-1.4380038646879298,0.3903486425844245,0.12813464752621995
E1,2023-04-22,Burnley,QPR,home,2022,11,6.697315259124976,6.803631929136553,0.5868914178146658,0.5328083989501312,Burnley,QPR,32,2022-12-17,2023-04-18,0.4,0.46823561219699544,0.13358095890372734,0.5333333333333333,0.0738967822847549,-0.0908322174109007,0.39433882991224056,0.22441317631462804,43,2022-12-26,2023-04-19,0.4,0.6273566589268276,0.5788665788139978,0.4666666666666667,-0.3446087143511838,-0.36360073761848555,0.9719653732780114,0.9424673164324834
E1,2023-04-22,Cardiff,Stoke,away,2022,4,4.660116934421246,4.662581621010297,-0.06619169113753431,0.44531250000000006,Stoke,Cardiff,43,2022-12-26,2023-04-18,0.6,1.256902575393791,1.4455331951069406,0.5333333333333333,0.23286918290855857,0.45473311108898457,1.0240333924852325,0.990800084017956,42,2022-12-17,2023-04-19,0.6,0.29853391566929643,0.2114100265626888,0.4666666666666667,-0.18924803912060403,-0.19903764930148396,0.4877819547899005,0.41044767586417275
E1,2023-04-22,Cardiff,Stoke,home,2022,6,5.2428198787787235,5.144977268553319,0.06619169113753431,0.44531250000000006,Cardiff,Stoke,42,2022-12-17,2023-04-19,0.4,-1.253967357704707,-1.2201524848188168,0.5333333333333333,-0.28297718880681966,-0.22158913559503282,-0.9709901688978874,-0.998563349223784,43,2022-12-26,2023-04-18,0.4,0.16191739416228562,0.4502822912379676,0.4666666666666667,-1.3007924404054012,-1.12818781425577,1.4627098345676868,1.5784701054937376
E1,2023-04-22,Coventry,Reading,away,2022,4,4.495577448770051,3.968918928428089,-0.4657653518951904,0.45312499999999994,Reading,Coventry,43,2022-12-27,2023-04-19,0.6,-1.0084458076202871,-0.9749571528643457,0.5333333333333333,-1.0889877079843098,-0.9687761656291374,0.08054190036402264,-0.006180987235208324,43,2022-12-29,2023-04-19,0.6,-0.18170536352660244,0.0425861746774574,0.4666666666666667,0.45975631840523196,0.5843250095266084,-0.6414616819318344,-0.541738834849151
E1,2023-04-22,Coventry,Reading,home,2022,2,5.753463230656311,6.166376958410289,0.4657653518951904,0.45312499999999994,Coventry,Reading,43,2022-12-29,2023-04-19,0.4,0.19518220008130083,0.12584299073944044,0.5333333333333333,-0.3721779283081972,-0.4590939020267447,0.567360128389498,0.5849368927661851,43,2022-12-27,2023-04-19,0.4,1.523971916507326,0.8690188236403185,0.4666666666666667,0.6864400377763192,0.45399204542766747,0.8375318787310068,0.415026778212651
E1,2023-04-22,Hull,Watford,away,2022,5,5.150638033505988,4.893310918791183,-0.030782854116039204,0.4645669291338583,Watford,Hull,42,2022-12-26,2023-04-19,0.6,1.772399611333529,1.8790759331039708,0.5333333333333333,-0.695369635662619,-0.7158641937384819,2.467769246996148,2.594940126842453,42,2022-12-26,2023-04-19,0.6,0.47748728354993747,0.15299088915728998,0.5333333333333333,0.5405468838838897,0.5024756423338157,-0.06305960033395225,-0.3494847531765257
E1,2023-04-22,Hull,Watford,home,2022,2,5.94828201545522,5.307906987694816,0.030782854116039204,0.4645669291338583,Hull,Watford,42,2022-12-26,2023-04-19,0.4,-0.7155003577465459,-0.4199090462266762,0.4666666666666667,0.032418769221632004,0.1707899388582422,-0.7479191269681779,-0.5906989850849184,42,2022-12-26,2023-04-19,0.4,0.36459463435151634,0.5264969688747536,0.4666666666666667,-0.5341952635805821,-0.26803223194700265,0.8987898979320985,0.7945292008217563
E1,2023-04-22,Norwich,Swansea,away,2022,6,3.890129149807048,4.169885278287807,-0.1960911520795412,0.5065963060686015,Swansea,Norwich,43,2022-12-27,2023-04-19,0.6,-1.578264818123714,-1.893572116452713,0.5333333333333333,-0.9835526920593362,-0.9240176933587186,-0.5947121260643778,-0.9695544230939944,43,2022-12-26,2023-04-19,0.6,0.37598258931946055,0.4776096284645142,0.5333333333333333,0.14426984694406098,0.10817527656636837,0.23171274237539957,0.36943435189814583
E1,2023-04-22,Norwich,Swansea,home,2022,2,5.562392848552339,5.512730814922128,0.1960911520795412,0.5065963060686015,Norwich,Swansea,43,2022-12-26,2023-04-19,0.4,1.2054785707929478,1.6240927369298657,0.4666666666666667,0.0499321729207051,0.3492825032000104,1.1555463978722427,1.2748102337298552,43,2022-12-27,2023-04-19,0.4,-0.33505702161699025,-0.4603946804461102,0.4666666666666667,-0.49838740597290493,-0.5535475374806628,0.16333038435591468,0.09315285703455256
E1,2023-04-22,Preston,Blackburn,away,2022,3,4.483679715341458,4.643655305676939,-0.04065859123826837,0.4226804123711341,Blackburn,Preston,42,2022-12-17,2023-04-19,0.6,2.9750433691824614,2.825688618121707,0.4666666666666667,-0.6495646230297679,-0.8335863804104388,3.6246079922122294,3.6592749985321458,42,2022-12-26,2023-04-19,0.6,-1.088642723658484,-0.9994690987566491,0.5333333333333333,0.580268664555462,0.7586503665688852,-1.668911388213946,-1.7581194653255343
E1,2023-04-22,Preston,Blackburn,home,2022,4,4.842818938579735,4.956329495457345,0.04065859123826837,0.4226804123711341,Preston,Blackburn,42,2022-12-26,2023-04-19,0.4,1.4014211469657758,1.1087237659316416,0.4666666666666667,-0.7692135327350553,-0.8003861255432805,2.1706346797008313,1.909109891474922,42,2022-12-17,2023-04-19,0.4,-0.36704893748207434,-0.19717092389392388,0.5333333333333333,0.7199729282999762,0.7683824301600827,-1.0870218657820505,-0.9655533540540066
E1,2023-04-22,Wigan,Millwall,away,2022,3,3.4609022412605874,4.684201253742202,0.22746485510661277,0.3964646464646465,Millwall,Wigan,42,2022-12-29,2023-04-18,0.6,1.175108588634141,0.8066922557309567,0.5333333333333333,-0.9490486245516171,-1.0362897000403064,2.1241572131857582,1.842981955771263,42,2022-12-26,2023-04-18,0.6,0.07488856311638079,-0.3324370133058617,0.5333333333333333,-0.7214344294431431,-1.0474882356617177,0.7963229925595239,0.715051222355856
E1,2023-04-22,Wigan,Millwall,home,2022,5,4.328584423635798,4.312983510560914,-0.22746485510661277,0.3964646464646465,Wigan,Millwall,42,2022-12-26,2023-04-18,0.4,0.3743632744844966,0.572547896914844,0.4666666666666667,-0.0005768295164806739,0.1260901822616981,0.37494010400097727,0.4464577146531459,42,2022-12-29,2023-04-18,0.4,0.16362682042929338,0.2963589626390267,0.4666666666666667,0.21830926531645492,0.24949728927724452,-0.054682444887161535,0.04686167336178221
E1,2023-04-23,West Brom,Sunderland,away,2022,5,3.997931037453303,4.132319231801382,-0.24628575678480238,0.48157894736842105,Sunderland,West Brom,43,2022-12-26,2023-04-18,0.6,0.6431769803656473,0.037245123586094574,0.5333333333333333,-0.11426471722799905,-0.4915902739645303,0.7574416975936463,0.5288353975506249,41,2022-12-21,2023-04-18,0.6,1.215564222125829,1.4176813301722428,0.5333333333333333,0.8547754996415828,0.9802210020367041,0.3607887224842461,0.4374603281355387
E1,2023-04-23,West Brom,Sunderland,home,2022,4,7.128527332669997,6.127729230286351,0.24628575678480238,0.48157894736842105,West Brom,Sunderland,41,2022-12-21,2023-04-18,0.4,-0.563040186746175,-0.3265407014054446,0.4666666666666667,0.7287409176527322,1.0668423362298598,-1.2917811043989071,-1.3933830376353045,43,2022-12-26,2023-04-18,0.4,0.1431433650781436,0.18597481332604585,0.4666666666666667,-0.9313845304902961,-0.6201454244993755,1.0745278955684396,0.8061202378254213
E1,2023-04-24,Luton,Middlesbrough,away,2022,5,5.480547998207362,4.883504342173329,-0.09486413509514335,0.4684210526315789,Middlesbrough,Luton,43,2022-12-26,2023-04-19,0.6,-1.0615789271198364,-0.9367294282226661,0.5333333333333333,1.3026122761482375,1.4191807663098366,-2.364191203268074,-2.3559101945325027,42,2022-12-29,2023-04-19,0.6,-1.2492009803281987,-1.1362465363065481,0.5333333333333333,-1.1791226713658787,-1.0987432073118317,-0.07007830896232004,-0.03750332899471642
E1,2023-04-24,Luton,Middlesbrough,home,2022,4,5.472315183603567,5.278902472561565,0.09486413509514335,0.4684210526315789,Luton,Middlesbrough,42,2022-12-29,2023-04-19,0.4,0.7999105873304047,0.6787928571950961,0.4666666666666667,-0.09772119478713724,0.11263518375602123,0.8976317821175419,0.5661576734390749,43,2022-12-26,2023-04-19,0.4,-0.8231032290995959,-0.5540744586670057,0.4666666666666667,0.8492752076604914,0.9723128404600508,-1.6723784367600874,-1.5263872991270566
E1,2023-04-25,Blackburn,Burnley,away,2022,4,4.868535468542798,5.166543462755645,0.16870434330776052,0.45052083333333337,Burnley,Blackburn,33,2022-12-27,2023-04-22,0.4,1.6104710171281105,1.2818117678187533,0.5333333333333333,0.08387094981076289,-0.09466105060996857,1.5266000673173477,1.3764728184287218,43,2022-12-26,2023-04-22,0.4,-0.2776774520633868,-0.16750425942666886,0.5333333333333333,0.6140258492939862,0.6826540604437153,-0.891703301357373,-0.8501583198703841
E1,2023-04-25,Blackburn,Burnley,home,2022,10,4.487884335258336,4.464478363049858,-0.16870434330776052,0.45052083333333337,Blackburn,Burnley,43,2022-12-26,2023-04-22,0.6,2.134621898852603,2.0121432751888637,0.4666666666666667,-0.36722926869346567,-0.5489166453743901,2.501851167546069,2.561059920563254,33,2022-12-27,2023-04-22,0.6,-1.374933568755889,-1.3018378253622582,0.4666666666666667,-1.4447476206581926,-1.1715589341027022,0.06981405190230361,-0.13027889125955605
E1,2023-04-26,Sheffield United,West Brom,away,2022,0,4.809072558451209,4.458953406353763,-0.21612458946922347,0.4710526315789474,West Brom,Sheffield United,42,2022-12-26,2023-04-23,0.4,-1.0313198295950017,-0.7259301436220484,0.5333333333333333,0.8597141066578814,1.2535305616892927,-1.891033936252883,-1.979460705311341,42,2022-12-19,2023-04-18,0.4,0.13357926853039537,0.5268915551403116,0.5333333333333333,0.21386987308833666,0.49807355394716785,-0.08029060455794129,0.02881800119314376
E1,2023-04-26,Sheffield United,West Brom,home,2022,5,5.8205594376503145,5.643106358762788,0.21612458946922347,0.4710526315789474,Sheffield United,West Brom,42,2022-12-19,2023-04-18,0.6,-0.8588713826838434,-1.0226002531733123,0.4666666666666667,-0.9055454102104655,-0.8541125036645013,0.046674027526622086,-0.16848774950881096,42,2022-12-26,2023-04-23,0.6,0.7386456965140228,0.9748229887306028,0.4666666666666667,0.7046247955818189,0.8251170743955143,0.03402090093220389,0.1497059143350885
E1,2023-04-27,Rotherham,Cardiff,away,2022,4,4.4528050467797575,4.74032886178073,0.02133192876189227,0.40458015267175573,Cardiff,Rotherham,43,2022-12-26,2023-04-22,0.4,-0.24680059761228607,-0.21708920721223413,0.5333333333333333,-0.43147474773099176,-0.37295053050880517,0.1846741501187057,0.15586132329657104,43,2022-12-26,2023-04-22,0.4,0.902094985294149,0.7776503091096385,0.5333333333333333,-0.7272510366065184,-0.7141296355197629,1.6293460219006675,1.4917799446294016
E1,2023-04-27,Rotherham,Cardiff,home,2022,6,5.1084524844750465,4.935165885034053,-0.02133192876189227,0.40458015267175573,Rotherham,Cardiff,43,2022-12-26,2023-04-22,0.6,0.5914813983790016,0.7103501759275775,0.4666666666666667,-0.08894658285197057,-0.11555714812253512,0.6804279812309721,0.8259073240501127,43,2022-12-26,2023-04-22,0.6,0.48158439362252564,0.40488158336641894,0.4666666666666667,-0.4469521098053196,-0.44412745896240463,0.9285365034278452,0.8490090423288236
E1,2023-04-28,Blackpool,Millwall,away,2022,3,4.804745769579121,5.09025009265521,0.14112786342888722,0.4684210526315789,Millwall,Blackpool,43,2023-01-01,2023-04-22,0.6,0.4055958222608783,-0.14654249009884754,0.4666666666666667,-0.5121814869889413,-0.6401043088798942,0.9177773092498196,0.49356181878104666,43,2022-12-29,2023-04-22,0.4,0.13036977201289696,0.19522322537176606,0.4666666666666667,-0.20642944223707532,-0.3088239316238909,0.3367992142499723,0.5040471569956569
E1,2023-04-28,Blackpool,Millwall,home,2022,7,4.281007584984705,4.436320447848196,-0.14112786342888722,0.4684210526315789,Blackpool,Millwall,43,2022-12-29,2023-04-22,0.6,0.1299416487693877,0.2571787249833619,0.5333333333333333,-0.8187979580396377,-0.6409435081786952,0.9487396068090255,0.8981222331620571,43,2023-01-01,2023-04-22,0.4,0.45533575938730664,0.4599186643675105,0.5333333333333333,0.15857956598279804,0.2452581474910623,0.2967561934045086,0.2146605168764482
E1,2023-04-29,Bristol City,Burnley,away,2022,3,5.320181856141565,5.370672151416229,0.18914941298458038,0.5013192612137204,Burnley,Bristol City,34,2022-12-30,2023-04-25,0.4,1.9651482357926255,1.6106342489673586,0.4666666666666667,0.2746883535560596,0.07352208744762852,1.690459882236566,1.53711216151973,43,2022-12-29,2023-04-22,0.6,-0.0325334877008034,0.15971117312236913,0.5333333333333333,-1.0359570652109087,-0.7099178313881808,1.0034235775101052,0.8696290045105499
E1,2023-04-29,Bristol City,Burnley,home,2022,3,4.773828095711011,4.5278484728954895,-0.18914941298458038,0.5013192612137204,Bristol City,Burnley,43,2022-12-29,2023-04-22,0.4,-0.06114239669818548,0.2675122060692542,0.4666666666666667,0.8841244613638043,0.7914407712771895,-0.9452668580619897,-0.5239285652079353,34,2022-12-30,2023-04-25,0.6,0.6555154480408255,0.6270981617702386,0.5333333333333333,-1.549142601400512,-1.252351970405069,2.2046580494413375,1.8794501321753074
E1,2023-04-29,Coventry,Birmingham,away,2022,5,3.689010520885104,3.6651244245368884,-0.493202745540273,0.4973684210526315,Birmingham,Coventry,44,2022-12-30,2023-04-22,0.4,-0.7560970004582737,-0.9022093014131218,0.5333333333333333,-1.1156814176158008,-1.1580580582309847,0.3595844171575271,0.2558487568178629,44,2023-01-01,2023-04-22,0.6,-0.5073448611219435,-0.21038036893429918,0.4666666666666667,0.6558086688667176,0.8178046809837853,-1.1631535299886613,-1.0281850499180845
E1,2023-04-29,Coventry,Birmingham,home,2022,5,5.340361198906446,6.068675797328406,0.493202745540273,0.4973684210526315,Coventry,Birmingham,44,2023-01-01,2023-04-22,0.4,-0.6990146321567016,-0.8690665688574025,0.5333333333333333,-0.27294554777906,-0.37222325707659876,-0.42606908437764157,-0.49684331178080376,44,2022-12-30,2023-04-22,0.6,3.783427578912466,3.413906112048237,0.4666666666666667,0.8469972152950118,0.595798914675097,2.936430363617454,2.8181071973731395
E1,2023-04-29,Hull,Swansea,away,2022,5,5.13438831025858,5.357980505801959,0.21637976192626573,0.5184210526315789,Swansea,Hull,44,2022-12-30,2023-04-22,0.6,-0.8412167832476453,-1.201561291104485,0.5333333333333333,-1.0084559381760696,-0.9639424862100044,0.16723915492842434,-0.23761880489448062,43,2022-12-30,2023-04-22,0.6,-0.3591909967340374,-0.6058039224388141,0.5333333333333333,0.5600633852765083,0.5169455732024492,-0.9192543820105458,-1.1227494956412634
E1,2023-04-29,Hull,Swansea,home,2022,3,5.0764691509749325,4.580074311878232,-0.21637976192626573,0.5184210526315789,Hull,Swansea,43,2022-12-30,2023-04-22,0.4,-1.823780581158229,-1.4947459585945984,0.4666666666666667,-0.21949319813401,-0.05672634266210246,-1.604287383024219,-1.4380196159324958,44,2022-12-30,2023-04-22,0.4,-0.19180485547929232,-0.3308821121132895,0.4666666666666667,-0.6709354973457595,-0.7131764011293668,0.4791306418664672,0.38229428901607726
E1,2023-04-29,Reading,Wigan,away,2022,3,5.001913323550755,4.835807272533535,-0.034906199467470755,0.43896103896103894,Wigan,Reading,43,2022-12-29,2023-04-22,0.4,1.05654385489581,1.3098625780583615,0.5333333333333333,-0.6110829910812771,-0.4898782691733502,1.6676268459770869,1.7997408472317118,44,2022-12-30,2023-04-22,0.4,-0.18566887314553177,-0.8362012266245458,0.5333333333333333,1.0862107944459434,0.8133780991059135,-1.2718796675914752,-1.6495793257304592
E1,2023-04-29,Reading,Wigan,home,2022,13,4.2832097570081284,4.737015652585824,0.034906199467470755,0.43896103896103894,Reading,Wigan,44,2022-12-30,2023-04-22,0.6,-0.931028139119954,-0.9062439107585121,0.4666666666666667,-1.0351366068258903,-0.8718844614359097,0.10410846770593629,-0.034359449322602376,43,2022-12-29,2023-04-22,0.6,-0.2506444447638921,-0.8044567757560174,0.4666666666666667,-0.8065369082960635,-1.1829591935642898,0.5558924635321714,0.37850241780827243
E1,2023-04-29,Sheffield United,Preston,away,2022,5,4.054018300322438,4.107955357767096,-0.275370175854708,0.5,Preston,Sheffield United,43,2022-12-29,2023-04-22,0.4,0.9934400302016575,0.7656559975156878,0.4666666666666667,-0.4644948565470784,-0.5069923611318432,1.4579348867487358,1.272648358647531,43,2022-12-26,2023-04-26,0.2,-0.5575928164746878,-0.1422920284064655,0.5333333333333333,-0.11600269822123425,0.18165396627326894,-0.44159011825345357,-0.3239459946797344
E1,2023-04-29,Sheffield United,Preston,home,2022,10,5.764387701088921,5.7490845639034465,0.275370175854708,0.5,Sheffield United,Preston,43,2022-12-26,2023-04-26,0.8,-1.1451848316082258,-1.2256767016800239,0.4666666666666667,-0.8610869273572114,-0.7678420374660908,-0.28409790425101444,-0.45783466421393304,43,2022-12-29,2023-04-22,0.6,-2.0770289456991753,-2.0484945964383594,0.5333333333333333,0.8992882460634888,1.0773248728122147,-2.9763171917626643,-3.1258194692505743
E1,2023-04-29,Stoke,QPR,away,2022,0,4.709332795595408,4.400939605446947,-0.2315644085719836,0.47244094488188976,QPR,Stoke,44,2022-12-29,2023-04-22,0.6,0.28520095931614564,0.6732157403286331,0.5333333333333333,0.3863037984687783,0.5786078152143416,-0.10110283915263268,0.0946079251142915,44,2022-12-30,2023-04-22,0.4,0.1698492322998007,0.45965266961251866,0.4666666666666667,-1.0837155106343768,-0.9471534947410777,1.2535647429341774,1.4068061643535963
E1,2023-04-29,Stoke,QPR,home,2022,7,6.385886519066556,5.863353917822465,0.2315644085719836,0.47244094488188976,Stoke,QPR,44,2022-12-30,2023-04-22,0.6,0.898355180668211,1.0538341129787425,0.5333333333333333,0.47281208630679594,0.6925128394678055,0.425543094361415,0.361321273510937,44,2022-12-29,2023-04-22,0.4,2.035791072240305,2.0180515762423874,0.4666666666666667,-0.20438419554087353,-0.2725608002440344,2.2401752677811784,2.290612376486422
E1,2023-04-29,Sunderland,Watford,away,2022,2,5.195316332488579,4.438345932856613,-0.3016119615662448,0.5,Watford,Sunderland,43,2022-12-30,2023-04-22,0.6,2.0945217461746735,2.198343474311892,0.4666666666666667,-0.7615520314657346,-0.7338870551343558,2.856073777640408,2.932230529446248,44,2022-12-29,2023-04-23,0.4,-0.20086364469974533,0.06938616201111199,0.5333333333333333,-0.9219576372636401,-0.6189998351830253,0.7210939925638948,0.6883859971941373
E1,2023-04-29,Sunderland,Watford,home,2022,10,4.413146320210883,5.285622332004676,0.3016119615662448,0.5,Sunderland,Watford,44,2022-12-29,2023-04-23,0.6,0.7498393344097458,0.12438697548791211,0.4666666666666667,-0.25574307026450704,-0.6023428046223326,1.0055824046742527,0.7267297801102447,43,2022-12-30,2023-04-22,0.4,-0.967900111913919,-0.7875328492383146,0.5333333333333333,-0.7108683151854032,-0.421385206533447,-0.25703179672851584,-0.36614764270486755
E1,2023-04-29,West Brom,Norwich,away,2022,1,5.296577733923105,4.673308456552279,-0.18101014954056804,0.5157894736842105,Norwich,West Brom,44,2022-12-30,2023-04-22,0.4,0.7636424277676387,1.1441536716694154,0.5333333333333333,0.12406804117068777,0.3643786170900336,0.6395743865969509,0.7797750545793818,43,2022-12-29,2023-04-26,0.6,-0.07705671018407703,0.10044009481610087,0.4666666666666667,0.6827336096313632,0.8451969233200162,-0.7597903198154402,-0.7447568285039153
E1,2023-04-29,West Brom,Norwich,home,2022,6,6.861657453274583,5.90130607972174,0.18101014954056804,0.5157894736842105,West Brom,Norwich,43,2022-12-29,2023-04-26,0.4,-1.4949590690660413,-1.0690408941012488,0.5333333333333333,0.6400166469466761,1.0126986737076726,-2.1349757160127174,-2.0817395678089214,44,2022-12-30,2023-04-22,0.6,0.6757551979637315,0.7691773960527988,0.4666666666666667,0.1572551046256793,0.0765201310102566,0.5185000933380522,0.6926572650425422
E1,2023-04-30,Cardiff,Huddersfield,away,2022,9,3.9351220494055377,4.3551317034423365,-0.0899667279257203,0.42416452442159375,Huddersfield,Cardiff,42,2022-12-29,2023-04-18,0.4,1.3876298135779888,1.4668868754563384,0.4666666666666667,-0.4785371217916934,-0.4279283829856439,1.8661669353696821,1.8948152584419824,44,2022-12-29,2023-04-27,0.6,0.7989220412476099,0.774028809263798,0.5333333333333333,-0.6097313814220352,-0.5963151080575081,1.4086534226696452,1.3703439173213061
E1,2023-04-30,Cardiff,Huddersfield,home,2022,5,5.99724927156007,5.441555814387197,0.0899667279257203,0.42416452442159375,Cardiff,Huddersfield,44,2022-12-29,2023-04-27,0.4,-0.021409750725660714,-0.0056420780267417035,0.4666666666666667,-0.21393502595538283,-0.20177776589633342,0.19252527522972213,0.1961356878695917,42,2022-12-29,2023-04-18,0.6,3.293875871813899,2.8281109760447185,0.5333333333333333,-0.2539021709870318,-0.4382445051865317,3.547778042800931,3.2663554812312503
E1,2023-05-01,Blackburn,Luton,away,2022,4,4.598752549592587,4.568223512092637,-0.10869208339522046,0.5118733509234827,Luton,Blackburn,43,2023-01-01,2023-04-24,0.4,-0.03739079256470017,-0.22943605789132207,0.5333333333333333,0.2707745606975004,0.5023655046427439,-0.30816535326220057,-0.7318015625340659,44,2022-12-29,2023-04-25,0.4,-0.26943329639623437,-0.3452128808700083,0.4666666666666667,0.38064660031049385,0.5245700721706814,-0.6500798967067283,-0.8697829530406898
E1,2023-05-01,Blackburn,Luton,home,2022,9,5.015313361176935,5.1460637361293236,0.10869208339522046,0.5118733509234827,Blackburn,Luton,44,2022-12-29,2023-04-25,0.6,2.6360700299691473,2.4906967764000223,0.5333333333333333,-0.0635778892708433,-0.23526838241763734,2.6996479192399905,2.7259651588176594,43,2023-01-01,2023-04-24,0.6,-0.9930608384273294,-0.8150176797750562,0.4666666666666667,-1.3082728103929286,-1.2318982544226877,0.31521197196559925,0.4168805746476315
E1,2023-05-01,Rotherham,Middlesbrough,away,2022,11,6.128210090025237,5.641942311542193,0.18813305364099486,0.48157894736842105,Middlesbrough,Rotherham,44,2022-12-29,2023-04-24,0.6,-1.877027321592232,-1.5596493359377432,0.4666666666666667,1.379505209029573,1.4540563176001635,-3.256532530621805,-3.0137056535379068,44,2022-12-29,2023-04-27,0.4,1.3097092481573998,1.1782644675450449,0.5333333333333333,-0.7288745598951254,-0.745637470046839,2.0385838080525254,1.923901937591884
E1,2023-05-01,Rotherham,Middlesbrough,home,2022,1,4.166644539493421,4.318262006287047,-0.18813305364099486,0.48157894736842105,Rotherham,Middlesbrough,44,2022-12-29,2023-04-27,0.6,0.11820038231595538,0.1775553767588227,0.4666666666666667,0.2974924579394859,0.2601863228078771,-0.17929207562353056,-0.08263094604905441,44,2022-12-29,2023-04-24,0.4,-1.2624588068912308,-0.9943826596239559,0.5333333333333333,0.46969904816549307,0.6178240855917816,-1.7321578550567238,-1.6122067452157376
E1,2023-05-04,Huddersfield,Sheffield United,away,2022,3,5.471251994104879,5.178982893860928,0.06485976979738434,0.4554973821989528,Sheffield United,Huddersfield,44,2022-12-29,2023-04-29,0.8,-0.8773546300361709,-0.8962453752035799,0.4666666666666667,-0.31585448886070766,-0.2974738820130708,-0.5615001411754632,-0.5987714931905092,43,2023-01-01,2023-04-30,0.8,2.375087222670963,2.093580773886868,0.5333333333333333,0.079517139921833,-0.08994250864687382,2.2955700827491303,2.183523282533742
E1,2023-05-04,Huddersfield,Sheffield United,home,2022,9,4.660589859913628,4.702026705075335,-0.06485976979738434,0.4554973821989528,Huddersfield,Sheffield United,43,2023-01-01,2023-04-30,0.2,2.25571286262596,2.211332828323234,0.4666666666666667,0.009506928447772723,0.022373967702362604,2.246205934178187,2.1889588606208714,44,2022-12-29,2023-04-29,0.2,-0.6697385103349692,-0.3827266486190043,0.5333333333333333,-0.1920856457601195,0.12619325921207028,-0.47765286457484973,-0.5089199078310745
E1,2023-05-08,Birmingham,Sheffield United,away,2022,4,6.006194415873792,5.694118091024155,0.23191917886415284,0.48157894736842105,Sheffield United,Birmingham,45,2023-01-02,2023-05-04,0.8,-0.9608708693519705,-0.8735058990136177,0.4666666666666667,-0.4667507368276719,-0.46141852141416095,-0.49412013252429865,-0.4120873775994568,45,2023-01-02,2023-04-29,0.6,3.4917521189681144,3.0916817352046593,0.5333333333333333,0.7464257487882145,0.45173679220077134,2.7453263701799,2.639944943003888
E1,2023-05-08,Birmingham,Sheffield United,home,2022,4,4.954047358025775,4.5148393916657055,-0.23191917886415284,0.48157894736842105,Birmingham,Sheffield United,45,2023-01-02,2023-04-29,0.4,0.3197649767640738,0.2881877990878376,0.4666666666666667,-1.3076228717299112,-1.369838515343162,1.627387848493985,1.6580263144309997,45,2023-01-02,2023-05-04,0.2,-0.23074607270276637,-0.016748066521113002,0.5333333333333333,-0.07001871242122674,0.24184302546398628,-0.1607273602815396,-0.2585910919850993
E1,2023-05-08,Burnley,Cardiff,away,2022,3,3.1164482589620635,3.3018521516771977,-0.6147278548559231,0.5725388601036269,Cardiff,Burnley,45,2023-01-01,2023-04-30,0.4,-0.5887230527785098,-0.4722161063861125,0.5333333333333333,0.029230471139270974,0.07139527474610775,-0.6179535239177808,-0.5436113811322203,35,2023-01-02,2023-04-29,0.8,0.7114839884037993,0.7800645221532886,0.4666666666666667,-1.5156196482215283,-1.2779922210823471,2.2271036366253276,2.058056743235636
E1,2023-05-08,Burnley,Cardiff,home,2022,5,7.0803406070108545,7.009936587966727,0.6147278548559231,0.5725388601036269,Burnley,Cardiff,35,2023-01-02,2023-04-29,0.2,1.0722222741792413,0.6428837417970712,0.5333333333333333,0.4026892142943829,0.24015752222703418,0.6695330598848583,0.402726219570037,45,2023-01-01,2023-04-30,0.6,1.6611860713238662,1.6069546616053239,0.4666666666666667,-0.5080965429142659,-0.5313065834222883,2.1692826142381323,2.1382612450276124
E1,2023-05-08,Huddersfield,Reading,away,2022,6,4.6159740335445125,4.419720643636983,-0.2011765787296626,0.5118733509234827,Reading,Huddersfield,45,2023-01-02,2023-04-29,0.6,0.5887266893153587,0.6378637413464269,0.5333333333333333,-1.1630404115691744,-1.0385941584965859,1.751767100884533,1.6764578998430126,44,2023-01-14,2023-05-04,0.6,0.4115928044267999,0.24672427610004738,0.6,0.7934128213411706,0.633279750267793,-0.38182001691437073,-0.38655547416774566
E1,2023-05-08,Huddersfield,Reading,home,2022,4,5.256565195011317,5.414556390641988,0.2011765787296626,0.5118733509234827,Huddersfield,Reading,44,2023-01-14,2023-05-04,0.4,3.2932027188943813,3.2457765297056853,0.4,0.22981798849813684,0.2214572292712943,3.0633847303962445,3.024319300434391,45,2023-01-02,2023-04-29,0.4,0.22761254354368549,-0.2799406957229156,0.4666666666666667,0.6286244113383158,0.3530827653420359,-0.40101186779463033,-0.6330234610649514
E1,2023-05-08,Luton,Hull,away,2022,6,3.904397834050929,3.8731393834657135,-0.3982535684298908,0.4986807387862796,Hull,Luton,44,2023-01-02,2023-04-29,0.6,-1.2798722633722859,-0.9226141560166032,0.4666666666666667,-0.7143331206888042,-0.5330004259136074,-0.5655391426834817,-0.3896137301029958,44,2023-01-14,2023-05-01,0.6,-0.04515696977347474,0.14281479845644976,0.4666666666666667,-1.0817479878885963,-1.0368803872070405,1.0365910181151214,1.1796951856634903
E1,2023-05-08,Luton,Hull,home,2022,7,6.276668173565273,6.200273371309418,0.3982535684298908,0.4986807387862796,Luton,Hull,44,2023-01-14,2023-05-01,0.4,-0.08618987676161272,-0.2258105407877883,0.5333333333333333,0.4712717604019073,0.7161443840451786,-0.55746163716352,-0.9419549248329668,44,2023-01-02,2023-04-29,0.4,0.28438141886053125,0.14489658164793742,0.5333333333333333,0.41585993241342567,0.3388735761440031,-0.13147851355289442,-0.19397699449606567
E1,2023-05-08,Middlesbrough,Coventry,away,2022,6,4.283722655221674,4.615107147866962,-0.014135799511236724,0.5406824146981627,Coventry,Middlesbrough,45,2023-01-14,2023-04-29,0.6,-0.9054768480954613,-1.1891230528633305,0.4666666666666667,-0.21243175023922115,-0.35000875451323127,-0.6930450978562401,-0.8391142983500992,45,2023-01-02,2023-05-01,0.6,-1.3674034024168407,-1.0959038871816307,0.4666666666666667,0.5105617971008772,0.6632537011743663,-1.877965199517718,-1.759157588355997
E1,2023-05-08,Middlesbrough,Coventry,home,2022,7,5.96268116185751,5.279660544541776,0.014135799511236724,0.5406824146981627,Middlesbrough,Coventry,45,2023-01-02,2023-05-01,0.4,0.025356544251102165,0.33379386149628676,0.5333333333333333,0.9149295946171975,1.0445752078961317,-0.8895730503660954,-0.7107813463998449,45,2023-01-14,2023-04-29,0.4,-0.2542175455526846,0.08056257627168044,0.5333333333333333,0.1875767575644471,0.3521517423009334,-0.44179430311713175,-0.2715891660292529
E1,2023-05-08,Millwall,Blackburn,away,2022,6,3.9642466464447326,4.109715964847329,-0.25305144536650426,0.5013192612137204,Blackburn,Millwall,45,2023-01-01,2023-05-01,0.8,2.2402747804371614,2.1808761964682515,0.4666666666666667,0.5509904895544324,0.35774090196682773,1.689284290882729,1.8231352945014239,44,2023-01-14,2023-04-28,0.6,1.0700856681119704,1.0899247943199324,0.5333333333333333,0.2772554048756845,0.3743050581362313,0.7928302632362858,0.7156197361837011
E1,2023-05-08,Millwall,Blackburn,home,2022,3,5.159050259452915,5.483744775166486,0.25305144536650426,0.5013192612137204,Millwall,Blackburn,44,2023-01-14,2023-04-28,0.4,0.19561320923429584,-0.37754728317251873,0.4666666666666667,-0.812756749753378,-0.9490048312217532,1.0083699589876738,0.5714575480492344,45,2023-01-01,2023-05-01,0.2,-0.36618062958118075,-0.4750970230622684,0.5333333333333333,0.2177452216030553,0.3944459956387166,-0.583925851184236,-0.8695430187009849
E1,2023-05-08,Norwich,Blackpool,away,2022,4,3.937044843131158,3.790268919304066,-0.4643389234824465,0.5636363636363637,Blackpool,Norwich,44,2023-01-01,2023-04-28,0.6,0.8127682762925403,0.9260950383179123,0.5333333333333333,-0.8860369363357999,-0.7418925685238562,1.6988052126283404,1.6679876068417685,45,2023-01-02,2023-04-29,0.6,-0.09755129452297355,0.16036535392958076,0.5333333333333333,0.15514189377197088,0.08316430354990517,-0.2526931882949444,0.07720105037967559
E1,2023-05-08,Norwich,Blackpool,home,2022,10,6.164867853555579,6.314411473098777,0.4643389234824465,0.5636363636363637,Norwich,Blackpool,45,2023-01-02,2023-04-29,0.4,0.08627813035872975,0.46509205146674953,0.4666666666666667,-0.1229473979290546,0.19335725475967186,0.20922552828778435,0.2717347967070777,44,2023-01-01,2023-04-28,0.4,0.0853724743396496,0.13668610838236256,0.4666666666666667,-0.32573158911650635,-0.43976085321814457,0.41110406345615597,0.5764469616005071
E1,2023-05-08,Preston,Sunderland,away,2022,7,4.894394550604085,5.33375725812962,0.24942998539501743,0.5118733509234827,Sunderland,Preston,45,2023-01-01,2023-04-29,0.6,2.537660148013854,1.88955911433412,0.5333333333333333,-0.49947474656414126,-0.8487074734544867,3.0371348945779952,2.7382665877886065,44,2023-01-02,2023-04-29,0.6,-1.2739809311643255,-1.3285215891238298,0.5333333333333333,0.4264020429583641,0.6002404628866136,-1.7003829741226897,-1.9287620520104434
E1,2023-05-08,Preston,Sunderland,home,2022,2,4.622850163868327,4.377884506940043,-0.24942998539501743,0.5118733509234827,Preston,Sunderland,44,2023-01-02,2023-04-29,0.4,0.7992294706695231,0.6301464397800975,0.4666666666666667,-0.30109845147269254,-0.3471170700121521,1.1003279221422155,0.9772635097922496,45,2023-01-01,2023-04-29,0.4,0.11927523678346859,0.46986364039343087,0.4666666666666667,-0.9331814655592604,-0.6394583164184326,1.052456702342729,1.1093219568118635
E1,2023-05-08,QPR,Bristol City,away,2022,3,4.440471165588664,4.579381936205567,-0.0690206381362371,0.5483028720626633,Bristol City,QPR,44,2023-01-01,2023-04-29,0.6,-0.3428350244102504,-0.0063374392231708935,0.4666666666666667,0.8525123727818259,0.7853470810090053,-1.1953473971920763,-0.7916845202321762,45,2023-01-02,2023-04-29,0.6,1.7752068689593472,1.9314623064957235,0.4666666666666667,0.11096774537484917,0.0043262091787102715,1.664239123584498,1.9271360973170133
E1,2023-05-08,QPR,Bristol City,home,2022,7,5.819804097016824,5.342725973970583,0.0690206381362371,0.5483028720626633,QPR,Bristol City,45,2023-01-02,2023-04-29,0.4,-0.7007400450503019,-0.3371822606655372,0.5333333333333333,0.38926172170496415,0.5881660363937982,-1.090001766755266,-0.9253482970593354,44,2023-01-01,2023-04-29,0.4,-0.6334577854549659,-0.510722449648305,0.5333333333333333,-0.7792380581799981,-0.45376420775908016,0.14578027272503224,-0.05695824188922488
E1,2023-05-08,Swansea,West Brom,away,2022,3,4.547527849799769,4.967443301736047,0.12739938318015132,0.5380577427821522,West Brom,Swansea,44,2023-01-02,2023-04-29,0.4,-1.8192102034793525,-1.3320221685881173,0.5333333333333333,0.20307884334522733,0.5864509233279843,-2.02228904682458,-1.9184730919161015,45,2023-01-02,2023-04-29,0.6,-0.7454886618317493,-0.7532182990291829,0.4666666666666667,-0.4118454680253665,-0.49491788725423136,-0.33364319380638285,-0.25830041177495155
E1,2023-05-08,Swansea,West Brom,home,2022,6,4.705475433748935,4.609522641758918,-0.12739938318015132,0.5380577427821522,Swansea,West Brom,45,2023-01-02,2023-04-29,0.4,-0.8771650255530817,-1.2491895621515197,0.5333333333333333,-0.9132858831057943,-0.8850189260648251,0.03612085755271255,-0.36417063608669453,44,2023-01-02,2023-04-29,0.6,-0.8897424396313559,-0.6454177722322771,0.4666666666666667,0.7027844424374196,0.9041647776249577,-1.5925268820687755,-1.5495825498572349
E1,2023-05-08,Watford,Stoke,away,2022,6,4.720790711291286,4.662950677544929,-0.0782054230674672,0.5275590551181102,Stoke,Watford,45,2023-01-02,2023-04-29,0.6,0.8842899503290502,1.084864136926821,0.5333333333333333,0.6888757348294551,0.8851510046070529,0.19541421549959515,0.19971313231976817,44,2023-01-02,2023-04-29,0.6,0.3190784522950514,0.33019172675826824,0.4666666666666667,-0.6752577296167506,-0.3927553838163211,0.994336181911802,0.7229471105745893
E1,2023-05-08,Watford,Stoke,home,2022,6,5.751097171806704,5.338677664353363,0.0782054230674672,0.5275590551181102,Watford,Stoke,44,2023-01-02,2023-04-29,0.4,-0.013785539746229602,0.2996143687259341,0.5333333333333333,-0.05884398772343621,-0.08071567643442439,0.04505844797720661,0.3803300451603585,45,2023-01-02,2023-04-29,0.4,-0.6989443353891437,-0.3888152021901979,0.4666666666666667,-1.1230355105011227,-0.9556301020195769,0.424091175111979,0.5668148998293789
E1,2023-05-08,Wigan,Rotherham,away,2022,2,3.1556416373954375,3.9077674846828847,-0.17305387867688626,0.5065963060686015,Rotherham,Wigan,45,2023-01-01,2023-05-01,0.8,-0.4436941231481829,-0.36865321409822077,0.4666666666666667,0.3673207030931943,0.3539340361206092,-0.8110148262413772,-0.72258725021883,44,2023-01-02,2023-04-29,0.6,0.9134213456243214,0.3273883329839508,0.5333333333333333,-0.6336878059768826,-0.981641073733107,1.5471091516012039,1.3090294067170578
E1,2023-05-08,Wigan,Rotherham,home,2022,3,5.4457966711129115,5.4252390609073915,0.17305387867688626,0.5065963060686015,Wigan,Rotherham,44,2023-01-02,2023-04-29,0.4,0.35481915638986516,0.5238575748925349,0.4666666666666667,-0.20212542545132298,-0.07467334587117058,0.5569445818411881,0.5985309207637055,45,2023-01-01,2023-05-01,0.2,1.619825742197225,1.5476140191396852,0.5333333333333333,-0.06771419402759081,-0.12275702614140431,1.6875399362248158,1.6703710452810896
