date,home,away,venue,season,actual,dispersion,signed_strength,fixed180_mean,original_mean,joint_mean
2019-08-10,West Ham,Man City,home,2019,1,0.13022663116051755,-0.6855838656072046,3.1727655670278767,2.9347069505732777,3.221928786470925
2019-08-10,West Ham,Man City,away,2019,1,0.13022663116051755,0.6855838656072046,7.254545697830145,7.843022551198672,7.355468571845323
2019-08-10,Burnley,Southampton,home,2019,2,0.13022663116051755,0.012863740232346266,4.848239372146375,4.855339742747972,4.935999488282037
2019-08-10,Burnley,Southampton,away,2019,7,0.13022663116051755,-0.012863740232346266,5.655595578111564,5.64732492627153,5.070367667263773
2019-08-10,Crystal Palace,Everton,home,2019,6,0.13022663116051755,-0.09326394505198266,6.144372458613471,6.079523763122664,5.081706795455105
2019-08-10,Crystal Palace,Everton,away,2019,2,0.13022663116051755,0.09326394505198266,4.942211254625143,4.9949285340026,5.084186859125838
2019-08-10,Watford,Brighton,home,2019,5,0.13022663116051755,0.2690298710484793,5.999249955828938,6.185704248560331,5.876307318216515
2019-08-10,Watford,Brighton,away,2019,2,0.13022663116051755,-0.2690298710484793,3.828477006340373,3.713076084509728,4.030263670757845
2019-08-11,Leicester,Wolves,home,2019,12,0.1329544000763388,0.15641747661004635,5.616719359827503,5.71756328370101,5.489971079695753
2019-08-11,Leicester,Wolves,away,2019,3,0.1329544000763388,-0.15641747661004635,4.395371283157386,4.317847613530837,4.412036959780056
2019-08-11,Newcastle,Arsenal,home,2019,5,0.1329544000763388,-0.3220437947087899,5.303768248280632,5.1129675798275365,4.407709666372835
2019-08-11,Newcastle,Arsenal,away,2019,3,0.1329544000763388,0.3220437947087899,4.986616635489673,5.1727022643375,5.6145862275466465
2019-08-11,Man United,Chelsea,home,2019,3,0.1329544000763388,0.16286362247034986,4.702379119305089,4.790318457603554,5.20838773309457
2019-08-11,Man United,Chelsea,away,2019,5,0.1329544000763388,-0.16286362247034986,4.709766986558579,4.623306389835514,4.495821435952305
2019-08-17,Arsenal,Burnley,home,2019,10,0.13316546483206115,0.6218235487865383,7.650129877523876,8.21091940763756,7.355196827548916
2019-08-17,Arsenal,Burnley,away,2019,7,0.13316546483206115,-0.6218235487865383,3.6204338411772308,3.3731653817264013,3.413352600827916
2019-08-17,Brighton,West Ham,home,2019,8,0.13316546483206115,0.049904166962447594,5.346764657005757,5.377206656163189,5.168958194667281
2019-08-17,Brighton,West Ham,away,2019,6,0.13316546483206115,-0.049904166962447594,4.352759636510618,4.328117342907249,4.600673746226983
2019-08-17,Everton,Watford,home,2019,4,0.13316546483206115,0.35788418238108644,6.023038439271577,6.27332709302738,6.108123280829022
2019-08-17,Everton,Watford,away,2019,7,0.13316546483206115,-0.35788418238108644,4.221307481632444,4.052888817819839,4.002076456851757
2019-08-17,Southampton,Liverpool,home,2019,5,0.13316546483206115,-0.5110390294160763,4.132804186444986,3.8993792425289224,3.76573126243943
2019-08-17,Southampton,Liverpool,away,2019,9,0.13316546483206115,0.5110390294160763,6.3858077807635825,6.768075503488796,6.567372398797403
2019-08-17,Man City,Tottenham,home,2019,13,0.13316546483206115,0.5925205496643032,6.7448775279205435,7.215214561831978,6.98529769322691
2019-08-17,Man City,Tottenham,away,2019,2,0.13316546483206115,-0.5925205496643032,3.153175049467159,2.9476295334661256,3.3101246292432984
2019-08-18,Chelsea,Leicester,home,2019,4,0.13247684270594176,0.3659651641666983,7.0130292908413585,7.311175591832448,6.426624010978256
2019-08-18,Chelsea,Leicester,away,2019,5,0.13247684270594176,-0.3659651641666983,4.248936850812228,4.075667205007306,3.9965829269492055
2019-08-19,Wolves,Man United,home,2019,4,0.1318754257020677,-0.12833338447847303,5.628944303903293,5.547358988951019,4.872269475053494
2019-08-19,Wolves,Man United,away,2019,6,0.1318754257020677,0.12833338447847303,4.548082417579859,4.614971316821139,5.027990807987671
2019-08-24,Brighton,Southampton,home,2019,8,0.1320084342696054,0.08319582228978528,5.065839484364054,5.114014482506262,5.154584501031531
2019-08-24,Brighton,Southampton,away,2019,5,0.1320084342696054,-0.08319582228978528,5.178173621574807,5.129394232026199,4.788802162757707
2019-08-24,Man United,Crystal Palace,home,2019,8,0.1320084342696054,0.6008330187185639,6.659086144878785,7.130180379175901,6.981910946330662
2019-08-24,Man United,Crystal Palace,away,2019,1,0.1320084342696054,-0.6008330187185639,4.408787463216506,4.1174968865813675,3.6617335565580023
2019-08-24,Watford,West Ham,home,2019,8,0.1320084342696054,0.17416630153429236,5.411552203932095,5.51984699247882,5.467431561737362
2019-08-24,Watford,West Ham,away,2019,7,0.1320084342696054,-0.17416630153429236,4.354381465556217,4.268952137405143,4.36638057045521
2019-08-24,Liverpool,Arsenal,home,2019,6,0.1320084342696054,0.4826946274473416,6.508814695202899,6.876236795694934,6.595627041569977
2019-08-24,Liverpool,Arsenal,away,2019,4,0.1320084342696054,-0.4826946274473416,3.3229408519618264,3.1453841528669084,3.524104755987802
2019-08-25,Bournemouth,Man City,home,2019,4,0.13107613220055497,-0.7371376310696132,2.9738403301765657,2.7346216125416762,3.089684932778569
2019-08-25,Bournemouth,Man City,away,2019,5,0.13107613220055497,0.7371376310696132,7.276781712511546,7.913338661302024,7.524248854926667
2019-08-25,Tottenham,Newcastle,home,2019,6,0.13107613220055497,0.69280208472378,6.881593333178798,7.445928890516137,7.332643707703507
2019-08-25,Tottenham,Newcastle,away,2019,6,0.13107613220055497,-0.69280208472378,3.6815661566517295,3.4025360021286826,3.3300623720244755
2019-08-25,Wolves,Burnley,home,2019,4,0.13107613220055497,0.3181969294482315,6.880428986987252,7.134063184610877,6.261146916584814
2019-08-25,Wolves,Burnley,away,2019,3,0.13107613220055497,-0.3181969294482315,4.040305115738205,3.8966619323703555,4.014396314347245
2019-08-31,Southampton,Man United,home,2019,2,0.13020939124370826,-0.20171440972222215,5.172763580898063,5.055409601653263,4.601064658384794
2019-08-31,Southampton,Man United,away,2019,3,0.13020939124370826,0.20171440972222215,5.526913127799821,5.655212375456334,5.510741982782946
2019-08-31,Leicester,Bournemouth,home,2019,4,0.13020939124370826,0.3598039613252307,6.813881221491627,7.098583715388616,6.35266645970578
2019-08-31,Leicester,Bournemouth,away,2019,5,0.13020939124370826,-0.3598039613252307,4.592304692796386,4.408121389310135,4.105201421310345
2019-08-31,Man City,Brighton,home,2019,8,0.13020939124370826,0.8551390940077486,8.349652816270323,9.20277966992401,8.339733717542476
2019-08-31,Man City,Brighton,away,2019,1,0.13020939124370826,-0.8551390940077486,2.3480867898339537,2.1304116995931626,2.703113103289362
2019-08-31,Newcastle,Watford,home,2019,6,0.13020939124370826,0.02944360593297346,5.552281883536046,5.570911416059885,5.185154143803778
2019-08-31,Newcastle,Watford,away,2019,5,0.13020939124370826,-0.02944360593297346,4.894511901852866,4.878144298447609,4.81330403388701
2019-08-31,Burnley,Liverpool,home,2019,6,0.13020939124370826,-0.620101007117753,3.5807796056633223,3.336873302924544,3.4393599231015566
2019-08-31,Burnley,Liverpool,away,2019,4,0.13020939124370826,0.620101007117753,6.658422882315632,7.1451154114786455,6.966535037434863
2019-09-01,Everton,Wolves,home,2019,7,0.1306074972078284,0.1798856965527943,5.926153909286502,6.048681219622872,5.6379939189474815
2019-09-01,Everton,Wolves,away,2019,7,0.1306074972078284,-0.1798856965527943,4.297521398019759,4.210467093305518,4.338059936065045
2019-09-01,Arsenal,Tottenham,home,2019,11,0.1306074972078284,0.07240950729619,7.1653493700639395,7.22461936209697,5.716706812059893
2019-09-01,Arsenal,Tottenham,away,2019,6,0.1306074972078284,-0.07240950729619,4.7421541406281245,4.703250023463278,4.680552696200843
2019-09-14,Liverpool,Newcastle,home,2019,10,0.13020822261885062,0.7852508308276626,7.512360328771978,8.21436481394022,7.835298207305409
2019-09-14,Liverpool,Newcastle,away,2019,1,0.13020822261885062,-0.7852508308276626,3.23002745599372,2.953987395357979,3.074806542119526
2019-09-14,Brighton,Burnley,home,2019,3,0.13020822261885062,0.1814761151440779,6.327546243580079,6.45954127001242,5.7581836183432475
2019-09-14,Brighton,Burnley,away,2019,6,0.13020822261885062,-0.1814761151440779,4.000484226231842,3.918737860799515,4.239464257996351
2019-09-14,Man United,Leicester,home,2019,3,0.13020822261885062,0.26228741467779215,6.219370802604763,6.407749341777373,5.925799026040771
2019-09-14,Man United,Leicester,away,2019,9,0.13020822261885062,-0.26228741467779215,4.709981390553648,4.571514767320134,4.31134146673137
2019-09-14,Tottenham,Crystal Palace,home,2019,4,0.13020822261885062,0.574629720352462,7.169172763677662,7.653503417820703,7.065876387235168
2019-09-14,Tottenham,Crystal Palace,away,2019,3,0.13020822261885062,-0.574629720352462,3.8320257176981065,3.5895266396648786,3.544122729848329
2019-09-14,Wolves,Chelsea,home,2019,7,0.13020822261885062,-0.0670658682634731,4.237928200103864,4.205716675105827,4.57649192202312
2019-09-14,Wolves,Chelsea,away,2019,5,0.13020822261885062,0.0670658682634731,4.878186416307243,4.91554837761673,5.007954254473656
2019-09-15,Bournemouth,Everton,home,2019,7,0.1322391708912042,-0.08613828071518903,4.9311282142414345,4.883041162076351,4.759308141694092
2019-09-15,Bournemouth,Everton,away,2019,7,0.1322391708912042,0.08613828071518903,5.389332398711083,5.4424052890656665,5.207609971926698
2019-09-15,Watford,Arsenal,home,2019,7,0.1322391708912042,-0.21429726442486846,5.032562899505588,4.911354006278443,4.537700462904439
2019-09-15,Watford,Arsenal,away,2019,1,0.1322391708912042,0.21429726442486846,4.473352665137666,4.583751981672964,5.186695534678806
2019-09-20,Southampton,Bournemouth,home,2019,4,0.13209242549994515,0.183476938672073,5.662945272671345,5.782392538979295,5.567157011660932
2019-09-20,Southampton,Bournemouth,away,2019,5,0.13209242549994515,-0.183476938672073,5.504158834103314,5.390459059896278,4.678749550133354
2019-09-21,Leicester,Tottenham,home,2019,8,0.13179351154216745,-0.05730659025787965,6.726447430385763,6.682736779897391,5.306918103292726
2019-09-21,Leicester,Tottenham,away,2019,2,0.13179351154216745,0.05730659025787965,4.65091908559342,4.681339960348147,4.913791810036906
2019-09-21,Man City,Watford,home,2019,5,0.13179351154216745,0.8235228615439816,7.290104289035215,8.006122982849988,7.888564865289495
2019-09-21,Man City,Watford,away,2019,4,0.13179351154216745,-0.8235228615439816,2.8667824028352396,2.6103949109210745,2.915176461275813
2019-09-21,Newcastle,Brighton,home,2019,5,0.13179351154216745,0.07126071165760678,6.450089656528983,6.5025932941710405,5.529717744460074
2019-09-21,Newcastle,Brighton,away,2019,3,0.13179351154216745,-0.07126071165760678,3.773827976691296,3.7433571033569186,4.36109761480277
2019-09-22,Crystal Palace,Wolves,home,2019,6,0.13170092479549833,0.035992641043343654,6.755626940211242,6.783346141698516,5.527257675702258
2019-09-22,Crystal Palace,Wolves,away,2019,7,0.13170092479549833,-0.035992641043343654,4.403468845207889,4.385474681617604,4.644467962097174
2019-09-22,West Ham,Man United,home,2019,3,0.13170092479549833,-0.1383564257892157,4.865024146797776,4.789047040836496,4.6361451332982835
2019-09-22,West Ham,Man United,away,2019,7,0.13170092479549833,0.1383564257892157,4.560871765753102,4.633228924592349,5.053701258249199
2019-09-22,Chelsea,Liverpool,home,2019,6,0.13170092479549833,-0.20265325772975284,4.7798317187530905,4.6708932267725505,4.487396336995589
2019-09-22,Chelsea,Liverpool,away,2019,4,0.13170092479549833,0.20265325772975284,4.957159587306899,5.072774623602908,5.329145100765813
2019-09-28,Bournemouth,West Ham,home,2019,6,0.13055118808377544,0.042974408498310024,5.499250259778151,5.526202032720428,5.199242216540717
2019-09-28,Bournemouth,West Ham,away,2019,6,0.13055118808377544,-0.042974408498310024,5.377131523650217,5.350906780680616,4.928257454078555
2019-09-28,Chelsea,Brighton,home,2019,5,0.13055118808377544,0.5414357986027463,6.979794161856887,7.423245237205816,6.909802850826713
2019-09-28,Chelsea,Brighton,away,2019,2,0.13055118808377544,-0.5414357986027463,3.1199425460521506,2.9335628922938057,3.371033974351014
2019-09-28,Tottenham,Southampton,home,2019,6,0.13055118808377544,0.5413917954826866,6.266503935593534,6.664603789910963,6.681407217150307
2019-09-28,Tottenham,Southampton,away,2019,6,0.13055118808377544,-0.5413917954826866,4.627200027922196,4.350801352909884,3.8116529852772443
2019-09-28,Wolves,Watford,home,2019,1,0.13055118808377544,0.2932015730168122,5.720241964159058,5.914266181746145,5.849040478622619
2019-09-28,Wolves,Watford,away,2019,6,0.13055118808377544,-0.2932015730168122,4.617789375022315,4.466297551195383,4.22938485334115
2019-09-28,Everton,Man City,home,2019,5,0.13055118808377544,-0.6409998924075602,3.605927806125597,3.352328613586251,3.416634932128866
2019-09-28,Everton,Man City,away,2019,2,0.13055118808377544,0.6409998924075602,6.646261305269125,7.1490421166701426,7.024179989366619
2019-09-29,Leicester,Newcastle,home,2019,9,0.12888770505563743,0.49238596361372294,7.06480234905069,7.471843399740621,6.793973267248799
2019-09-29,Leicester,Newcastle,away,2019,0,0.12888770505563743,-0.49238596361372294,3.8310383598536677,3.6223361968395977,3.6688613532786665
2019-09-30,Man United,Arsenal,home,2019,8,0.12950671949142942,0.08572618042626023,5.519770836947092,5.57386692929422,5.299943603380116
2019-09-30,Man United,Arsenal,away,2019,7,0.12950671949142942,-0.08572618042626023,4.353262239226313,4.311012490695939,4.531882757808145
2019-10-05,Brighton,Tottenham,home,2019,4,0.12912945272772178,-0.24354159317743238,5.977076807865987,5.813744795835552,4.728901919989349
2019-10-05,Brighton,Tottenham,away,2019,4,0.12912945272772178,0.24354159317743238,4.796283322691909,4.9310306555855785,5.366343240463122
2019-10-05,Burnley,Everton,home,2019,7,0.12912945272772178,-0.05333364868380602,4.772064193596842,4.743197132870063,4.776526358741948
2019-10-05,Burnley,Everton,away,2019,9,0.12912945272772178,0.05333364868380602,5.325000549479307,5.357408461258199,5.116903626160427
2019-10-05,Liverpool,Leicester,home,2019,4,0.12912945272772178,0.5200348081122239,7.113679626314975,7.547239256745788,6.888409735765373
2019-10-05,Liverpool,Leicester,away,2019,6,0.12912945272772178,-0.5200348081122239,3.7410760570798147,3.526165743845562,3.599591882305605
2019-10-05,West Ham,Crystal Palace,home,2019,2,0.12912945272772178,0.2271893950077563,5.954602271993055,6.110513449989794,5.760142632070712
2019-10-05,West Ham,Crystal Palace,away,2019,2,0.12912945272772178,-0.2271893950077563,4.260017822791889,4.1513224729699045,4.240809770506121
2019-10-06,Arsenal,Bournemouth,home,2019,14,0.128149974560177,0.5189061748259706,7.4014060643916375,7.851493651122937,6.9707350980274265
2019-10-06,Arsenal,Bournemouth,away,2019,5,0.128149974560177,-0.5189061748259706,4.835104394343277,4.557931595746846,3.9010214983390217
2019-10-06,Man City,Wolves,home,2019,9,0.128149974560177,0.8070276524660233,7.372768339128586,8.081725786269912,7.861474560202296
2019-10-06,Man City,Wolves,away,2019,1,0.128149974560177,-0.8070276524660233,3.0199391049272513,2.7550194114146533,2.9835185734294485
2019-10-06,Southampton,Chelsea,home,2019,3,0.128149974560177,-0.2739671478347436,4.093750277588206,3.9681237879787057,4.149235887563397
2019-10-06,Southampton,Chelsea,away,2019,4,0.128149974560177,0.2739671478347436,5.589250650997017,5.766200256490558,5.70106835315694
2019-10-06,Newcastle,Man United,home,2019,4,0.128149974560177,-0.2876292354041965,4.8707970713691005,4.713992492014844,4.355000696286776
2019-10-06,Newcastle,Man United,away,2019,6,0.128149974560177,0.2876292354041965,4.85411299355257,5.015578491722405,5.487470368651063
2019-10-19,Everton,West Ham,home,2019,11,0.12901539522562508,0.23580372718008946,6.286237849104621,6.457157365616334,5.879569502749023
2019-10-19,Everton,West Ham,away,2019,2,0.12901539522562508,-0.23580372718008946,4.477880829099593,4.359352321434252,4.291626327765804
2019-10-19,Chelsea,Newcastle,home,2019,11,0.12901539522562508,0.6428275969915102,7.015156934866935,7.5474133822230485,7.222918511499658
2019-10-19,Chelsea,Newcastle,away,2019,0,0.12901539522562508,-0.6428275969915102,3.3131924773564747,3.079540500434371,3.2910432030308123
2019-10-19,Leicester,Burnley,home,2019,9,0.12901539522562508,0.4621958540805876,7.066022181164888,7.447510292833699,6.708414790560083
2019-10-19,Leicester,Burnley,away,2019,4,0.12901539522562508,-0.4621958540805876,3.5546691533019645,3.372586286735752,3.630155531819694
2019-10-19,Tottenham,Watford,home,2019,11,0.12901539522562508,0.5475405483150046,5.697192720707109,6.063365195824073,6.502843434678818
2019-10-19,Tottenham,Watford,away,2019,2,0.12901539522562508,-0.5475405483150046,4.344479211182043,4.082111919344113,3.7278208473059355
2019-10-19,Wolves,Southampton,home,2019,1,0.12901539522562508,0.30669370415765584,5.664694689047553,5.865831619438869,5.8645426929938544
2019-10-19,Wolves,Southampton,away,2019,3,0.12901539522562508,-0.30669370415765584,5.282319037555892,5.101190511288505,4.385339702984023
2019-10-19,Crystal Palace,Man City,home,2019,1,0.12901539522562508,-0.6948733498157391,3.8671662138494374,3.5732271248181178,3.4135107346673967
2019-10-19,Crystal Palace,Man City,away,2019,8,0.12901539522562508,0.6948733498157391,6.422234393589738,6.950537146607003,7.109161506915582
2019-10-20,Man United,Liverpool,home,2019,3,0.13055373944984777,-0.3746058440193399,4.736949430684517,4.539314456960894,4.161914761964357
2019-10-20,Man United,Liverpool,away,2019,1,0.13055373944984777,0.3746058440193399,5.758525350488496,6.009242946090491,6.003706764803854
2019-10-25,Southampton,Leicester,home,2019,2,0.13125958018115996,-0.10740207637889321,5.133521703234118,5.071178458037242,4.776333897320498
2019-10-25,Southampton,Leicester,away,2019,7,0.13125958018115996,0.10740207637889321,5.812875461832603,5.884336863401223,5.3798529546335985
2019-10-26,Brighton,Everton,home,2019,0,0.1312417314532307,-0.03769259854428586,5.133064292853655,5.1111001713357105,4.918642194420853
2019-10-26,Brighton,Everton,away,2019,5,0.1312417314532307,0.03769259854428586,5.176057114411268,5.198300377824952,5.0385336766069795
2019-10-26,Watford,Bournemouth,home,2019,5,0.1312417314532307,0.14827538357104553,6.138422815981881,6.242848148892291,5.6247108843393
2019-10-26,Watford,Bournemouth,away,2019,10,0.1312417314532307,-0.14827538357104553,4.779597759760201,4.69964850016955,4.544350541719347
2019-10-26,Burnley,Chelsea,home,2019,5,0.1312417314532307,-0.33688741781744846,3.929752483457007,3.7819893812148795,3.9894695911141675
2019-10-26,Burnley,Chelsea,away,2019,6,0.1312417314532307,0.33688741781744846,5.554296852113336,5.771304371414807,5.842878253335883
2019-10-27,Newcastle,Wolves,home,2019,3,0.13172314870472743,-0.052816943398776406,5.817897226520261,5.783043673756955,5.08189343488646
2019-10-27,Newcastle,Wolves,away,2019,6,0.13172314870472743,0.052816943398776406,4.687626174286752,4.71587780706303,4.916530486282429
2019-10-27,Arsenal,Crystal Palace,home,2019,12,0.13172314870472743,0.49659462648147157,8.05843704599085,8.526808382442773,7.090947205251675
2019-10-27,Arsenal,Crystal Palace,away,2019,5,0.13172314870472743,-0.49659462648147157,4.050330641448971,3.8278489471829436,3.7264396645321245
2019-10-27,Liverpool,Tottenham,home,2019,8,0.13172314870472743,0.4680232625040562,7.328517763332209,7.729300291598652,6.801792485371941
2019-10-27,Liverpool,Tottenham,away,2019,3,0.13172314870472743,-0.4680232625040562,3.5322844993555127,3.3491271812543073,3.614126710804746
2019-11-02,Bournemouth,Man United,home,2019,4,0.1321615972196659,-0.15050932175969833,4.504297787569323,4.427828066900579,4.503037468226142
2019-11-02,Bournemouth,Man United,away,2019,10,0.1321615972196659,0.15050932175969833,6.038066859762959,6.142345815307065,5.543788368247181
2019-11-02,Arsenal,Wolves,home,2019,8,0.1321615972196659,0.333404665097368,7.966383824521692,8.27435297791369,6.595869595533689
2019-11-02,Arsenal,Wolves,away,2019,9,0.1321615972196659,-0.333404665097368,4.644720494483384,4.471845268801487,4.16585085769025
2019-11-02,Aston Villa,Liverpool,home,2019,2,0.1321615972196659,-0.5922249793217536,4.420184846571621,4.132185911982398,3.7160691106072505
2019-11-02,Aston Villa,Liverpool,away,2019,10,0.1321615972196659,0.5922249793217536,5.179400839661827,5.540386999386068,6.3667375420961125
2019-11-02,Brighton,Norwich,home,2019,8,0.1321615972196659,0.35563793958697754,5.553390047939926,5.782684433132914,5.9498946527774805
2019-11-02,Brighton,Norwich,away,2019,3,0.1321615972196659,-0.35563793958697754,4.403426152492992,4.228821969253549,4.058944190988986
2019-11-02,Man City,Southampton,home,2019,17,0.1321615972196659,0.8555119514805566,7.391398809611917,8.146961510613123,8.030123396749767
2019-11-02,Man City,Southampton,away,2019,0,0.1321615972196659,-0.8555119514805566,3.4146640702708084,3.0979824700711998,3.037228596452364
2019-11-02,Sheffield United,Burnley,home,2019,7,0.1321615972196659,0.14726732220443628,7.681702826143868,7.811486161802631,6.029323581085663
2019-11-02,Sheffield United,Burnley,away,2019,6,0.1321615972196659,-0.14726732220443628,4.754273815824282,4.675284299402941,4.538761940293055
2019-11-02,West Ham,Newcastle,home,2019,7,0.1321615972196659,0.32577641958638326,6.419949318698771,6.66235117421559,6.14704693034424
2019-11-02,West Ham,Newcastle,away,2019,3,0.1321615972196659,-0.32577641958638326,3.6054116523494244,3.4742329660901614,3.862065049908522
2019-11-02,Watford,Chelsea,home,2019,1,0.1321615972196659,-0.38919287329850416,4.244361495844375,4.060534199007151,3.9972568515348623
2019-11-02,Watford,Chelsea,away,2019,6,0.1321615972196659,0.38919287329850416,5.185044562953764,5.419780358608778,5.8464553556247525
2019-11-03,Crystal Palace,Leicester,home,2019,5,0.13445810203550582,-0.16799204771371773,5.812746112515754,5.70270917357373,4.839707156252089
2019-11-03,Crystal Palace,Leicester,away,2019,6,0.13445810203550582,0.16799204771371773,5.452788050087714,5.558002622226818,5.410142292694678
2019-11-03,Everton,Tottenham,home,2019,5,0.13445810203550582,-0.021886795410984983,7.024352015129408,7.006883348946335,5.459994106100895
2019-11-03,Everton,Tottenham,away,2019,2,0.13445810203550582,0.021886795410984983,4.15441806733376,4.164775331582221,4.673618227873097
2019-11-08,Norwich,Watford,home,2019,10,0.1340788663004513,-0.011062221120475946,5.142448736438306,5.135981020576467,4.977004146622173
2019-11-08,Norwich,Watford,away,2019,4,0.1340788663004513,0.011062221120475946,6.522382089960027,6.530595693929979,5.354494205608534
2019-11-09,Chelsea,Crystal Palace,home,2019,7,0.13404280245239614,0.6135754791969313,7.165833950780307,7.683908804435738,7.181799763524129
2019-11-09,Chelsea,Crystal Palace,away,2019,0,0.13404280245239614,-0.6135754791969313,3.291900699197541,3.069949734344801,3.325191033920235
2019-11-09,Burnley,West Ham,home,2019,11,0.13404280245239614,0.11619365863498138,5.480217921814987,5.55314112485616,5.356437404368577
2019-11-09,Burnley,West Ham,away,2019,4,0.13404280245239614,-0.11619365863498138,5.174692169658982,5.106738714257939,4.721658072087573
2019-11-09,Newcastle,Bournemouth,home,2019,5,0.13404280245239614,0.025589515473286417,5.82307768891887,5.840054606493073,5.254130925501355
2019-11-09,Newcastle,Bournemouth,away,2019,4,0.13404280245239614,-0.025589515473286417,5.380976582064768,5.365334194782831,4.965614570686987
2019-11-09,Southampton,Everton,home,2019,5,0.13404280245239614,-0.06893675945303773,4.536144792436224,4.500708542636777,4.6708253468418075
2019-11-09,Southampton,Everton,away,2019,9,0.13404280245239614,0.06893675945303773,5.737193019352012,5.782364707999572,5.271745145288972
2019-11-09,Tottenham,Sheffield United,home,2019,4,0.13404280245239614,0.44859867823778043,7.005928828460653,7.372758851647367,6.652342141327558
2019-11-09,Tottenham,Sheffield United,away,2019,4,0.13404280245239614,-0.44859867823778043,4.051344240192644,3.849770483140334,3.802902530051162
2019-11-09,Leicester,Arsenal,home,2019,5,0.13404280245239614,0.2168773935571074,6.454120038109874,6.6153448738812335,5.880949166005208
2019-11-09,Leicester,Arsenal,away,2019,4,0.13404280245239614,-0.2168773935571074,4.277463242024455,4.173215720260889,4.264713341424789
2019-11-10,Man United,Brighton,home,2019,5,0.13363469519301813,0.40933731458810946,6.324301343027362,6.625780474132517,6.337727614104036
2019-11-10,Man United,Brighton,away,2019,2,0.13363469519301813,-0.40933731458810946,3.5801395105381535,3.4172398562127375,3.7202233652500487
2019-11-10,Wolves,Aston Villa,home,2019,6,0.13363469519301813,0.2793103448275862,7.585116123184321,7.830010870109993,6.349374149680271
2019-11-10,Wolves,Aston Villa,away,2019,3,0.13363469519301813,-0.2793103448275862,4.320753375252301,4.185615656810565,4.166988068716522
2019-11-10,Liverpool,Man City,home,2019,4,0.13363469519301813,0.016768149882904038,4.023487685763118,4.031170388096626,4.665022451994538
2019-11-10,Liverpool,Man City,away,2019,13,0.13363469519301813,-0.016768149882904038,4.9062087899653575,4.896858418214601,4.842693698777649
2019-11-23,West Ham,Tottenham,home,2019,3,0.1340757941596699,-0.32547767193436483,5.940828270441645,5.724872751453925,4.559696526419627
2019-11-23,West Ham,Tottenham,away,2019,7,0.1340757941596699,0.32547767193436483,4.209277905612296,4.368061661013529,5.3334840699365955
2019-11-23,Arsenal,Southampton,home,2019,6,0.1340757941596699,0.5056209205108595,8.389205452816917,8.885921790519388,7.207771093610845
2019-11-23,Arsenal,Southampton,away,2019,8,0.1340757941596699,-0.5056209205108595,5.040522299903337,4.7587608984484095,3.9741265810680995
2019-11-23,Bournemouth,Wolves,home,2019,5,0.1340757941596699,-0.0301707689372257,5.625415546667192,5.606139953915216,5.077130469447263
2019-11-23,Bournemouth,Wolves,away,2019,9,0.1340757941596699,0.0301707689372257,5.985390873475409,6.005970444782388,5.255195045223802
2019-11-23,Brighton,Leicester,home,2019,6,0.1340757941596699,-0.2098578608874236,4.936388983979217,4.8199301351718375,4.518946476011418
2019-11-23,Brighton,Leicester,away,2019,7,0.1340757941596699,0.2098578608874236,5.27653577612484,5.4040271017136385,5.45037934469946
2019-11-23,Crystal Palace,Liverpool,home,2019,9,0.1340757941596699,-0.5306600041803324,4.647816774304713,4.375525458125546,3.873927342513853
2019-11-23,Crystal Palace,Liverpool,away,2019,8,0.1340757941596699,0.5306600041803324,5.737279256712425,6.094313248411996,6.404571210913987
2019-11-23,Everton,Norwich,home,2019,7,0.1340757941596699,0.5604547386315342,7.1354334091426,7.605210445383326,7.0134613331083395
2019-11-23,Everton,Norwich,away,2019,7,0.1340757941596699,-0.5604547386315342,3.7743841220260426,3.541238833120092,3.5485644995166736
2019-11-23,Watford,Burnley,home,2019,7,0.1340757941596699,0.11178829439098148,5.93349869649574,6.009440970416061,5.48055787742812
2019-11-23,Watford,Burnley,away,2019,5,0.1340757941596699,-0.11178829439098148,4.427874086358007,4.3719183280093885,4.506165113015895
2019-11-23,Man City,Chelsea,home,2019,8,0.1340757941596699,0.5173894168153972,5.9554778229196,6.316546886651031,6.510041985070934
2019-11-23,Man City,Chelsea,away,2019,2,0.1340757941596699,-0.5173894168153972,3.2009786911350955,3.0180030242442273,3.4327009960433825
2019-11-24,Sheffield United,Man United,home,2019,6,0.13187399390882792,-0.16935635840110946,5.565417876051353,5.459215529789001,4.77182622798306
2019-11-24,Sheffield United,Man United,away,2019,3,0.13187399390882792,0.16935635840110946,6.3013312010610925,6.423915875448314,5.662824178910018
2019-11-25,Aston Villa,Newcastle,home,2019,11,0.1316924444072601,0.18402827794829746,6.198941810841848,6.330091768461492,5.727613789493113
2019-11-25,Aston Villa,Newcastle,away,2019,6,0.1316924444072601,-0.18402827794829746,4.026193535439991,3.9427768756417434,4.243368039441076
2019-11-30,Newcastle,Man City,home,2019,1,0.13171484496981992,-0.7473529892013128,3.2158682199078004,2.9537458173981506,3.152341789909889
2019-11-30,Newcastle,Man City,away,2019,10,0.13171484496981992,0.7473529892013128,6.994170428867798,7.6148496848749,7.46401323048844
2019-11-30,Burnley,Crystal Palace,home,2019,5,0.13171484496981992,0.12455425369332651,6.169463357713927,6.257507090055673,5.577504435362179
2019-11-30,Burnley,Crystal Palace,away,2019,6,0.13171484496981992,-0.12455425369332651,4.334178247635192,4.273195938855608,4.452206529018469
2019-11-30,Chelsea,West Ham,home,2019,9,0.13171484496981992,0.6389224618817404,7.0710619925589615,7.604181020580091,7.228896692521857
2019-11-30,Chelsea,West Ham,away,2019,3,0.13171484496981992,-0.6389224618817404,3.4221786424207665,3.182254244694784,3.329881789050295
2019-11-30,Liverpool,Brighton,home,2019,4,0.13171484496981992,0.7286963352978415,7.250069496056347,7.87672182434767,7.566440191215858
2019-11-30,Liverpool,Brighton,away,2019,5,0.13171484496981992,-0.7286963352978415,3.112969274773168,2.865309209147134,3.1129783670090254
2019-11-30,Tottenham,Bournemouth,home,2019,4,0.13171484496981992,0.5719358393534958,6.624360070816055,7.069717597350276,6.886144128398596
2019-11-30,Tottenham,Bournemouth,away,2019,8,0.13171484496981992,-0.5719358393534958,4.476111150874956,4.194138106945582,3.7241603434630783
2019-11-30,Southampton,Watford,home,2019,6,0.13171484496981992,0.17921477039143596,5.163181192517049,5.269531286216286,5.399443496648923
2019-11-30,Southampton,Watford,away,2019,7,0.13171484496981992,-0.17921477039143596,5.285077914633824,5.178414057660568,4.62821064986787
2019-12-01,Norwich,Arsenal,home,2019,7,0.13082548234245828,-0.3099479360357009,5.580045786361977,5.386713692883333,4.5009062065012015
2019-12-01,Norwich,Arsenal,away,2019,12,0.13082548234245828,0.3099479360357009,6.50007760095396,6.733368932554954,6.067023792546941
2019-12-01,Wolves,Sheffield United,home,2019,7,0.13082548234245828,0.2791503813035659,5.627483169136392,5.809067626303381,5.784948048680971
2019-12-01,Wolves,Sheffield United,away,2019,2,0.13082548234245828,-0.2791503813035659,4.337842633023833,4.202246897104556,4.172398444993462
2019-12-01,Leicester,Everton,home,2019,4,0.13082548234245828,0.40494044993383327,5.817599390294438,6.091876066595715,6.163482447607903
2019-12-01,Leicester,Everton,away,2019,4,0.13082548234245828,-0.40494044993383327,4.603080782628079,4.395834659429936,4.030769474351736
2019-12-01,Man United,Aston Villa,home,2019,9,0.13082548234245828,0.5091773454949278,7.907186904906311,8.378752768698252,7.086692524831381
2019-12-01,Man United,Aston Villa,away,2019,9,0.13082548234245828,-0.5091773454949278,4.069496880751049,3.8404609054995524,3.7121825924652967
2019-12-03,Crystal Palace,Bournemouth,home,2019,6,0.13072821920573677,0.14114342115253203,6.497530269655957,6.602705214589868,5.708067119690509
2019-12-03,Crystal Palace,Bournemouth,away,2019,9,0.13072821920573677,-0.14114342115253203,5.580790652881754,5.4918938552013845,4.783564187358376
2019-12-03,Burnley,Man City,home,2019,3,0.13072821920573677,-0.6847618447411405,3.1638857771681788,2.926767120484472,3.220231718029603
2019-12-03,Burnley,Man City,away,2019,6,0.13072821920573677,0.6847618447411405,7.753429628494378,8.381591262992961,7.506903641808275
2019-12-04,Chelsea,Aston Villa,home,2019,9,0.130279046469719,0.6416300107892772,9.178484442266864,9.873532327864758,7.8500261558605775
2019-12-04,Chelsea,Aston Villa,away,2019,5,0.130279046469719,-0.6416300107892772,3.5482189225842236,3.2984418440385217,3.3637840363808724
2019-12-04,Leicester,Watford,home,2019,7,0.130279046469719,0.5957333715748273,6.463618955687757,6.916870851197549,6.902533231782817
2019-12-04,Leicester,Watford,away,2019,2,0.130279046469719,-0.5957333715748273,4.055345042356355,3.7896045266033362,3.575287222871882
2019-12-04,Man United,Tottenham,home,2019,4,0.130279046469719,-0.010924015913804153,6.128175958000758,6.120564714953016,5.256872102200498
2019-12-04,Man United,Tottenham,away,2019,3,0.130279046469719,0.010924015913804153,4.535585445637833,4.541225683883531,4.781084744310191
2019-12-04,Southampton,Norwich,home,2019,6,0.130279046469719,0.3184397097047671,5.736485961897434,5.94811511612235,5.916829849660271
2019-12-04,Southampton,Norwich,away,2019,1,0.130279046469719,-0.3184397097047671,5.306785064214534,5.117973917680221,4.3699669131237595
2019-12-04,Wolves,West Ham,home,2019,5,0.130279046469719,0.33906911401470985,6.113492785907775,6.353925069636802,6.088082031644277
2019-12-04,Wolves,West Ham,away,2019,4,0.130279046469719,-0.33906911401470985,4.073438153428385,3.9192994081451134,3.9893693318084376
2019-12-04,Liverpool,Everton,home,2019,5,0.130279046469719,0.575295544865091,5.821489762736793,6.215245235774934,6.623777535215899
2019-12-04,Liverpool,Everton,away,2019,6,0.130279046469719,-0.575295544865091,4.575691689486393,4.285807127039877,3.744476987060587
2019-12-05,Sheffield United,Newcastle,home,2019,8,0.12952715468202725,0.30766546469698736,8.148680566826126,8.438949554848637,6.570852942592047
2019-12-05,Sheffield United,Newcastle,away,2019,1,0.12952715468202725,-0.30766546469698736,4.265014709822051,4.11831380875909,4.100847864279446
2019-12-05,Arsenal,Brighton,home,2019,9,0.12952715468202725,0.4185425221392173,8.116554674741224,8.512380256557323,6.876806649555682
2019-12-05,Arsenal,Brighton,away,2019,9,0.12952715468202725,-0.4185425221392173,3.9436218263577065,3.7602434578128765,3.8191848971014446
2019-12-07,Everton,Chelsea,home,2019,1,0.12962395625803805,-0.20239752293838587,4.954184716869458,4.841413350030725,4.53826737249162
2019-12-07,Everton,Chelsea,away,2019,5,0.12962395625803805,0.20239752293838587,4.416185365643389,4.519051868437176,5.140098029984726
2019-12-07,Bournemouth,Liverpool,home,2019,1,0.12962395625803805,-0.5370370016673957,4.389060317272747,4.128931628165072,3.7951714570955164
2019-12-07,Bournemouth,Liverpool,away,2019,3,0.12962395625803805,0.5370370016673957,6.992669058186536,7.433217364450993,6.830273441598465
2019-12-07,Tottenham,Burnley,home,2019,1,0.12962395625803805,0.5603699063555093,6.817268014187462,7.266027803246637,6.9142248017940915
2019-12-07,Tottenham,Burnley,away,2019,1,0.12962395625803805,-0.5603699063555093,3.921692961312949,3.679483854256232,3.591284857511296
2019-12-07,Watford,Crystal Palace,home,2019,6,0.12962395625803805,0.09735338696513934,5.950559933251559,6.01683161760641,5.452184965445801
2019-12-07,Watford,Crystal Palace,away,2019,2,0.12962395625803805,-0.09735338696513934,4.21524621199434,4.168817878247749,4.464672815316652
2019-12-07,Man City,Man United,home,2019,16,0.12962395625803805,0.6364235061681935,6.643865806008654,7.142745659287668,7.082402786604094
2019-12-07,Man City,Man United,away,2019,3,0.12962395625803805,-0.6364235061681935,3.304945636525355,3.074114122582113,3.297378270156712
2019-12-08,Aston Villa,Leicester,home,2019,8,0.1326788291814945,-0.3027330687948637,5.531739498008945,5.34446604155248,4.502400818235154
2019-12-08,Aston Villa,Leicester,away,2019,5,0.1326788291814945,0.3027330687948637,5.98119564010989,6.190780502761639,5.893800537487051
2019-12-08,Newcastle,Southampton,home,2019,3,0.1326788291814945,0.03607628514785133,5.498474227501413,5.521087708145997,5.183916795213594
2019-12-08,Newcastle,Southampton,away,2019,12,0.1326788291814945,-0.03607628514785133,5.402407231168134,5.380279846526892,4.949838153729999
2019-12-08,Norwich,Sheffield United,home,2019,9,0.1326788291814945,-0.07782055769455137,6.232560872321511,6.177625548403639,5.137663991594689
2019-12-08,Norwich,Sheffield United,away,2019,1,0.1326788291814945,0.07782055769455137,6.263978643505312,6.319681873346513,5.438383137642755
2019-12-08,Brighton,Wolves,home,2019,3,0.1326788291814945,0.015205161414497015,5.409020359776501,5.418385131821726,5.1123073903023215
2019-12-08,Brighton,Wolves,away,2019,4,0.1326788291814945,-0.015205161414497015,5.18614224549605,5.177178866418776,4.93040882980935
2019-12-09,West Ham,Arsenal,home,2019,4,0.1330566216181415,-0.2042425261741581,5.3513031252007,5.228394664781013,4.645023800911231
2019-12-09,West Ham,Arsenal,away,2019,3,0.1330566216181415,0.2042425261741581,5.128651632960766,5.249215346423764,5.3895359908542995
2019-12-14,Liverpool,Watford,home,2019,6,0.13299386422851983,0.7588899876198114,6.6714433894077985,7.273022782451192,7.467285297121283
2019-12-14,Liverpool,Watford,away,2019,3,0.13299386422851983,-0.7588899876198114,4.105495219818227,3.765914086037092,3.3504500900174734
2019-12-14,Burnley,Newcastle,home,2019,4,0.13299386422851983,0.2539353969094498,6.520612610812698,6.71173511486296,5.992655156730833
2019-12-14,Burnley,Newcastle,away,2019,3,0.13299386422851983,-0.2539353969094498,4.139670378640676,4.021789658503725,4.1559816571135375
2019-12-14,Chelsea,Bournemouth,home,2019,9,0.13299386422851983,0.6864714734923101,6.995096276760045,7.563290716879387,7.350478122414184
2019-12-14,Chelsea,Bournemouth,away,2019,4,0.13299386422851983,-0.6864714734923101,4.175852305123254,3.8621401722238398,3.472653390288245
2019-12-14,Leicester,Norwich,home,2019,12,0.13299386422851983,0.7133914308121557,7.061313968844535,7.658305338784588,7.456230181133825
2019-12-14,Leicester,Norwich,away,2019,4,0.13299386422851983,-0.7133914308121557,3.579568644368098,3.300528896765802,3.2725051084818824
2019-12-14,Sheffield United,Aston Villa,home,2019,3,0.13299386422851983,0.2852443469756689,9.583482799818398,9.89957807648547,6.846471333696985
2019-12-14,Sheffield United,Aston Villa,away,2019,2,0.13299386422851983,-0.2852443469756689,4.945415050924573,4.787507074778737,4.33521682897841
2019-12-14,Southampton,West Ham,home,2019,5,0.13299386422851983,0.24950759088417046,5.729762627660374,5.894734791716244,5.745265137668532
2019-12-14,Southampton,West Ham,away,2019,8,0.13299386422851983,-0.24950759088417046,4.9622430083644025,4.823367894116448,4.405684097491854
2019-12-15,Man United,Everton,home,2019,6,0.13282040763120434,0.33772398751229527,5.150289788739887,5.352022013102582,5.768076174769794
2019-12-15,Man United,Everton,away,2019,5,0.13282040763120434,-0.33772398751229527,5.168352584166923,4.973543358692481,4.299027442510704
2019-12-15,Wolves,Tottenham,home,2019,11,0.13282040763120434,-0.12649332396345753,5.509499733801901,5.4307823750750135,4.8435682151182124
2019-12-15,Wolves,Tottenham,away,2019,2,0.13282040763120434,0.12649332396345753,4.112205369325723,4.171810399109553,4.868808511274836
2019-12-15,Arsenal,Man City,home,2019,3,0.13282040763120434,-0.5021692219394839,4.4546691095466695,4.207308284470917,3.8692180492022867
2019-12-15,Arsenal,Man City,away,2019,3,0.13282040763120434,0.5021692219394839,7.7630529243151,8.219467108070782,6.953430746656907
2019-12-16,Crystal Palace,Brighton,home,2019,3,0.13290720754018384,0.04636484719039108,6.726762745391317,6.7623383851413665,5.544076244765446
2019-12-16,Crystal Palace,Brighton,away,2019,7,0.13290720754018384,-0.04636484719039108,4.43252065298927,4.409201832049773,4.633689860683034
2019-12-21,Everton,Arsenal,home,2019,5,0.13273777910949086,0.08105955744325832,5.9273177531981425,5.9822311545612745,5.408263045070447
2019-12-21,Everton,Arsenal,away,2019,4,0.13273777910949086,-0.08105955744325832,4.755407824102556,4.711755947111608,4.667573762627775
2019-12-21,Aston Villa,Southampton,home,2019,7,0.13273777910949086,0.06052199051138285,6.266936710708992,6.310235562436951,5.455546518436751
2019-12-21,Aston Villa,Southampton,away,2019,5,0.13273777910949086,-0.06052199051138285,5.891928042349572,5.851499485257961,5.033319906257889
2019-12-21,Bournemouth,Burnley,home,2019,4,0.13273777910949086,0.07166330965758505,5.517814239257223,5.562983957721527,5.268034315939194
2019-12-21,Bournemouth,Burnley,away,2019,5,0.13273777910949086,-0.07166330965758505,4.935812650966289,4.895735370583837,4.740791041432844
2019-12-21,Brighton,Sheffield United,home,2019,4,0.13273777910949086,0.16154968830492944,5.712707353369384,5.818671026674519,5.530992096068296
2019-12-21,Brighton,Sheffield United,away,2019,3,0.13273777910949086,-0.16154968830492944,4.049653448535335,3.9759053103346336,4.291532972388476
2019-12-21,Newcastle,Crystal Palace,home,2019,4,0.13273777910949086,0.09674320072767073,5.50621985576604,5.567156426170796,5.320538762337877
2019-12-21,Newcastle,Crystal Palace,away,2019,5,0.13273777910949086,-0.09674320072767073,4.591982402560178,4.541719820094271,4.586558019778868
2019-12-21,Norwich,Wolves,home,2019,3,0.13273777910949086,-0.22807747293655428,6.070041020287603,5.9145649097688,4.782778959376258
2019-12-21,Norwich,Wolves,away,2019,11,0.13273777910949086,0.22807747293655428,6.780809245136537,6.959056312112252,5.938941800035899
2019-12-21,Man City,Leicester,home,2019,6,0.13273777910949086,0.5749222218689176,8.201888611972773,8.756278236210942,7.369410120534486
2019-12-21,Man City,Leicester,away,2019,1,0.13273777910949086,-0.5749222218689176,3.4336098507109742,3.216216384724009,3.4245025018719715
2019-12-22,Watford,Man United,home,2019,3,0.1319815141358513,-0.31503294133097354,5.094097419159295,4.914757990729204,4.365536657672257
2019-12-22,Watford,Man United,away,2019,5,0.1319815141358513,0.31503294133097354,5.194312124627406,5.383852478247128,5.669658600296731
2019-12-22,Tottenham,Chelsea,home,2019,3,0.1319815141358513,0.0716289378600205,4.347759004461368,4.383333321473617,4.890892657817985
2019-12-22,Tottenham,Chelsea,away,2019,5,0.1319815141358513,-0.0716289378600205,4.3056584395906,4.270714517455796,4.543301086268229
2019-12-26,Tottenham,Brighton,home,2019,9,0.13170836483679255,0.44975516209074745,5.994266139677995,6.308955568039634,6.339860872743723
2019-12-26,Tottenham,Brighton,away,2019,2,0.13170836483679255,-0.44975516209074745,3.7281407397248554,3.5421818332809636,3.703833861359681
2019-12-26,Aston Villa,Norwich,home,2019,5,0.13170836483679255,0.16192077412439293,7.24308774468667,7.377749545197561,5.956543433863866
2019-12-26,Aston Villa,Norwich,away,2019,8,0.13170836483679255,-0.16192077412439293,4.627251538952433,4.54279298965704,4.472903271561562
2019-12-26,Bournemouth,Arsenal,home,2019,8,0.13170836483679255,-0.20307272952546163,4.959716741973031,4.846447154181515,4.538553929045875
2019-12-26,Bournemouth,Arsenal,away,2019,3,0.13170836483679255,0.20307272952546163,6.0828371481165915,6.225003241019435,5.6810667909795605
2019-12-26,Chelsea,Southampton,home,2019,8,0.13170836483679255,0.5969604097569168,7.17795015668776,7.682365835852063,7.135427531847
2019-12-26,Chelsea,Southampton,away,2019,1,0.13170836483679255,-0.5969604097569168,4.140013620971616,3.8681848865697415,3.596522973203538
2019-12-26,Crystal Palace,West Ham,home,2019,7,0.13170836483679255,0.10586924219910848,6.6303858408912175,6.710727074617103,5.659399482109359
2019-12-26,Crystal Palace,West Ham,away,2019,6,0.13170836483679255,-0.10586924219910848,5.236269839710423,5.173580897906307,4.759767666482144
2019-12-26,Everton,Burnley,home,2019,10,0.13170836483679255,0.373825509174829,6.332522044453168,6.6076439764658,6.246083332052299
2019-12-26,Everton,Burnley,away,2019,2,0.13170836483679255,-0.373825509174829,3.816299299857996,3.657400357927264,3.8522636064154185
2019-12-26,Sheffield United,Watford,home,2019,9,0.13170836483679255,0.30011347184724335,6.745274046152504,6.9795523367435575,6.175301236107834
2019-12-26,Sheffield United,Watford,away,2019,1,0.13170836483679255,-0.30011347184724335,4.412876976271826,4.2647526805133475,4.157850006714706
2019-12-26,Man United,Newcastle,home,2019,5,0.13170836483679255,0.606137489428537,6.90944105497871,7.402712490783211,7.078485570085503
2019-12-26,Man United,Newcastle,away,2019,0,0.13170836483679255,-0.606137489428537,3.6136327739419705,3.3728424110727016,3.433986042699781
2019-12-26,Leicester,Liverpool,home,2019,2,0.13170836483679255,-0.17687333586915166,5.203145059327378,5.099492975556508,4.657993525728706
2019-12-26,Leicester,Liverpool,away,2019,8,0.13170836483679255,0.17687333586915166,4.643471327807973,4.737854334386202,5.1652396505946925
2019-12-27,Wolves,Man City,home,2019,3,0.13222412641860168,-0.5593719595469111,3.3269883338232775,3.121863407904533,3.4486322802963887
2019-12-27,Wolves,Man City,away,2019,1,0.13222412641860168,0.5593719595469111,5.974254727694304,6.3667986664634135,6.56484494719412
2019-12-28,Brighton,Bournemouth,home,2019,9,0.13261691458441496,0.3188535827108829,5.464539505033972,5.666402865620493,5.828970362682763
2019-12-28,Brighton,Bournemouth,away,2019,2,0.13261691458441496,-0.3188535827108829,5.287463673079843,5.099099871327781,4.36424097701772
2019-12-28,Newcastle,Everton,home,2019,5,0.13261691458441496,-0.17793118806369002,4.466602241888488,4.377096056270284,4.439639389599061
2019-12-28,Newcastle,Everton,away,2019,8,0.13261691458441496,0.17793118806369002,6.122269722988385,6.247462545623728,5.632502930451552
2019-12-28,Southampton,Crystal Palace,home,2019,12,0.13261691458441496,0.2394965431661053,5.554316300701443,5.707732661413808,5.665892721000912
2019-12-28,Southampton,Crystal Palace,away,2019,4,0.13261691458441496,-0.2394965431661053,4.627381158446068,4.503003227826255,4.329029077907258
2019-12-28,Watford,Aston Villa,home,2019,6,0.13261691458441496,0.21938351626393882,7.032969133714613,7.210709262756518,6.046869009912269
2019-12-28,Watford,Aston Villa,away,2019,3,0.13261691458441496,-0.21938351626393882,4.648510893958357,4.5339275851551095,4.372093465611885
2019-12-28,Norwich,Tottenham,home,2019,4,0.13261691458441496,-0.37382743068056506,6.232080118531041,5.9725942025459755,4.534834784136636
2019-12-28,Norwich,Tottenham,away,2019,6,0.13261691458441496,0.37382743068056506,6.180332088076009,6.448843404696626,6.135417954713496
2019-12-28,West Ham,Leicester,home,2019,5,0.13261691458441496,-0.277249002149217,5.21411686051301,5.0522225858506,4.467935576886701
2019-12-28,West Ham,Leicester,away,2019,5,0.13261691458441496,0.277249002149217,4.967789227939877,5.126977905807215,5.503065034724845
2019-12-28,Burnley,Man United,home,2019,5,0.13261691458441496,-0.29585087191822,4.839533308151694,4.679356353581068,4.331232518931021
2019-12-28,Burnley,Man United,away,2019,4,0.13261691458441496,0.29585087191822,5.641265806268103,5.8343694531147285,5.770540083558319
2019-12-29,Arsenal,Chelsea,home,2019,2,0.13172718110495196,-0.0727337378557254,5.470496746329508,5.425417257992269,4.94363475918938
2019-12-29,Arsenal,Chelsea,away,2019,3,0.13172718110495196,0.0727337378557254,5.345566734122999,5.389982748926624,5.165124095768473
2019-12-29,Liverpool,Wolves,home,2019,5,0.13172718110495196,0.660571471482747,6.209623297141869,6.694261733583766,7.005733724166766
2019-12-29,Liverpool,Wolves,away,2019,6,0.13172718110495196,-0.660571471482747,4.847638188395011,4.496688093289889,3.6778349271983317
2019-12-29,Man City,Sheffield United,home,2019,8,0.13172718110495196,0.7462403601722116,8.87164774730825,9.657716245953907,8.11748939069272
2019-12-29,Man City,Sheffield United,away,2019,5,0.13172718110495196,-0.7462403601722116,2.452905440045572,2.2532566154713165,2.86887935128994
2020-01-01,Brighton,Chelsea,home,2019,5,0.131270114786209,-0.21797642923455263,3.8086158340033984,3.7153301861373613,4.153824806433738
2020-01-01,Brighton,Chelsea,away,2019,3,0.131270114786209,0.21797642923455263,4.551526723024159,4.665807849563363,5.222867832029369
2020-01-01,Burnley,Aston Villa,home,2019,8,0.131270114786209,0.3100761393079112,6.863726577179151,7.1101731711541,6.235024706392908
2020-01-01,Burnley,Aston Villa,away,2019,4,0.131270114786209,-0.3100761393079112,4.83128795292673,4.663830082091534,4.258970956562221
2020-01-01,Newcastle,Leicester,home,2019,4,0.131270114786209,-0.39096707175408807,4.826378045213689,4.616411177907731,4.157468431122689
2020-01-01,Newcastle,Leicester,away,2019,5,0.131270114786209,0.39096707175408807,6.139472855533203,6.418712687668458,6.167148518850587
2020-01-01,Southampton,Tottenham,home,2019,6,0.131270114786209,-0.15654090030129952,5.770476515335552,5.668619734708342,4.852078602137732
2020-01-01,Southampton,Tottenham,away,2019,9,0.131270114786209,0.15654090030129952,5.070450785300274,5.161559347435278,5.2634850453797
2020-01-01,Watford,Wolves,home,2019,4,0.131270114786209,-0.10972603376901258,5.146526232781437,5.082681083844804,4.7754204783950165
2020-01-01,Watford,Wolves,away,2019,7,0.131270114786209,0.10972603376901258,5.461793011714877,5.530400304311369,5.281587737689404
2020-01-01,Man City,Everton,home,2019,3,0.131270114786209,0.6627262772493604,7.406899321587822,7.9869384866954976,7.408153739423379
2020-01-01,Man City,Everton,away,2019,6,0.131270114786209,-0.6627262772493604,3.475698978519678,3.223281667803633,3.3126150231530134
2020-01-01,Norwich,Crystal Palace,home,2019,2,0.131270114786209,0.03276243682460028,6.426077096128273,6.450073359427096,5.434377524396988
2020-01-01,Norwich,Crystal Palace,away,2019,5,0.131270114786209,-0.03276243682460028,5.637040015681184,5.616068487311729,5.022865803398195
2020-01-01,West Ham,Bournemouth,home,2019,9,0.131270114786209,0.2307051175195866,5.8189197358910505,5.973667101067507,5.72739810030318
2020-01-01,West Ham,Bournemouth,away,2019,2,0.131270114786209,-0.2307051175195866,5.036591281909343,4.9061187903627514,4.461372447392609
2020-01-01,Arsenal,Man United,home,2019,1,0.131270114786209,0.004261396895267944,6.498208684503221,6.501359788922041,5.388184363813354
2020-01-01,Arsenal,Man United,away,2019,4,0.131270114786209,-0.004261396895267944,5.451913660902754,5.4492712061262685,5.0309537877774755
2020-01-02,Liverpool,Sheffield United,home,2019,8,0.1303718656488019,0.7081465858159768,6.954659355775332,7.538134495617514,7.404560732400533
2020-01-02,Liverpool,Sheffield United,away,2019,4,0.1303718656488019,-0.7081465858159768,3.7076557276674644,3.420671601098067,3.3158796233761456
2020-01-10,Sheffield United,West Ham,home,2019,7,0.13014395315558683,0.23187426060503633,7.371213718959349,7.568249102074657,6.168431381386773
2020-01-10,Sheffield United,West Ham,away,2019,3,0.13014395315558683,-0.23187426060503633,4.373200847992165,4.259346865003138,4.267169694077204
2020-01-11,Crystal Palace,Arsenal,home,2019,1,0.1299833322211749,-0.2949514130424252,6.023590005700241,5.824819621898011,4.638709454238893
2020-01-11,Crystal Palace,Arsenal,away,2019,4,0.1299833322211749,0.2949514130424252,5.670222746793661,5.863717554321633,5.777563304252119
2020-01-11,Chelsea,Burnley,home,2019,10,0.1299833322211749,0.6560037055256137,7.427792880219198,8.003344942060181,7.393676232234356
2020-01-11,Chelsea,Burnley,away,2019,3,0.1299833322211749,-0.6560037055256137,3.034485525167219,2.816263717500507,3.1844099983500973
2020-01-11,Everton,Brighton,home,2019,4,0.1299833322211749,0.2743580654007451,6.743702253713439,6.957509958089226,6.108171655267377
2020-01-11,Everton,Brighton,away,2019,3,0.1299833322211749,-0.2743580654007451,3.6516514359165066,3.5394343905372034,3.962398089264533
2020-01-11,Leicester,Southampton,home,2019,2,0.1299833322211749,0.40954331615835116,6.819724287453608,7.144987653280234,6.4890106121856785
2020-01-11,Leicester,Southampton,away,2019,4,0.1299833322211749,-0.40954331615835116,4.589444781064706,4.3805181419711845,4.019238116926907
2020-01-11,Man United,Norwich,home,2019,4,0.1299833322211749,0.5965780174818672,6.682906524153699,7.152222879361288,6.977157842338594
2020-01-11,Man United,Norwich,away,2019,2,0.1299833322211749,-0.5965780174818672,4.249270579650609,3.9704408767218666,3.626420782288437
2020-01-11,Wolves,Newcastle,home,2019,5,0.1299833322211749,0.5363892016723988,6.528064993856546,6.938831175886068,6.752838000430364
2020-01-11,Wolves,Newcastle,away,2019,2,0.1299833322211749,-0.5363892016723988,2.9998959487221764,2.8223075661679515,3.337158080068461
2020-01-11,Tottenham,Liverpool,home,2019,4,0.1299833322211749,-0.35507820233617104,4.457298806557049,4.280831060865538,4.117493493973624
2020-01-11,Tottenham,Liverpool,away,2019,3,0.1299833322211749,0.35507820233617104,4.938014558485246,5.141573233176691,5.675971910534448
2020-01-12,Bournemouth,Watford,home,2019,5,0.13040325315241091,0.018692033105262518,5.611040202697378,5.6229848587415585,5.178666861138258
2020-01-12,Bournemouth,Watford,away,2019,5,0.13040325315241091,-0.018692033105262518,5.070821862321191,5.060050141513055,4.88878737238231
2020-01-12,Aston Villa,Man City,home,2019,2,0.13040325315241091,-0.7534457541719916,3.5128419043335937,3.224277777207906,3.232005150908108
2020-01-12,Aston Villa,Man City,away,2019,4,0.13040325315241091,0.7534457541719916,7.29672739178921,7.949764727954797,7.582620943418689
2020-01-18,Watford,Tottenham,home,2019,3,0.13017549107091061,-0.12462026906648999,5.556501866639578,5.478280202205225,4.8602436276403385
2020-01-18,Watford,Tottenham,away,2019,3,0.13017549107091061,0.12462026906648999,4.825221723584728,4.894118687696142,5.113521721905208
2020-01-18,Arsenal,Sheffield United,home,2019,4,0.13017549107091061,0.30364388126367614,7.611883082942507,7.8794246792547575,6.421888009201338
2020-01-18,Arsenal,Sheffield United,away,2019,5,0.13017549107091061,-0.30364388126367614,4.342119029277361,4.194684729977665,4.130805920118714
2020-01-18,Brighton,Aston Villa,home,2019,3,0.13017549107091061,0.3875147232037691,6.919407500569035,7.231280159414441,6.458168094474324
2020-01-18,Brighton,Aston Villa,away,2019,4,0.13017549107091061,-0.3875147232037691,4.169730868647027,3.989897557807634,3.937284142195296
2020-01-18,Man City,Crystal Palace,home,2019,14,0.13017549107091061,0.8318541194089015,8.706299625015685,9.570480767221408,8.36661753328748
2020-01-18,Man City,Crystal Palace,away,2019,2,0.13017549107091061,-0.8318541194089015,2.7803808745557093,2.5293221473734913,2.877384127545061
2020-01-18,Norwich,Bournemouth,home,2019,4,0.13017549107091061,0.13109401930041675,6.101771388269041,6.193455324934255,5.573706338262201
2020-01-18,Norwich,Bournemouth,away,2019,5,0.13017549107091061,-0.13109401930041675,6.930446941880997,6.827853054439371,5.139313155177233
2020-01-18,Southampton,Wolves,home,2019,1,0.13017549107091061,0.0868071952947237,5.296081816713585,5.348643411345947,5.234441042750785
2020-01-18,Southampton,Wolves,away,2019,3,0.13017549107091061,-0.0868071952947237,6.532609409966014,6.468412876136554,5.14058197585843
2020-01-18,West Ham,Everton,home,2019,7,0.13017549107091061,-0.075541139043104,4.885470423159082,4.843664581811299,4.766779079729643
2020-01-18,West Ham,Everton,away,2019,6,0.13017549107091061,0.075541139043104,5.1319355315077955,5.1762294496793615,5.1059315375900125
2020-01-18,Newcastle,Chelsea,home,2019,1,0.13017549107091061,-0.47071347092590965,3.6160919291216063,3.427539825071941,3.674142963660067
2020-01-18,Newcastle,Chelsea,away,2019,10,0.13017549107091061,0.47071347092590965,5.554946308412079,5.86052899097421,6.182212364142979
2020-01-19,Burnley,Leicester,home,2019,4,0.13117816193017964,-0.283898291108553,5.2392377735258675,5.072724739067999,4.462107315497235
2020-01-19,Burnley,Leicester,away,2019,5,0.13117816193017964,0.283898291108553,5.542415107499787,5.724345806531662,5.709993428210945
2020-01-19,Liverpool,Man United,home,2019,11,0.13117816193017964,0.5830181651716346,5.668179233020788,6.056884109754713,6.590337472861306
2020-01-19,Liverpool,Man United,away,2019,5,0.13117816193017964,-0.5830181651716346,4.588484399730809,4.294015126310101,3.7355550337019223
2020-01-21,Aston Villa,Watford,home,2019,6,0.13099772560984493,-0.04994460136389872,6.025251885141456,5.991113545718441,5.1438826982227335
2020-01-21,Aston Villa,Watford,away,2019,3,0.13099772560984493,0.04994460136389872,4.875327144448131,4.9031075514768645,4.97103009401712
2020-01-21,Bournemouth,Brighton,home,2019,5,0.13099772560984493,-0.06202408480498556,5.617147111278501,5.577650784950508,5.007113716980526
2020-01-21,Bournemouth,Brighton,away,2019,8,0.13099772560984493,0.06202408480498556,4.684141414819979,4.71731064412802,4.93450687664436
2020-01-21,Crystal Palace,Southampton,home,2019,0,0.13099772560984493,-0.0012940307868183343,6.030335827992002,6.0294481284045185,5.25184971205563
2020-01-21,Crystal Palace,Southampton,away,2019,8,0.13099772560984493,0.0012940307868183343,5.716896865827791,5.717738549325419,5.117885334448216
2020-01-21,Everton,Newcastle,home,2019,6,0.13099772560984493,0.44201850996289066,7.088080388569629,7.453629998330397,6.658058633595138
2020-01-21,Everton,Newcastle,away,2019,4,0.13099772560984493,-0.44201850996289066,3.062047335097706,2.911874840801008,3.4948594891912563
2020-01-21,Sheffield United,Man City,home,2019,5,0.13099772560984493,-0.5417450582744888,3.86599689568293,3.634921431052915,3.6407890103747382
2020-01-21,Sheffield United,Man City,away,2019,13,0.13099772560984493,0.5417450582744888,5.690748748635237,6.052515140598943,6.418261976920415
2020-01-21,Chelsea,Arsenal,home,2019,17,0.13099772560984493,0.3483958910577942,6.702510731715893,6.973503435566966,6.289803609251356
2020-01-21,Chelsea,Arsenal,away,2019,5,0.13099772560984493,-0.3483958910577942,3.6898652257679885,3.546475814173669,3.853115113680941
2020-01-22,Leicester,West Ham,home,2019,7,0.13294632269898188,0.46568603404416353,6.842204077168087,7.214472486235838,6.651240283950434
2020-01-22,Leicester,West Ham,away,2019,8,0.13294632269898188,-0.46568603404416353,4.134503674178457,3.921162351163136,3.7995895600132146
2020-01-22,Tottenham,Norwich,home,2019,7,0.13294632269898188,0.5478506987440297,6.469032020969745,6.8850554225233545,6.76636316263936
2020-01-22,Tottenham,Norwich,away,2019,3,0.13294632269898188,-0.5478506987440297,3.7744179913901195,3.546352113150933,3.567479627877963
2020-01-22,Man United,Burnley,home,2019,5,0.13294632269898188,0.5663028713288679,6.360790529275326,6.784079305732519,6.783438525673748
2020-01-22,Man United,Burnley,away,2019,2,0.13294632269898188,-0.5663028713288679,3.641799794855778,3.4145717643750655,3.5005992299603257
2020-01-23,Wolves,Liverpool,home,2019,2,0.1324775133973745,-0.41452787583881945,4.250456476451157,4.054661761524516,3.9565609513802613
2020-01-23,Wolves,Liverpool,away,2019,4,0.1324775133973745,0.41452787583881945,4.562533844900669,4.782853088784923,5.678336683494498
2020-01-29,West Ham,Liverpool,home,2019,3,0.1325609782494556,-0.6095538378987232,4.174875554080482,3.8951732017869323,3.623962681802097
2020-01-29,West Ham,Liverpool,away,2019,7,0.1325609782494556,0.6095538378987232,5.1646405534161985,5.535500085638918,6.407717016700523
2020-02-01,Leicester,Chelsea,home,2019,4,0.13240229072815612,0.027974752590976426,4.395505206642742,4.409516499184781,4.818079499658892
2020-02-01,Leicester,Chelsea,away,2019,6,0.13240229072815612,-0.027974752590976426,4.630260867486218,4.615548157017327,4.733699857330106
2020-02-01,Bournemouth,Aston Villa,home,2019,1,0.13240229072815612,0.1670510378020656,6.554998176254974,6.680765258429126,5.786608039505541
2020-02-01,Bournemouth,Aston Villa,away,2019,8,0.13240229072815612,-0.1670510378020656,5.2359155396832415,5.137348115972998,4.63847540252108
2020-02-01,Crystal Palace,Sheffield United,home,2019,9,0.13240229072815612,-0.07202872531418308,6.005641885682659,5.956630287908581,5.091041460552498
2020-02-01,Crystal Palace,Sheffield United,away,2019,5,0.13240229072815612,0.07202872531418308,4.784266571246787,4.823631873019822,4.9881312354023395
2020-02-01,Liverpool,Southampton,home,2019,6,0.13240229072815612,0.6583643432049743,6.54519846436617,7.0542558015123955,7.114962805535131
2020-02-01,Liverpool,Southampton,away,2019,11,0.13240229072815612,-0.6583643432049743,4.790735214811147,4.445020658939561,3.6677377393906996
2020-02-01,Newcastle,Norwich,home,2019,8,0.13240229072815612,0.13829401919257,5.3793983203115,5.464702412501548,5.375380493066649
2020-02-01,Newcastle,Norwich,away,2019,12,0.13240229072815612,-0.13829401919257,5.223928496017801,5.142382888520661,4.691697215841922
2020-02-01,Watford,Everton,home,2019,4,0.13240229072815612,-0.014505455979666071,4.685954509725205,4.678228005634451,4.827880627806658
2020-02-01,Watford,Everton,away,2019,4,0.13240229072815612,0.014505455979666071,5.469885920026104,5.478919916634678,5.076117067865573
2020-02-01,West Ham,Brighton,home,2019,4,0.13240229072815612,0.032055550271092914,5.783238736541041,5.8043677088509105,5.257213305052457
2020-02-01,West Ham,Brighton,away,2019,6,0.13240229072815612,-0.032055550271092914,4.15980068794415,4.144658243847074,4.570382527304329
2020-02-01,Man United,Wolves,home,2019,4,0.13240229072815612,0.1542222628404314,5.170679879070248,5.2622011553230195,5.34527084993212
2020-02-01,Man United,Wolves,away,2019,6,0.13240229072815612,-0.1542222628404314,4.787531052347616,4.704265335382881,4.5353155147380315
2020-02-02,Burnley,Arsenal,home,2019,5,0.13170411993621792,-0.2185476915589179,5.664110518379965,5.525018561338757,4.699563167868395
2020-02-02,Burnley,Arsenal,away,2019,7,0.13170411993621792,0.2185476915589179,5.231660430870937,5.363367117432468,5.455841552078641
2020-02-02,Tottenham,Man City,home,2019,2,0.13170411993621792,-0.4445815702867889,3.4717551753410762,3.300526774946353,3.667984656544921
2020-02-02,Tottenham,Man City,away,2019,6,0.13170411993621792,0.4445815702867889,5.586019319244891,5.875817044828824,6.1251194119024515
2020-02-08,Everton,Crystal Palace,home,2019,4,0.131355866444172,0.4281752304472344,7.09544026414166,7.449627835514968,6.621457620919441
2020-02-08,Everton,Crystal Palace,away,2019,6,0.131355866444172,-0.4281752304472344,3.516885645130641,3.3496776700546125,3.6703507773612327
2020-02-08,Brighton,Watford,home,2019,3,0.131355866444172,0.1739771277650377,5.504747546109323,5.614786499278792,5.496163296408048
2020-02-08,Brighton,Watford,away,2019,2,0.131355866444172,-0.1739771277650377,3.9866834700885025,3.9085521866064123,4.248310182059967
2020-02-09,Sheffield United,Bournemouth,home,2019,8,0.131279258112703,0.3855686858768157,7.238792175314292,7.563385529359032,6.544253700749897
2020-02-09,Sheffield United,Bournemouth,away,2019,4,0.131279258112703,-0.3855686858768157,5.188087113602431,4.9654330401397475,4.218193120267846
2020-02-14,Wolves,Leicester,home,2019,7,0.13106000879808005,0.0466594967676362,5.131067801172543,5.1583772455904455,5.096077275854754
2020-02-14,Wolves,Leicester,away,2019,0,0.13106000879808005,-0.0466594967676362,4.271897021688102,4.2492807746168895,4.5801277981307935
2020-02-15,Southampton,Burnley,home,2019,4,0.13144006780888,0.33181504955023156,5.92239954104386,6.150238813258893,6.009723589090576
2020-02-15,Southampton,Burnley,away,2019,3,0.13144006780888,-0.33181504955023156,4.445912278352263,4.281210801127037,4.112199655278324
2020-02-15,Norwich,Liverpool,home,2019,2,0.13144006780888,-0.6483812749270292,3.960156128351779,3.6785542585242963,3.5069455923435715
2020-02-15,Norwich,Liverpool,away,2019,7,0.13144006780888,0.6483812749270292,7.2437980362132,7.798327595461459,7.237665916087304
2020-02-16,Aston Villa,Tottenham,home,2019,12,0.13136734559016447,-0.2681846932321316,5.890425029218467,5.713420604111013,4.658779527051134
2020-02-16,Aston Villa,Tottenham,away,2019,7,0.13136734559016447,0.2681846932321316,4.951071932313547,5.104458441336572,5.476321330788894
2020-02-16,Arsenal,Newcastle,home,2019,5,0.13136734559016447,0.5445928446666265,7.684437438446845,8.175592851365828,7.129519493384108
2020-02-16,Arsenal,Newcastle,away,2019,6,0.13136734559016447,-0.5445928446666265,3.690779279903544,3.4690527024956417,3.547522872737179
2020-02-17,Chelsea,Man United,home,2019,9,0.1312494742913286,0.2944132426840082,7.0242503807004475,7.263506287891333,6.23877517120089
2020-02-17,Chelsea,Man United,away,2019,8,0.1312494742913286,-0.2944132426840082,3.8287710165480386,3.702653402453385,3.9874623207846853
2020-02-19,Man City,West Ham,home,2019,6,0.13105364108655362,0.7934479215476766,9.170745237977801,10.037075845501736,8.366661494765788
2020-02-19,Man City,West Ham,away,2019,1,0.13105364108655362,-0.7934479215476766,3.228759820746132,2.950075719907195,3.06382478306942
2020-02-22,Chelsea,Tottenham,home,2019,3,0.13121358815269543,0.35083654470406744,8.175264761609037,8.508165225885715,6.698328514938608
2020-02-22,Chelsea,Tottenham,away,2019,5,0.13121358815269543,-0.35083654470406744,3.8579303936997773,3.7069804785168525,3.9029525363359068
2020-02-22,Burnley,Bournemouth,home,2019,7,0.13121358815269543,0.18309361219135517,5.9769712311349386,6.10277603375118,5.660665792315397
2020-02-22,Burnley,Bournemouth,away,2019,3,0.13121358815269543,-0.18309361219135517,5.380527104688007,5.269610999192236,4.64649419479125
2020-02-22,Crystal Palace,Newcastle,home,2019,7,0.13121358815269543,0.2687314729633037,6.4810709442367775,6.682273190486504,6.018731740718527
2020-02-22,Crystal Palace,Newcastle,away,2019,5,0.13121358815269543,-0.2687314729633037,4.137345535047559,4.012770679839905,4.129416474404433
2020-02-22,Sheffield United,Brighton,home,2019,12,0.13121358815269543,0.2670690793279209,6.910038784171452,7.123210870101975,6.135845848489349
2020-02-22,Sheffield United,Brighton,away,2019,2,0.13121358815269543,-0.2670690793279209,4.406149491302113,4.274289281754626,4.214171416305127
2020-02-22,Southampton,Aston Villa,home,2019,9,0.13121358815269543,0.39691166181232407,6.180205762112885,6.46566943461711,6.259495783132473
2020-02-22,Southampton,Aston Villa,away,2019,6,0.13121358815269543,-0.39691166181232407,5.160013359937577,4.932195284981216,4.190978373989317
2020-02-22,Leicester,Man City,home,2019,3,0.13121358815269543,-0.34108878016241473,3.610013345461397,3.472612586891442,3.8784698333087118
2020-02-22,Leicester,Man City,away,2019,7,0.13121358815269543,0.34108878016241473,6.156076531882759,6.39965382826426,6.043911065853855
2020-02-23,Man United,Watford,home,2019,3,0.13076866168247586,0.43843512201025703,5.728525600534361,6.021504380891893,6.221143921552014
2020-02-23,Man United,Watford,away,2019,5,0.13076866168247586,-0.43843512201025703,3.781893015977288,3.597883450729811,3.7381901272160336
2020-02-23,Wolves,Norwich,home,2019,4,0.13076866168247586,0.4835787089467723,6.258400747048845,6.612352024495218,6.517908153820602
2020-02-23,Wolves,Norwich,away,2019,1,0.13076866168247586,-0.4835787089467723,3.7975865272935585,3.594306272768497,3.6724578120053457
2020-02-23,Arsenal,Everton,home,2019,6,0.13076866168247586,0.20577196842241485,5.878695363499677,6.017938032760403,5.685592563826588
2020-02-23,Arsenal,Everton,away,2019,3,0.13076866168247586,-0.20577196842241485,5.701828443938771,5.5698998983341586,4.686224821869237
2020-02-24,Liverpool,West Ham,home,2019,16,0.13074516893559246,0.7592102122903727,7.339691101245055,8.001819433266613,7.693800254102147
2020-02-24,Liverpool,West Ham,away,2019,8,0.13074516893559246,-0.7592102122903727,4.5329795772240535,4.157888108141768,3.455017690176791
2020-02-28,Norwich,Leicester,home,2019,6,0.13208975622297223,-0.34691633861758336,4.954924301997946,4.763175948848456,4.270230926475892
2020-02-28,Norwich,Leicester,away,2019,7,0.13208975622297223,0.34691633861758336,6.465405783862913,6.7256797953234,6.152054021429652
2020-02-29,Brighton,Crystal Palace,home,2019,8,0.1317340887863437,0.21680628499500842,5.7729012198707705,5.917061245158274,5.679866903723348
2020-02-29,Brighton,Crystal Palace,away,2019,7,0.1317340887863437,-0.21680628499500842,3.7225495785715315,3.6318554283597226,4.0841090009723615
2020-02-29,Bournemouth,Chelsea,home,2019,4,0.1317340887863437,-0.3401281304601048,3.625337863573324,3.487734989007745,3.8851661392689385
2020-02-29,Bournemouth,Chelsea,away,2019,14,0.1317340887863437,0.3401281304601048,5.99087062528009,6.227230618739213,5.990465515013442
2020-02-29,Newcastle,Burnley,home,2019,11,0.1317340887863437,0.03249294767212901,5.349704498613601,5.369516745608419,5.1320362748763095
2020-02-29,Newcastle,Burnley,away,2019,7,0.1317340887863437,-0.03249294767212901,4.944793486027028,4.926548367420468,4.822455900175268
2020-02-29,West Ham,Southampton,home,2019,4,0.1317340887863437,-0.02218488184905354,5.340369036034876,5.326907570971359,5.012365876194416
2020-02-29,West Ham,Southampton,away,2019,9,0.1317340887863437,0.02218488184905354,5.441300331622042,5.455050875129384,5.084268356171149
2020-02-29,Watford,Liverpool,home,2019,3,0.1317340887863437,-0.5472677393045156,3.7116190027952536,3.487578989659733,3.586486059169239
2020-02-29,Watford,Liverpool,away,2019,5,0.1317340887863437,0.5472677393045156,5.468230925676266,5.819506848615604,6.353752936285434
2020-03-01,Everton,Man United,home,2019,13,0.13195070724076857,0.040984289951047526,5.795985375071152,5.8230729072914045,5.280660724556144
2020-03-01,Everton,Man United,away,2019,8,0.13195070724076857,-0.040984289951047526,4.633420888074815,4.611867330426831,4.708810659172018
2020-03-01,Tottenham,Wolves,home,2019,4,0.13195070724076857,0.08647471149398478,5.095225195163524,5.145598726847042,5.171026612322343
2020-03-01,Tottenham,Wolves,away,2019,5,0.13195070724076857,-0.08647471149398478,4.702596003873811,4.656559307005093,4.640751714338514
2020-03-07,Liverpool,Bournemouth,home,2019,9,0.1321797522121881,0.6859422555753292,7.855087994338829,8.492626113069642,7.619238082362475
2020-03-07,Liverpool,Bournemouth,away,2019,4,0.1321797522121881,-0.6859422555753292,4.927084840503117,4.557210509734293,3.6571883954561093
2020-03-07,Arsenal,West Ham,home,2019,6,0.1321797522121881,0.4487766653850085,7.746395699685963,8.152161595173533,6.8644350253044895
2020-03-07,Arsenal,West Ham,away,2019,7,0.1321797522121881,-0.4487766653850085,4.9302186101735135,4.684821785545928,4.042540156666934
2020-03-07,Crystal Palace,Watford,home,2019,8,0.1321797522121881,0.04812169763758273,5.764538494695154,5.796183611226641,5.287601336117004
2020-03-07,Crystal Palace,Watford,away,2019,8,0.1321797522121881,-0.04812169763758273,4.750874643382569,4.724936544833529,4.731430574021377
2020-03-07,Sheffield United,Norwich,home,2019,10,0.1321797522121881,0.410020033639373,7.74746391797036,8.11741559443047,6.753482595072084
2020-03-07,Sheffield United,Norwich,away,2019,5,0.1321797522121881,-0.410020033639373,4.441472242793404,4.239051893230441,3.9775987599106912
2020-03-07,Southampton,Newcastle,home,2019,5,0.1321797522121881,0.39266690414454125,6.189708078981501,6.4724842914647995,6.251297078157675
2020-03-07,Southampton,Newcastle,away,2019,8,0.1321797522121881,-0.39266690414454125,4.121918365911766,3.9418359723221954,3.914647318680639
2020-03-07,Wolves,Brighton,home,2019,2,0.1321797522121881,0.40661998898012386,5.857754715095748,6.135096701800695,6.181083515880076
2020-03-07,Wolves,Brighton,away,2019,0,0.1321797522121881,-0.40661998898012386,3.1988099200470654,3.0542051417626483,3.5960376756464036
2020-03-07,Burnley,Tottenham,home,2019,3,0.1321797522121881,-0.003933285127414643,5.701205155752032,5.69865458830205,5.1550533948829305
2020-03-07,Burnley,Tottenham,away,2019,5,0.1321797522121881,0.003933285127414643,4.9954766275617235,4.9977124711079455,4.912668065318014
2020-03-08,Chelsea,Everton,home,2019,6,0.1316234316671101,0.28518971848225205,6.580172003142738,6.797165813539211,6.089364847777184
2020-03-08,Chelsea,Everton,away,2019,1,0.1316234316671101,-0.28518971848225205,4.307106603192585,4.169605841956347,4.1525771489805745
2020-03-08,Man United,Man City,home,2019,2,0.1316234316671101,-0.3948339483394834,3.2339873729516273,3.091935409292059,3.6638180497035933
2020-03-08,Man United,Man City,away,2019,11,0.1316234316671101,0.3948339483394834,5.8723974171334445,6.142191405062896,6.0921843784981675
2020-03-09,Leicester,Aston Villa,home,2019,9,0.13213273518919236,0.5750135543335141,7.043433999930877,7.519598423033857,7.028158718603564
2020-03-09,Leicester,Aston Villa,away,2019,0,0.13213273518919236,-0.5750135543335141,4.593890839711943,4.30299134502763,3.7495574934948843
2020-06-17,Aston Villa,Sheffield United,home,2019,12,0.13261129678322603,-0.13172114243579847,6.6841587094510215,6.584740908542437,5.132923626233743
2020-06-17,Aston Villa,Sheffield United,away,2019,4,0.13261129678322603,0.13172114243579847,4.67115852593654,4.741684658216327,5.077248970650757
2020-06-17,Man City,Arsenal,home,2019,5,0.13261129678322603,0.5903602022912582,8.070575791786432,8.631235461029533,7.380313940370289
2020-06-17,Man City,Arsenal,away,2019,2,0.13261129678322603,-0.5903602022912582,3.4565912378240338,3.232061237587443,3.4093679449955285
2020-06-19,Norwich,Southampton,home,2019,9,0.13291680161202443,-0.041425606841906715,5.150034742378977,5.12582066410207,4.915961672248154
2020-06-19,Norwich,Southampton,away,2019,7,0.13291680161202443,0.041425606841906715,7.125821058541964,7.1594830221973,5.57510413038377
2020-06-19,Tottenham,Man United,home,2019,7,0.13291680161202443,-0.07868275806208991,5.722990974542137,5.671990738092538,5.001082288719708
2020-06-19,Tottenham,Man United,away,2019,6,0.13291680161202443,0.07868275806208991,4.691029668404836,4.733209501434885,4.971558482911976
2020-06-20,Watford,Leicester,home,2019,2,0.1323320919457751,-0.19202304276513188,4.972526010858942,4.8650758180967415,4.5634110847382985
2020-06-20,Watford,Leicester,away,2019,7,0.1323320919457751,0.19202304276513188,4.8859565895205,4.993867955550784,5.281451226898967
2020-06-20,Brighton,Arsenal,home,2019,10,0.1323320919457751,-0.0856845572214811,5.442274699430651,5.389481270879113,4.908799443511484
2020-06-20,Brighton,Arsenal,away,2019,7,0.1323320919457751,0.0856845572214811,4.493973731062702,4.5379950884362374,4.920014896850624
2020-06-20,West Ham,Wolves,home,2019,5,0.1323320919457751,-0.17740298274381194,4.883868061518323,4.786287899077974,4.565953342259871
2020-06-20,West Ham,Wolves,away,2019,7,0.1323320919457751,0.17740298274381194,5.46082301088605,5.5721552181615275,5.434141600230871
2020-06-20,Bournemouth,Crystal Palace,home,2019,11,0.1323320919457751,0.060267380102424495,5.733548266072958,5.7729946643670305,5.305823793967796
2020-06-20,Bournemouth,Crystal Palace,away,2019,4,0.1323320919457751,-0.060267380102424495,5.393066153439043,5.356215775449275,4.896974157276869
2020-06-21,Newcastle,Sheffield United,home,2019,2,0.13198758530521817,-0.11298438675696015,6.23895598286268,6.159275113729131,5.063684054611591
2020-06-21,Newcastle,Sheffield United,away,2019,4,0.13198758530521817,0.11298438675696015,5.342647137872228,5.411763512698643,5.252620521617766
2020-06-21,Aston Villa,Chelsea,home,2019,2,0.13198758530521817,-0.4670846394984326,4.937644539153559,4.682115918946956,4.054878062296084
2020-06-21,Aston Villa,Chelsea,away,2019,10,0.13198758530521817,0.4670846394984326,5.674296807284869,5.983974153789852,6.21378989497075
2020-06-21,Everton,Liverpool,home,2019,1,0.13198758530521817,-0.43401677469124134,4.677600519949043,4.452247327383966,4.043055399585834
2020-06-21,Everton,Liverpool,away,2019,6,0.13198758530521817,0.43401677469124134,5.110813616444951,5.3695005402344425,5.931268183287792
2020-06-22,Man City,Burnley,home,2019,3,0.13243257379340523,0.7972534565625191,8.40440021934755,9.202319883439484,8.155278867583677
2020-06-22,Man City,Burnley,away,2019,1,0.13243257379340523,-0.7972534565625191,2.796310800922796,2.55384679149575,2.924865039836636
2020-06-23,Leicester,Brighton,home,2019,6,0.13278708258920868,0.41623854557654805,6.321793052595542,6.628354653804667,6.355407168098339
2020-06-23,Leicester,Brighton,away,2019,7,0.13278708258920868,-0.41623854557654805,3.794751207993616,3.6192438509989144,3.777326823280889
2020-06-23,Tottenham,West Ham,home,2019,9,0.13278708258920868,0.3911709998759971,6.586793548627381,6.886538502055134,6.3695899460826535
2020-06-23,Tottenham,West Ham,away,2019,4,0.13278708258920868,-0.3911709998759971,4.459368102310857,4.265268688832594,4.014358254042232
2020-06-24,Man United,Sheffield United,home,2019,10,0.13230300039534404,0.5591900946212404,5.920694808590401,6.309588996432742,6.613692695190627
2020-06-24,Man United,Sheffield United,away,2019,5,0.13230300039534404,-0.5591900946212404,4.187780151185788,3.929664549412291,3.667334363550129
2020-06-24,Newcastle,Aston Villa,home,2019,6,0.13230300039534404,0.10883580858406844,6.0403929070158,6.115648766862335,5.5042823101030365
2020-06-24,Newcastle,Aston Villa,away,2019,9,0.13230300039534404,-0.10883580858406844,5.446797716096241,5.3797723748510045,4.812574725670943
2020-06-24,Norwich,Everton,home,2019,6,0.13230300039534404,-0.2509909341525971,5.1407149364122,4.996001877307515,4.497752222522294
2020-06-24,Norwich,Everton,away,2019,5,0.13230300039534404,0.2509909341525971,6.448150600238772,6.634926270433507,5.903317745057853
2020-06-24,Wolves,Bournemouth,home,2019,6,0.13230300039534404,0.4491604030065568,5.9236064670334825,6.23416453687473,6.314893052089465
2020-06-24,Wolves,Bournemouth,away,2019,4,0.13230300039534404,-0.4491604030065568,3.627570127385113,3.446860880731309,3.6733247422582336
2020-06-24,Liverpool,Crystal Palace,home,2019,6,0.13230300039534404,0.6979663606358906,8.218414791041242,8.897604400078775,7.766626570594526
2020-06-24,Liverpool,Crystal Palace,away,2019,0,0.13230300039534404,-0.6979663606358906,4.309978996130285,3.9809811201047123,3.490081780640189
2020-06-25,Burnley,Watford,home,2019,1,0.13176535863349315,-0.06900109525548026,5.460829005466933,5.418129489086695,4.948691381125157
2020-06-25,Burnley,Watford,away,2019,7,0.13176535863349315,0.06900109525548026,4.660606877461808,4.69733646469424,4.941279630265781
2020-06-25,Southampton,Arsenal,home,2019,4,0.13176535863349315,0.0013687121089605014,5.8493044637075755,5.850215345514188,5.208044258247701
2020-06-25,Southampton,Arsenal,away,2019,6,0.13176535863349315,-0.0013687121089605014,5.502772485806091,5.501915701047374,5.051688965129464
2020-06-25,Chelsea,Man City,home,2019,5,0.13176535863349315,-0.3011211655568835,4.445751949896315,4.296031630238113,4.208821171260616
2020-06-25,Chelsea,Man City,away,2019,7,0.13176535863349315,0.3011211655568835,5.2969542971769625,5.481557614574852,5.670980925071598
2020-06-27,Aston Villa,Wolves,home,2019,2,0.1313649993746804,-0.3387007014475383,5.649727119114386,5.436169499254713,4.46390986996006
2020-06-27,Aston Villa,Wolves,away,2019,2,0.1313649993746804,0.3387007014475383,6.137682909578506,6.378799187097572,6.032201866484296
2020-06-28,Watford,Southampton,home,2019,5,0.131681529981619,0.056578947368421006,4.9974902406905315,5.029761593278829,5.075538423850495
2020-06-28,Watford,Southampton,away,2019,3,0.131681529981619,-0.056578947368421006,5.722367388811265,5.685652222054478,4.99602318196867
2020-06-29,Crystal Palace,Burnley,home,2019,9,0.1315649212256006,0.13706725946810533,6.286837005635121,6.385639591122229,5.6400307439720905
2020-06-29,Crystal Palace,Burnley,away,2019,1,0.1315649212256006,-0.13706725946810533,4.450277962602173,4.381420495379516,4.46541686892985
2020-06-30,Brighton,Man United,home,2019,4,0.13183029397126053,-0.4451294060923321,5.851099951432006,5.562174609772917,4.314893146053201
2020-06-30,Brighton,Man United,away,2019,5,0.13183029397126053,0.4451294060923321,5.1306642002348495,5.397174874744477,5.966322669949781
2020-07-01,Arsenal,Norwich,home,2019,6,0.13161426749353333,0.5316866868336808,7.231724700549068,7.68265613333159,6.957923186818917
2020-07-01,Arsenal,Norwich,away,2019,2,0.13161426749353333,-0.5316866868336808,4.83528369742259,4.551478022959426,3.880104922850529
2020-07-01,Bournemouth,Newcastle,home,2019,6,0.13161426749353333,0.10064643986221872,6.086650698323203,6.156744144067153,5.498368660857677
2020-07-01,Bournemouth,Newcastle,away,2019,3,0.13161426749353333,-0.10064643986221872,4.9157269468800155,4.859762262952842,4.677272027194213
2020-07-01,Everton,Leicester,home,2019,3,0.13161426749353333,0.0468400425241578,5.546964280048384,5.576601821547128,5.221760881060415
2020-07-01,Everton,Leicester,away,2019,5,0.13161426749353333,-0.0468400425241578,4.89729505451319,4.8712677730155365,4.778980307018227
2020-07-01,West Ham,Chelsea,home,2019,2,0.13161426749353333,-0.42697694983047185,3.905775461539436,3.720585148574024,3.833478401989494
2020-07-01,West Ham,Chelsea,away,2019,3,0.13161426749353333,0.42697694983047185,5.970913762589484,6.268113085875294,6.207396800564896
2020-07-02,Sheffield United,Tottenham,home,2019,1,0.13151647874056885,-0.25057190788470335,7.116334162513301,6.916336379029033,4.978340239200002
2020-07-02,Sheffield United,Tottenham,away,2019,6,0.13151647874056885,0.25057190788470335,4.686759407850541,4.82228513157564,5.343665396078654
2020-07-02,Man City,Liverpool,home,2019,3,0.13151647874056885,0.17421508186751333,5.196557468929215,5.30057924595312,5.398905154174124
2020-07-02,Man City,Liverpool,away,2019,3,0.13151647874056885,-0.17421508186751333,3.546120942944723,3.4765297181161485,4.095658393979746
2020-07-04,Norwich,Brighton,home,2019,0,0.13171548059439278,-0.1468908883557542,5.897801089340364,5.800060911145049,4.905105397043703
2020-07-04,Norwich,Brighton,away,2019,2,0.13171548059439278,0.1468908883557542,5.44801993485926,5.53982766712317,5.36076821219146
2020-07-04,Leicester,Crystal Palace,home,2019,3,0.13171548059439278,0.4069331263743371,7.079408550229417,7.414855256676058,6.557803543932747
2020-07-04,Leicester,Crystal Palace,away,2019,7,0.13171548059439278,-0.4069331263743371,3.9024948812630713,3.7259467209107933,3.825404294400772
2020-07-04,Man United,Bournemouth,home,2019,8,0.13171548059439278,0.7620648334816781,6.309256320147389,6.880661242651919,7.3483459231590835
2020-07-04,Man United,Bournemouth,away,2019,3,0.13171548059439278,-0.7620648334816781,4.695367692143777,4.30544060263259,3.4889212395618188
2020-07-04,Wolves,Arsenal,home,2019,3,0.13171548059439278,0.13335437240699827,5.613872610383777,5.699690975006381,5.435994208535523
2020-07-04,Wolves,Arsenal,away,2019,5,0.13171548059439278,-0.13335437240699827,3.8071593230188614,3.749836182450032,4.260078683024123
2020-07-04,Chelsea,Watford,home,2019,5,0.13171548059439278,0.5506294962383874,6.726652763015518,7.161507378074302,6.857237661317161
2020-07-04,Chelsea,Watford,away,2019,3,0.13171548059439278,-0.5506294962383874,3.9800688173487804,3.7383946554573115,3.6227042596830756
2020-07-05,Burnley,Sheffield United,home,2019,3,0.13190774437687502,-0.019151482909961437,5.934275369677738,5.921359937324571,5.186443512579122
2020-07-05,Burnley,Sheffield United,away,2019,9,0.13190774437687502,0.019151482909961437,4.667641548235804,4.677822420417728,4.840797846172423
2020-07-05,Newcastle,West Ham,home,2019,6,0.13190774437687502,0.010495832066686916,6.171897149723741,6.179271211059155,5.316320565058765
2020-07-05,Newcastle,West Ham,away,2019,4,0.13190774437687502,-0.010495832066686916,6.05024368149181,6.043023595744209,5.183248336898597
2020-07-05,Liverpool,Aston Villa,home,2019,7,0.13190774437687502,0.5959055484471327,8.161291039335834,8.7337607989542,7.42339981591711
2020-07-05,Liverpool,Aston Villa,away,2019,5,0.13190774437687502,-0.5959055484471327,4.5697767093548745,4.270242632966242,3.710588221948408
2020-07-05,Southampton,Man City,home,2019,2,0.13190774437687502,-0.6150133239479108,3.509851682174819,3.272670353053072,3.4253219532555104
2020-07-05,Southampton,Man City,away,2019,13,0.13190774437687502,0.6150133239479108,7.3525467684699475,7.885410340674413,7.169784986151118
2020-07-06,Tottenham,Everton,home,2019,5,0.13204093819423632,0.17201857854111668,5.496131170190497,5.604748916631658,5.488947079319642
2020-07-06,Tottenham,Everton,away,2019,6,0.13204093819423632,-0.17201857854111668,4.557502102470035,4.469179571856362,4.432871991679591
2020-07-07,Crystal Palace,Chelsea,home,2019,7,0.13173177182712206,-0.5582641706055306,4.30350719612429,4.038684115578521,3.7383584689328253
2020-07-07,Crystal Palace,Chelsea,away,2019,9,0.13173177182712206,0.5582641706055306,5.877855271070748,6.263275793038004,6.528599688259527
2020-07-07,Watford,Norwich,home,2019,4,0.13173177182712206,0.35784931139146403,5.575725238543043,5.807402657581187,5.962897846240578
2020-07-07,Watford,Norwich,away,2019,3,0.13173177182712206,-0.35784931139146403,4.3824244888661275,4.207594387601384,4.049125024082852
2020-07-07,Arsenal,Leicester,home,2019,10,0.13173177182712206,0.08652305017521938,5.843724631593156,5.901530596543575,5.396793506748444
2020-07-07,Arsenal,Leicester,away,2019,1,0.13173177182712206,-0.08652305017521938,5.101121796901504,5.051155900262384,4.759800420804161
2020-07-08,Man City,Newcastle,home,2019,8,0.13182197222998399,0.8081578500600488,7.790835917777025,8.541092417067613,8.001576183750966
2020-07-08,Man City,Newcastle,away,2019,1,0.13182197222998399,-0.8081578500600488,2.5975593159776893,2.369387594616763,2.8453195827568427
2020-07-08,Sheffield United,Wolves,home,2019,6,0.13182197222998399,-0.20561652679147835,5.686817158985839,5.5553341829128335,4.731146946651574
2020-07-08,Sheffield United,Wolves,away,2019,1,0.13182197222998399,0.20561652679147835,5.206682476953593,5.329913606710413,5.418094386013229
2020-07-08,West Ham,Burnley,home,2019,10,0.13182197222998399,0.22783754898468117,5.727933698777979,5.878343384006682,5.692453023749381
2020-07-08,West Ham,Burnley,away,2019,3,0.13182197222998399,-0.22783754898468117,3.8738733636129212,3.7747522277462844,4.1159531043126325
2020-07-08,Brighton,Liverpool,home,2019,6,0.13182197222998399,-0.4546610965755503,3.906383390351764,3.709462844478777,3.7891830974884293
2020-07-08,Brighton,Liverpool,away,2019,10,0.13182197222998399,0.4546610965755503,5.156453782030317,5.430189289325557,5.999712112310083
2020-07-09,Bournemouth,Tottenham,home,2019,8,0.13210773553555238,-0.37970666243510975,5.370550041907666,5.143494357281445,4.318663471831804
2020-07-09,Bournemouth,Tottenham,away,2019,12,0.13210773553555238,0.37970666243510975,5.712261348793636,5.964424823898479,6.001525273045484
2020-07-09,Everton,Southampton,home,2019,3,0.13210773553555238,0.1980863125471049,5.812643807744234,5.9451215011179235,5.647280758323687
2020-07-09,Everton,Southampton,away,2019,5,0.13210773553555238,-0.1980863125471049,5.309067250165291,5.190763026587112,4.598021360518253
2020-07-09,Aston Villa,Man United,home,2019,3,0.13210773553555238,-0.6067170570056224,6.061920437054674,5.657618127138674,4.07546068397068
2020-07-09,Aston Villa,Man United,away,2019,5,0.13210773553555238,0.6067170570056224,5.700718893594585,6.10810125222467,6.600086166467484
2020-07-11,Norwich,West Ham,home,2019,1,0.13210184790462462,-0.22692387398621,6.176568871811971,6.0191540934760654,4.811118818353117
2020-07-11,Norwich,West Ham,away,2019,6,0.13210184790462462,0.22692387398621,5.745386618175265,5.895641744877269,5.637314815379573
2020-07-11,Watford,Newcastle,home,2019,2,0.13210184790462462,0.3203543964383284,5.512293352830331,5.71689679640273,5.8484959236229015
2020-07-11,Watford,Newcastle,away,2019,4,0.13210184790462462,-0.3203543964383284,3.6950952726430852,3.562850587451884,3.9006555041554587
2020-07-11,Liverpool,Burnley,home,2019,12,0.13210184790462462,0.6806628150891215,7.935712955135979,8.574643143575472,7.626530551538013
2020-07-11,Liverpool,Burnley,away,2019,6,0.13210184790462462,-0.6806628150891215,3.526628967009948,3.2638460531651776,3.302599038471385
2020-07-11,Sheffield United,Chelsea,home,2019,4,0.13210184790462462,-0.44077420455600413,4.771704529498528,4.538327432092633,4.056656622892667
2020-07-11,Sheffield United,Chelsea,away,2019,6,0.13210184790462462,0.44077420455600413,5.375621888903055,5.652055674687726,6.042566950603207
2020-07-11,Brighton,Man City,home,2019,2,0.13210184790462462,-0.6362622632040327,3.5314557610409927,3.2848640697021976,3.4012736605579965
2020-07-11,Brighton,Man City,away,2019,7,0.13210184790462462,0.6362622632040327,7.16075059730836,7.698301486348845,7.1749548865569075
2020-07-12,Wolves,Everton,home,2019,5,0.13225996223519448,0.2264355208106302,4.847062180379082,4.973547721128414,5.400619442690285
2020-07-12,Wolves,Everton,away,2019,2,0.13225996223519448,-0.2264355208106302,3.9395179171173664,3.839329463727958,4.140008879732082
2020-07-12,Aston Villa,Crystal Palace,home,2019,5,0.13225996223519448,0.12266285348678563,6.495918174027968,6.587203141750276,5.663331881645606
2020-07-12,Aston Villa,Crystal Palace,away,2019,1,0.13225996223519448,-0.12266285348678563,4.554798029864065,4.491677979944472,4.525234136262851
2020-07-12,Tottenham,Arsenal,home,2019,6,0.13225996223519448,0.01098554201654145,5.9715420742997285,5.979009850226519,5.263013505025393
2020-07-12,Tottenham,Arsenal,away,2019,5,0.13225996223519448,-0.01098554201654145,4.643558323211057,4.637758524593998,4.771987186318831
2020-07-12,Bournemouth,Leicester,home,2019,2,0.13225996223519448,-0.3768857480468526,5.487395049012433,5.257086253387275,4.352900799956003
2020-07-12,Bournemouth,Leicester,away,2019,6,0.13225996223519448,0.3768857480468526,6.038850394984177,6.303407660053431,6.099157529130669
2020-07-13,Man United,Southampton,home,2019,4,0.13213377795734962,0.6494055541264497,5.687660704980706,6.123777888198312,6.7846337638170695
2020-07-13,Man United,Southampton,away,2019,6,0.13213377795734962,-0.6494055541264497,5.213201122282508,4.841932498484394,3.779862514469813
2020-07-14,Chelsea,Norwich,home,2019,8,0.1318930622227975,0.8058508178855366,7.479191585092631,8.197285021427552,7.892746601292325
2020-07-14,Chelsea,Norwich,away,2019,1,0.1318930622227975,-0.8058508178855366,3.6484183407875594,3.328811878809587,3.1661465028873357
2020-07-15,Burnley,Wolves,home,2019,3,0.1320804709531127,-0.29802955665024633,4.442443023855188,4.294344278409964,4.213332420257342
2020-07-15,Burnley,Wolves,away,2019,8,0.1320804709531127,0.29802955665024633,5.507270418117907,5.69719926100352,5.732735150400233
2020-07-15,Man City,Bournemouth,home,2019,3,0.1320804709531127,0.7751973734022563,8.070886408461972,8.814995422455823,7.978487426438276
2020-07-15,Man City,Bournemouth,away,2019,5,0.1320804709531127,-0.7751973734022563,2.9349785331585316,2.6872252584559475,2.997051588156901
2020-07-15,Newcastle,Tottenham,home,2019,5,0.1320804709531127,-0.3253047327416757,5.234449468086577,5.044270823786164,4.383645778038118
2020-07-15,Newcastle,Tottenham,away,2019,4,0.1320804709531127,0.3253047327416757,6.461224518502397,6.70482502338708,6.095030337066838
2020-07-15,Arsenal,Liverpool,home,2019,2,0.1320804709531127,-0.2607561929595829,4.8246558698174615,4.683633804519846,4.391572337427675
2020-07-15,Arsenal,Liverpool,away,2019,13,0.1320804709531127,0.2607561929595829,5.332340318924125,5.492894639784724,5.586877771016326
2020-07-16,Everton,Aston Villa,home,2019,5,0.13235459126056087,0.21837968561064092,6.627329674729908,6.79404237912215,5.933441832387927
2020-07-16,Everton,Aston Villa,away,2019,5,0.13235459126056087,-0.21837968561064092,4.721266398326857,4.60541562120483,4.395163705134352
2020-07-16,Leicester,Sheffield United,home,2019,9,0.13235459126056087,0.23535785612101814,6.5712008976855545,6.749526032634313,5.9602433850411805
2020-07-16,Leicester,Sheffield United,away,2019,5,0.13235459126056087,-0.23535785612101814,4.626813008659573,4.504570787478025,4.336422685597203
2020-07-16,Crystal Palace,Man United,home,2019,2,0.13235459126056087,-0.6131380535575007,6.132873690875536,5.719659443297345,4.079209812484346
2020-07-16,Crystal Palace,Man United,away,2019,7,0.13235459126056087,0.6131380535575007,5.841773258319082,6.263809564044851,6.668576697802568
2020-07-16,Southampton,Brighton,home,2019,8,0.13235459126056087,0.16801714575774096,5.16015894658147,5.259742095857466,5.3730349333728045
2020-07-16,Southampton,Brighton,away,2019,2,0.13235459126056087,-0.16801714575774096,5.0374491188888015,4.942074661656074,4.581087888789536
2020-07-17,West Ham,Watford,home,2019,9,0.13190247720362686,0.10639653314667274,5.307128545852147,5.3717579313217625,5.28127503617972
2020-07-17,West Ham,Watford,away,2019,3,0.13190247720362686,-0.10639653314667274,4.535167526547738,4.480603435240963,4.550242971419498
2020-07-18,Norwich,Burnley,home,2019,6,0.13186811911047724,-0.13694697153135693,5.945108949707067,5.853202626695797,4.937989529950871
2020-07-18,Norwich,Burnley,away,2019,8,0.13186811911047724,0.13694697153135693,4.6546922075199095,4.727779656020537,5.0828499950920705
2020-07-19,Bournemouth,Southampton,home,2019,12,0.1315777197350232,0.06347310942879997,5.311207814220479,5.349699233581467,5.187811987720371
2020-07-19,Bournemouth,Southampton,away,2019,6,0.1315777197350232,-0.06347310942879997,6.812796058975094,6.763777566780095,5.259786052978167
2020-07-19,Tottenham,Leicester,home,2019,4,0.1315777197350232,0.1047785990739089,5.445926406316936,5.5112315288662925,5.320305991078823
2020-07-19,Tottenham,Leicester,away,2019,13,0.1315777197350232,-0.1047785990739089,4.5782212392061465,4.523971785609714,4.56677439678047
2020-07-20,Brighton,Newcastle,home,2019,9,0.13223084259530968,0.2690969549555098,5.817952718588443,5.998818147538106,5.820546535701661
2020-07-20,Brighton,Newcastle,away,2019,7,0.13223084259530968,-0.2690969549555098,4.0507229438382915,3.9285929300964635,4.101645563531068
2020-07-20,Sheffield United,Everton,home,2019,7,0.13223084259530968,0.16850351878900538,5.843143983990947,5.956237261624415,5.586394129611413
2020-07-20,Sheffield United,Everton,away,2019,1,0.13223084259530968,-0.16850351878900538,4.685375808992392,4.596412847325717,4.4778935323681495
2020-07-20,Wolves,Crystal Palace,home,2019,5,0.13223084259530968,0.5143280409384322,5.8269606077798715,6.178085843678786,6.457594341020526
2020-07-20,Wolves,Crystal Palace,away,2019,2,0.13223084259530968,-0.5143280409384322,3.072408185056538,2.897790985481766,3.3935030814523834
2020-07-21,Watford,Man City,home,2019,0,0.13217661506760467,-0.60763925066161,2.954953960888718,2.757582750371974,3.256573417813832
2020-07-21,Watford,Man City,away,2019,8,0.13217661506760467,0.60763925066161,6.576433789625647,7.0471354205255885,6.9033268559929475
2020-07-21,Aston Villa,Arsenal,home,2019,8,0.13217661506760467,-0.1578527240071842,5.822131388340166,5.718509330584389,4.862882354058048
2020-07-21,Aston Villa,Arsenal,away,2019,9,0.13217661506760467,0.1578527240071842,5.067309012869537,5.1591310169693845,5.265379527574483
2020-07-22,Man United,West Ham,home,2019,2,0.1323700554422279,0.6858614310238503,6.397172352538184,6.916318882131836,7.146788198490633
2020-07-22,Man United,West Ham,away,2019,3,0.1323700554422279,-0.6858614310238503,4.6941884210197715,4.341837456646659,3.6025391395096236
2020-07-22,Liverpool,Chelsea,home,2019,6,0.1323700554422279,0.1963864035182738,5.357552730078723,5.478598690076639,5.501665785254124
2020-07-22,Liverpool,Chelsea,away,2019,0,0.1323700554422279,-0.1963864035182738,5.455027613771198,5.334502440879799,4.640372123990046
2020-07-26,Arsenal,Watford,home,2019,4,0.13288008462341613,0.23880499758214702,6.365491081443574,6.540798374222855,5.910042709258495
2020-07-26,Arsenal,Watford,away,2019,8,0.13288008462341613,-0.23880499758214702,4.691579378417193,4.565835083511123,4.348924228309404
2020-07-26,Burnley,Brighton,home,2019,6,0.13288008462341613,0.1027495034756703,4.962021735608809,5.020365045292071,5.16382120155876
2020-07-26,Burnley,Brighton,away,2019,7,0.13288008462341613,-0.1027495034756703,4.60604600632066,4.552517634152957,4.579321154241263
2020-07-26,Chelsea,Wolves,home,2019,3,0.13288008462341613,0.2936117936117937,5.9885697640472815,6.191984328403564,5.934223194449446
2020-07-26,Chelsea,Wolves,away,2019,3,0.13288008462341613,-0.2936117936117937,4.126340435170999,3.9907849011952807,4.082940507509775
2020-07-26,Crystal Palace,Tottenham,home,2019,7,0.13288008462341613,-0.46103157397668976,5.853410074056897,5.554313126073648,4.2865910668438465
2020-07-26,Crystal Palace,Tottenham,away,2019,2,0.13288008462341613,0.46103157397668976,5.881244519043763,6.197946556912609,6.267530162187547
2020-07-26,Everton,Bournemouth,home,2019,2,0.13288008462341613,0.10592726116000423,6.154532924021991,6.229149302895767,5.529701857957865
2020-07-26,Everton,Bournemouth,away,2019,5,0.13288008462341613,-0.10592726116000423,4.56531732473704,4.5106312944915885,4.560550400814861
2020-07-26,Leicester,Man United,home,2019,3,0.13288008462341613,-0.12492254163507388,5.818641023412958,5.736531821628209,4.929939110077889
2020-07-26,Leicester,Man United,away,2019,3,0.13288008462341613,0.12492254163507388,5.278811035890996,5.354368702789199,5.259383916786274
2020-07-26,Man City,Norwich,home,2019,9,0.13288008462341613,0.8624002402085849,7.627769856426412,8.414085982815182,8.132866034879985
2020-07-26,Man City,Norwich,away,2019,0,0.13288008462341613,-0.8624002402085849,2.6832278025785223,2.432473853040645,2.80925852635887
2020-07-26,Newcastle,Liverpool,home,2019,2,0.13288008462341613,-0.5569396939693969,3.7225233126806003,3.4939784224199517,3.575159364150153
2020-07-26,Newcastle,Liverpool,away,2019,4,0.13288008462341613,0.5569396939693969,7.1049157858645575,7.569655976637377,6.922088549900364
2020-07-26,Southampton,Sheffield United,home,2019,9,0.13288008462341613,0.1522643707727458,6.164198770939456,6.271908209970234,5.6415395096809675
2020-07-26,Southampton,Sheffield United,away,2019,1,0.13288008462341613,-0.1522643707727458,5.466072086674512,5.37220152313189,4.730472625518039
2020-07-26,West Ham,Aston Villa,home,2019,0,0.13288008462341613,-0.10579976214393755,6.57398711610015,6.495334283381976,5.162514090339913
2020-07-26,West Ham,Aston Villa,away,2019,7,0.13288008462341613,0.10579976214393755,4.758039535999608,4.815655244655111,5.050993489228127
2020-09-12,Fulham,Arsenal,home,2020,2,0.13355531791677322,-0.45674791914387636,5.86746985592345,5.570368448946017,4.297550714847637
2020-09-12,Fulham,Arsenal,away,2020,3,0.13355531791677322,0.45674791914387636,5.255515237523657,5.535823620312063,6.040707871700027
2020-09-12,Crystal Palace,Southampton,home,2020,7,0.13355531791677322,-0.09961778849919328,6.136107256920952,6.06695870514079,5.065987892895784
2020-09-12,Crystal Palace,Southampton,away,2020,3,0.13355531791677322,0.09961778849919328,5.935864672809861,6.003519071930796,5.397328798541887
2020-09-12,West Ham,Newcastle,home,2020,8,0.13355531791677322,0.16530149682457757,5.96880149096117,6.082110853683204,5.615972413462877
2020-09-12,West Ham,Newcastle,away,2020,7,0.13355531791677322,-0.16530149682457757,4.082335502897139,4.006281835777493,4.295496892080496
2020-09-13,West Brom,Leicester,home,2020,2,0.13374053509122585,-0.2382281975365877,5.212314694386646,5.072946463220571,4.541550605308881
2020-09-13,West Brom,Leicester,away,2020,5,0.13374053509122585,0.2382281975365877,5.281683925020385,5.426786766445026,5.517633305109485
2020-09-13,Tottenham,Everton,home,2020,5,0.13374053509122585,0.275518812215286,5.4692553014348,5.643402106023633,5.724990068734899
2020-09-13,Tottenham,Everton,away,2020,3,0.13374053509122585,-0.275518812215286,4.829806661753229,4.68076617498224,4.321057359440246
2020-09-14,Brighton,Chelsea,home,2020,4,0.13364138826286087,-0.3936239463196377,4.3277693062954,4.1382429047945015,4.014066967828304
2020-09-14,Brighton,Chelsea,away,2020,3,0.13364138826286087,0.3936239463196377,5.792380556099809,6.0576644140506,6.0630996887594035
2020-09-14,Sheffield United,Wolves,home,2020,12,0.13364138826286087,-0.1121711613847825,5.413812670699292,5.345164622187885,4.846368031605788
2020-09-14,Sheffield United,Wolves,away,2020,5,0.13364138826286087,0.1121711613847825,4.593850755012018,4.65284966557413,5.009456245784204
2020-09-19,Everton,West Brom,home,2020,11,0.1337959391883605,0.4702245362837619,5.215933468533529,5.502560661093537,6.123555365053912
2020-09-19,Everton,West Brom,away,2020,1,0.1337959391883605,-0.4702245362837619,4.62555531586916,4.384611141715318,3.9273060585470705
2020-09-19,Man United,Crystal Palace,home,2020,9,0.1337959391883605,0.6268273496055765,6.058397934588941,6.506208909794616,6.853917839475572
2020-09-19,Man United,Crystal Palace,away,2020,3,0.1337959391883605,-0.6268273496055765,3.8449180184713714,3.5802790387968186,3.470618083892998
2020-09-19,Arsenal,West Ham,home,2020,7,0.1337959391883605,0.4637401488847727,6.66625733217669,7.0273970240467705,6.592051890276691
2020-09-19,Arsenal,West Ham,away,2020,5,0.1337959391883605,-0.4637401488847727,5.172440773079982,4.906627747202206,4.077611337380453
2020-09-20,Southampton,Tottenham,home,2020,3,0.13383436906277527,-0.0952612819663829,5.6259556658258765,5.5653136818274165,4.939856801182091
2020-09-20,Southampton,Tottenham,away,2020,2,0.13383436906277527,0.0952612819663829,5.565749872727144,5.626396609643961,5.28041448140772
2020-09-20,Newcastle,Brighton,home,2020,7,0.13383436906277527,0.01772322828000289,5.165667817550297,5.176093850457841,5.044845031028677
2020-09-20,Newcastle,Brighton,away,2020,1,0.13383436906277527,-0.01772322828000289,4.968508392306219,4.958500491851514,4.859816521846056
2020-09-20,Chelsea,Liverpool,home,2020,1,0.13383436906277527,-0.13517340585736443,4.6864314594867285,4.614914281709223,4.588577413295423
2020-09-20,Chelsea,Liverpool,away,2020,11,0.13383436906277527,0.13517340585736443,4.734121117414544,4.807485639680163,5.105903019536449
2020-09-20,Leicester,Burnley,home,2020,15,0.13383436906277527,0.41858696279355223,6.920693221305734,7.258236104737755,6.543698560912635
2020-09-20,Leicester,Burnley,away,2020,4,0.13383436906277527,-0.41858696279355223,4.0540589475820905,3.8655257107152137,3.8521259856859396
2020-09-21,Aston Villa,Sheffield United,home,2020,10,0.13556290561906614,0.005130700163651636,6.75141108822624,6.755353026509728,5.454751042203348
2020-09-21,Aston Villa,Sheffield United,away,2020,4,0.13556290561906614,-0.005130700163651636,4.814980835430462,4.8121711588354765,4.838128297246661
2020-09-21,Wolves,Man City,home,2020,4,0.13556290561906614,-0.4657049352377427,3.2203944359484185,3.054214788483804,3.5513100042590464
2020-09-21,Wolves,Man City,away,2020,6,0.13556290561906614,0.4657049352377427,5.177262820929737,5.458957387290234,6.035279890695177
2020-09-26,Brighton,Man United,home,2020,7,0.13529749140279929,-0.3486529318541997,5.1571880802117285,4.956633059570313,4.320641980663971
2020-09-26,Brighton,Man United,away,2020,1,0.13529749140279929,0.3486529318541997,5.479763743107604,5.701485649369573,5.847261158762773
2020-09-26,Crystal Palace,Everton,home,2020,7,0.13529749140279929,-0.19225435231631743,5.676436633810784,5.553629648816598,4.755164586346884
2020-09-26,Crystal Palace,Everton,away,2020,6,0.13529749140279929,0.19225435231631743,4.875930923431948,4.983752008670174,5.278586346729579
2020-09-26,West Brom,Chelsea,home,2020,3,0.13529749140279929,-0.5771894421389256,3.955492744205301,3.704101574752736,3.6124643300544728
2020-09-26,West Brom,Chelsea,away,2020,9,0.13529749140279929,0.5771894421389256,5.21818541838713,5.572334922193929,6.3412353638134515
2020-09-26,Burnley,Southampton,home,2020,8,0.13529749140279929,-0.12444160816847477,5.196966337169015,5.123910179773979,4.76033395970444
2020-09-26,Burnley,Southampton,away,2020,2,0.13529749140279929,0.12444160816847477,6.139792676335249,6.227333176538753,5.5118223303748195
2020-09-27,Tottenham,Newcastle,home,2020,10,0.1351048881405609,0.5126126407034393,6.370584214181793,6.753149484866176,6.634807894136666
2020-09-27,Tottenham,Newcastle,away,2020,4,0.1351048881405609,-0.5126126407034393,4.303374394435668,4.059588647688475,3.7719258160297637
2020-09-27,Man City,Leicester,home,2020,3,0.1351048881405609,0.6416449464980983,6.100994673622135,6.563008400413521,6.911940398400139
2020-09-27,Man City,Leicester,away,2020,4,0.1351048881405609,-0.6416449464980983,3.4247561496069605,3.1836648305813853,3.326842737608949
2020-09-27,West Ham,Wolves,home,2020,1,0.1351048881405609,-0.20616079124603726,5.18150655896179,5.061393293749955,4.594865849400237
2020-09-27,West Ham,Wolves,away,2020,3,0.1351048881405609,0.20616079124603726,5.175900561394402,5.298731228912089,5.409332940232376
2020-09-28,Fulham,Aston Villa,home,2020,5,0.13505518114365972,-0.051967098131735,5.553941276720163,5.521202800017781,5.010686234346288
2020-09-28,Fulham,Aston Villa,away,2020,3,0.13505518114365972,0.051967098131735,4.818138673457897,4.846708267153919,4.957009381123912
2020-09-28,Liverpool,Arsenal,home,2020,7,0.13505518114365972,0.491028308924575,7.183328562901911,7.596025210125856,6.825382859026167
2020-09-28,Liverpool,Arsenal,away,2020,3,0.13505518114365972,-0.491028308924575,4.379117895137056,4.141197769396517,3.827156658257063
2020-10-03,Chelsea,Crystal Palace,home,2020,8,0.13480779957783573,0.5400776229076865,7.026543849833934,7.471810510129069,6.920228860927619
2020-10-03,Chelsea,Crystal Palace,away,2020,5,0.13480779957783573,-0.5400776229076865,3.600080966494997,3.3855417960261756,3.5268294177106085
2020-10-03,Everton,Brighton,home,2020,3,0.13480779957783573,0.34392107577468134,5.895511752512724,6.130754414245355,6.03191291985543
2020-10-03,Everton,Brighton,away,2020,10,0.13480779957783573,-0.34392107577468134,3.819445042774226,3.6728894384401207,3.902136885431311
2020-10-03,Newcastle,Burnley,home,2020,3,0.13480779957783573,0.07658399129537152,6.5872639898665675,6.64490721116735,5.578605459418374
2020-10-03,Newcastle,Burnley,away,2020,4,0.13480779957783573,-0.07658399129537152,4.612757840699069,4.57274310270973,4.632214152181913
2020-10-04,Leicester,West Ham,home,2020,6,0.1344496473219673,0.3731628956182925,6.971765500312445,7.274111557182098,6.434310335258671
2020-10-04,Leicester,West Ham,away,2020,4,0.1344496473219673,-0.3731628956182925,4.614807095612485,4.422994154938664,4.088370289543702
2020-10-04,Southampton,West Brom,home,2020,5,0.1344496473219673,0.33458743683375747,6.057525976404744,6.2925480420465965,6.059200049917247
2020-10-04,Southampton,West Brom,away,2020,1,0.1344496473219673,-0.33458743683375747,4.416513645127295,4.251560091673668,4.098913120211541
2020-10-04,Arsenal,Sheffield United,home,2020,2,0.1344496473219673,0.460080733170396,7.4482784100831285,7.848515384144267,6.81338662901474
2020-10-04,Arsenal,Sheffield United,away,2020,4,0.1344496473219673,-0.460080733170396,4.852364454283605,4.6049169344446605,4.003414328882696
2020-10-04,Wolves,Fulham,home,2020,6,0.1344496473219673,0.4996682221679466,5.24207923848139,5.548698500711653,6.209705430669834
2020-10-04,Wolves,Fulham,away,2020,2,0.1344496473219673,-0.4996682221679466,3.3598005930139254,3.1741391124093106,3.5110274018270626
2020-10-04,Man United,Tottenham,home,2020,2,0.1344496473219673,0.25803835884143134,5.574914396801235,5.740997140149757,5.716944952588422
2020-10-04,Man United,Tottenham,away,2020,4,0.1344496473219673,-0.25803835884143134,4.54777116044511,4.416207550150695,4.2721566027446185
2020-10-04,Aston Villa,Liverpool,home,2020,2,0.1344496473219673,-0.6179396504700609,4.172118304060186,3.888888833883573,3.610430634282364
2020-10-04,Aston Villa,Liverpool,away,2020,7,0.1344496473219673,0.6179396504700609,6.43274483682815,6.901244449376017,6.88580070761164
2020-10-17,Everton,Liverpool,home,2020,2,0.13450391765338912,-0.2734664527905304,3.7374202651586343,3.6229349754352116,4.033991931884683
2020-10-17,Everton,Liverpool,away,2020,5,0.13450391765338912,0.2734664527905304,6.204241448184236,6.400296410397328,5.888332723565877
2020-10-17,Chelsea,Southampton,home,2020,6,0.13450391765338912,0.46522393886998714,6.73900564886127,7.105285732204453,6.618525049067417
2020-10-17,Chelsea,Southampton,away,2020,2,0.13450391765338912,-0.46522393886998714,4.695012290020026,4.452982685905533,3.9539156911148474
2020-10-17,Man City,Arsenal,home,2020,6,0.13450391765338912,0.4867236365302342,6.7369548057118935,7.120518436897951,6.678151236140226
2020-10-17,Man City,Arsenal,away,2020,6,0.13450391765338912,-0.4867236365302342,3.296418540707858,3.1188491296336585,3.509349433085184
2020-10-17,Newcastle,Man United,home,2020,0,0.13450391765338912,-0.36356482392288025,4.900551086190645,4.701992747904441,4.2258098162743964
2020-10-17,Newcastle,Man United,away,2020,7,0.13450391765338912,0.36356482392288025,5.384219536661011,5.6115873233603795,5.851969327207181
2020-10-18,Sheffield United,Fulham,home,2020,2,0.13450836400251465,0.19812985567523644,6.689659715156671,6.8421596329139245,5.900192857751023
2020-10-18,Sheffield United,Fulham,away,2020,5,0.13450836400251465,-0.19812985567523644,3.8685893743150497,3.7823652005057085,4.166051730708934
2020-10-18,Crystal Palace,Brighton,home,2020,2,0.13450836400251465,0.010368149046130204,6.0795782348583645,6.086753578751645,5.291125910733387
2020-10-18,Crystal Palace,Brighton,away,2020,5,0.13450836400251465,-0.010368149046130204,4.75995231137504,4.754341061583532,4.810196859905126
2020-10-18,Tottenham,West Ham,home,2020,3,0.13450836400251465,0.4122052616546603,6.47263036636172,6.783393221224317,6.391403078426881
2020-10-18,Tottenham,West Ham,away,2020,7,0.13450836400251465,-0.4122052616546603,4.735038112786896,4.5181151195556,4.053994130726492
2020-10-18,Leicester,Aston Villa,home,2020,2,0.13450836400251465,0.26584137711828976,6.790093697073079,6.998587957322794,6.099297449566397
2020-10-18,Leicester,Aston Villa,away,2020,7,0.13450836400251465,-0.26584137711828976,4.67146556376617,4.532298382766415,4.293885583890892
2020-10-19,West Brom,Burnley,home,2020,8,0.13438373481897156,0.062329567588624846,5.934977882556394,5.9772122303855015,5.367888147796975
2020-10-19,West Brom,Burnley,away,2020,2,0.13438373481897156,-0.062329567588624846,4.626020140612203,4.593333172816437,4.664304873854995
2020-10-24,West Ham,Man City,home,2020,2,0.13401812345442435,-0.547391333025526,3.5683764910860916,3.35293570904901,3.5425820749338173
2020-10-24,West Ham,Man City,away,2020,10,0.13401812345442435,0.547391333025526,6.968902195048012,7.416684636801694,6.852878215476963
2020-10-24,Fulham,Crystal Palace,home,2020,4,0.13401812345442435,0.003784470013498742,5.937849619160609,5.940406671605504,5.237817029285251
2020-10-24,Fulham,Crystal Palace,away,2020,4,0.13401812345442435,-0.003784470013498742,3.753258972141214,3.7516433790410124,4.479297187558212
2020-10-24,Man United,Chelsea,home,2020,9,0.13401812345442435,0.07219652553254025,4.226928262668169,4.261789099807818,4.8492828602265625
2020-10-24,Man United,Chelsea,away,2020,6,0.13401812345442435,-0.07219652553254025,5.087959756367683,5.046340959124097,4.784780593112135
2020-10-24,Liverpool,Sheffield United,home,2020,7,0.13401812345442435,0.683474967525862,8.174769508639992,8.835773270849977,7.706525898055672
2020-10-24,Liverpool,Sheffield United,away,2020,3,0.13401812345442435,-0.683474967525862,3.800938506308528,3.516590484286789,3.3765924108636884
2020-10-25,Southampton,Everton,home,2020,4,0.133717298079941,-0.03263118299793111,5.263599451262849,5.244095542340018,4.967873890073776
2020-10-25,Southampton,Everton,away,2020,5,0.133717298079941,0.03263118299793111,4.728935381994604,4.746523300492217,4.888217324946369
2020-10-25,Wolves,Newcastle,home,2020,2,0.133717298079941,0.3531225490489561,6.071622161350078,6.320504906149723,6.111155409813379
2020-10-25,Wolves,Newcastle,away,2020,3,0.133717298079941,-0.3531225490489561,3.3095404868602207,3.17922059428425,3.7172721250555583
2020-10-25,Arsenal,Leicester,home,2020,9,0.133717298079941,0.2527662118011452,5.235788443416964,5.388535296672927,5.593774537979375
2020-10-25,Arsenal,Leicester,away,2020,3,0.133717298079941,-0.2527662118011452,5.566405999925953,5.408617110437045,4.560013138948365
2020-10-26,Brighton,West Brom,home,2020,6,0.1336451753690414,0.33995820012521816,6.02210880394701,6.259580235560545,6.061846890909001
2020-10-26,Brighton,West Brom,away,2020,2,0.1336451753690414,-0.33995820012521816,3.795763965226223,3.6517630148480196,3.9010929869663076
2020-10-26,Burnley,Tottenham,home,2020,4,0.1336451753690414,-0.41300893505912784,4.936860523705421,4.710260899778767,4.148170920689828
2020-10-26,Burnley,Tottenham,away,2020,5,0.1336451753690414,0.41300893505912784,5.287934019246614,5.542324144465903,5.9417209698122075
2020-10-30,Wolves,Crystal Palace,home,2020,7,0.13343082760368222,0.24351062375810847,5.654674385118577,5.8135169722355196,5.707248709652091
2020-10-30,Wolves,Crystal Palace,away,2020,6,0.13343082760368222,-0.24351062375810847,3.1184325850795105,3.033227725107573,3.821576962064974
2020-10-31,Sheffield United,Man City,home,2020,2,0.1331231025746138,-0.6302062771084824,4.10648895262894,3.822376874169282,3.574105174296763
2020-10-31,Sheffield United,Man City,away,2020,5,0.1331231025746138,0.6302062771084824,6.88764220816992,7.399591293220543,7.070459444188612
2020-10-31,Burnley,Chelsea,home,2020,3,0.1331231025746138,-0.46389457059265204,4.220951499774069,4.003965403845509,3.866668305953728
2020-10-31,Burnley,Chelsea,away,2020,4,0.1331231025746138,0.46389457059265204,6.012972878406468,6.338832714397218,6.318565302620791
2020-10-31,Liverpool,West Ham,home,2020,1,0.1331231025746138,0.5601180517234389,7.519122373519431,8.013853456870814,7.1278629579634085
2020-10-31,Liverpool,West Ham,away,2020,2,0.1331231025746138,-0.5601180517234389,4.09641457171596,3.843524544486442,3.640786495419431
2020-11-01,Aston Villa,Southampton,home,2020,11,0.13351340473649292,0.04482001960875853,6.258628749721286,6.290622917083018,5.417313461818992
2020-11-01,Aston Villa,Southampton,away,2020,1,0.13351340473649292,-0.04482001960875853,5.313393756438478,5.28636978578517,4.906159512884779
2020-11-01,Newcastle,Everton,home,2020,5,0.13351340473649292,-0.2069619909992952,4.613674499702336,4.506313467505415,4.430137236483246
2020-11-01,Newcastle,Everton,away,2020,4,0.13351340473649292,0.2069619909992952,5.226248889865814,5.350762082163689,5.427508857819832
2020-11-01,Man United,Arsenal,home,2020,6,0.13351340473649292,0.20222155250355195,5.885152230267267,6.022114916573823,5.67903155980877
2020-11-01,Man United,Arsenal,away,2020,3,0.13351340473649292,-0.20222155250355195,4.798296234553518,4.689167207445384,4.44757866075572
2020-11-01,Tottenham,Brighton,home,2020,4,0.13351340473649292,0.40721895669853325,5.613887613241106,5.880084105094507,6.101256196126714
2020-11-01,Tottenham,Brighton,away,2020,5,0.13351340473649292,-0.40721895669853325,4.605085262252494,4.396609070485895,4.02744601675699
2020-11-02,Fulham,West Brom,home,2020,5,0.1334423262813317,0.0743914711617083,5.434598477193195,5.480787794829897,5.249179691318461
2020-11-02,Fulham,West Brom,away,2020,2,0.1334423262813317,-0.0743914711617083,3.2830172906693496,3.255349675333365,4.170289865886218
2020-11-06,Brighton,Burnley,home,2020,5,0.13351640903543213,0.28855341607549456,6.9389574325172125,7.170526329761149,6.199734178487697
2020-11-06,Brighton,Burnley,away,2020,3,0.13351640903543213,-0.28855341607549456,3.947165646210811,3.819693721013566,4.035441231045491
2020-11-06,Southampton,Newcastle,home,2020,8,0.13351640903543213,0.21150862007602184,5.951023872568854,6.095956850365808,5.721119249596617
2020-11-06,Southampton,Newcastle,away,2020,3,0.13351640903543213,-0.21150862007602184,4.274710217583294,4.173077857600917,4.273519022486526
2020-11-07,Everton,Man United,home,2020,5,0.13331013459444702,-0.06684286810469775,4.893233532406272,4.856164379500334,4.786658175835494
2020-11-07,Everton,Man United,away,2020,2,0.13331013459444702,0.06684286810469775,5.136590227745965,5.175799989543002,5.08868046050151
2020-11-07,Chelsea,Sheffield United,home,2020,6,0.13331013459444702,0.5728438852110631,7.2740817689965205,7.763922269200155,7.0925955036607995
2020-11-07,Chelsea,Sheffield United,away,2020,7,0.13331013459444702,-0.5728438852110631,3.906274273568185,3.659820061669649,3.5680664118079095
2020-11-07,West Ham,Fulham,home,2020,9,0.13331013459444702,0.2967941185039866,4.863475126498423,5.030494358004999,5.569068191276671
2020-11-07,West Ham,Fulham,away,2020,5,0.13331013459444702,-0.2967941185039866,4.445560656635898,4.297962016890747,4.173257867154307
2020-11-08,West Brom,Tottenham,home,2020,9,0.13270377996489693,-0.48051901145834275,4.914335635331875,4.652896480218934,4.02603729832115
2020-11-08,West Brom,Tottenham,away,2020,6,0.13270377996489693,0.48051901145834275,4.931126043921896,5.208198493773111,5.981600057543295
2020-11-08,Leicester,Wolves,home,2020,6,0.13270377996489693,0.11048211800397206,5.7197536434872305,5.792099455402498,5.415271936817118
2020-11-08,Leicester,Wolves,away,2020,3,0.13270377996489693,-0.11048211800397206,4.7472143912673115,4.687919642943931,4.607560395141964
2020-11-08,Man City,Liverpool,home,2020,1,0.13270377996489693,0.20144294797627244,4.339863568856549,4.440470050452298,5.163080031118134
2020-11-08,Man City,Liverpool,away,2020,2,0.13270377996489693,-0.20144294797627244,4.316975075347295,4.219166584684691,4.304870030406918
2020-11-08,Arsenal,Aston Villa,home,2020,3,0.13270377996489693,0.3689782770584263,6.216501159930057,6.483006427498558,6.197517009415307
2020-11-08,Arsenal,Aston Villa,away,2020,8,0.13270377996489693,-0.3689782770584263,5.249181464891671,5.033396623944607,4.263323673461699
2020-11-21,Newcastle,Chelsea,home,2020,7,0.13269280997014338,-0.4889396902584703,3.9205544270846513,3.708429400161595,3.7390376977597546
2020-11-21,Newcastle,Chelsea,away,2020,4,0.13269280997014338,0.4889396902584703,5.904411774423858,6.242148689830659,6.349477779682866
2020-11-21,Aston Villa,Brighton,home,2020,12,0.13269280997014338,0.13882573829640443,5.8921747892692515,5.985972350641094,5.531322669795351
2020-11-21,Aston Villa,Brighton,away,2020,3,0.13269280997014338,-0.13882573829640443,4.634291466113096,4.561674151373712,4.518804588514955
2020-11-21,Tottenham,Man City,home,2020,0,0.13269280997014338,-0.29542900862082766,3.6922378845675916,3.5702050020217673,3.9816946172293917
2020-11-21,Tottenham,Man City,away,2020,10,0.13269280997014338,0.29542900862082766,7.14002922705316,7.384081976837923,6.2090654741712665
2020-11-21,Man United,West Brom,home,2020,8,0.13269280997014338,0.6119216522225328,6.037061428133907,6.472310508513784,6.803500749518142
2020-11-21,Man United,West Brom,away,2020,2,0.13269280997014338,-0.6119216522225328,3.2483005581876343,3.029859272206554,3.313712993147745
2020-11-22,Fulham,Everton,home,2020,2,0.13335057426207422,-0.26025024777845057,4.845109299491444,4.703760128823639,4.398303643081433
2020-11-22,Fulham,Everton,away,2020,5,0.13335057426207422,0.26025024777845057,4.088793575932751,4.211662847571074,5.1420770028404394
2020-11-22,Sheffield United,West Ham,home,2020,2,0.13335057426207422,-0.08107147932357534,5.98570821899598,5.930754856299945,5.066418978511055
2020-11-22,Sheffield United,West Ham,away,2020,6,0.13335057426207422,0.08107147932357534,4.635664356782903,4.678617631856273,4.95818883393279
2020-11-22,Liverpool,Leicester,home,2020,10,0.13335057426207422,0.2535814881201062,6.546859272819799,6.738479764953492,5.999266623717206
2020-11-22,Liverpool,Leicester,away,2020,3,0.13335057426207422,-0.2535814881201062,4.092673832175995,3.9762914727686045,4.141838507383881
2020-11-23,Burnley,Crystal Palace,home,2020,4,0.13330026136787232,0.001228057501986568,5.67478096008549,5.675573844756148,5.158808276566989
2020-11-23,Burnley,Crystal Palace,away,2020,7,0.13330026136787232,-0.001228057501986568,4.551212905351845,4.550577095292059,4.761755775548735
2020-11-23,Wolves,Southampton,home,2020,7,0.13330026136787232,0.11988475531861198,5.763504989121325,5.842650721855296,5.449705373076547
2020-11-23,Wolves,Southampton,away,2020,4,0.13330026136787232,-0.11988475531861198,3.8029691545817665,3.751453362412611,4.282867514621291
2020-11-27,Crystal Palace,Newcastle,home,2020,7,0.13286604327899604,0.18939880287517774,6.382623043140789,6.52164250434212,5.793072329747599
2020-11-27,Crystal Palace,Newcastle,away,2020,3,0.13286604327899604,-0.18939880287517774,4.493188458103199,4.397408807791845,4.38106518499707
2020-11-28,Brighton,Liverpool,home,2020,4,0.1327364962544539,-0.4112528848449479,3.5864100319883767,3.42247913310989,3.757740458365149
2020-11-28,Brighton,Liverpool,away,2020,3,0.1327364962544539,0.4112528848449479,5.5599411948854405,5.826252871988611,6.030861344348425
2020-11-28,Man City,Burnley,home,2020,6,0.1327364962544539,0.7633500154702488,7.504938154845507,8.185828113640262,7.760899964925337
2020-11-28,Man City,Burnley,away,2020,4,0.1327364962544539,-0.7633500154702488,2.8119624134040277,2.578065861312412,2.9721339823425104
2020-11-28,West Brom,Sheffield United,home,2020,14,0.1327364962544539,0.03807807807807806,6.508695527813022,6.536952255868615,5.4682950203599905
2020-11-28,West Brom,Sheffield United,away,2020,9,0.1327364962544539,-0.03807807807807806,4.7757421439576255,4.755098449198451,4.75924260891556
2020-11-29,Southampton,Man United,home,2020,5,0.13320744034540402,-0.227019006571045,5.006830348802922,4.879174481809322,4.506225274531525
2020-11-29,Southampton,Man United,away,2020,9,0.13320744034540402,0.227019006571045,4.862558871464166,4.989780017348252,5.351934268923896
2020-11-29,Chelsea,Tottenham,home,2020,3,0.13320744034540402,0.18485086630481878,6.1103439863387345,6.240203441089401,5.703954473372775
2020-11-29,Chelsea,Tottenham,away,2020,3,0.13320744034540402,-0.18485086630481878,4.542785063985082,4.448249109023399,4.4045148205425395
2020-11-29,Arsenal,Wolves,home,2020,8,0.13320744034540402,0.19236046563094766,5.597355952463234,5.721198920143705,5.567794792782305
2020-11-29,Arsenal,Wolves,away,2020,4,0.13320744034540402,-0.19236046563094766,5.059980978268153,4.9504509532677785,4.540626538790483
2020-11-30,Leicester,Fulham,home,2020,6,0.13288796319423793,0.4672025161628517,6.2132322807352995,6.552410146925077,6.458471060708414
2020-11-30,Leicester,Fulham,away,2020,5,0.13288796319423793,-0.4672025161628517,4.127387014422114,3.9137376412753424,3.7951232626801175
2020-11-30,West Ham,Aston Villa,home,2020,3,0.13288796319423793,0.09470114911596117,5.229713065583674,5.286361326257975,5.231290281728248
2020-11-30,West Ham,Aston Villa,away,2020,7,0.13288796319423793,-0.09470114911596117,5.612905428488981,5.552757945138971,4.8868720622809745
2020-12-05,Burnley,Everton,home,2020,8,0.1324846137993916,-0.24840398277270767,4.583217083809318,4.455508892117672,4.344436473953428
2020-12-05,Burnley,Everton,away,2020,4,0.1324846137993916,0.24840398277270767,5.204120459327945,5.3532860943426215,5.515864703054582
2020-12-05,Man City,Fulham,home,2020,9,0.1324846137993916,0.8134621461785022,6.326619865031906,6.94005924576722,7.51573591626353
2020-12-05,Man City,Fulham,away,2020,3,0.1324846137993916,-0.8134621461785022,3.0726169881812684,2.801025032591507,2.9915145134872336
2020-12-05,West Ham,Man United,home,2020,5,0.1324846137993916,-0.20261433183071914,4.7421848440708265,4.634124894510086,4.4764256897529595
2020-12-05,West Ham,Man United,away,2020,4,0.1324846137993916,0.20261433183071914,5.6369293473403905,5.768372999554571,5.546798289943519
2020-12-05,Chelsea,Leeds,home,2020,8,0.1324846137993916,0.457669166500328,5.835081416945018,6.146945771955573,6.307917078638815
2020-12-05,Chelsea,Leeds,away,2020,4,0.1324846137993916,-0.457669166500328,4.047746190851075,3.842384406009007,3.7873399911512626
2020-12-06,West Brom,Crystal Palace,home,2020,4,0.13190253024939402,-0.04096869914808071,7.228426942661576,7.194814803496107,5.464802950356978
2020-12-06,West Brom,Crystal Palace,away,2020,6,0.13190253024939402,0.04096869914808071,4.952427681906669,4.975564022868536,4.976529937435675
2020-12-06,Sheffield United,Leicester,home,2020,6,0.13190253024939402,-0.22858994013078468,5.789372775187139,5.640756739496087,4.711718607939732
2020-12-06,Sheffield United,Leicester,away,2020,5,0.13190253024939402,0.22858994013078468,4.866741308664807,4.99496449456526,5.356914825505035
2020-12-06,Tottenham,Arsenal,home,2020,3,0.13190253024939402,0.22384448967847137,5.453351079633035,5.594008717308416,5.59654402177387
2020-12-06,Tottenham,Arsenal,away,2020,9,0.13190253024939402,-0.22384448967847137,5.2431469712014325,5.11131151934163,4.530687834489488
2020-12-06,Liverpool,Wolves,home,2020,4,0.13190253024939402,0.4843843783087517,6.68641868030144,7.0652245718585425,6.655932701866377
2020-12-06,Liverpool,Wolves,away,2020,6,0.13190253024939402,-0.4843843783087517,3.7841903065643794,3.5812988671882655,3.667170060943242
2020-12-07,Brighton,Southampton,home,2020,4,0.13116813145402226,0.045182724252491646,6.1556533029304985,6.187376365776208,5.390202325419567
2020-12-07,Brighton,Southampton,away,2020,3,0.13116813145402226,-0.045182724252491646,4.378190244841488,4.355742991583094,4.618216167009918
2020-12-11,Leeds,West Ham,home,2020,5,0.13111973836054747,0.14009415956228527,6.1114643998510925,6.209648840057641,5.597662088085967
2020-12-11,Leeds,West Ham,away,2020,6,0.13111973836054747,-0.14009415956228527,4.555327899395295,4.48330090861376,4.4922655882267755
2020-12-12,Wolves,Aston Villa,home,2020,5,0.1308487359348807,0.11086948896916987,5.018195389196656,5.081891553792509,5.199736717971181
2020-12-12,Wolves,Aston Villa,away,2020,8,0.1308487359348807,-0.11086948896916987,4.329339087992421,4.275075376887798,4.476406897092428
2020-12-12,Newcastle,West Brom,home,2020,4,0.1308487359348807,0.05685997733553355,5.4187149722141275,5.453880755072027,5.205777403903159
2020-12-12,Newcastle,West Brom,away,2020,3,0.1308487359348807,-0.05685997733553355,3.632913954897582,3.6094894854204025,4.335927740855481
2020-12-12,Man United,Man City,home,2020,4,0.1308487359348807,-0.3326553890535133,3.639682727398518,3.5045134514270213,3.90222389127725
2020-12-12,Man United,Man City,away,2020,3,0.1308487359348807,0.3326553890535133,6.431460137580941,6.679521907719779,6.10515585733642
2020-12-12,Everton,Chelsea,home,2020,6,0.1308487359348807,-0.32780948200175586,4.434471761363719,4.272140461972449,4.158440273180546
2020-12-12,Everton,Chelsea,away,2020,6,0.1308487359348807,0.32780948200175586,5.0054113481832445,5.195605218298471,5.634851727727138
2020-12-13,Southampton,Sheffield United,home,2020,8,0.13022400725624036,0.3632079764886186,6.7122565710357165,6.995421437504458,6.3320680336519555
2020-12-13,Southampton,Sheffield United,away,2020,4,0.13022400725624036,-0.3632079764886186,5.059457897344652,4.854658124706951,4.224959387472608
2020-12-13,Crystal Palace,Tottenham,home,2020,4,0.13022400725624036,-0.3398398260020091,5.44495895883481,5.238462586089688,4.410730757387737
2020-12-13,Crystal Palace,Tottenham,away,2020,7,0.13022400725624036,0.3398398260020091,5.031693722190212,5.2300394171954085,5.672752300759486
2020-12-13,Fulham,Liverpool,home,2020,6,0.13022400725624036,-0.602810495556849,3.1468651619571326,2.9382892617793055,3.327828745867223
2020-12-13,Fulham,Liverpool,away,2020,8,0.13022400725624036,0.602810495556849,5.0465881743135785,5.404822703832576,6.343650898568303
2020-12-13,Arsenal,Burnley,home,2020,13,0.13022400725624036,0.47365564193385157,7.270152550981351,7.67265805066209,6.80099410682394
2020-12-13,Arsenal,Burnley,away,2020,4,0.13022400725624036,-0.47365564193385157,4.292201427933997,4.067033739100024,3.831277954078522
2020-12-13,Leicester,Brighton,home,2020,9,0.13022400725624036,0.21687218704090178,6.241475412144184,6.3973845656156385,5.819857233273682
2020-12-13,Leicester,Brighton,away,2020,5,0.13022400725624036,-0.21687218704090178,4.343177034923918,4.237330489676175,4.285033036842897
2020-12-15,Wolves,Chelsea,home,2020,5,0.12984966633370723,-0.39448566050271294,4.478525245347395,4.281976976707172,4.055655610976219
2020-12-15,Wolves,Chelsea,away,2020,6,0.12984966633370723,0.39448566050271294,4.592527105922354,4.803330026223543,5.642070850124165
2020-12-15,Man City,West Brom,home,2020,13,0.12984966633370723,0.8185106063159622,6.665542262255388,7.3160448190338965,7.655234404313646
2020-12-15,Man City,West Brom,away,2020,2,0.12984966633370723,-0.8185106063159622,2.372293782043404,2.1613624374685116,2.753964681633236
2020-12-16,Arsenal,Southampton,home,2020,2,0.13021342913973202,0.12519238666937887,7.062924213280616,7.164238515728859,5.819169335077433
2020-12-16,Arsenal,Southampton,away,2020,7,0.13021342913973202,-0.12519238666937887,4.822696937905501,4.754495945558519,4.601642254486139
2020-12-16,Leeds,Newcastle,home,2020,7,0.13021342913973202,0.32965180708305797,6.975235810046609,7.241796056745661,6.3183432992516755
2020-12-16,Leeds,Newcastle,away,2020,4,0.13021342913973202,-0.32965180708305797,4.021507455270907,3.8734814668311253,3.989256068958343
2020-12-16,Leicester,Everton,home,2020,4,0.13021342913973202,0.13754985754985755,5.930153531527537,6.02368126599309,5.539428320324177
2020-12-16,Leicester,Everton,away,2020,6,0.13021342913973202,-0.13754985754985755,4.570336487081668,4.499374363007275,4.501698609746805
2020-12-16,Fulham,Brighton,home,2020,1,0.13021342913973202,-0.051119334393657234,5.202482517761109,5.172314591291975,4.911397104540908
2020-12-16,Fulham,Brighton,away,2020,8,0.13021342913973202,0.051119334393657234,4.3223805524657894,4.347591172658525,4.7903718892515466
2020-12-16,Liverpool,Tottenham,home,2020,7,0.13021342913973202,0.3192891298618171,6.265201495010606,6.496963707905563,6.083823637748421
2020-12-16,Liverpool,Tottenham,away,2020,4,0.13021342913973202,-0.3192891298618171,4.1260474354012775,3.9788614686743013,4.038893122759046
2020-12-16,West Ham,Crystal Palace,home,2020,5,0.13021342913973202,0.1927835051546392,5.594133670945172,5.718180539609654,5.567788600377207
2020-12-16,West Ham,Crystal Palace,away,2020,3,0.13021342913973202,-0.1927835051546392,4.814637780760549,4.71019184095155,4.4700432316073915
2020-12-17,Aston Villa,Burnley,home,2020,11,0.1296415543029396,0.3471383219954649,8.17507378664821,8.504387658495249,6.687845021882373
2020-12-17,Aston Villa,Burnley,away,2020,1,0.1296415543029396,-0.3471383219954649,4.019894218328425,3.864232578406488,3.9594615560247144
2020-12-17,Sheffield United,Man United,home,2020,6,0.1296415543029396,-0.5212863161129124,5.191839562537068,4.89289181738603,4.025764591015004
2020-12-17,Sheffield United,Man United,away,2020,3,0.1296415543029396,0.5212863161129124,5.070286372034377,5.380072636427913,6.138293399879413
2020-12-19,Crystal Palace,Liverpool,home,2020,5,0.1299554920232056,-0.47571839736854127,3.808731005785507,3.6080792290512367,3.726182555957151
2020-12-19,Crystal Palace,Liverpool,away,2020,4,0.1299554920232056,0.47571839736854127,6.216308484150507,6.562008581872892,6.4162929306219905
2020-12-19,Southampton,Man City,home,2020,6,0.1299554920232056,-0.49843686753421246,3.535919641150863,3.3409938736184737,3.606168457085406
2020-12-19,Southampton,Man City,away,2020,6,0.1299554920232056,0.49843686753421246,7.02363370279833,7.433418108928213,6.729286932186252
2020-12-19,Everton,Arsenal,home,2020,4,0.1299554920232056,0.06881457249770545,5.284885402364302,5.326421813404934,5.19146283380584
2020-12-19,Everton,Arsenal,away,2020,3,0.1299554920232056,-0.06881457249770545,4.850363217684544,4.812539198603089,4.720726533755217
2020-12-19,Newcastle,Fulham,home,2020,2,0.1299554920232056,0.03752423647634484,5.271268081067645,5.293819100122637,5.119314993669272
2020-12-19,Newcastle,Fulham,away,2020,9,0.1299554920232056,-0.03752423647634484,4.448515901535435,4.429565770266379,4.656215089382672
2020-12-20,Brighton,Sheffield United,home,2020,14,0.1295194178821165,0.3901175164245396,6.666900556484633,6.9694555940443585,6.390791258576663
2020-12-20,Brighton,Sheffield United,away,2020,2,0.1295194178821165,-0.3901175164245396,4.39774066088921,4.206827816567442,3.9987624371849586
2020-12-20,Tottenham,Leicester,home,2020,5,0.1295194178821165,0.1958371093635805,5.33078572531063,5.450886283032207,5.4918134005488835
2020-12-20,Tottenham,Leicester,away,2020,3,0.1295194178821165,-0.1958371093635805,5.499690562971872,5.378514689983087,4.653256043739746
2020-12-20,Man United,Leeds,home,2020,11,0.1295194178821165,0.3468450532239654,5.7700140485305385,6.00224540928882,5.998992608533118
2020-12-20,Man United,Leeds,away,2020,13,0.1295194178821165,-0.3468450532239654,3.959706024013578,3.806502038595662,3.941378335902115
2020-12-20,West Brom,Aston Villa,home,2020,1,0.1295194178821165,-0.2217982940220246,5.966914711010369,5.818234852319193,4.769917152220848
2020-12-20,West Brom,Aston Villa,away,2020,7,0.1295194178821165,0.2217982940220246,6.293375700020231,6.45419736389592,5.787131127525349
2020-12-21,Burnley,Wolves,home,2020,1,0.13103634043725282,-0.16405172904916537,4.92724758876706,4.836140817723857,4.604395886094977
2020-12-21,Burnley,Wolves,away,2020,7,0.13103634043725282,0.16405172904916537,5.120410569670243,5.216872622989382,5.29633544017682
2020-12-21,Chelsea,West Ham,home,2020,5,0.13103634043725282,0.4895855133444216,5.941792643924795,6.2821293214044,6.429571282358299
2020-12-21,Chelsea,West Ham,away,2020,4,0.13103634043725282,-0.4895855133444216,4.404002198308594,4.165413751764142,3.836253317682938
2020-12-26,Leicester,Man United,home,2020,5,0.13098363385693945,-0.09455813037788513,5.635813570916094,5.575511322028016,4.944017856831832
2020-12-26,Leicester,Man United,away,2020,0,0.13098363385693945,0.09455813037788513,4.914201244192837,4.967351057617596,5.077959471914788
2020-12-26,Aston Villa,Crystal Palace,home,2020,4,0.13098363385693945,0.2413745371491851,7.221842116964275,7.422903130881025,6.1537999288043865
2020-12-26,Aston Villa,Crystal Palace,away,2020,4,0.13098363385693945,-0.2413745371491851,4.148942578274984,4.036561938683999,4.18096083352564
2020-12-26,Fulham,Southampton,home,2020,6,0.13098363385693945,-0.11241534988713314,4.888980702219916,4.826853517340551,4.69430384345734
2020-12-26,Fulham,Southampton,away,2020,3,0.13098363385693945,0.11241534988713314,4.821656849454266,4.883717147210297,5.0861078847714145
2020-12-26,Arsenal,Chelsea,home,2020,7,0.13098363385693945,-0.2606246101724954,5.3030529214170485,5.148124635589763,4.52313475001141
2020-12-26,Arsenal,Chelsea,away,2020,9,0.13098363385693945,0.2606246101724954,5.737613831542888,5.9102822765752085,5.715564044718253
2020-12-26,Man City,Newcastle,home,2020,7,0.13098363385693945,0.8146878662568275,7.612828469672793,8.352145318825993,7.966048314707291
2020-12-26,Man City,Newcastle,away,2020,3,0.13098363385693945,-0.8146878662568275,2.8499570104245615,2.597683952816252,2.920691779624094
2020-12-26,Sheffield United,Everton,home,2020,6,0.13098363385693945,-0.2763479366779344,5.360581033909368,5.19467164147533,4.508386296717497
2020-12-26,Sheffield United,Everton,away,2020,3,0.13098363385693945,0.2763479366779344,4.629876178031467,4.7777469188130475,5.381529745981554
2020-12-27,Leeds,Burnley,home,2020,4,0.13061569381363622,0.33419847328244273,8.06960403554144,8.382320495143126,6.624600822361325
2020-12-27,Leeds,Burnley,away,2020,12,0.13061569381363622,-0.33419847328244273,3.7593290426603745,3.6190809968621114,3.8988402160377857
2020-12-27,West Ham,Brighton,home,2020,5,0.13061569381363622,0.0961027683136248,5.220065410188001,5.277450623553829,5.23137112594326
2020-12-27,West Ham,Brighton,away,2020,4,0.13061569381363622,-0.0961027683136248,4.933849267482806,4.88020025906467,4.691616671519055
2020-12-27,Liverpool,West Brom,home,2020,8,0.13061569381363622,0.801204164949147,7.782280682374512,8.524966613895838,7.9754233300358415
2020-12-27,Liverpool,West Brom,away,2020,3,0.13061569381363622,-0.801204164949147,2.7494552415826687,2.5099256551626405,2.9046615855490594
2020-12-27,Wolves,Tottenham,home,2020,9,0.13061569381363622,-0.17883604206500953,5.001311753847531,4.900586031584126,4.597112373005443
2020-12-27,Wolves,Tottenham,away,2020,2,0.13061569381363622,0.17883604206500953,4.298820820164028,4.387177973614922,5.046755557408792
2020-12-28,Crystal Palace,Leicester,home,2020,2,0.13067257267886523,-0.2251239140862336,5.654131328292578,5.5111597133628205,4.683977964356417
2020-12-28,Crystal Palace,Leicester,away,2020,5,0.13067257267886523,0.2251239140862336,5.054197723118849,5.185314738090581,5.4124668518716
2020-12-28,Chelsea,Aston Villa,home,2020,11,0.13067257267886523,0.36425600938724084,5.480704486975363,5.7125958758490745,5.947083241368417
2020-12-28,Chelsea,Aston Villa,away,2020,4,0.13067257267886523,-0.36425600938724084,5.062251384430539,4.856759427730733,4.223819648442475
2020-12-29,Brighton,Arsenal,home,2020,5,0.1307816209005619,-0.12091116103024896,5.7366847913147865,5.658313735235199,4.916501228419161
2020-12-29,Brighton,Arsenal,away,2020,4,0.1307816209005619,0.12091116103024896,4.386367142014197,4.447120971044882,4.956050604129843
2020-12-29,Burnley,Sheffield United,home,2020,3,0.1307816209005619,0.10007962439252077,6.408620803431897,6.4820040339254605,5.586068844521385
2020-12-29,Burnley,Sheffield United,away,2020,5,0.1307816209005619,-0.10007962439252077,5.1259673448185525,5.067935902505565,4.739847286766448
2020-12-29,Southampton,West Ham,home,2020,4,0.1307816209005619,0.14969266818351618,5.407564938068401,5.5004439095019055,5.410070156750101
2020-12-29,Southampton,West Ham,away,2020,3,0.1307816209005619,-0.14969266818351618,5.026447043289628,4.9415718515729665,4.61346903912003
2020-12-29,West Brom,Leeds,home,2020,3,0.1307816209005619,-0.20510799588723577,6.3520346014936075,6.205530358857297,4.898141730865032
2020-12-29,West Brom,Leeds,away,2020,10,0.1307816209005619,0.20510799588723577,6.089365078689343,6.233126814979303,5.687844069100805
2020-12-29,Man United,Wolves,home,2020,2,0.1307816209005619,0.45978901383771587,5.500045318748953,5.795400671850023,6.198280566188867
2020-12-29,Man United,Wolves,away,2020,2,0.1307816209005619,-0.45978901383771587,4.834931105284027,4.588524883405903,3.9994183299302923
2020-12-30,Newcastle,Liverpool,home,2020,5,0.13077488193076903,-0.6437939853130626,3.311384207160994,3.077521385141069,3.323184138518312
2020-12-30,Newcastle,Liverpool,away,2020,12,0.13077488193076903,0.6437939853130626,6.20238334694668,6.673706431741375,6.882598440523996
2021-01-01,Everton,West Ham,home,2020,5,0.1309647937736808,0.1722488038277512,4.991245698215577,5.0900189186688465,5.32709047328474
2021-01-01,Everton,West Ham,away,2020,4,0.1309647937736808,-0.1722488038277512,4.448389082894562,4.3620668663041435,4.399095750157028
2021-01-01,Man United,Aston Villa,home,2020,5,0.1309647937736808,0.33426123422869736,5.608180343629509,5.8255523418177955,5.91458519806635
2021-01-01,Man United,Aston Villa,away,2020,10,0.1309647937736808,-0.33426123422869736,5.304954539413408,5.10700788974508,4.340450489029551
2021-01-02,Tottenham,Leeds,home,2020,3,0.13070869879277494,0.30149679258731293,5.4454816649219095,5.635502105871266,5.780179027696359
2021-01-02,Tottenham,Leeds,away,2020,5,0.13070869879277494,-0.30149679258731293,6.173547728077481,5.965385218424791,4.613762200904604
2021-01-02,Crystal Palace,Sheffield United,home,2020,3,0.13070869879277494,0.2323520304107805,6.809300538653014,6.991695781420989,6.019089137499881
2021-01-02,Crystal Palace,Sheffield United,away,2020,6,0.13070869879277494,-0.2323520304107805,4.9129495666036025,4.7847834311020145,4.4238776075796835
2021-01-02,Brighton,Wolves,home,2020,5,0.13070869879277494,0.02400000000000002,5.168275997333048,5.182406637809217,5.059007412249427
2021-01-02,Brighton,Wolves,away,2020,8,0.13070869879277494,-0.02400000000000002,4.159408422965951,4.148067146773983,4.58579483773984
2021-01-02,West Brom,Arsenal,home,2020,3,0.13070869879277494,-0.4294254963443478,5.450131983958473,5.190270801204832,4.248518024818911
2021-01-02,West Brom,Arsenal,away,2020,5,0.13070869879277494,0.4294254963443478,6.0418298801612575,6.344326054019957,6.23671267261889
2021-01-03,Newcastle,Leicester,home,2020,3,0.1301640422633231,-0.3892427892984973,4.707593056121025,4.503677188532123,4.128307692669145
2021-01-03,Newcastle,Leicester,away,2020,6,0.1301640422633231,0.3892427892984973,5.557529594094952,5.809161409917932,5.974354059732048
2021-01-03,Chelsea,Man City,home,2020,5,0.1301640422633231,-0.10857019578232024,4.213692157486567,4.161966508067631,4.4890843349652565
2021-01-03,Chelsea,Man City,away,2020,3,0.1301640422633231,0.10857019578232024,6.014812835490438,6.0895659838990115,5.4400899211166385
2021-01-04,Southampton,Liverpool,home,2020,1,0.12994224629595497,-0.38375221031283785,3.9321103369200925,3.7641360668488586,3.9121562988040988
2021-01-04,Southampton,Liverpool,away,2020,10,0.12994224629595497,0.38375221031283785,6.090526340916646,6.362315590374235,6.133101961642139
2021-01-12,Sheffield United,Newcastle,home,2020,5,0.1302525570226344,0.07875941262825509,6.58484201637381,6.644108181498113,5.583083972805632
2021-01-12,Sheffield United,Newcastle,away,2020,2,0.1302525570226344,-0.07875941262825509,3.868641258417187,3.8341325590756377,4.381079731817596
2021-01-12,Burnley,Man United,home,2020,3,0.1302525570226344,-0.5164286543596888,4.464244763345567,4.209517842488648,3.8486033770498853
2021-01-12,Burnley,Man United,away,2020,4,0.1302525570226344,0.5164286543596888,5.122758352975002,5.432747408818017,6.145421894154949
2021-01-12,Wolves,Everton,home,2020,6,0.1302525570226344,0.07422091824597576,5.192191715939312,5.236219188994413,5.174694674848355
2021-01-12,Wolves,Everton,away,2020,5,0.1302525570226344,-0.07422091824597576,3.979491891012256,3.9460313031948493,4.428284482999427
2021-01-13,Man City,Brighton,home,2020,8,0.1299609087573444,0.7506674401915849,6.750583421355594,7.352418052368355,7.4688433219776
2021-01-13,Man City,Brighton,away,2020,4,0.1299609087573444,-0.7506674401915849,3.2290054006150366,2.964694086979738,3.119655167493749
2021-01-13,Tottenham,Fulham,home,2020,6,0.1299609087573444,0.5645473004378991,5.18512711382751,5.529075126155814,6.360200722897624
2021-01-13,Tottenham,Fulham,away,2020,5,0.1299609087573444,-0.5645473004378991,5.065438330765064,4.7503318426661085,3.8825820049641053
2021-01-14,Arsenal,Crystal Palace,home,2020,7,0.12953558311694707,0.4666847716994722,6.578885081865881,6.937615139382242,6.573159335478673
2021-01-14,Arsenal,Crystal Palace,away,2020,3,0.12953558311694707,-0.4666847716994722,4.839147898134272,4.588925340533237,3.9888924078457477
2021-01-16,Wolves,West Brom,home,2020,11,0.12941686763113708,0.45278500151194434,6.49274556975925,6.835960270844755,6.507970986833004
2021-01-16,Wolves,West Brom,away,2020,0,0.12941686763113708,-0.45278500151194434,2.872303966450549,2.728093510536034,3.4103662339138334
2021-01-16,Leeds,Brighton,home,2020,5,0.12941686763113708,0.15216310293386376,6.201885719107718,6.310180977937051,5.652024245332134
2021-01-16,Leeds,Brighton,away,2020,2,0.12941686763113708,-0.15216310293386376,5.0469187417239185,4.96030357595663,4.6145080198203035
2021-01-16,West Ham,Burnley,home,2020,7,0.12941686763113708,0.3165729344702142,6.568324586498011,6.809195486616984,6.16699833759983
2021-01-16,West Ham,Burnley,away,2020,4,0.12941686763113708,-0.3165729344702142,4.483231368707298,4.324639949596984,4.149502781993544
2021-01-16,Fulham,Chelsea,home,2020,1,0.12941686763113708,-0.4670839805201629,4.201434058998105,3.9840054521579167,3.8558998107564206
2021-01-16,Fulham,Chelsea,away,2020,12,0.12941686763113708,0.4670839805201629,5.474625641631436,5.77340541001422,6.144806728972315
2021-01-16,Leicester,Southampton,home,2020,2,0.12941686763113708,0.32340138096667664,6.432947868445255,6.67403696111154,6.1447673638317815
2021-01-16,Leicester,Southampton,away,2020,5,0.12941686763113708,-0.32340138096667664,4.351936088716972,4.194729239386653,4.099427144196463
2021-01-17,Sheffield United,Tottenham,home,2020,5,0.13040110171074826,-0.42063303095556437,5.6648861673606525,5.400184556720076,4.3159624671158525
2021-01-17,Sheffield United,Tottenham,away,2020,7,0.13040110171074826,0.42063303095556437,4.351880461945835,4.565197202418865,5.609722775866287
2021-01-17,Liverpool,Man United,home,2020,7,0.13040110171074826,0.22422344489126317,6.117291842061486,6.275344962916826,5.801473289670093
2021-01-17,Liverpool,Man United,away,2020,3,0.13040110171074826,-0.22422344489126317,3.8572654526765224,3.760114961928101,4.116713382410582
2021-01-17,Man City,Crystal Palace,home,2020,11,0.13040110171074826,0.7625807818624856,7.215674046435968,7.869631626350086,7.663932449451083
2021-01-17,Man City,Crystal Palace,away,2020,1,0.13040110171074826,-0.7625807818624856,3.030473939998319,2.7786449475003234,3.0432491209164745
2021-01-18,Arsenal,Newcastle,home,2020,7,0.13045347298309426,0.5381453400031384,7.10072418615958,7.5490319277088505,6.937260385645976
2021-01-18,Arsenal,Newcastle,away,2020,2,0.13045347298309426,-0.5381453400031384,4.276255126664572,4.022304912056681,3.72419966101287
2021-01-19,West Ham,West Brom,home,2020,3,0.13044372798189793,0.4497235786664321,6.570640537547371,6.915563855643901,6.523777566876961
2021-01-19,West Ham,West Brom,away,2020,1,0.13044372798189793,-0.4497235786664321,3.131490177326922,2.9753027709061444,3.5079553955720932
2021-01-19,Leicester,Chelsea,home,2020,6,0.13044372798189793,-0.05461136131932853,4.937740141078522,4.9071575207147005,4.824998820606926
2021-01-19,Leicester,Chelsea,away,2020,3,0.13044372798189793,0.05461136131932853,5.572485575877037,5.6072146853728135,5.192654154020171
2021-01-20,Man City,Aston Villa,home,2020,16,0.13060251598028905,0.6786767861408892,6.74435280643844,7.285716358124278,7.243494275916868
2021-01-20,Man City,Aston Villa,away,2020,2,0.13060251598028905,-0.6786767861408892,3.9160522409599015,3.6250708404296264,3.4150344381246427
2021-01-20,Fulham,Man United,home,2020,2,0.13060251598028905,-0.4603225461924596,4.134862437670579,3.9238961616843886,3.847707315486137
2021-01-20,Fulham,Man United,away,2020,8,0.13060251598028905,0.4603225461924596,5.038193511731256,5.3090694164625045,5.970722088704737
2021-01-21,Liverpool,Burnley,home,2020,12,0.13190819442906931,0.735054549608728,8.530318582741115,9.274334070554312,7.981121637300388
2021-01-21,Liverpool,Burnley,away,2020,0,0.13190819442906931,-0.735054549608728,3.5506740165137667,3.2658280706630975,3.2345754359394494
2021-01-23,Aston Villa,Newcastle,home,2020,5,0.1326357609201496,0.48801157365930703,7.433491293223365,7.857862998950046,6.889817777947212
2021-01-23,Aston Villa,Newcastle,away,2020,4,0.1326357609201496,-0.48801157365930703,3.6316811834896416,3.4355486295498587,3.6149278234138738
2021-01-26,Crystal Palace,West Ham,home,2020,3,0.13245695147361197,-0.09796933181328277,5.003118425413127,4.947665453516066,4.757067462672378
2021-01-26,Crystal Palace,West Ham,away,2020,4,0.13245695147361197,0.09796933181328277,5.015009128699309,5.071216882212562,5.11754840829704
2021-01-26,Newcastle,Leeds,home,2020,9,0.13245695147361197,-0.24707412223667108,4.737691092579845,4.606375447148384,4.392009224837312
2021-01-26,Newcastle,Leeds,away,2020,5,0.13245695147361197,0.24707412223667108,6.506915795714959,6.692410846495381,5.910264046973976
2021-01-26,Southampton,Arsenal,home,2020,4,0.13245695147361197,-0.18406185062504343,5.07580016855891,4.970618256871211,4.60817761269691
2021-01-26,Southampton,Arsenal,away,2020,5,0.13245695147361197,0.18406185062504343,5.251997754252016,5.3631338615578,5.383603580383395
2021-01-26,West Brom,Man City,home,2020,3,0.13245695147361197,-0.7391887440591032,3.6745116115026875,3.378141818955975,3.2974014120972175
2021-01-26,West Brom,Man City,away,2020,8,0.13245695147361197,0.7391887440591032,7.910026986140238,8.603986323124438,7.729149404200442
2021-01-27,Burnley,Aston Villa,home,2020,2,0.13198383380103565,-0.22955130198761625,5.073807292052956,4.943019524613039,4.520096665903421
2021-01-27,Burnley,Aston Villa,away,2020,4,0.13198383380103565,0.22955130198761625,6.009806020375034,6.168819981019538,5.723252962049895
2021-01-27,Chelsea,Wolves,home,2020,13,0.13198383380103565,0.41837264559172943,5.587002158274562,5.859354079889877,6.120848106235982
2021-01-27,Chelsea,Wolves,away,2020,1,0.13198383380103565,-0.41837264559172943,4.330754195720002,4.129453982221026,3.9325588043207187
2021-01-27,Brighton,Fulham,home,2020,10,0.13198383380103565,0.2144206231347049,5.889063239836298,6.034486022731342,5.709494165319206
2021-01-27,Brighton,Fulham,away,2020,0,0.13198383380103565,-0.2144206231347049,4.349753770414399,4.244930709126477,4.291486973319774
2021-01-27,Everton,Leicester,home,2020,5,0.13198383380103565,-0.028524353414744075,5.040236351032059,5.023906804846399,4.909687665012568
2021-01-27,Everton,Leicester,away,2020,11,0.13198383380103565,0.028524353414744075,4.55330608556841,4.568106006209854,4.822547394866182
2021-01-27,Man United,Sheffield United,home,2020,7,0.13198383380103565,0.6579980792819176,7.018862777198488,7.564444479573894,7.27045592989556
2021-01-27,Man United,Sheffield United,away,2020,2,0.13198383380103565,-0.6579980792819176,4.840762733772128,4.491625189010138,3.680198872040661
2021-01-28,Tottenham,Liverpool,home,2020,1,0.13327067134230428,-0.13406044080890706,3.5374469308451526,3.4839048996852773,4.205479673028022
2021-01-28,Tottenham,Liverpool,away,2020,2,0.13327067134230428,0.13406044080890706,6.764768761225616,6.868732408406575,5.7039489208113565
2021-01-30,Everton,Newcastle,home,2020,7,0.13365726836470176,0.4506988684986213,5.871218851762161,6.180111964219096,6.301521484819527
2021-01-30,Everton,Newcastle,away,2020,12,0.13365726836470176,-0.4506988684986213,3.934391254062631,3.7377433021926665,3.765011071613184
2021-01-30,Crystal Palace,Wolves,home,2020,1,0.13365726836470176,-0.043412850203660314,4.978040612174569,4.953515184692727,4.860126615402299
2021-01-30,Crystal Palace,Wolves,away,2020,6,0.13365726836470176,0.043412850203660314,4.945279158079687,4.969763808039728,4.9794182709517685
2021-01-30,Man City,Sheffield United,home,2020,10,0.13365726836470176,0.8026096725486119,9.035166424228708,9.899001638035386,8.360144618675635
2021-01-30,Man City,Sheffield United,away,2020,0,0.13365726836470176,-0.8026096725486119,3.0841130504831114,2.814978287828724,3.008731524207592
2021-01-30,West Brom,Fulham,home,2020,2,0.13365726836470176,-0.12512670345759663,5.611585114558564,5.5322692650979945,4.8741666015124725
2021-01-30,West Brom,Fulham,away,2020,3,0.13365726836470176,0.12512670345759663,5.42378485164711,5.5015453658566695,5.304433292977273
2021-01-30,Arsenal,Man United,home,2020,4,0.13365726836470176,-0.046782982002311624,5.622603181315596,5.592757465370216,5.040913369468618
2021-01-30,Arsenal,Man United,away,2020,7,0.13365726836470176,0.046782982002311624,5.000347699629219,5.0270320244896025,5.003735804316658
2021-01-30,Southampton,Aston Villa,home,2020,7,0.13365726836470176,-0.06258741123280342,5.411489683998305,5.373095056094992,4.948074639973788
2021-01-30,Southampton,Aston Villa,away,2020,1,0.13365726836470176,0.06258741123280342,5.864396178045852,5.906301505754184,5.293706524838997
2021-01-31,Chelsea,Burnley,home,2020,4,0.13446548050375817,0.6153494009898567,8.627465329922314,9.253080276213394,7.6151866617231185
2021-01-31,Chelsea,Burnley,away,2020,2,0.13446548050375817,-0.6153494009898567,3.511527178063769,3.2741074409248356,3.3902585668713687
2021-01-31,Leicester,Leeds,home,2020,6,0.13446548050375817,0.2939384650752902,6.144009670860789,6.352940180311958,5.982624451504277
2021-01-31,Leicester,Leeds,away,2020,4,0.13446548050375817,-0.2939384650752902,5.152038288735317,4.982602097959702,4.374805133363801
2021-01-31,West Ham,Liverpool,home,2020,6,0.13446548050375817,-0.32315981785975945,3.4271197285483552,3.3034111981598158,3.845089496197835
2021-01-31,West Ham,Liverpool,away,2020,5,0.13446548050375817,0.32315981785975945,5.908975143861362,6.130258716296031,5.922309668163236
2021-01-31,Brighton,Tottenham,home,2020,9,0.13446548050375817,-0.10062540838233924,5.917097922637144,5.849746803301121,5.006806983656734
2021-01-31,Brighton,Tottenham,away,2020,2,0.13446548050375817,0.10062540838233924,4.278239683511126,4.327497239634694,4.875775873726009
2021-02-02,Sheffield United,West Brom,home,2020,9,0.13414785182532346,0.2277359799370365,6.691117165732527,6.866739718231188,5.974699461784917
2021-02-02,Sheffield United,West Brom,away,2020,2,0.13414785182532346,-0.2277359799370365,2.809805836859247,2.7379427266579515,3.724142616333493
2021-02-02,Wolves,Arsenal,home,2020,9,0.13414785182532346,-0.178173603718225,5.440563883493265,5.331393458399367,4.720625814739818
2021-02-02,Wolves,Arsenal,away,2020,6,0.13414785182532346,0.178173603718225,4.074114677974126,4.157539927816644,4.961637171633772
2021-02-02,Man United,Southampton,home,2020,5,0.13414785182532346,0.5323237004123944,5.941423199494061,6.312355817068057,6.5463350652666685
2021-02-02,Man United,Southampton,away,2020,3,0.13414785182532346,-0.5323237004123944,4.644014696576091,4.371118716473817,3.8305795170021484
2021-02-02,Newcastle,Crystal Palace,home,2020,9,0.13414785182532346,-0.03513342335775149,5.463312845796606,5.441519657451557,5.020563976288699
2021-02-02,Newcastle,Crystal Palace,away,2020,1,0.13414785182532346,0.03513342335775149,4.847426540308694,4.866840396406241,4.931260826931513
2021-02-03,Burnley,Man City,home,2020,1,0.13415343629241153,-0.7194133895398206,3.104414637866829,2.8604544380087344,3.1548219666015265
2021-02-03,Burnley,Man City,away,2020,3,0.13415343629241153,0.7194133895398206,7.083362116332268,7.687482361914869,7.405802213840293
2021-02-03,Fulham,Leicester,home,2020,5,0.13415343629241153,-0.24672213071080568,4.139977140195319,4.025389658230182,4.211879265236401
2021-02-03,Fulham,Leicester,away,2020,2,0.13415343629241153,0.24672213071080568,5.944125806826013,6.113332384702414,5.74512372269073
2021-02-03,Leeds,Everton,home,2020,7,0.13415343629241153,0.03948549207298829,5.657203869005833,5.6826737593071055,5.237617978358063
2021-02-03,Leeds,Everton,away,2020,1,0.13415343629241153,-0.03948549207298829,4.882671677121264,4.8607874167781935,4.789354728426335
2021-02-03,Aston Villa,West Ham,home,2020,7,0.13415343629241153,0.1457276710354115,5.967356339495,6.067112768803167,5.569401938439449
2021-02-03,Aston Villa,West Ham,away,2020,3,0.13415343629241153,-0.1457276710354115,4.3887356455954585,4.316575358838758,4.429878227808255
2021-02-03,Liverpool,Brighton,home,2020,6,0.13415343629241153,0.5889696328023486,7.12098816346786,7.614475660280313,7.093796610019574
2021-02-03,Liverpool,Brighton,away,2020,3,0.13415343629241153,-0.5889696328023486,3.539232680777962,3.3098581113135634,3.4365773481732687
2021-02-04,Tottenham,Chelsea,home,2020,2,0.13431945604267265,-0.16855036855036853,4.226858848953107,4.1465798172975035,4.38125632264538
2021-02-04,Tottenham,Chelsea,away,2020,7,0.13431945604267265,0.16855036855036853,6.132977629197203,6.25171391956923,5.61332853792319
2021-02-06,Aston Villa,Arsenal,home,2020,3,0.1343074586614755,-0.024585324379856277,6.320761048601644,6.303106769821324,5.277326741177833
2021-02-06,Aston Villa,Arsenal,away,2020,7,0.1343074586614755,0.024585324379856277,4.591818506811775,4.604679663537855,4.827199367891492
2021-02-06,Burnley,Brighton,home,2020,8,0.1343074586614755,-0.16371479782483217,4.499451695151779,4.416424324506283,4.4765369843130935
2021-02-06,Burnley,Brighton,away,2020,7,0.1343074586614755,0.16371479782483217,4.684415033839788,4.772480544464253,5.15073838412643
2021-02-06,Newcastle,Southampton,home,2020,0,0.1343074586614755,-0.06737058975019311,5.216531696434507,5.176702566294455,4.881965551196159
2021-02-06,Newcastle,Southampton,away,2020,7,0.1343074586614755,0.06737058975019311,5.156862073318667,5.196538552313196,5.096063950933728
2021-02-06,Fulham,West Ham,home,2020,7,0.1343074586614755,-0.1875774473358116,4.141355309105777,4.053915473852785,4.318663219045483
2021-02-06,Fulham,West Ham,away,2020,3,0.1343074586614755,0.1875774473358116,5.046935311987907,5.155793820523439,5.325084763534431
2021-02-06,Man United,Everton,home,2020,5,0.1343074586614755,0.4546610965755503,5.609534248910687,5.907321986030864,6.223004481717428
2021-02-06,Man United,Everton,away,2020,1,0.1343074586614755,-0.4546610965755503,4.402303632621138,4.1803837779096105,3.8926838294946258
2021-02-07,Tottenham,West Brom,home,2020,8,0.1342572723874548,0.5230935299521384,5.8141647484421615,6.170669328021786,6.477061826443843
2021-02-07,Tottenham,West Brom,away,2020,0,0.1342572723874548,-0.5230935299521384,3.1115616730276914,2.9317941426171075,3.394354867134707
2021-02-07,Wolves,Leicester,home,2020,8,0.1342572723874548,-0.1713678920762166,5.662908897480053,5.553575127485956,4.793652961188851
2021-02-07,Wolves,Leicester,away,2020,2,0.1342572723874548,0.1713678920762166,4.309530688139085,4.394372835084667,5.034794362003011
2021-02-07,Liverpool,Man City,home,2020,6,0.1342572723874548,-0.16760178922989977,4.536976663844626,4.451288028082652,4.480789773353465
2021-02-07,Liverpool,Man City,away,2020,1,0.1342572723874548,0.16760178922989977,4.985109437695117,5.081074296438314,5.260186688013622
2021-02-07,Sheffield United,Chelsea,home,2020,1,0.1342572723874548,-0.5141564999629303,4.862197312634535,4.585948761511608,3.9561778231819176
2021-02-07,Sheffield United,Chelsea,away,2020,8,0.1342572723874548,0.5141564999629303,5.443053785868288,5.770932661151372,6.256675743740169
2021-02-08,Leeds,Crystal Palace,home,2020,5,0.1348581098931102,0.27859179208380286,6.801162468415962,7.020172413423752,6.1352835271279735
2021-02-08,Leeds,Crystal Palace,away,2020,3,0.1348581098931102,-0.27859179208380286,3.925545525594883,3.80307937247845,4.045493324877478
2021-02-13,Leicester,Liverpool,home,2020,2,0.1347604650490167,-0.17000903611097684,4.015667822882882,3.9387461819851737,4.309181037206921
2021-02-13,Leicester,Liverpool,away,2020,12,0.1347604650490167,0.17000903611097684,5.5591485887126275,5.667715836176751,5.447439707643969
2021-02-13,Crystal Palace,Burnley,home,2020,7,0.1347604650490167,0.09821259394934634,6.288262757063708,6.35891699831242,5.54879316857066
2021-02-13,Crystal Palace,Burnley,away,2020,4,0.1347604650490167,-0.09821259394934634,4.322292733502814,4.274267525181726,4.498071577677401
2021-02-13,Man City,Tottenham,home,2020,4,0.1347604650490167,0.6075114974183986,7.656318778687944,8.204192850800112,7.312795887149681
2021-02-13,Man City,Tottenham,away,2020,2,0.1347604650490167,-0.6075114974183986,3.044329059288731,2.84102947956234,3.2534593573893282
2021-02-13,Brighton,Aston Villa,home,2020,9,0.1347604650490167,-0.028318499833420552,6.4049609367655185,6.384359419076285,5.290801576350608
2021-02-13,Brighton,Aston Villa,away,2020,2,0.1347604650490167,0.028318499833420552,4.540825543860103,4.555478211672951,4.818006090654794
2021-02-14,Southampton,Wolves,home,2020,4,0.13511206435216086,0.08869573455225832,4.9532841765883795,5.0035185319824045,5.130499683190168
2021-02-14,Southampton,Wolves,away,2020,6,0.13511206435216086,-0.08869573455225832,4.9397997298921394,4.89020509890985,4.7080573993107535
2021-02-14,West Brom,Man United,home,2020,4,0.13511206435216086,-0.6172327013604464,4.426976694182107,4.126777732977469,3.6788585748283276
2021-02-14,West Brom,Man United,away,2020,5,0.13511206435216086,0.6172327013604464,5.913897680974724,6.344099173609567,6.705690720961176
2021-02-14,Arsenal,Leeds,home,2020,4,0.13511206435216086,0.26572485591239753,6.495695210600005,6.695061021901838,6.015331552129403
2021-02-14,Arsenal,Leeds,away,2020,5,0.13511206435216086,-0.26572485591239753,5.8414988906739325,5.66755048874777,4.603859361231848
2021-02-14,Everton,Fulham,home,2020,5,0.13511206435216086,0.2616223412468305,5.469160500834802,5.634389589229017,5.691518946534181
2021-02-14,Everton,Fulham,away,2020,4,0.13511206435216086,-0.2616223412468305,4.6676136438401645,4.530735365344402,4.300423827083315
2021-02-15,West Ham,Sheffield United,home,2020,7,0.13438610964213996,0.3636828343958401,6.507855701705214,6.782764076761829,6.272593259425684
2021-02-15,West Ham,Sheffield United,away,2020,7,0.13438610964213996,-0.3636828343958401,4.358257367870272,4.181615303142622,4.032225097498063
2021-02-15,Chelsea,Newcastle,home,2020,10,0.13438610964213996,0.6903085625500716,7.3083306849374585,7.905418581041159,7.463571383466546
2021-02-15,Chelsea,Newcastle,away,2020,5,0.13438610964213996,-0.6903085625500716,3.6145902458938823,3.341584071322226,3.3145463666075776
2021-02-17,Burnley,Fulham,home,2020,5,0.13404655733078163,-0.006343669823061893,4.678373790819807,4.674998659599941,4.842076918778178
2021-02-17,Burnley,Fulham,away,2020,5,0.13404655733078163,0.006343669823061893,4.561509809023452,4.564803006580747,4.780344803076416
2021-02-17,Everton,Man City,home,2020,0,0.13404655733078163,-0.5969479451288751,3.5991401873910625,3.3628293755548277,3.478634007564456
2021-02-17,Everton,Man City,away,2020,10,0.13404655733078163,0.5969479451288751,6.63014218260137,7.0960517209054625,6.8897242314312654
2021-02-19,Wolves,Leeds,home,2020,7,0.13427307355117168,0.09160305343511455,6.2193987149170304,6.284551824643486,5.514398439389603
2021-02-19,Wolves,Leeds,away,2020,9,0.13427307355117168,-0.09160305343511455,4.500313309136517,4.453657729706995,4.567713741804189
2021-02-20,Southampton,Chelsea,home,2020,3,0.13409506284411513,-0.35636739617439245,4.24908522401423,4.080262327012353,4.054360657768128
2021-02-20,Southampton,Chelsea,away,2020,6,0.13409506284411513,0.35636739617439245,6.186146434558949,6.442101341047714,6.092208866544771
2021-02-20,Burnley,West Brom,home,2020,5,0.13409506284411513,0.22747186667812042,5.673704762332454,5.822448219679063,5.674728464710538
2021-02-20,Burnley,West Brom,away,2020,5,0.13409506284411513,-0.22747186667812042,2.912373999610306,2.8379728952219043,3.7664047804311647
2021-02-20,Liverpool,Everton,home,2020,7,0.13409506284411513,0.5098434691103608,6.686480172105753,7.085782938262323,6.727772390245902
2021-02-20,Liverpool,Everton,away,2020,2,0.13409506284411513,-0.5098434691103608,3.2577897978053425,3.074204654264474,3.462569077950958
2021-02-20,Fulham,Sheffield United,home,2020,6,0.13409506284411513,0.16988657609373048,5.699524245831688,5.810752001427307,5.546470391253243
2021-02-20,Fulham,Sheffield United,away,2020,4,0.13409506284411513,-0.16988657609373048,4.8024699294806386,4.710542421399003,4.509841604538528
2021-02-21,West Ham,Tottenham,home,2020,5,0.13354256981540513,0.011945331276679738,5.335695664533837,5.342951647539337,5.083618303619138
2021-02-21,West Ham,Tottenham,away,2020,7,0.13354256981540513,-0.011945331276679738,4.6565264915193625,4.650202706593724,4.774204143856658
2021-02-21,Aston Villa,Leicester,home,2020,7,0.13354256981540513,-0.058817092520654424,6.14328906719899,6.102319235699884,5.155756129467646
2021-02-21,Aston Villa,Leicester,away,2020,8,0.13354256981540513,0.058817092520654424,4.657483547980863,4.688753022552811,4.919083408608439
2021-02-21,Arsenal,Man City,home,2020,1,0.13354256981540513,-0.47398804158610675,3.9111344806135238,3.705817316648645,3.7598599054916177
2021-02-21,Arsenal,Man City,away,2020,3,0.13354256981540513,0.47398804158610675,6.770617870617286,7.145737295214888,6.584571509902127
2021-02-21,Man United,Newcastle,home,2020,6,0.13354256981540513,0.6456994059728212,6.66389383566166,7.171841882667062,7.116824367893965
2021-02-21,Man United,Newcastle,away,2020,4,0.13354256981540513,-0.6456994059728212,4.087167248554253,3.7976922914020284,3.5093030126093474
2021-02-22,Brighton,Crystal Palace,home,2020,13,0.13313738723049903,0.3715854303942494,7.0398587723910575,7.343839788946337,6.449538511427571
2021-02-22,Brighton,Crystal Palace,away,2020,0,0.13313738723049903,-0.3715854303942494,3.348219548188418,3.2096278562181606,3.7018317191661594
2021-02-23,Leeds,Southampton,home,2020,2,0.1339988270872222,0.09646927995551852,5.721486549652018,5.784625178579397,5.3838847793065625
2021-02-23,Leeds,Southampton,away,2020,4,0.1339988270872222,-0.09646927995551852,4.499778447196038,4.450663797091309,4.558184187172319
2021-02-27,Man City,West Ham,home,2020,4,0.13405773385372577,0.7015057405471378,7.047660346650142,7.6331689433901815,7.414490243291775
2021-02-27,Man City,West Ham,away,2020,2,0.13405773385372577,-0.7015057405471378,2.8897804136672756,2.668117394357539,3.0767023531732107
2021-02-27,West Brom,Brighton,home,2020,7,0.13405773385372577,-0.2577186374508563,5.146832788158915,4.998120569275129,4.486676611935934
2021-02-27,West Brom,Brighton,away,2020,4,0.13405773385372577,0.2577186374508563,5.462141274643759,5.624659792864857,5.621704829638345
2021-02-27,Leeds,Aston Villa,home,2020,7,0.13405773385372577,0.12247659990674087,6.070088291620617,6.155258787305199,5.544492629128381
2021-02-27,Leeds,Aston Villa,away,2020,5,0.13405773385372577,-0.12247659990674087,4.783683450520043,4.717491482845309,4.595267323238984
2021-02-27,Newcastle,Wolves,home,2020,3,0.13405773385372577,-0.14721723518850988,4.517685069939267,4.4426516540359255,4.513463467763424
2021-02-27,Newcastle,Wolves,away,2020,5,0.13405773385372577,0.14721723518850988,5.476461610361979,5.568955385181274,5.370212670405391
2021-02-28,Crystal Palace,Fulham,home,2020,1,0.13358556028207308,-0.1493055688514986,5.11526777331667,5.0291142500488615,4.687494457774951
2021-02-28,Crystal Palace,Fulham,away,2020,3,0.13358556028207308,0.1493055688514986,4.5531771607344655,4.631177427770749,5.074411050853978
2021-02-28,Leicester,Arsenal,home,2020,2,0.13358556028207308,0.05018604264943721,5.41808324725909,5.449106039578951,5.190962981974648
2021-02-28,Leicester,Arsenal,away,2020,7,0.13358556028207308,-0.05018604264943721,5.134830894624068,5.105597330203685,4.843204738995527
2021-02-28,Tottenham,Burnley,home,2020,3,0.13358556028207308,0.47467775238322973,6.286892244556548,6.635731982347254,6.502694620879451
2021-02-28,Tottenham,Burnley,away,2020,4,0.13358556028207308,-0.47467775238322973,4.157186781445322,3.938643906198966,3.791673528787335
2021-02-28,Chelsea,Man United,home,2020,3,0.13358556028207308,0.13616766880123243,5.855633015868323,5.947050223445697,5.514427038261607
2021-02-28,Chelsea,Man United,away,2020,4,0.13358556028207308,-0.13616766880123243,4.156633230492776,4.092738057494757,4.373088965226246
2021-02-28,Sheffield United,Liverpool,home,2020,4,0.13358556028207308,-0.552669206169026,3.7753663269482947,3.5452991460230443,3.597368711343119
2021-02-28,Sheffield United,Liverpool,away,2020,3,0.13358556028207308,0.552669206169026,6.058795837065841,6.451972835852819,6.575049993978368
2021-03-01,Everton,Southampton,home,2020,4,0.13370249585222538,0.15032337997431144,4.749329737836248,4.831249673923825,5.196991264249963
2021-03-01,Everton,Southampton,away,2020,10,0.13370249585222538,-0.15032337997431144,5.324818059332223,5.234529048302042,4.6958745412248
2021-03-02,Man City,Wolves,home,2020,10,0.1336818634507988,0.7242937853107345,6.488636971192793,7.045945744499399,7.2957265290529225
2021-03-02,Man City,Wolves,away,2020,2,0.1336818634507988,-0.7242937853107345,3.046473519193005,2.8055085044938832,3.097846182804868
2021-03-03,Burnley,Leicester,home,2020,5,0.13384091243738255,-0.22624935278258856,4.6371710191810065,4.51933581059535,4.401224276434262
2021-03-03,Burnley,Leicester,away,2020,8,0.13384091243738255,0.22624935278258856,5.4082505581942,5.549262945703496,5.530503045466747
2021-03-03,Sheffield United,Aston Villa,home,2020,2,0.13384091243738255,-0.2063520169406391,5.971153989294076,5.832608901417894,4.802140960805349
2021-03-03,Sheffield United,Aston Villa,away,2020,7,0.13384091243738255,0.2063520169406391,4.839762495038585,4.954723969656224,5.297744609146314
2021-03-03,Crystal Palace,Man United,home,2020,4,0.13384091243738255,-0.5384191682732028,4.223503240751137,3.972561999765887,3.7477838431325634
2021-03-03,Crystal Palace,Man United,away,2020,6,0.13384091243738255,0.5384191682732028,5.0297908628743375,5.347515787268302,6.167357241357144
2021-03-04,Fulham,Tottenham,home,2020,4,0.13342360800812225,-0.24632897259775252,4.69342686935051,4.563724967628496,4.380556153183272
2021-03-04,Fulham,Tottenham,away,2020,1,0.13342360800812225,0.24632897259775252,4.933389388348456,5.073597220797329,5.420049989525144
2021-03-04,West Brom,Everton,home,2020,3,0.13342360800812225,-0.30502758158147236,5.021717390138638,4.850444090188505,4.364481710741808
2021-03-04,West Brom,Everton,away,2020,3,0.13342360800812225,0.30502758158147236,4.925974534614702,5.099914878699979,5.553239898114115
2021-03-04,Liverpool,Chelsea,home,2020,5,0.13342360800812225,0.11488700263635121,5.50643944599463,5.578882190818463,5.361457012092414
2021-03-04,Liverpool,Chelsea,away,2020,2,0.13342360800812225,-0.11488700263635121,4.381447323030847,4.324553475925818,4.485524606781823
2021-03-06,Burnley,Arsenal,home,2020,2,0.1336488422654691,-0.4084665226781858,4.373696726593924,4.175103077845537,4.00217318645938
2021-03-06,Burnley,Arsenal,away,2020,4,0.1336488422654691,0.4084665226781858,5.695286074062121,5.966189000534903,6.0690999221811595
2021-03-06,Sheffield United,Southampton,home,2020,7,0.1336488422654691,-0.19710651163302673,4.952226499734495,4.842413655185985,4.547840940581546
2021-03-06,Sheffield United,Southampton,away,2020,3,0.1336488422654691,0.19710651163302673,4.878679089516291,4.98931433602923,5.29032357083369
2021-03-06,Aston Villa,Wolves,home,2020,5,0.1336488422654691,0.09074152842761946,5.98961290983592,6.051765656485964,5.4481038640005135
2021-03-06,Aston Villa,Wolves,away,2020,3,0.1336488422654691,-0.09074152842761946,4.6875211224244895,4.6393794181226164,4.627778947619954
2021-03-06,Brighton,Leicester,home,2020,6,0.1336488422654691,0.04386328162329184,6.568461950428324,6.601321433944846,5.497284268084841
2021-03-06,Brighton,Leicester,away,2020,6,0.1336488422654691,-0.04386328162329184,4.182304369693463,4.161486058864005,4.555341507073262
2021-03-07,West Brom,Newcastle,home,2020,9,0.13322939938950473,0.08095341621044716,5.755065466721003,5.80831290634155,5.3585469423277035
2021-03-07,West Brom,Newcastle,away,2020,7,0.13322939938950473,-0.08095341621044716,4.939206053768651,4.893926110975909,4.723272135459606
2021-03-07,Liverpool,Fulham,home,2020,9,0.13322939938950473,0.5795812248475914,6.55978842808784,7.006896620360435,6.887318137558768
2021-03-07,Liverpool,Fulham,away,2020,4,0.13322939938950473,-0.5795812248475914,3.075109809648244,2.878887878239068,3.302329935026718
2021-03-07,Man City,Man United,home,2020,6,0.13322939938950473,0.496017756887322,6.309925920173267,6.6762323781431,6.568939958758643
2021-03-07,Man City,Man United,away,2020,2,0.13322939938950473,-0.496017756887322,3.0537022602701382,2.8861540391632587,3.4132966617245164
2021-03-07,Tottenham,Crystal Palace,home,2020,1,0.13322939938950473,0.5168162879601392,5.768455086531613,6.117786416789795,6.444074866575389
2021-03-07,Tottenham,Crystal Palace,away,2020,5,0.13322939938950473,-0.5168162879601392,3.8763270527773104,3.6549851500678283,3.644593163996136
2021-03-08,Chelsea,Everton,home,2020,7,0.1330766491685756,0.4649359941810738,6.256384929283588,6.596217409024231,6.466234868991202
2021-03-08,Chelsea,Everton,away,2020,3,0.1330766491685756,-0.4649359941810738,3.546582445604929,3.3638650134224064,3.6233919823498906
2021-03-08,West Ham,Leeds,home,2020,6,0.1330766491685756,0.1811134965145696,5.563475578708283,5.679297503466195,5.530984058985215
2021-03-08,West Ham,Leeds,away,2020,6,0.1330766491685756,-0.1811134965145696,5.857343953914967,5.737891002155086,4.775067873692544
2021-03-10,Man City,Southampton,home,2020,5,0.13269840305150124,0.7255915703503846,6.843639895839036,7.432537141902852,7.4219032234491085
2021-03-10,Man City,Southampton,away,2020,5,0.13269840305150124,-0.7255915703503846,2.995984436662618,2.7586056048699295,3.080069279348883
2021-03-12,Newcastle,Aston Villa,home,2020,2,0.13247948088533096,-0.2066469006412467,5.080141346303271,4.962103417961144,4.56572737612075
2021-03-12,Newcastle,Aston Villa,away,2020,2,0.13247948088533096,0.2066469006412467,5.840644015604812,5.979580563619989,5.618047652071332
2021-03-13,Leeds,Chelsea,home,2020,8,0.1327132091205621,-0.3348283847944712,4.630728535627176,4.457652019477399,4.202487009981332
2021-03-13,Leeds,Chelsea,away,2020,5,0.1327132091205621,0.3348283847944712,5.477953881745636,5.690645489197049,5.812684436583508
2021-03-13,Crystal Palace,West Brom,home,2020,3,0.1327132091205621,0.1578595241444064,5.834496039985337,5.940224426537945,5.55881713171504
2021-03-13,Crystal Palace,West Brom,away,2020,2,0.1327132091205621,-0.1578595241444064,3.0622859385240147,3.007781170994283,3.93971592969722
2021-03-13,Everton,Burnley,home,2020,7,0.1327132091205621,0.2925938884231234,6.209504306466033,6.419679924292697,5.999024565033219
2021-03-13,Everton,Burnley,away,2020,4,0.1327132091205621,-0.2925938884231234,4.781629167769659,4.625082131717123,4.276683265962833
2021-03-13,Fulham,Man City,home,2020,4,0.1327132091205621,-0.6092472174572148,2.93853560482196,2.741759430382028,3.248720978874426
2021-03-13,Fulham,Man City,away,2020,2,0.1327132091205621,0.6092472174572148,6.142719163523818,6.583582342204908,6.762687296309611
2021-03-14,Southampton,Brighton,home,2020,4,0.13250528565886488,-0.046891706124942645,5.483253120374856,5.454079635381354,5.001414321731721
2021-03-14,Southampton,Brighton,away,2020,5,0.13250528565886488,0.046891706124942645,4.821982545334604,4.8477749878418015,4.947644110485074
2021-03-14,Leicester,Sheffield United,home,2020,9,0.13250528565886488,0.47704389850986717,6.799073198870734,7.178264268068003,6.670006196950093
2021-03-14,Leicester,Sheffield United,away,2020,1,0.13250528565886488,-0.47704389850986717,4.670492598426689,4.423774308887872,3.9278483570522353
2021-03-14,Arsenal,Tottenham,home,2020,6,0.13250528565886488,0.03447618745136649,5.767329909689578,5.7899950223599514,5.258065175731578
2021-03-14,Arsenal,Tottenham,away,2020,3,0.13250528565886488,-0.03447618745136649,4.779693584073,4.760983327294796,4.767703307345765
2021-03-14,Man United,West Ham,home,2020,6,0.13250528565886488,0.2982689747003995,5.508261278389684,5.698379501045551,5.792975563217565
2021-03-14,Man United,West Ham,away,2020,3,0.13250528565886488,-0.2982689747003995,4.148831604059129,4.010411814622942,4.081840985640524
2021-03-15,Wolves,Liverpool,home,2020,3,0.13230580650795518,-0.3452753545981221,4.168287100008014,4.00772858546066,4.04906576508857
2021-03-15,Wolves,Liverpool,away,2020,2,0.13230580650795518,0.3452753545981221,5.422200318004664,5.639425713904807,5.81975758627487
2021-03-19,Fulham,Leeds,home,2020,13,0.1324362068226086,0.07493965973980099,4.852737912305176,4.894287149139319,5.068339084454294
2021-03-19,Fulham,Leeds,away,2020,7,0.1324362068226086,-0.07493965973980099,5.486960392142825,5.440379754373583,4.893026513967087
2021-03-20,Brighton,Newcastle,home,2020,3,0.13275771938193573,0.4230516329022764,7.743474431569426,8.12527280967668,6.789596073431926
2021-03-20,Brighton,Newcastle,away,2020,1,0.13275771938193573,-0.4230516329022764,3.7366506809371614,3.5610692324181494,3.74842678565446
2021-03-21,West Ham,Arsenal,home,2020,3,0.13301552154174165,-0.04463873738509044,4.850813115373976,4.826241368260528,4.818581561594407
2021-03-21,West Ham,Arsenal,away,2020,5,0.13301552154174165,0.04463873738509044,5.422817672191187,5.450426756427983,5.127183821133276
2021-03-21,Aston Villa,Tottenham,home,2020,5,0.13301552154174165,-0.07317284378247318,6.198563623617413,6.147177427340028,5.1389731531280365
2021-03-21,Aston Villa,Tottenham,away,2020,8,0.13301552154174165,0.07317284378247318,4.37537978218125,4.41195496273083,4.85351335998795
2021-04-03,Chelsea,West Brom,home,2020,10,0.13271540315956415,0.7209775916874763,7.499953416017703,8.141052168293003,7.621921985562901
2021-04-03,Chelsea,West Brom,away,2020,3,0.13271540315956415,-0.7209775916874763,2.4638337993433823,2.26980964350703,2.9036154446440148
2021-04-03,Leeds,Sheffield United,home,2020,5,0.13271540315956415,0.48029734411085456,7.391690253678927,7.806821176582298,6.8553903273742005
2021-04-03,Leeds,Sheffield United,away,2020,7,0.13271540315956415,-0.48029734411085456,4.177914366002062,3.955752053411603,3.7885690277885207
2021-04-03,Leicester,Man City,home,2020,1,0.13271540315956415,-0.4541759152782606,3.639434980883972,3.456162052586312,3.707273646752226
2021-04-03,Leicester,Man City,away,2020,1,0.13271540315956415,0.4541759152782606,5.912850046426983,6.2263959178605,6.259889069538519
2021-04-03,Arsenal,Liverpool,home,2020,1,0.13271540315956415,-0.11793376030949426,3.9871046330576285,3.933967577434979,4.39503899953263
2021-04-03,Arsenal,Liverpool,away,2020,2,0.13271540315956415,0.11793376030949426,6.063099263750146,6.1449950182224296,5.47523216887657
2021-04-04,Southampton,Burnley,home,2020,6,0.13337861178647853,0.20258620689655166,6.3356500483788345,6.483365940219383,5.811973509755858
2021-04-04,Southampton,Burnley,away,2020,7,0.13337861178647853,-0.20258620689655166,4.31584193467932,4.217510536096809,4.302443777240692
2021-04-04,Newcastle,Tottenham,home,2020,7,0.13337861178647853,-0.4184794927074053,4.679247164927918,4.461694219684395,4.070070548911913
2021-04-04,Newcastle,Tottenham,away,2020,3,0.13337861178647853,0.4184794927074053,5.105038413020057,5.353960927125561,5.890469773795707
2021-04-04,Aston Villa,Fulham,home,2020,4,0.13337861178647853,0.13163240182198693,6.182633347882057,6.2759166846237155,5.597890681984716
2021-04-04,Aston Villa,Fulham,away,2020,4,0.13337861178647853,-0.13163240182198693,4.3211870065181195,4.256958183398095,4.434790830097961
2021-04-04,Man United,Brighton,home,2020,5,0.13337861178647853,0.40511637146348023,6.014941224293216,6.298647842293132,6.228351727202897
2021-04-04,Man United,Brighton,away,2020,6,0.13337861178647853,-0.40511637146348023,4.267512811219233,4.075293519514628,3.936509586865254
2021-04-05,Everton,Crystal Palace,home,2020,3,0.13264927254077066,0.3356959687533147,5.810104604442689,6.036288333769042,5.9837606849431735
2021-04-05,Everton,Crystal Palace,away,2020,4,0.13264927254077066,-0.3356959687533147,4.530727075238273,4.36095772530442,4.129725742268352
2021-04-05,Wolves,West Ham,home,2020,4,0.13264927254077066,-0.046472899168937265,5.709548174043335,5.679441288741551,5.0657388903169895
2021-04-05,Wolves,West Ham,away,2020,2,0.13264927254077066,0.046472899168937265,3.8081126330108583,3.828299550073564,4.595944742158554
2021-04-09,Fulham,Wolves,home,2020,3,0.13265775263253002,0.06792995181514755,4.852941766566648,4.890591116541692,5.053450200941168
2021-04-09,Fulham,Wolves,away,2020,4,0.13265775263253002,-0.06792995181514755,4.655693168275815,4.619852138573707,4.662586888593596
2021-04-10,Man City,Leeds,home,2020,9,0.13261163753459357,0.6373789090605742,8.043663391996832,8.648592337696952,7.5202295248209206
2021-04-10,Man City,Leeds,away,2020,3,0.13261163753459357,-0.6373789090605742,3.6896945459194765,3.431617515060959,3.411126949993503
2021-04-10,Liverpool,Aston Villa,home,2020,7,0.13261163753459357,0.4778210081646822,7.021959468719981,7.414236579492868,6.7395982438514865
2021-04-10,Liverpool,Aston Villa,away,2020,0,0.13261163753459357,-0.4778210081646822,3.732825225696536,3.535326551509834,3.6617026271894626
2021-04-10,Crystal Palace,Chelsea,home,2020,0,0.13261163753459357,-0.4839346237177816,4.016293926877013,3.801152612053965,3.7752128416182753
2021-04-10,Crystal Palace,Chelsea,away,2020,8,0.13261163753459357,0.4839346237177816,5.8409404994079015,6.171531703470814,6.314790125977994
2021-04-11,Burnley,Newcastle,home,2020,13,0.13315003141936937,0.12692656391659113,5.288097412555438,5.3650110245271145,5.321220921220187
2021-04-11,Burnley,Newcastle,away,2020,3,0.13315003141936937,-0.12692656391659113,4.744487710776627,4.676470015170265,4.57491029190497
2021-04-11,West Ham,Leicester,home,2020,1,0.13315003141936937,-0.07930021858393582,5.2469506677157645,5.199827368561794,4.866284607961373
2021-04-11,West Ham,Leicester,away,2020,9,0.13315003141936937,0.07930021858393582,5.540729267932497,5.590941981608827,5.237644686584241
2021-04-11,Tottenham,Man United,home,2020,7,0.13315003141936937,-0.051093036072340114,4.147433151604519,4.123395535492883,4.576524309133136
2021-04-11,Tottenham,Man United,away,2020,5,0.13315003141936937,0.051093036072340114,4.927759581804248,4.956486293102801,4.990044330951156
2021-04-11,Sheffield United,Arsenal,home,2020,2,0.13315003141936937,-0.4469230712259575,4.854585288504812,4.613925900982904,4.06792602777113
2021-04-11,Sheffield United,Arsenal,away,2020,4,0.13315003141936937,0.4469230712259575,4.983517917502479,5.2434549852987145,5.91693619182561
2021-04-12,West Brom,Southampton,home,2020,5,0.1336288942485246,-0.16768853118409727,4.939949969245516,4.846602659196133,4.601032218048223
2021-04-12,West Brom,Southampton,away,2020,10,0.1336288942485246,0.16768853118409727,5.661725644256871,5.770772516115899,5.47320978332
2021-04-12,Brighton,Everton,home,2020,10,0.1336288942485246,0.12711956018161047,6.291074141437499,6.38271585499925,5.617607625324337
2021-04-12,Brighton,Everton,away,2020,3,0.1336288942485246,-0.12711956018161047,3.3455449637887473,3.2975103214445562,4.102664777790555
2021-04-16,Everton,Tottenham,home,2020,6,0.1336186682708208,-0.16173416310261124,5.061751353650505,4.969467630714256,4.647740969708918
2021-04-16,Everton,Tottenham,away,2020,3,0.1336186682708208,0.16173416310261124,5.250658973964766,5.348164460265005,5.332744207204913
2021-04-17,Newcastle,West Ham,home,2020,3,0.13350297592415655,-0.19796787339412653,4.61360159319966,4.510855509614741,4.446944509209393
2021-04-17,Newcastle,West Ham,away,2020,8,0.13350297592415655,0.19796787339412653,4.573310204924742,4.6774788513319265,5.18671035233273
2021-04-17,Wolves,Sheffield United,home,2020,3,0.13350297592415655,0.4013291661979097,7.197687173973643,7.533933618371726,6.57619825024269
2021-04-17,Wolves,Sheffield United,away,2020,3,0.13350297592415655,-0.4013291661979097,3.8257703880195773,3.6550227075624346,3.81079871748421
2021-04-18,Arsenal,Fulham,home,2020,11,0.13344907380794704,0.35229278613749226,5.520397326310872,5.746142280115141,5.9304874074232945
2021-04-18,Arsenal,Fulham,away,2020,1,0.13344907380794704,-0.35229278613749226,4.267275827107903,4.099630137617379,4.0250834730414
2021-04-18,Man United,Burnley,home,2020,8,0.13344907380794704,0.6022400072550842,7.0319766398012336,7.530656169353516,7.105684597040324
2021-04-18,Man United,Burnley,away,2020,3,0.13344907380794704,-0.6022400072550842,4.004023471241343,3.7388773145119036,3.551370627308944
2021-04-19,Leeds,Liverpool,home,2020,10,0.13375527803422504,-0.36679325327585616,3.8806207517655777,3.7220202016618247,3.9240738303433136
2021-04-19,Leeds,Liverpool,away,2020,8,0.13375527803422504,0.36679325327585616,5.653853541468592,5.894772245102335,5.9498559551833
2021-04-20,Chelsea,Brighton,home,2020,0,0.13370097143413695,0.44337153060693785,6.854627977732732,7.209247492997649,6.592691541811387
2021-04-20,Chelsea,Brighton,away,2020,3,0.13370097143413695,-0.44337153060693785,3.927207293419657,3.7340298018589886,3.7745086147969142
2021-04-21,Tottenham,Southampton,home,2020,5,0.13410422937907268,0.3149338086508636,4.572969411735544,4.739783526056475,5.505135424703768
2021-04-21,Tottenham,Southampton,away,2020,5,0.13410422937907268,-0.3149338086508636,5.299493285155287,5.112980488979462,4.374555481253763
2021-04-21,Aston Villa,Man City,home,2020,1,0.13410422937907268,-0.5833191422470821,3.7939382818290293,3.5503380058315863,3.5566211640433454
2021-04-21,Aston Villa,Man City,away,2020,11,0.13410422937907268,0.5833191422470821,5.7266883936514335,6.119615171595802,6.544567961763531
2021-04-22,Leicester,West Brom,home,2020,7,0.13427564663872907,0.44185525431324224,6.502550437840362,6.837775839971982,6.481100912000207
2021-04-22,Leicester,West Brom,away,2020,3,0.13427564663872907,-0.44185525431324224,2.8427161241943733,2.703350535414995,3.4150785732132944
2021-04-23,Arsenal,Everton,home,2020,7,0.13416418012689332,0.21177607559596245,6.008656704668417,6.155180572020859,5.73897528939307
2021-04-23,Arsenal,Everton,away,2020,3,0.13416418012689332,-0.21177607559596245,3.955967081969389,3.861795418086131,4.171085455407259
2021-04-24,Liverpool,Newcastle,home,2020,6,0.13405285590554106,0.6916411845095203,8.276010649359637,8.953514949659885,7.762820795059309
2021-04-24,Liverpool,Newcastle,away,2020,3,0.13405285590554106,-0.6916411845095203,3.0396447585584205,2.8096376153429325,3.138587746905098
2021-04-24,West Ham,Chelsea,home,2020,4,0.13405285590554106,-0.33953411803440614,4.0494073795436085,3.8959718493425166,4.022443628184616
2021-04-24,West Ham,Chelsea,away,2020,2,0.13405285590554106,0.33953411803440614,6.3627379779114985,6.613322456681855,6.102421638443371
2021-04-24,Sheffield United,Brighton,home,2020,2,0.13405285590554106,-0.3710551223166122,5.166652814898881,4.953090160196404,4.282476388486929
2021-04-24,Sheffield United,Brighton,away,2020,12,0.13405285590554106,0.3710551223166122,4.4326313463217994,4.623753350367928,5.525260889237121
2021-04-25,Wolves,Burnley,home,2020,8,0.13438370083545612,0.21608159820530112,7.026543131080981,7.201415172276334,6.036737906862932
2021-04-25,Wolves,Burnley,away,2020,5,0.13438370083545612,-0.21608159820530112,3.519417059726764,3.4339550178462335,4.014538838171644
2021-04-25,Leeds,Man United,home,2020,2,0.13438370083545612,-0.2899869960988296,5.481636796410009,5.30374474984032,4.5138419574324775
2021-04-25,Leeds,Man United,away,2020,6,0.13438370083545612,0.2899869960988296,5.0012010337020305,5.168945510322721,5.544264675646982
2021-04-25,Aston Villa,West Brom,home,2020,11,0.13438370083545612,0.281145847496692,6.947309307271245,7.173109395831913,6.182721283518157
2021-04-25,Aston Villa,West Brom,away,2020,4,0.13438370083545612,-0.281145847496692,3.2065782938149354,3.1056394090488877,3.7942389192590382
2021-04-26,Leicester,Crystal Palace,home,2020,7,0.13425303393898416,0.5270050851993934,6.07226970780963,6.447468889714264,6.576164610096498
2021-04-26,Leicester,Crystal Palace,away,2020,2,0.13425303393898416,-0.5270050851993934,3.69591312219629,3.480835918481375,3.5754717121488544
2021-04-30,Southampton,Leicester,home,2020,0,0.13424082871422033,-0.24399449523783573,4.980780977417387,4.84442453280478,4.466825660100724
2021-04-30,Southampton,Leicester,away,2020,10,0.13424082871422033,0.24399449523783573,5.830746472705459,5.9948650079559815,5.704184755635326
2021-05-01,Crystal Palace,Man City,home,2020,2,0.13466746587412165,-0.6224652868020726,2.7844196974555464,2.5940599542270526,3.1768846233155497
2021-05-01,Crystal Palace,Man City,away,2020,6,0.13466746587412165,0.6224652868020726,6.23773622665304,6.695479643299151,6.833083680739036
2021-05-01,Brighton,Leeds,home,2020,2,0.13466746587412165,0.16413616390015845,7.578934642268149,7.721786350516865,6.046919127602399
2021-05-01,Brighton,Leeds,away,2020,9,0.13466746587412165,-0.16413616390015845,4.433660955274364,4.351638996558273,4.409606785433644
2021-05-01,Chelsea,Fulham,home,2020,1,0.13466746587412165,0.5221898198834717,6.596854741611668,7.000631397579882,6.734499833289377
2021-05-01,Chelsea,Fulham,away,2020,8,0.13466746587412165,-0.5221898198834717,3.3711009437331203,3.176665358042605,3.481491470841096
2021-05-01,Everton,Aston Villa,home,2020,3,0.13466746587412165,0.21495519840705446,5.2536832717988835,5.3837435799802815,5.511174733057923
2021-05-01,Everton,Aston Villa,away,2020,6,0.13466746587412165,-0.21495519840705446,5.334921837739269,5.206040963672346,4.572356320986279
2021-05-02,Newcastle,Arsenal,home,2020,3,0.1347492296062181,-0.20436502936061907,4.171231690379871,4.075370253669211,4.297824438904014
2021-05-02,Newcastle,Arsenal,away,2020,7,0.1347492296062181,0.20436502936061907,5.554530855401353,5.685185317427979,5.525479339306618
2021-05-02,Tottenham,Sheffield United,home,2020,6,0.1347492296062181,0.6596508539696203,5.851550651750871,6.307582166890308,6.874590172840735
2021-05-02,Tottenham,Sheffield United,away,2020,6,0.1347492296062181,-0.6596508539696203,4.5204879407715675,4.193661446838482,3.6000158833929268
2021-05-03,West Brom,Wolves,home,2020,5,0.13438247399386719,-0.04207282711653054,4.877373858517626,4.854084331433767,4.832012169137831
2021-05-03,West Brom,Wolves,away,2020,6,0.13438247399386719,0.04207282711653054,5.554048168046055,5.580696068330178,5.1599474108160495
2021-05-03,Burnley,West Ham,home,2020,5,0.13438247399386719,-0.12161256600637954,4.7039931948252836,4.639359918812659,4.620266603867439
2021-05-03,Burnley,West Ham,away,2020,4,0.13438247399386719,0.12161256600637954,4.71896816982018,4.784710508753185,5.071727567426586
2021-05-07,Leicester,Newcastle,home,2020,9,0.1339836512679713,0.5541926489500817,6.733016708987524,7.171189091331014,6.869569708244613
2021-05-07,Leicester,Newcastle,away,2020,6,0.1339836512679713,-0.5541926489500817,3.8676133529906425,3.6312953121078495,3.5851019479059247
2021-05-08,Leeds,Tottenham,home,2020,8,0.13381668149938772,-0.19300103010186564,5.930848082359739,5.802044143809674,4.819062860850488
2021-05-08,Leeds,Tottenham,away,2020,6,0.13381668149938772,0.19300103010186564,4.718833282363109,4.82359020889873,5.22663356829948
2021-05-08,Sheffield United,Crystal Palace,home,2020,5,0.13381668149938772,-0.057744927330229956,5.675006805614677,5.637847605445781,5.032199272541529
2021-05-08,Sheffield United,Crystal Palace,away,2020,11,0.13381668149938772,0.057744927330229956,3.972370745899111,3.9985527447792064,4.679008114122053
2021-05-08,Man City,Chelsea,home,2020,6,0.13381668149938772,0.2699093557785691,5.7667436111852854,5.946566655439689,5.806520807003695
2021-05-08,Man City,Chelsea,away,2020,2,0.13381668149938772,-0.2699093557785691,3.637960444176673,3.527949212510662,3.9651919260741364
2021-05-08,Liverpool,Southampton,home,2020,8,0.13381668149938772,0.6497293947074253,6.466235266787546,6.962308317793057,7.062346539321646
2021-05-08,Liverpool,Southampton,away,2020,4,0.13381668149938772,-0.6497293947074253,3.6279577368165397,3.369461275402702,3.375616005003201
2021-05-09,Wolves,Brighton,home,2020,10,0.13346781573534827,-0.13628802508556243,5.5604800305893916,5.474930159233251,4.837475006935858
2021-05-09,Wolves,Brighton,away,2020,5,0.13346781573534827,0.13628802508556243,4.201836006278381,4.267492830994307,4.921915240549904
2021-05-09,Aston Villa,Man United,home,2020,5,0.13346781573534827,-0.30872075357034334,5.300512339795507,5.117579676836038,4.431687131189238
2021-05-09,Aston Villa,Man United,away,2020,6,0.13346781573534827,0.30872075357034334,5.138240548848502,5.321911753965588,5.635498704208432
2021-05-09,West Ham,Everton,home,2020,5,0.13346781573534827,0.12475663294521855,5.2053673743040045,5.279774158315665,5.290295777401459
2021-05-09,West Ham,Everton,away,2020,6,0.13346781573534827,-0.12475663294521855,4.267604823615951,4.207462336298043,4.430403664595893
2021-05-09,Arsenal,West Brom,home,2020,6,0.13346781573534827,0.5151203532084954,7.378536538846128,7.823862963295901,6.95291035260421
2021-05-09,Arsenal,West Brom,away,2020,6,0.13346781573534827,-0.5151203532084954,2.906808292811906,2.7413556833181474,3.3342993942560617
2021-05-10,Fulham,Burnley,home,2020,8,0.13268809064246054,0.14745610341727644,6.226891542527973,6.332231653474399,5.647897821401622
2021-05-10,Fulham,Burnley,away,2020,4,0.13268809064246054,-0.14745610341727644,4.154402302596226,4.085291565115316,4.351599674464036
2021-05-11,Man United,Leicester,home,2020,3,0.13253714652335977,0.04479175625278531,5.352044647148828,5.3793870513607995,5.15941673190917
2021-05-11,Man United,Leicester,away,2020,4,0.13253714652335977,-0.04479175625278531,5.1972125696708025,5.170796123800909,4.87253222615483
2021-05-11,Southampton,Crystal Palace,home,2020,12,0.13253714652335977,0.18814432989690716,5.42649983371807,5.543902781855124,5.504473778364542
2021-05-11,Southampton,Crystal Palace,away,2020,8,0.13253714652335977,-0.18814432989690716,4.694159342207075,4.594751367809699,4.443563040555611
2021-05-12,Chelsea,Arsenal,home,2020,9,0.13267508448720303,0.3651597319800727,5.18017463831344,5.3999056073999165,5.845707015249547
2021-05-12,Chelsea,Arsenal,away,2020,1,0.13267508448720303,-0.3651597319800727,4.467575111840987,4.285782191711756,4.060945808114736
2021-05-13,Aston Villa,Everton,home,2020,9,0.13286907444461662,-0.01487748875538647,6.166858846160203,6.156429957384638,5.258419301811239
2021-05-13,Aston Villa,Everton,away,2020,1,0.13286907444461662,0.01487748875538647,4.430579188487474,4.43808451509525,4.754228959551656
2021-05-13,Man United,Liverpool,home,2020,6,0.13286907444461662,-0.13554434030281182,4.146913630602432,4.083457427858571,4.41628642173452
2021-05-13,Man United,Liverpool,away,2020,4,0.13286907444461662,0.13554434030281182,5.285101563478178,5.367231102541315,5.284948078114045
2021-05-14,Newcastle,Man City,home,2020,4,0.13287960910273341,-0.6503064500437785,2.8236624628527034,2.622300873704165,3.153539777376848
2021-05-14,Newcastle,Man City,away,2020,5,0.13287960910273341,0.6503064500437785,6.575890128017026,7.080840455998754,7.028439023681724
2021-05-15,Burnley,Leeds,home,2020,6,0.13271800868253897,-0.12476552789182271,5.539907304900152,5.461828990278161,4.85541827551393
2021-05-15,Burnley,Leeds,away,2020,8,0.13271800868253897,0.12476552789182271,6.018173315843199,6.104204722253112,5.478311958191967
2021-05-15,Southampton,Fulham,home,2020,6,0.13271800868253897,0.2177057995135066,5.260781599953564,5.3927048796954775,5.5198910232107865
2021-05-15,Southampton,Fulham,away,2020,5,0.13271800868253897,-0.2177057995135066,4.943920903117979,4.822976353977221,4.460002265091489
2021-05-15,Brighton,West Ham,home,2020,3,0.13271800868253897,-0.07961412801824963,5.888938979467382,5.835841515747448,5.043848705048011
2021-05-15,Brighton,West Ham,away,2020,3,0.13271800868253897,0.07961412801824963,3.7766184710113397,3.8109800727970375,4.648560031657126
2021-05-16,Crystal Palace,Aston Villa,home,2020,7,0.13229935564514567,-0.09716037244809439,4.479367048375232,4.4301268644229195,4.5974993198030525
2021-05-16,Crystal Palace,Aston Villa,away,2020,7,0.13229935564514567,0.09716037244809439,5.094920512730114,5.151549776619585,5.141068658282979
2021-05-16,Tottenham,Wolves,home,2020,10,0.13229935564514567,0.469897359955063,4.582411447312749,4.8340452562807865,5.880555214895536
2021-05-16,Tottenham,Wolves,away,2020,3,0.13229935564514567,-0.469897359955063,4.841849981187662,4.589809901166676,3.984186888221297
2021-05-16,West Brom,Liverpool,home,2020,9,0.13229935564514567,-0.7026578492194091,3.8839086070547024,3.5855201675542276,3.406910560701506
2021-05-16,West Brom,Liverpool,away,2020,13,0.13229935564514567,0.7026578492194091,6.791819454091458,7.357037417893265,7.257986960294705
2021-05-16,Everton,Sheffield United,home,2020,11,0.13229935564514567,0.5684564525457952,5.938927604677685,6.335694931846926,6.645943724780299
2021-05-16,Everton,Sheffield United,away,2020,4,0.13229935564514567,-0.5684564525457952,5.032327196308445,4.7171821281512045,3.8682752308922836
2021-05-18,Man United,Fulham,home,2020,6,0.13258355770448307,0.626340186122218,5.69486889547782,6.115470407790859,6.721635334951001
2021-05-18,Man United,Fulham,away,2020,1,0.13258355770448307,-0.626340186122218,3.9858965609337065,3.711759984405383,3.510504822584321
2021-05-18,Southampton,Leeds,home,2020,4,0.13258355770448307,-0.008729388942773975,5.854776241733679,5.848964712973804,5.18743205875885
2021-05-18,Southampton,Leeds,away,2020,5,0.13258355770448307,0.008729388942773975,6.696107746567454,6.702760996271984,5.393230434357855
2021-05-18,Brighton,Man City,home,2020,5,0.13258355770448307,-0.5074763927988947,3.7418821812170204,3.5319681450216667,3.656396557513614
2021-05-18,Brighton,Man City,away,2020,3,0.13258355770448307,0.5074763927988947,4.928048609164132,5.220935331705679,6.048787358040718
2021-05-18,Chelsea,Leicester,home,2020,6,0.13258355770448307,0.3810181681077537,5.522286036971909,5.766923582032442,6.003379661325637
2021-05-18,Chelsea,Leicester,away,2020,5,0.13258355770448307,-0.3810181681077537,4.635652588444537,4.439004470455968,4.080581155007722
2021-05-19,Everton,Wolves,home,2020,7,0.13221476294332277,0.2821255782686876,5.127208615260464,5.294442232134834,5.626573309395813
2021-05-19,Everton,Wolves,away,2020,12,0.13221476294332277,-0.2821255782686876,5.089037920448113,4.928292334693711,4.379820278091219
2021-05-19,Newcastle,Sheffield United,home,2020,5,0.13221476294332277,0.34600617330422345,5.700794025845001,5.9296734905009085,5.974359181360354
2021-05-19,Newcastle,Sheffield United,away,2020,2,0.13221476294332277,-0.34600617330422345,4.961710458690836,4.770193398707344,4.229914514738539
2021-05-19,Tottenham,Aston Villa,home,2020,4,0.13221476294332277,0.4642745709828393,5.251534505833822,5.536369202420785,6.12117678115498
2021-05-19,Tottenham,Aston Villa,away,2020,5,0.13221476294332277,-0.4642745709828393,4.999375677319682,4.74216818227926,4.033686811593266
2021-05-19,Crystal Palace,Arsenal,home,2020,6,0.13221476294332277,-0.4703983673809375,4.083199567911989,3.8704300446141326,3.816415735910854
2021-05-19,Crystal Palace,Arsenal,away,2020,7,0.13221476294332277,0.4703983673809375,5.3232321337329,5.615866686080454,6.099857518299437
2021-05-19,Burnley,Liverpool,home,2020,6,0.13221476294332277,-0.6788323962399995,3.9818337364280074,3.685899203873863,3.4681092131349214
2021-05-19,Burnley,Liverpool,away,2020,7,0.13221476294332277,0.6788323962399995,6.479113111979948,6.999310004001316,7.080679134413553
2021-05-19,West Brom,West Ham,home,2020,6,0.13221476294332277,-0.40967977712572695,4.959265992071328,4.733430388494699,4.15986261920262
2021-05-19,West Brom,West Ham,away,2020,8,0.13221476294332277,0.40967977712572695,5.630493932551289,5.899129127606232,6.0505925876016375
2021-05-23,Arsenal,Brighton,home,2020,11,0.1315102501760153,0.40906677654777845,5.857215728367101,6.136240047380616,6.187285028606953
2021-05-23,Arsenal,Brighton,away,2020,3,0.1315102501760153,-0.40906677654777845,4.729378829610367,4.514326664587541,4.0578488447427405
2021-05-23,Aston Villa,Chelsea,home,2020,2,0.1315102501760153,-0.4993617302872855,4.990683509718865,4.715064376611535,4.013418446665609
2021-05-23,Aston Villa,Chelsea,away,2020,9,0.1315102501760153,0.4993617302872855,5.5321115660383935,5.855491200396705,6.2493009487622055
2021-05-23,Fulham,Newcastle,home,2020,5,0.1315102501760153,0.17009607671618715,6.271422765384402,6.393963667114101,5.714736977103635
2021-05-23,Fulham,Newcastle,away,2020,4,0.1315102501760153,-0.17009607671618715,4.195903137158616,4.115488267639979,4.323636947281101
2021-05-23,Leeds,West Brom,home,2020,8,0.1315102501760153,0.5194815984049181,7.315137681065901,7.760487205572365,6.946998355578162
2021-05-23,Leeds,West Brom,away,2020,3,0.1315102501760153,-0.5194815984049181,3.4587251290249132,3.26023996297712,3.513452256162063
2021-05-23,Leicester,Tottenham,home,2020,8,0.1315102501760153,0.18272340965307288,5.883807725348676,6.0073985835790715,5.632141839051562
2021-05-23,Leicester,Tottenham,away,2020,7,0.1315102501760153,-0.18272340965307288,4.240827722987905,4.153580717383182,4.314979265035313
2021-05-23,Liverpool,Crystal Palace,home,2020,14,0.1315102501760153,0.7731364424922486,7.819418522473585,8.538340865382605,7.893313293754086
2021-05-23,Liverpool,Crystal Palace,away,2020,1,0.1315102501760153,-0.7731364424922486,3.129571921305262,2.8660641493107026,3.0602702234264925
2021-05-23,Man City,Everton,home,2020,7,0.1315102501760153,0.5252934561739233,7.4503771003967,7.909187828045349,7.003909010584449
2021-05-23,Man City,Everton,away,2020,5,0.1315102501760153,-0.5252934561739233,2.5686627719662107,2.4196550532076753,3.1945130205932175
2021-05-23,Sheffield United,Burnley,home,2020,8,0.1315102501760153,-0.06026198850277387,6.323922219289203,6.280715230733735,5.199359744367527
2021-05-23,Sheffield United,Burnley,away,2020,9,0.1315102501760153,0.06026198850277387,4.612707505872527,4.644439751818133,4.9072852944180205
2021-05-23,West Ham,Southampton,home,2020,2,0.1315102501760153,0.3565229628934653,4.830264916685246,5.0302085711454705,5.698893388834549
2021-05-23,West Ham,Southampton,away,2020,3,0.1315102501760153,-0.3565229628934653,5.364684246399894,5.151445658361359,4.3149360563516
2021-05-23,Wolves,Man United,home,2020,6,0.1315102501760153,0.022551573911929246,5.236048455308938,5.249499302037467,5.076487504164038
2021-05-23,Wolves,Man United,away,2020,2,0.1315102501760153,-0.022551573911929246,4.206826142115647,4.1960469476829125,4.604833746019301
2021-08-14,Man United,Leeds,home,2021,5,0.13188311840909264,0.45709858975297657,6.103934891078631,6.429751125898157,6.3955502419059185
2021-08-14,Man United,Leeds,away,2021,4,0.13188311840909264,-0.45709858975297657,5.098411369439394,4.840058415580737,4.070715762629592
2021-08-14,Burnley,Brighton,home,2021,7,0.13188311840909264,-0.08484249420458684,5.3196790016895665,5.268579522424995,4.875799861179218
2021-08-14,Burnley,Brighton,away,2021,6,0.13188311840909264,0.08484249420458684,5.260979860661529,5.312005631489692,5.16581645424247
2021-08-14,Chelsea,Crystal Palace,home,2021,5,0.13188311840909264,0.6875462948053203,7.268840957892222,7.860232078468359,7.442308956031821
2021-08-14,Chelsea,Crystal Palace,away,2021,2,0.13188311840909264,-0.6875462948053203,3.6626123166671807,3.387043302856098,3.3320848047477076
2021-08-14,Everton,Southampton,home,2021,6,0.13188311840909264,0.2504653099838555,5.056996152716792,5.203164809648801,5.528169833894384
2021-08-14,Everton,Southampton,away,2021,8,0.13188311840909264,-0.2504653099838555,5.707953295500065,5.547603989345723,4.600296635068249
2021-08-14,Leicester,Wolves,home,2021,5,0.13188311840909264,0.3817714193859508,5.727947976790234,5.982208975008026,6.074107136089545
2021-08-14,Leicester,Wolves,away,2021,4,0.13188311840909264,-0.3817714193859508,4.733586637488747,4.532395661274701,4.1059488776432165
2021-08-14,Watford,Aston Villa,home,2021,2,0.13188311840909264,-0.09274212405106697,4.976412818090346,4.924183274012636,4.759616660380081
2021-08-14,Watford,Aston Villa,away,2021,4,0.13188311840909264,0.09274212405106697,4.890913842873097,4.942790506661134,5.066568073152409
2021-08-14,Norwich,Liverpool,home,2021,3,0.13188311840909264,-0.6129125213419686,4.297673447618189,4.008212213029847,3.6516755099048708
2021-08-14,Norwich,Liverpool,away,2021,11,0.13188311840909264,0.6129125213419686,6.552937042894597,7.026170780482089,6.910977315789694
2021-08-15,Newcastle,West Ham,home,2021,7,0.1313328000678441,-0.12499337035830377,4.400330125250698,4.33820032651494,4.518732136150354
2021-08-15,Newcastle,West Ham,away,2021,6,0.1313328000678441,0.12499337035830377,4.845189528413456,4.91458020371193,5.120912084848722
2021-08-15,Tottenham,Man City,home,2021,3,0.1313328000678441,-0.4128243619987133,3.369412339602501,3.2148253698437417,3.6829184788930043
2021-08-15,Tottenham,Man City,away,2021,11,0.1313328000678441,0.4128243619987133,5.689442384001107,5.963022923090398,6.0783149108261085
2021-08-21,Liverpool,Burnley,home,2021,8,0.13124718559466184,0.7284128020901371,8.663790504848546,9.412332747195403,7.997406329108248
2021-08-21,Liverpool,Burnley,away,2021,4,0.13124718559466184,-0.7284128020901371,3.2022233407920946,2.947557520490937,3.140897926085324
2021-08-21,Aston Villa,Newcastle,home,2021,3,0.13124718559466184,0.30211802317836683,6.950295063654507,7.1933344368045855,6.238461044638645
2021-08-21,Aston Villa,Newcastle,away,2021,4,0.13124718559466184,-0.30211802317836683,4.571531966968693,4.4170747714429455,4.200318271880244
2021-08-21,Leeds,Everton,home,2021,8,0.13124718559466184,0.08835954952139541,6.381279712553466,6.445749733286891,5.551136503728635
2021-08-21,Leeds,Everton,away,2021,5,0.13124718559466184,-0.08835954952139541,4.215180647578651,4.173020651458859,4.481610928090914
2021-08-21,Man City,Norwich,home,2021,6,0.13124718559466184,0.833219573680618,7.4367246026617675,8.176158628823245,7.970182444723318
2021-08-21,Man City,Norwich,away,2021,1,0.13124718559466184,-0.833219573680618,2.9932970489872526,2.7225897659084657,2.942620038012795
2021-08-21,Brighton,Watford,home,2021,7,0.13124718559466184,0.37886438377171805,6.0344989240153515,6.3002835960879375,6.16603782306222
2021-08-21,Brighton,Watford,away,2021,2,0.13124718559466184,-0.37886438377171805,3.9885459502288882,3.8202845757589716,3.897338102410319
2021-08-22,Southampton,Man United,home,2021,7,0.1308823597789566,-0.4168645522913851,4.727539582336181,4.508569631541412,4.08589517290797
2021-08-22,Southampton,Man United,away,2021,7,0.1308823597789566,0.4168645522913851,5.341343151510738,5.600758829352763,5.970053777034824
2021-08-22,Wolves,Tottenham,home,2021,5,0.1308823597789566,-0.09507849708943372,6.1945143132197815,6.127871280744278,5.090698280196474
2021-08-22,Wolves,Tottenham,away,2021,4,0.1308823597789566,0.09507849708943372,3.991071770143489,4.0344762597948165,4.760193270504387
2021-08-22,Arsenal,Chelsea,home,2021,9,0.1308823597789566,-0.33842659508569073,4.945154813274238,4.758378151688366,4.282906372209325
2021-08-22,Arsenal,Chelsea,away,2021,8,0.1308823597789566,0.33842659508569073,5.209402249606222,5.413882585136962,5.731027503250489
2021-08-23,West Ham,Leicester,home,2021,10,0.1303670663419414,0.022996280013527215,4.491403719578891,4.503169474093627,4.840424889560197
2021-08-23,West Ham,Leicester,away,2021,0,0.1303670663419414,-0.022996280013527215,5.613562273573844,5.598895315991186,5.0370323463392985
2021-08-28,Man City,Arsenal,home,2021,14,0.13077289915790608,0.6833306798280528,6.033643664509852,6.52141106265965,7.010186394305523
2021-08-28,Man City,Arsenal,away,2021,0,0.13077289915790608,-0.6833306798280528,3.3341456633816566,3.0847690269981736,3.241689202864653
2021-08-28,Brighton,Everton,home,2021,4,0.13077289915790608,0.1152238000732192,6.563981593013269,6.650592187095937,5.663967300683595
2021-08-28,Brighton,Everton,away,2021,5,0.13077289915790608,-0.1152238000732192,3.428916358270093,3.3842616155802947,4.15504058440141
2021-08-28,Newcastle,Southampton,home,2021,4,0.13077289915790608,0.040606642170056384,4.633251180534599,4.654704689271299,4.923974670536214
2021-08-28,Newcastle,Southampton,away,2021,4,0.13077289915790608,-0.040606642170056384,5.506659264828081,5.481279102060652,4.969908241152104
2021-08-28,Norwich,Leicester,home,2021,9,0.13077289915790608,-0.2849529574314099,4.830948092287795,4.676850102186476,4.348769800930486
2021-08-28,Norwich,Leicester,away,2021,9,0.13077289915790608,0.2849529574314099,6.347207150222496,6.556341897592043,5.959071308027052
2021-08-28,West Ham,Crystal Palace,home,2021,5,0.13077289915790608,0.4554161575539498,6.109319622156781,6.4341916400442205,6.392772219560775
2021-08-28,West Ham,Crystal Palace,away,2021,3,0.13077289915790608,-0.4554161575539498,4.047027415293272,3.8426869112477515,3.7907290735403554
2021-08-28,Liverpool,Chelsea,home,2021,12,0.13077289915790608,0.058710600035261684,6.072478250449185,6.113173672333858,5.3980962539086805
2021-08-28,Liverpool,Chelsea,away,2021,3,0.13077289915790608,-0.058710600035261684,4.10499026744626,4.077663330617647,4.500671954281684
2021-08-29,Burnley,Leeds,home,2021,5,0.13169596090111452,-0.09949017700165852,5.5301229797887546,5.467882721005579,4.904727591483407
2021-08-29,Burnley,Leeds,away,2021,5,0.13169596090111452,0.09949017700165852,6.111261647824774,6.180825412422555,5.446238513078905
2021-08-29,Tottenham,Watford,home,2021,10,0.13169596090111452,0.5554481896208718,5.171419239290508,5.508752522527035,6.3306260734411
2021-08-29,Tottenham,Watford,away,2021,3,0.13169596090111452,-0.5554481896208718,4.780915210924739,4.488151682633788,3.827919160376476
2021-08-29,Wolves,Man United,home,2021,5,0.13169596090111452,-0.3323340524035281,5.366241981316749,5.167141238451557,4.404674997950143
2021-08-29,Wolves,Man United,away,2021,7,0.13169596090111452,0.3323340524035281,4.178733147334995,4.339748462279071,5.336796163991822
2021-09-11,Crystal Palace,Tottenham,home,2021,8,0.13133356917444525,-0.2671574006854519,4.7761905049717575,4.633209744060938,4.365979443081146
2021-09-11,Crystal Palace,Tottenham,away,2021,2,0.13133356917444525,0.2671574006854519,5.027321114871903,5.182464144878006,5.500083096076439
2021-09-11,Arsenal,Norwich,home,2021,8,0.13133356917444525,0.48357870894677246,6.664847765380801,7.041786136042755,6.646975800842946
2021-09-11,Arsenal,Norwich,away,2021,4,0.13133356917444525,-0.48357870894677246,3.9233132085324334,3.7133029554730017,3.709923130030548
2021-09-11,Leicester,Man City,home,2021,5,0.13133356917444525,-0.43335170064619544,3.7808014470895737,3.5989257205043996,3.7846405848915037
2021-09-11,Leicester,Man City,away,2021,8,0.13133356917444525,0.43335170064619544,5.636663039869769,5.921518095380176,6.113360958978565
2021-09-11,Man United,Newcastle,home,2021,7,0.13133356917444525,0.737180919388549,6.405577230968621,6.965957422558152,7.3060784031348405
2021-09-11,Man United,Newcastle,away,2021,3,0.13133356917444525,-0.737180919388549,3.8689996468685286,3.557755889283831,3.319311370675655
2021-09-11,Southampton,West Ham,home,2021,5,0.13133356917444525,-0.056580192260521245,5.074173989851996,5.0416169697507565,4.862118632890685
2021-09-11,Southampton,West Ham,away,2021,4,0.13133356917444525,0.056580192260521245,5.287403401292029,5.321547625228925,5.112610101335923
2021-09-11,Watford,Wolves,home,2021,6,0.13133356917444525,-0.12647084861758517,4.603015413022194,4.537261113189725,4.57973860364147
2021-09-11,Watford,Wolves,away,2021,8,0.13133356917444525,0.12647084861758517,4.775619691346846,4.844828300072895,5.101060377768101
2021-09-11,Chelsea,Aston Villa,home,2021,4,0.13133356917444525,0.6537525734606026,5.7921592554633925,6.2393740268626905,6.8357515811158995
2021-09-11,Chelsea,Aston Villa,away,2021,11,0.13133356917444525,-0.6537525734606026,4.086987348641316,3.794047527280184,3.4973614203868153
2021-09-12,Leeds,Liverpool,home,2021,2,0.13074602564608934,-0.318905484879057,4.938209249632964,4.762259378792765,4.316406536533727
2021-09-12,Leeds,Liverpool,away,2021,11,0.13074602564608934,0.318905484879057,6.344403355188561,6.5788082588514385,6.044145508882689
2021-09-13,Everton,Burnley,home,2021,4,0.13098859114116673,0.3573304655347134,6.65754695306115,6.93376594431315,6.300309321860231
2021-09-13,Everton,Burnley,away,2021,6,0.13098859114116673,-0.3573304655347134,5.213754186482747,5.006054945753789,4.275277476384302
2021-09-17,Newcastle,Leeds,home,2021,4,0.13081621414600847,-0.09344027695005708,5.061529296120809,5.008008637186782,4.783429958128792
2021-09-17,Newcastle,Leeds,away,2021,5,0.13081621414600847,0.09344027695005708,5.8456362460119315,5.908108643014614,5.357656365691195
2021-09-18,Burnley,Arsenal,home,2021,8,0.1306646375966508,-0.22193017258480469,5.074094502417832,4.94758715018584,4.534722144713448
2021-09-18,Burnley,Arsenal,away,2021,3,0.1306646375966508,0.22193017258480469,5.140094571026803,5.271524242635158,5.433645623114334
2021-09-18,Liverpool,Crystal Palace,home,2021,10,0.1306646375966508,0.7216757525479971,8.402694528783453,9.121684398440408,7.899040907793379
2021-09-18,Liverpool,Crystal Palace,away,2021,5,0.1306646375966508,-0.7216757525479971,2.976809461067938,2.7421712349555802,3.0789910047348683
2021-09-18,Man City,Southampton,home,2021,8,0.1306646375966508,0.7830229075850623,6.756847040390253,7.386378981669449,7.5736040946611585
2021-09-18,Man City,Southampton,away,2021,5,0.1306646375966508,-0.7830229075850623,3.2108810140896074,2.9372215981521537,3.071998948488888
2021-09-18,Norwich,Watford,home,2021,4,0.1306646375966508,0.16367556076217993,6.032026288199291,6.145399029060984,5.630582550799162
2021-09-18,Norwich,Watford,away,2021,8,0.1306646375966508,-0.16367556076217993,5.575211246560912,5.47235755440577,4.736864741334496
2021-09-18,Aston Villa,Everton,home,2021,5,0.1306646375966508,0.08632286995515698,5.879219759900478,5.937241627367241,5.406531311240995
2021-09-18,Aston Villa,Everton,away,2021,4,0.1306646375966508,-0.08632286995515698,4.260404815505526,4.218769884829875,4.500402257166665
2021-09-19,Brighton,Leicester,home,2021,4,0.1301061247236166,-0.0025626886809294036,5.9375688085504414,5.935837983878919,5.223743776119388
2021-09-19,Brighton,Leicester,away,2021,9,0.1301061247236166,0.0025626886809294036,4.452574106711334,4.4538724280497215,4.736915869725128
2021-09-19,West Ham,Man United,home,2021,2,0.1301061247236166,-0.32700836640171016,4.761863067091183,4.58796518435764,4.253215664386244
2021-09-19,West Ham,Man United,away,2021,11,0.1301061247236166,0.32700836640171016,4.785912866772698,4.9673135707964615,5.554779691581825
2021-09-19,Tottenham,Chelsea,home,2021,5,0.1301061247236166,-0.35586920932702093,4.935237212641061,4.739421015441853,4.2488699568531025
2021-09-19,Tottenham,Chelsea,away,2021,11,0.1301061247236166,0.35586920932702093,5.768155764497823,6.006475661163798,5.959574645347264
2021-09-25,Chelsea,Man City,home,2021,4,0.13029477550410853,0.016825205253211795,3.9922740770476652,3.9999231413642273,4.653826095884363
2021-09-25,Chelsea,Man City,away,2021,13,0.13029477550410853,-0.016825205253211795,5.502709053205591,5.492186207146869,5.0188616458185065
2021-09-25,Man United,Aston Villa,home,2021,5,0.13029477550410853,0.564881067491781,5.4470540827574085,5.808597202759712,6.459538838185621
2021-09-25,Man United,Aston Villa,away,2021,5,0.13029477550410853,-0.564881067491781,4.557460271025936,4.2737913664425,3.7562765176834385
2021-09-25,Everton,Norwich,home,2021,6,0.13029477550410853,0.4284249542450822,5.909307603727632,6.204462508735343,6.255220269963843
2021-09-25,Everton,Norwich,away,2021,4,0.13029477550410853,-0.4284249542450822,4.704078808753346,4.480299241709209,4.018146520226945
2021-09-25,Leeds,West Ham,home,2021,5,0.13029477550410853,-0.1037790270221357,5.524417957182104,5.459577394870739,4.894293227075223
2021-09-25,Leeds,West Ham,away,2021,7,0.13029477550410853,0.1037790270221357,5.07631091710145,5.136599622714711,5.149557652641146
2021-09-25,Leicester,Burnley,home,2021,8,0.13029477550410853,0.4479530621662602,6.859951076424845,7.218607493695073,6.607035128748539
2021-09-25,Leicester,Burnley,away,2021,4,0.13029477550410853,-0.4479530621662602,4.482036034426144,4.259346133695652,3.925604290304166
2021-09-25,Watford,Newcastle,home,2021,5,0.13029477550410853,0.13416266346157485,5.54319286003891,5.6284483000180785,5.416418432679681
2021-09-25,Watford,Newcastle,away,2021,6,0.13029477550410853,-0.13416266346157485,4.459791040191557,4.392237528623287,4.473864097158414
2021-09-26,Southampton,Wolves,home,2021,5,0.12995267799414592,0.023092731253984422,5.28900434280641,5.302917692771185,5.093593736497693
2021-09-26,Southampton,Wolves,away,2021,5,0.12995267799414592,-0.023092731253984422,5.579882467831118,5.565242440956276,5.027390719757559
2021-09-26,Arsenal,Tottenham,home,2021,4,0.12995267799414592,0.1348022517156201,6.660020348665974,6.762944900105432,5.736817564883544
2021-09-26,Arsenal,Tottenham,away,2021,4,0.12995267799414592,-0.1348022517156201,4.364084824316634,4.297668273594841,4.442523407727497
2021-09-27,Crystal Palace,Brighton,home,2021,6,0.12965524879783807,-0.06225640944558192,4.836974521782493,4.802836946051548,4.778670302715813
2021-09-27,Crystal Palace,Brighton,away,2021,5,0.12965524879783807,0.06225640944558192,5.091312360126471,5.1275003596809015,5.064857218771986
2021-10-02,Man United,Everton,home,2021,10,0.1294425700172743,0.5070580327134213,5.967201586716875,6.321546986721592,6.485723833959951
2021-10-02,Man United,Everton,away,2021,1,0.1294425700172743,-0.5070580327134213,3.7187977278103816,3.5103457664209436,3.6126070719845638
2021-10-02,Burnley,Norwich,home,2021,9,0.1294425700172743,0.28942847325621346,5.959019272379481,6.158498447464888,5.914642521581285
2021-10-02,Burnley,Norwich,away,2021,5,0.1294425700172743,-0.28942847325621346,4.254790382324442,4.1169739839170045,4.129407164663471
2021-10-02,Chelsea,Southampton,home,2021,7,0.1294425700172743,0.5885032717634392,5.604040994403465,5.992085485432281,6.5822098647131275
2021-10-02,Chelsea,Southampton,away,2021,2,0.1294425700172743,-0.5885032717634392,5.0960726062325215,4.766053465894984,3.850797975137251
2021-10-02,Leeds,Watford,home,2021,6,0.1294425700172743,0.3384659114962897,6.1797562546795595,6.4223538154962165,6.107016471286776
2021-10-02,Leeds,Watford,away,2021,3,0.1294425700172743,-0.3384659114962897,5.256293984487714,5.05774308925438,4.320339287138323
2021-10-02,Wolves,Newcastle,home,2021,0,0.1294425700172743,0.3770828733035518,6.458332556008503,6.741418185319087,6.293128648236175
2021-10-02,Wolves,Newcastle,away,2021,4,0.1294425700172743,-0.3770828733035518,3.7321910274566106,3.575468863563011,3.820353083168953
2021-10-02,Brighton,Arsenal,home,2021,8,0.1294425700172743,-0.06946187637276435,5.8275870209732545,5.781716644552075,5.048976779816011
2021-10-02,Brighton,Arsenal,away,2021,5,0.1294425700172743,0.06946187637276435,4.119343028639509,4.152024639819763,4.755716099285913
2021-10-03,Crystal Palace,Leicester,home,2021,1,0.12957908044157312,-0.09839452453226538,4.837324266400788,4.783477510265347,4.706527316757693
2021-10-03,Crystal Palace,Leicester,away,2021,3,0.12957908044157312,0.09839452453226538,5.673875480426599,5.737745288256101,5.319192037020564
2021-10-03,Tottenham,Aston Villa,home,2021,5,0.12957908044157312,0.1787105720763355,5.022399090220898,5.125555371430154,5.351989090887974
2021-10-03,Tottenham,Aston Villa,away,2021,8,0.12957908044157312,-0.1787105720763355,5.775584810358891,5.659346118613172,4.759014835408869
2021-10-03,Liverpool,Man City,home,2021,3,0.12957908044157312,-0.06415228579493376,5.056554164290869,5.01978406298072,4.841372002924215
2021-10-03,Liverpool,Man City,away,2021,4,0.12957908044157312,0.06415228579493376,4.745821941429858,4.780585260209489,4.959111824314407
2021-10-16,Watford,Liverpool,home,2021,1,0.12961044624660598,-0.5971133053695646,3.7566152082380677,3.5098989385699033,3.525121872026032
2021-10-16,Watford,Liverpool,away,2021,9,0.12961044624660598,0.5971133053695646,7.039679972241986,7.5345100550468445,7.020109021544114
2021-10-16,Aston Villa,Wolves,home,2021,6,0.12961044624660598,0.14595741767645654,5.435012993701576,5.526014660723087,5.410087152730833
2021-10-16,Aston Villa,Wolves,away,2021,7,0.12961044624660598,-0.14595741767645654,5.002151316968894,4.919776561112121,4.613767578169278
2021-10-16,Leicester,Man United,home,2021,4,0.12961044624660598,-0.18213971551733577,5.186128173361804,5.079770707954414,4.64292154307863
2021-10-16,Leicester,Man United,away,2021,3,0.12961044624660598,0.18213971551733577,5.187996311174536,5.2966197451683925,5.358728757453247
2021-10-16,Man City,Burnley,home,2021,6,0.12961044624660598,0.8121876751020595,8.717736418547068,9.561635905919049,8.300934653333476
2021-10-16,Man City,Burnley,away,2021,2,0.12961044624660598,-0.8121876751020595,3.010496540774195,2.7447934212983993,2.9741317353870116
2021-10-16,Norwich,Brighton,home,2021,8,0.12961044624660598,-0.18917875177920557,5.333872969951182,5.22030344124923,4.669864933977989
2021-10-16,Norwich,Brighton,away,2021,4,0.12961044624660598,0.18917875177920557,6.492262242155753,6.633503679813382,5.763709802616123
2021-10-16,Southampton,Leeds,home,2021,8,0.12961044624660598,0.0723280193536382,5.475782503819424,5.521025634821736,5.256968875959032
2021-10-16,Southampton,Leeds,away,2021,1,0.12961044624660598,-0.0723280193536382,6.0170728742601165,5.967764786541121,5.0412421303214945
2021-10-17,Everton,West Ham,home,2021,7,0.12931967632926475,0.04878711185808243,5.069262780837596,5.09747697060095,5.081424111416113
2021-10-17,Everton,West Ham,away,2021,9,0.12931967632926475,-0.04878711185808243,5.417033646555249,5.387050732235115,4.927535757444211
2021-10-17,Newcastle,Tottenham,home,2021,2,0.12931967632926475,-0.18564192828632886,4.988610984200904,4.884357741560402,4.58031081465912
2021-10-17,Newcastle,Tottenham,away,2021,9,0.12931967632926475,0.18564192828632886,4.707060957651603,4.807529922888558,5.206389657681242
2021-10-18,Arsenal,Crystal Palace,home,2021,6,0.1292399508887925,0.41199249471036764,7.303381950878415,7.6538454446926405,6.635904264012774
2021-10-18,Arsenal,Crystal Palace,away,2021,4,0.1292399508887925,-0.41199249471036764,4.015873406254363,3.8319897578528295,3.8514743038427346
2021-10-22,Arsenal,Aston Villa,home,2021,7,0.12907343207093203,0.26637255850738994,5.844065691757228,6.0238755580277745,5.821984762780091
2021-10-22,Arsenal,Aston Villa,away,2021,4,0.12907343207093203,-0.26637255850738994,5.107826646740803,4.955360411766935,4.4140693246918845
2021-10-23,Chelsea,Norwich,home,2021,5,0.12891024481379323,0.7522280645476228,6.716820262055051,7.316943783677722,7.462089845167314
2021-10-23,Chelsea,Norwich,away,2021,0,0.12891024481379323,-0.7522280645476228,4.0913418520069635,3.7557768192584784,3.356258942770347
2021-10-23,Crystal Palace,Newcastle,home,2021,3,0.12891024481379323,0.23972867071597687,5.03580823844523,5.1750394944757065,5.496009114557882
2021-10-23,Crystal Palace,Newcastle,away,2021,7,0.12891024481379323,-0.23972867071597687,4.382209327099497,4.264308679297321,4.255792137840021
2021-10-23,Everton,Watford,home,2021,3,0.12891024481379323,0.4006205526831297,5.817661302638663,6.088947708022126,6.1522886692570244
2021-10-23,Everton,Watford,away,2021,5,0.12891024481379323,-0.4006205526831297,5.367817439588722,5.128660204583707,4.236233314324474
2021-10-23,Leeds,Wolves,home,2021,6,0.12891024481379323,0.029381576079418215,5.7339621447372195,5.753160668270771,5.237305774292848
2021-10-23,Leeds,Wolves,away,2021,3,0.12891024481379323,-0.029381576079418215,5.6092057566624,5.5904876163334265,5.022276605306322
2021-10-23,Southampton,Burnley,home,2021,6,0.12891024481379323,0.23211242715587066,6.607839654790276,6.784653584188969,5.962416636089758
2021-10-23,Southampton,Burnley,away,2021,2,0.12891024481379323,-0.23211242715587066,4.606380088938244,4.486333847266137,4.336374507388083
2021-10-23,Brighton,Man City,home,2021,7,0.12891024481379323,-0.5505364387513005,4.05849255911556,3.8120967788071303,3.682666233387875
2021-10-23,Brighton,Man City,away,2021,6,0.12891024481379323,0.5505364387513005,5.588302021892091,5.949503249767041,6.405726262764145
2021-10-24,West Ham,Tottenham,home,2021,2,0.12865527748682143,0.08934867862171691,5.358791871001064,5.41354085141677,5.259309501098677
2021-10-24,West Ham,Tottenham,away,2021,4,0.12865527748682143,-0.08934867862171691,4.902357437464563,4.852778228828075,4.695614843094565
2021-10-24,Man United,Liverpool,home,2021,6,0.12865527748682143,-0.10929916080743934,4.3604385787292905,4.306554364160434,4.5358367619209545
2021-10-24,Man United,Liverpool,away,2021,3,0.12865527748682143,0.10929916080743934,5.733347422585974,5.805083872794854,5.3610927889702245
2021-10-30,Leicester,Arsenal,home,2021,7,0.128676278567611,0.05417917380663345,5.84625918370097,5.882405283843951,5.324427015548504
2021-10-30,Leicester,Arsenal,away,2021,6,0.128676278567611,-0.05417917380663345,4.475826685247573,4.448323704446178,4.632465005600232
2021-10-30,Liverpool,Brighton,home,2021,5,0.128676278567611,0.6939578724329344,7.323342282172191,7.924946111841184,7.479843712092621
2021-10-30,Liverpool,Brighton,away,2021,3,0.128676278567611,-0.6939578724329344,3.7169444512207424,3.4347812686622934,3.3383748874834716
2021-10-30,Man City,Crystal Palace,home,2021,7,0.128676278567611,0.7781389300106354,8.362624343408788,9.136687698146531,8.077274913124835
2021-10-30,Man City,Crystal Palace,away,2021,1,0.128676278567611,-0.7781389300106354,2.7443781478018106,2.5118734780638525,2.93135384183043
2021-10-30,Newcastle,Chelsea,home,2021,0,0.128676278567611,-0.5830064610168937,4.361017543767165,4.081151552963454,3.714904828996998
2021-10-30,Newcastle,Chelsea,away,2021,2,0.128676278567611,0.5830064610168937,6.246270930365471,6.674610525224619,6.723223573830844
2021-10-30,Watford,Southampton,home,2021,5,0.128676278567611,-0.10071062916490403,4.488922645973516,4.437784646441689,4.593673103860042
2021-10-30,Watford,Southampton,away,2021,8,0.128676278567611,0.10071062916490403,5.527842202595488,5.591541280962213,5.2812990991264375
2021-10-30,Tottenham,Man United,home,2021,10,0.128676278567611,-0.07729334122040898,4.667610481427545,4.626746515374976,4.696023783732618
2021-10-30,Tottenham,Man United,away,2021,2,0.128676278567611,0.07729334122040898,5.903004344215931,5.95514036859691,5.33753022480004
2021-10-31,Norwich,Leeds,home,2021,5,0.12894327767208225,-0.17578125,5.8731510692152975,5.75686696658722,4.8394072930524
2021-10-31,Norwich,Leeds,away,2021,0,0.12894327767208225,0.17578125,6.513147363526828,6.644707724544018,5.736987848765446
2021-10-31,Aston Villa,West Ham,home,2021,3,0.12894327767208225,-0.04784520805830478,5.357642882769172,5.328559651391961,4.963429491267738
2021-10-31,Aston Villa,West Ham,away,2021,6,0.12894327767208225,0.04784520805830478,5.089435484957077,5.117213578752034,5.033601864040815
2021-11-01,Wolves,Everton,home,2021,4,0.1290986029528338,0.1447429009976976,5.892467229974402,5.990300586282947,5.545223332144754
2021-11-01,Wolves,Everton,away,2021,3,0.1290986029528338,-0.1447429009976976,3.526743989558685,3.469145343819671,4.1397872370453905
2021-11-05,Southampton,Aston Villa,home,2021,10,0.12906120627211617,0.21471889622414797,5.348434702187141,5.48069333893844,5.541406883241898
2021-11-05,Southampton,Aston Villa,away,2021,8,0.12906120627211617,-0.21471889622414797,5.4038279273794965,5.273424186335259,4.5911362632480515
2021-11-06,Man United,Man City,home,2021,1,0.12901481455986613,-0.354317066127635,4.244158637444071,4.076482240790337,4.05639977432784
2021-11-06,Man United,Man City,away,2021,9,0.12901481455986613,0.354317066127635,5.228983054009064,5.444064829145091,5.7762970194579255
2021-11-06,Brentford,Norwich,home,2021,6,0.12901481455986613,0.42370579269873193,5.456831759495365,5.726311481419107,6.089721900284851
2021-11-06,Brentford,Norwich,away,2021,2,0.12901481455986613,-0.42370579269873193,4.120723813652976,3.926802908192109,3.863409335550751
2021-11-06,Chelsea,Burnley,home,2021,14,0.12901481455986613,0.6849883759548323,6.934479705852971,7.496485453732916,7.325987228382985
2021-11-06,Chelsea,Burnley,away,2021,2,0.12901481455986613,-0.6849883759548323,3.994079806309268,3.6946467156308533,3.4269649919797502
2021-11-06,Crystal Palace,Wolves,home,2021,4,0.12901481455986613,0.0722791470506785,4.618954718590985,4.657092498188406,4.985356875707984
2021-11-06,Crystal Palace,Wolves,away,2021,6,0.12901481455986613,-0.0722791470506785,5.229348142262531,5.18652405685616,4.825657623820614
2021-11-06,Brighton,Newcastle,home,2021,2,0.12901481455986613,0.4259852388246762,6.236600454917835,6.546285591693478,6.354649482787541
2021-11-06,Brighton,Newcastle,away,2021,5,0.12901481455986613,-0.4259852388246762,4.168403133039086,3.971208483293094,3.8735606772238587
2021-11-07,Arsenal,Watford,home,2021,4,0.1296829645240333,0.5726064033660685,6.321217441464116,6.746709275158346,6.788273512331495
2021-11-07,Arsenal,Watford,away,2021,2,0.1296829645240333,-0.5726064033660685,4.385618824196448,4.109032874026321,3.6994865580253613
2021-11-07,Everton,Tottenham,home,2021,4,0.1296829645240333,-0.08271209948147329,5.148654924225938,5.100434281420178,4.830736769741241
2021-11-07,Everton,Tottenham,away,2021,2,0.1296829645240333,0.08271209948147329,5.547833611424707,5.60028406724115,5.247278454199168
2021-11-07,Leeds,Leicester,home,2021,10,0.1296829645240333,-0.0361201298701298,5.701362830670945,5.677982650307474,5.085621692953732
2021-11-07,Leeds,Leicester,away,2021,5,0.1296829645240333,0.0361201298701298,5.519455326240696,5.5421827400042165,5.137003440419306
2021-11-07,West Ham,Liverpool,home,2021,3,0.1296829645240333,-0.34868706934012045,3.944758481808182,3.7913382375209856,3.9743916444815897
2021-11-07,West Ham,Liverpool,away,2021,2,0.1296829645240333,0.34868706934012045,6.715767055994419,6.987527199183402,6.229973065281814
2021-11-20,Leicester,Chelsea,home,2021,3,0.12984378662582274,-0.3368204676430644,5.127157009568846,4.934407737232141,4.3343522152189635
2021-11-20,Leicester,Chelsea,away,2021,5,0.12984378662582274,0.3368204676430644,5.385649975903079,5.596025804005562,5.786841118070525
2021-11-20,Aston Villa,Brighton,home,2021,5,0.12984378662582274,0.07920244460222253,5.535762335171045,5.585867902300743,5.290154940361253
2021-11-20,Aston Villa,Brighton,away,2021,7,0.12984378662582274,-0.07920244460222253,4.986686637440408,4.941955761874209,4.740873224012073
2021-11-20,Burnley,Crystal Palace,home,2021,3,0.12984378662582274,-0.008991096388847986,6.478532424530723,6.47190905369368,5.353104494183357
2021-11-20,Burnley,Crystal Palace,away,2021,6,0.12984378662582274,0.008991096388847986,4.107369810751926,4.111573305145279,4.631810784215274
2021-11-20,Newcastle,Brentford,home,2021,8,0.12984378662582274,0.01067976548882904,4.274474079258192,4.279670689452994,4.741641224670846
2021-11-20,Newcastle,Brentford,away,2021,2,0.12984378662582274,-0.01067976548882904,4.43347893103801,4.428095558464917,4.704240817687506
2021-11-20,Norwich,Southampton,home,2021,5,0.12984378662582274,-0.19286089009355595,5.427162007330849,5.309381581982448,4.6878832923067
2021-11-20,Norwich,Southampton,away,2021,7,0.12984378662582274,0.19286089009355595,5.770297755114763,5.898302893470362,5.564440219804147
2021-11-20,Watford,Man United,home,2021,9,0.12984378662582274,-0.4852746086495092,4.33283370829544,4.10011118065878,3.863342660747719
2021-11-20,Watford,Man United,away,2021,3,0.12984378662582274,0.4852746086495092,5.90538804361856,6.240578181551699,6.340001635427791
2021-11-20,Wolves,West Ham,home,2021,7,0.12984378662582274,-0.07077448576836648,5.0310624606098315,4.990716405805163,4.8202773790517455
2021-11-20,Wolves,West Ham,away,2021,3,0.12984378662582274,0.07077448576836648,4.312771985205707,4.3476373874298755,4.826880652898516
2021-11-20,Liverpool,Arsenal,home,2021,6,0.12984378662582274,0.4979908212704486,7.220926995843271,7.641834418826749,6.856591375636504
2021-11-20,Liverpool,Arsenal,away,2021,1,0.12984378662582274,-0.4979908212704486,3.6030915137850608,3.404635504308511,3.590897067867736
2021-11-21,Man City,Everton,home,2021,7,0.1292601922402602,0.7528205183524155,7.5392082509712655,8.21336272600382,7.737504458531074
2021-11-21,Man City,Everton,away,2021,1,0.1292601922402602,-0.7528205183524155,2.60047423942878,2.387026787489596,2.9134942131678927
2021-11-21,Tottenham,Leeds,home,2021,4,0.1292601922402602,0.34393578806238456,5.7798923613580415,6.010531639243991,5.994834440492834
2021-11-21,Tottenham,Leeds,away,2021,8,0.1292601922402602,-0.34393578806238456,5.352723252012508,5.147325743162062,4.334876951211248
2021-11-27,Arsenal,Newcastle,home,2021,4,0.12922866664270746,0.5080535369045325,6.087221492352423,6.449424319349674,6.528836731647868
2021-11-27,Arsenal,Newcastle,away,2021,4,0.12922866664270746,-0.5080535369045325,4.23730265029024,3.9993336591395967,3.761004000483643
2021-11-27,Crystal Palace,Aston Villa,home,2021,7,0.12922866664270746,0.14297836232498934,4.688677850001109,4.765567787315478,5.160214388565859
2021-11-27,Crystal Palace,Aston Villa,away,2021,3,0.12922866664270746,-0.14297836232498934,5.695210916335459,5.603321674613893,4.810191742595435
2021-11-27,Liverpool,Southampton,home,2021,5,0.12922866664270746,0.6443430830340005,6.756444193689403,7.270324869815253,7.143394401955896
2021-11-27,Liverpool,Southampton,away,2021,7,0.12922866664270746,-0.6443430830340005,3.7739315924320658,3.5071827809142424,3.4251370768427365
2021-11-27,Norwich,Wolves,home,2021,4,0.12922866664270746,-0.17118420905398302,5.383963160597038,5.280125332201151,4.71915068837541
2021-11-27,Norwich,Wolves,away,2021,3,0.12922866664270746,0.17118420905398302,5.9589018643555836,6.076088368517777,5.569365213130347
2021-11-27,Brighton,Leeds,home,2021,6,0.12922866664270746,0.19376764346986725,5.913566958724887,6.045373896809125,5.6673285240394025
2021-11-27,Brighton,Leeds,away,2021,1,0.12922866664270746,-0.19376764346986725,4.723427187747803,4.62044257744777,4.441636626799772
2021-11-28,Brentford,Everton,home,2021,3,0.1288917347821157,0.1439398289027961,5.377898006430527,5.466688435450909,5.387721158117849
2021-11-28,Brentford,Everton,away,2021,3,0.1288917347821157,-0.1439398289027961,3.9519777404775476,3.8877893743031624,4.29073993852367
2021-11-28,Leicester,Watford,home,2021,8,0.1288917347821157,0.40531596322573876,5.618155717542822,5.88328074963235,6.097807528253777
2021-11-28,Leicester,Watford,away,2021,6,0.1288917347821157,-0.40531596322573876,4.328106324882181,4.133063902617531,3.953510597340892
2021-11-28,Man City,West Ham,home,2021,8,0.1288917347821157,0.6429984829496734,6.778530102389442,7.292974896955063,7.146610934118229
2021-11-28,Man City,West Ham,away,2021,4,0.1288917347821157,-0.6429984829496734,3.075104753990418,2.8581875623386455,3.2152120815211886
2021-11-28,Chelsea,Man United,home,2021,15,0.1288917347821157,0.4275617742310651,6.063505210829053,6.365736746060314,6.303341314372355
2021-11-28,Chelsea,Man United,away,2021,2,0.1288917347821157,-0.4275617742310651,4.48787498268461,4.274800298629825,3.9611018797988007
2021-11-30,Newcastle,Norwich,home,2021,2,0.12942529927313717,0.2315236598227386,5.179675191007773,5.317917788001778,5.525321072221407
2021-11-30,Newcastle,Norwich,away,2021,5,0.12942529927313717,-0.2315236598227386,3.8007149138650105,3.7019129539490465,4.08521785944968
2021-11-30,Leeds,Crystal Palace,home,2021,7,0.12942529927313717,0.08307605950042102,6.882161970058176,6.947515128022491,5.670761394696502
2021-11-30,Leeds,Crystal Palace,away,2021,4,0.12942529927313717,-0.08307605950042102,4.42385263752803,4.382238803674671,4.559748056961672
2021-12-01,Southampton,Leicester,home,2021,2,0.12927426182859658,0.06505970446582371,5.8836707908319745,5.9273807651069275,5.359548737850122
2021-12-01,Southampton,Leicester,away,2021,4,0.12927426182859658,-0.06505970446582371,5.497478700455777,5.456938930514122,4.916381903807261
2021-12-01,Watford,Chelsea,home,2021,6,0.12927426182859658,-0.6378194114349849,4.339106506053551,4.035403882972984,3.624354608170503
2021-12-01,Watford,Chelsea,away,2021,0,0.12927426182859658,0.6378194114349849,6.196493373958812,6.6628385889974115,6.863252966301278
2021-12-01,West Ham,Brighton,home,2021,9,0.12927426182859658,0.22367301606512918,5.144915117917001,5.277514349501819,5.495521340559222
2021-12-01,West Ham,Brighton,away,2021,5,0.12927426182859658,-0.22367301606512918,4.9458899972599815,4.821622933315073,4.449349046799298
2021-12-01,Wolves,Burnley,home,2021,5,0.12927426182859658,0.26514973245618534,6.824131489174357,7.033117475662836,6.107028209685453
2021-12-01,Wolves,Burnley,away,2021,5,0.12927426182859658,-0.26514973245618534,3.5360867034794725,3.431013445341437,3.9381444870429254
2021-12-01,Aston Villa,Man City,home,2021,4,0.12927426182859658,-0.5929939516129032,3.7618776030312193,3.5164633001818766,3.532789607946383
2021-12-01,Aston Villa,Man City,away,2021,11,0.12927426182859658,0.5929939516129032,6.736863202350488,7.207029515791246,6.912562118064061
2021-12-01,Everton,Liverpool,home,2021,3,0.12927426182859658,-0.5539616909965404,3.972298432201443,3.729681943736856,3.6528342589832423
2021-12-01,Everton,Liverpool,away,2021,11,0.12927426182859658,0.5539616909965404,7.170374867931719,7.636809056603937,6.9331904051491495
2021-12-02,Tottenham,Brentford,home,2021,11,0.12946702394002446,0.40086706700534486,5.518173948560687,5.775656778076347,6.052419017735068
2021-12-02,Tottenham,Brentford,away,2021,5,0.12946702394002446,-0.40086706700534486,4.506204864865575,4.305315091881305,4.011021569164376
2021-12-02,Man United,Arsenal,home,2021,3,0.12946702394002446,0.21298701298701306,5.8467524322671895,5.990153355712202,5.69323737439393
2021-12-02,Man United,Arsenal,away,2021,8,0.12946702394002446,-0.21298701298701306,4.11256862270731,4.014116028390199,4.219700368820009
2021-12-04,West Ham,Chelsea,home,2021,1,0.12943617298250054,-0.3237369637169799,4.653237346154894,4.484975232593039,4.228567663892971
2021-12-04,West Ham,Chelsea,away,2021,9,0.12943617298250054,0.3237369637169799,5.172379787709773,5.3664311503349085,5.683001934279668
2021-12-04,Newcastle,Burnley,home,2021,10,0.12943617298250054,0.11112954055398905,5.581948469706932,5.652967616303454,5.375739021570779
2021-12-04,Newcastle,Burnley,away,2021,3,0.12943617298250054,-0.11112954055398905,4.341612967915433,4.287068581893393,4.4798667338740215
2021-12-04,Southampton,Brighton,home,2021,6,0.12943617298250054,0.08211172546781836,5.801132552547012,5.85557779137488,5.374500780391288
2021-12-04,Southampton,Brighton,away,2021,2,0.12943617298250054,-0.08211172546781836,5.174907112602134,5.126790758640844,4.790049190391402
2021-12-04,Wolves,Liverpool,home,2021,2,0.12943617298250054,-0.5484395360302324,4.021793934173041,3.7785274523651924,3.675504058862816
2021-12-04,Wolves,Liverpool,away,2021,8,0.12943617298250054,0.5484395360302324,5.5919672630883905,5.951985344106873,6.401374060504478
2021-12-04,Watford,Man City,home,2021,5,0.12943617298250054,-0.7351710296750456,3.5597656701806444,3.274146976532824,3.270496542993957
2021-12-04,Watford,Man City,away,2021,11,0.12943617298250054,0.7351710296750456,6.851085804075916,7.448737098124253,7.3781019870572475
2021-12-05,Leeds,Brentford,home,2021,5,0.12970494281873593,0.25408118546111924,6.717352289800564,6.9143560137485185,6.048797310238502
2021-12-05,Leeds,Brentford,away,2021,1,0.12970494281873593,-0.25408118546111924,4.284547088192485,4.162471839228456,4.200513795546828
2021-12-05,Man United,Crystal Palace,home,2021,9,0.12970494281873593,0.45463994987601036,6.309927202401215,6.644880014012169,6.455349376247196
2021-12-05,Man United,Crystal Palace,away,2021,6,0.12970494281873593,-0.45463994987601036,3.90020167100672,3.7036016552353823,3.748551541061828
2021-12-05,Tottenham,Norwich,home,2021,6,0.12970494281873593,0.5617323065355104,6.07144068038571,6.472108013674525,6.672862199693156
2021-12-05,Tottenham,Norwich,away,2021,4,0.12970494281873593,-0.5617323065355104,4.296774271935478,4.0307748347130214,3.692856596990915
2021-12-05,Aston Villa,Leicester,home,2021,3,0.12970494281873593,0.08977989070274178,5.265184870995497,5.319238440634848,5.231457388554475
2021-12-05,Aston Villa,Leicester,away,2021,6,0.12970494281873593,-0.08977989070274178,5.736242898492465,5.677951771211301,4.93030392222779
2021-12-06,Everton,Arsenal,home,2021,3,0.1294190967393775,-0.16022924004537037,5.1976776513246,5.103789516329663,4.689254910571768
2021-12-06,Everton,Arsenal,away,2021,3,0.1294190967393775,0.16022924004537037,5.671369459858044,5.775698664608683,5.4589203513053866
2021-12-10,Brentford,Watford,home,2021,8,0.1294463906922779,0.13234523655856828,4.973943970172089,5.049400118339489,5.232562889749245
2021-12-10,Brentford,Watford,away,2021,2,0.1294463906922779,-0.13234523655856828,4.44484426795067,4.378422352514546,4.472611572308999
2021-12-11,Man City,Wolves,home,2021,14,0.12946426517661774,0.7858078758064166,6.8497650262997265,7.490326904415509,7.614842708175966
2021-12-11,Man City,Wolves,away,2021,1,0.12946426517661774,-0.7858078758064166,3.1825040981370223,2.91034096984791,3.0599179089768875
2021-12-11,Arsenal,Southampton,home,2021,9,0.12946426517661774,0.3960216998191681,5.7890937472901545,6.055878785575032,6.130960465817474
2021-12-11,Arsenal,Southampton,away,2021,8,0.12946426517661774,-0.3960216998191681,4.87459595455393,4.659851024147353,4.118862571540841
2021-12-11,Chelsea,Leeds,home,2021,5,0.12946426517661774,0.6695014358065166,6.845339892888635,7.387094612060505,7.249027695105534
2021-12-11,Chelsea,Leeds,away,2021,2,0.12946426517661774,-0.6695014358065166,4.264491187029009,3.9517419470682933,3.5205545291900546
2021-12-11,Liverpool,Aston Villa,home,2021,11,0.12946426517661774,0.6991324156881241,6.96413304690252,7.5406660466669875,7.379606315282868
2021-12-11,Liverpool,Aston Villa,away,2021,3,0.12946426517661774,-0.6991324156881241,4.079910442278144,3.767974733747904,3.4292385003867203
2021-12-11,Norwich,Man United,home,2021,8,0.12946426517661774,-0.5310131911310694,5.717108646679524,5.381956848362963,4.131529586212816
2021-12-11,Norwich,Man United,away,2021,6,0.12946426517661774,0.5310131911310694,5.331045169346013,5.66302653332826,6.260596607323516
2021-12-12,Burnley,West Ham,home,2021,6,0.1300508339881642,-0.20277899788950438,5.258403944724088,5.138484672033117,4.622594070547525
2021-12-12,Burnley,West Ham,away,2021,4,0.1300508339881642,0.20277899788950438,5.053792892673048,5.1717356728313,5.361587985924353
2021-12-12,Leicester,Newcastle,home,2021,4,0.1300508339881642,0.33855319967190545,5.657337292666177,5.8794847332775655,5.941432744811546
2021-12-12,Leicester,Newcastle,away,2021,6,0.1300508339881642,-0.33855319967190545,4.522760956251919,4.351875272130346,4.122493052806764
2021-12-12,Crystal Palace,Everton,home,2021,8,0.1300508339881642,0.13865348669197164,4.968980436486256,5.0479827391163745,5.244864419937912
2021-12-12,Crystal Palace,Everton,away,2021,2,0.1300508339881642,-0.13865348669197164,3.9533846854742407,3.8915131400517646,4.3007896808354324
2021-12-14,Norwich,Aston Villa,home,2021,7,0.12974886535037428,-0.1345413830921438,5.976098977559667,5.885324013648754,4.951014922259712
2021-12-14,Norwich,Aston Villa,away,2021,10,0.12974886535037428,0.1345413830921438,5.848163583258344,5.938365386418926,5.452030342645237
2021-12-14,Man City,Leeds,home,2021,6,0.12974886535037428,0.7835453051786041,7.522416230024346,8.223764588467194,7.832931321419548
2021-12-14,Man City,Leeds,away,2021,2,0.12974886535037428,-0.7835453051786041,2.8732366599936725,2.628198053498254,2.966800977594406
2021-12-15,Brighton,Wolves,home,2021,7,0.1296667253722538,0.1400016200766065,6.034207987307865,6.131086708264867,5.5752966267244854
2021-12-15,Brighton,Wolves,away,2021,4,0.1296667253722538,-0.1400016200766065,4.287379649530021,4.2196337707865945,4.408368337048396
2021-12-15,Crystal Palace,Southampton,home,2021,4,0.1296667253722538,0.18118299445471348,4.947719084732165,5.050761959518769,5.332616563685696
2021-12-15,Crystal Palace,Southampton,away,2021,6,0.1296667253722538,-0.18118299445471348,5.383800576539211,5.273963230584139,4.651119677872828
2021-12-15,Arsenal,West Ham,home,2021,5,0.1296667253722538,0.14202733655703098,6.011805122712462,6.10973203783315,5.57359556230402
2021-12-15,Arsenal,West Ham,away,2021,2,0.1296667253722538,-0.14202733655703098,4.679671401629569,4.6046655288183915,4.526434334261603
2021-12-16,Chelsea,Everton,home,2021,7,0.1293602203457183,0.7003590249241612,6.98353964008724,7.5627345123177605,7.389828895782528
2021-12-16,Chelsea,Everton,away,2021,1,0.1293602203457183,-0.7003590249241612,3.245844960044853,2.9972607007599,3.1916934499095055
2021-12-16,Liverpool,Newcastle,home,2021,11,0.1293602203457183,0.8100936158231856,6.777501952856402,7.431811004417412,7.667819250016064
2021-12-16,Liverpool,Newcastle,away,2021,0,0.1293602203457183,-0.8100936158231856,3.5353436212189573,3.2240860649696,3.1296322700550743
2021-12-18,Leeds,Arsenal,home,2021,1,0.12992203706212682,-0.2549712303986864,5.895793452490282,5.727230647293685,4.68613295587053
2021-12-18,Leeds,Arsenal,away,2021,4,0.12992203706212682,0.2549712303986864,4.686896852508577,4.824840743680354,5.353633854897517
2021-12-19,Newcastle,Man City,home,2021,3,0.13007852400086067,-0.7567613276386708,3.417948665558944,3.1359964723790066,3.200064902495965
2021-12-19,Newcastle,Man City,away,2021,6,0.13007852400086067,0.7567613276386708,6.871029891680772,7.488792687151853,7.4523094266811905
2021-12-19,Wolves,Chelsea,home,2021,4,0.13007852400086067,-0.4574207139353014,4.402876776381635,4.1796156324161595,3.9285578117771287
2021-12-19,Wolves,Chelsea,away,2021,9,0.13007852400086067,0.4574207139353014,4.851399821089161,5.110545438568855,5.893624086208731
2021-12-19,Tottenham,Liverpool,home,2021,6,0.13007852400086067,-0.4174289169328082,4.181439906254862,3.9875081461236386,3.931616345313283
2021-12-19,Tottenham,Liverpool,away,2021,4,0.13007852400086067,0.4174289169328082,7.354387341737011,7.7120666817168795,6.59729169427994
2021-12-26,Man City,Leicester,home,2021,14,0.12974035277663684,0.7477738662248914,7.055527712463446,7.682019776470094,7.563158383901452
2021-12-26,Man City,Leicester,away,2021,4,0.12974035277663684,-0.7477738662248914,3.1592211363970484,2.901577049557132,3.1022684869552224
2021-12-26,Norwich,Arsenal,home,2021,3,0.12974035277663684,-0.5510352036996016,5.3425855938856195,5.017946300846377,4.011210843223355
2021-12-26,Norwich,Arsenal,away,2021,5,0.12974035277663684,0.5510352036996016,5.554849701884172,5.914224308952955,6.395096455002688
2021-12-26,Tottenham,Crystal Palace,home,2021,4,0.12974035277663684,0.3652141340991385,6.709047671065387,6.993673165426509,6.336481176599682
2021-12-26,Tottenham,Crystal Palace,away,2021,2,0.12974035277663684,-0.3652141340991385,4.675722113016416,4.485431590935467,4.118890821195508
2021-12-26,West Ham,Southampton,home,2021,10,0.12974035277663684,0.28890266584004953,5.022516662979693,5.19033576570275,5.606510924659349
2021-12-26,West Ham,Southampton,away,2021,2,0.12974035277663684,-0.28890266584004953,5.69802122258375,5.513787128290724,4.523899147690259
2021-12-26,Aston Villa,Chelsea,home,2021,2,0.12974035277663684,-0.38573450880905996,4.359498599636423,4.172325858917264,4.036618078578723
2021-12-26,Aston Villa,Chelsea,away,2021,5,0.12974035277663684,0.38573450880905996,6.294182988879942,6.576543360637261,6.201469264396558
2021-12-26,Brighton,Brentford,home,2021,6,0.12974035277663684,0.2604890604890606,6.300997254622152,6.49052013798433,5.945417802599588
2021-12-26,Brighton,Brentford,away,2021,9,0.12974035277663684,-0.2604890604890606,3.4515803677451538,3.3507943830252147,3.9162579741138575
2021-12-27,Newcastle,Man United,home,2021,2,0.1301924738646096,-0.5032967032967033,5.076366396211666,4.793868747300603,4.0280780108192715
2021-12-27,Newcastle,Man United,away,2021,4,0.1301924738646096,0.5032967032967033,4.936985633406338,5.2279170100591354,6.041549012844825
2021-12-28,Crystal Palace,Norwich,home,2021,8,0.13024142104707975,0.40357389502762425,5.147592294148895,5.389442853211051,5.9294727042073685
2021-12-28,Crystal Palace,Norwich,away,2021,8,0.13024142104707975,-0.40357389502762425,3.9025919643435354,3.727463648843239,3.830855102326407
2021-12-28,Southampton,Tottenham,home,2021,3,0.13024142104707975,-0.2119300176134964,5.291612799720796,5.165555667323167,4.6138385529223855
2021-12-28,Southampton,Tottenham,away,2021,7,0.13024142104707975,0.2119300176134964,4.658867084829479,4.772559291971957,5.24755184523947
2021-12-28,Watford,West Ham,home,2021,4,0.13024142104707975,-0.14408371344244697,5.010167788460149,4.928711528036416,4.6675299640295735
2021-12-28,Watford,West Ham,away,2021,5,0.13024142104707975,0.14408371344244697,5.320060051384611,5.407984084785715,5.31491587643603
2021-12-28,Leicester,Liverpool,home,2021,1,0.13024142104707975,-0.5826563821336135,4.22137366412679,3.9506265838722303,3.677961683635474
2021-12-28,Leicester,Liverpool,away,2021,12,0.13024142104707975,0.5826563821336135,6.541604493640891,6.989918268489589,6.819708799110552
2021-12-29,Chelsea,Brighton,home,2021,10,0.13029024758450689,0.5528517137948106,6.871471393503639,7.317537758189159,6.909376434893902
2021-12-29,Chelsea,Brighton,away,2021,8,0.13029024758450689,-0.5528517137948106,3.9842926812607575,3.7414160455803804,3.620508610732631
2021-12-29,Brentford,Man City,home,2021,3,0.13029024758450689,-0.7689527916094432,3.6212479541849025,3.317920213436473,3.2415026135640383
2021-12-29,Brentford,Man City,away,2021,5,0.13029024758450689,0.7689527916094432,6.286135939361342,6.860821070366676,7.285882434498003
2021-12-30,Man United,Burnley,home,2021,7,0.13016756137470553,0.5829781679339491,7.1246461452926,7.613196035414753,7.077034329809871
2021-12-30,Man United,Burnley,away,2021,5,0.13016756137470553,-0.5829781679339491,4.00826541700051,3.7510491808827515,3.581507099351173
2022-01-01,Arsenal,Man City,home,2021,5,0.12997254658782462,-0.4660958975103133,4.220746861885532,4.002768723614927,3.8630233370097926
2022-01-01,Arsenal,Man City,away,2021,5,0.12997254658782462,0.4660958975103133,6.224045012866692,6.562986839910819,6.392795325965012
2022-01-01,Watford,Tottenham,home,2021,3,0.12997254658782462,-0.4108024346214675,4.663436642826398,4.450504093885684,4.078959648323404
2022-01-01,Watford,Tottenham,away,2021,7,0.12997254658782462,0.4108024346214675,5.2949887257507635,5.548325296665379,5.93866350223448
2022-01-01,Crystal Palace,West Ham,home,2021,9,0.12997254658782462,-0.10132201025704252,4.90333805911787,4.847141870200147,4.720620210114432
2022-01-01,Crystal Palace,West Ham,away,2021,1,0.12997254658782462,0.10132201025704252,4.899477834635134,4.956280789730399,5.0876998696644185
2022-01-02,Brentford,Aston Villa,home,2021,3,0.12987184909114396,-0.07170286929636266,5.34828010931403,5.304829845423135,4.91108225839442
2022-01-02,Brentford,Aston Villa,away,2021,7,0.12987184909114396,0.07170286929636266,5.0987293468951425,5.140491503662901,5.087374506065382
2022-01-02,Everton,Brighton,home,2021,8,0.12987184909114396,-0.007601757706001189,5.461123312286151,5.45640246334424,5.078539460390741
2022-01-02,Everton,Brighton,away,2021,5,0.12987184909114396,0.007601757706001189,5.771972032129463,5.776965910100099,5.146867292785124
2022-01-02,Leeds,Burnley,home,2021,9,0.12987184909114396,0.20888428184967012,7.201926040945196,7.3751216110448246,6.064866080956852
2022-01-02,Leeds,Burnley,away,2021,3,0.12987184909114396,-0.20888428184967012,4.190309129214917,4.091904924267137,4.251744984365295
2022-01-02,Chelsea,Liverpool,home,2021,6,0.12987184909114396,-0.10180839315295415,4.858761410636409,4.8028103409801295,4.706239318479412
2022-01-02,Chelsea,Liverpool,away,2021,7,0.12987184909114396,0.10180839315295415,5.858301422130273,5.926548595694532,5.380217373865833
2022-01-03,Man United,Wolves,home,2021,3,0.12937834431262726,0.4558964386265347,6.050233286763441,6.372311473143862,6.374730927073737
2022-01-03,Man United,Wolves,away,2021,8,0.12937834431262726,-0.4558964386265347,4.5669661946410125,4.336136268101817,3.9354352338099847
2022-01-11,Southampton,Brentford,home,2021,5,0.129312061378968,0.19815542755098708,5.849373439243072,5.98273529019232,5.658541940885179
2022-01-11,Southampton,Brentford,away,2021,2,0.129312061378968,-0.19815542755098708,4.445683310396818,4.346584064608586,4.350488345585525
2022-01-12,West Ham,Norwich,home,2021,11,0.12932064615583963,0.63936077351776,5.758909986327231,6.193408824706179,6.782225757181093
2022-01-12,West Ham,Norwich,away,2021,2,0.12932064615583963,-0.63936077351776,4.23659314021085,3.93937478272689,3.5582874246157696
2022-01-14,Brighton,Crystal Palace,home,2021,9,0.12954207445661775,0.2126071666463733,6.637011317168774,6.7995007626484485,5.921713717415528
2022-01-14,Brighton,Crystal Palace,away,2021,0,0.12954207445661775,-0.2126071666463733,3.924392309958921,3.830610082035242,4.159224656412822
2022-01-15,Man City,Chelsea,home,2021,9,0.12983801922571472,0.36679920477137173,6.214690936536041,6.479512102684577,6.191264535157965
2022-01-15,Man City,Chelsea,away,2021,1,0.12983801922571472,-0.36679920477137173,3.4733832788142314,3.3314242245213457,3.7519750799049416
2022-01-15,Newcastle,Watford,home,2021,4,0.12983801922571472,0.19527754043995194,4.8495158179298405,4.958457884606728,5.330986415643873
2022-01-15,Newcastle,Watford,away,2021,6,0.12983801922571472,-0.19527754043995194,4.408732129276262,4.311868063720878,4.344454999690956
2022-01-15,Norwich,Everton,home,2021,8,0.12983801922571472,-0.2114307489879999,5.874644242431473,5.735023836860535,4.767599502795914
2022-01-15,Norwich,Everton,away,2021,8,0.12983801922571472,0.2114307489879999,4.31690295071772,4.42199889415839,5.123277562460529
2022-01-15,Wolves,Southampton,home,2021,2,0.12983801922571472,0.1314475873544093,5.313437582255158,5.393493123876221,5.339320583501675
2022-01-15,Wolves,Southampton,away,2021,10,0.12983801922571472,-0.1314475873544093,5.004214314466462,4.929936832669179,4.642672184462407
2022-01-15,Aston Villa,Man United,home,2021,3,0.12983801922571472,-0.06789090767614675,5.24269668000475,5.20235981593427,4.888510851270909
2022-01-15,Aston Villa,Man United,away,2021,6,0.12983801922571472,0.06789090767614675,5.371359358866375,5.413006572822756,5.162327681446141
2022-01-16,Liverpool,Brentford,home,2021,9,0.1297283266677322,0.649729581439097,7.576292028468582,8.157525971772115,7.419776093866619
2022-01-16,Liverpool,Brentford,away,2021,0,0.1297283266677322,-0.649729581439097,3.0309739579786323,2.8150132669869823,3.191691858337805
2022-01-16,West Ham,Leeds,home,2021,4,0.1297283266677322,0.3880313208393188,5.71961532460469,5.977762065313171,6.0873952716589415
2022-01-16,West Ham,Leeds,away,2021,3,0.1297283266677322,-0.3880313208393188,4.417431684025716,4.226667050192154,4.007856678847844
2022-01-18,Brighton,Chelsea,home,2021,5,0.12998837333912794,-0.3427812787007483,5.141854150349767,4.945197699499941,4.32733259084611
2022-01-18,Brighton,Chelsea,away,2021,7,0.12998837333912794,0.3427812787007483,4.749821444554983,4.938708337297619,5.578662724075693
2022-01-19,Leicester,Tottenham,home,2021,3,0.12979570553030895,-0.09069353882631892,4.914468305358844,4.8640223671698415,4.745170423307618
2022-01-19,Leicester,Tottenham,away,2021,8,0.12979570553030895,0.09069353882631892,5.276444261932353,5.331167526136836,5.183313017779275
2022-01-19,Brentford,Man United,home,2021,6,0.12979570553030895,-0.31136035032507836,4.883516444754923,4.713559577412594,4.315155252179002
2022-01-19,Brentford,Man United,away,2021,9,0.12979570553030895,0.31136035032507836,4.774231367358045,4.9463758780696425,5.5140565375876935
2022-01-21,Watford,Norwich,home,2021,5,0.12958910234281482,0.19911451477803044,5.591600432202883,5.719709280083853,5.58188052149588
2022-01-21,Watford,Norwich,away,2021,1,0.12958910234281482,-0.19911451477803044,4.611701012126703,4.508409100859074,4.398700350479411
2022-01-22,Everton,Aston Villa,home,2021,9,0.12970232482072114,-0.011790283468517404,5.473160920594865,5.465824518806417,5.07305972076724
2022-01-22,Everton,Aston Villa,away,2021,2,0.12970232482072114,0.011790283468517404,6.308328376529621,6.316795613526428,5.300729337008068
2022-01-22,Brentford,Wolves,home,2021,6,0.12970232482072114,-0.0670460949396684,5.04475792605963,5.006425134547615,4.831951333247361
2022-01-22,Brentford,Wolves,away,2021,3,0.12970232482072114,0.0670460949396684,5.151810878823496,5.191256848156884,5.093811025479801
2022-01-22,Leeds,Newcastle,home,2021,6,0.12970232482072114,0.2131194500143226,6.025411915089565,6.17328775819473,5.7472114109417145
2022-01-22,Leeds,Newcastle,away,2021,7,0.12970232482072114,-0.2131194500143226,4.26526599206351,4.163095183031172,4.2676754768482255
2022-01-22,Man United,West Ham,home,2021,3,0.12970232482072114,0.2545150410705542,5.599670291751289,5.764179602338805,5.716347287173834
2022-01-22,Man United,West Ham,away,2021,3,0.12970232482072114,-0.2545150410705542,4.54354556408273,4.41387306948056,4.277267515743602
2022-01-22,Southampton,Man City,home,2021,2,0.12970232482072114,-0.6542598467848023,3.864403025954731,3.5872101831805447,3.4716838728553916
2022-01-22,Southampton,Man City,away,2021,11,0.12970232482072114,0.6542598467848023,6.541385535134057,7.046855011293406,7.028629785103947
2022-01-23,Arsenal,Burnley,home,2021,12,0.1297080002044627,0.5978610953737262,7.564402843965914,8.096805305546395,7.255745133533754
2022-01-23,Arsenal,Burnley,away,2021,4,0.1297080002044627,-0.5978610953737262,3.9411372507628264,3.681989217118579,3.540423633644405
2022-01-23,Crystal Palace,Liverpool,home,2021,2,0.1297080002044627,-0.4386682902946383,3.895746703281935,3.706099228435372,3.8115759950032055
2022-01-23,Crystal Palace,Liverpool,away,2021,5,0.1297080002044627,0.4386682902946383,6.670482607994998,7.011822681382141,6.457203997367536
2022-01-23,Leicester,Brighton,home,2021,4,0.1297080002044627,0.033473052702675865,5.806025879687028,5.828177900209534,5.266806154800626
2022-01-23,Leicester,Brighton,away,2021,5,0.1297080002044627,-0.033473052702675865,5.5347125835084965,5.5136759801591655,4.9927766003915535
2022-01-23,Chelsea,Tottenham,home,2021,10,0.1297080002044627,0.37367789459816303,5.941279089703065,6.199299022231494,6.122793575571563
2022-01-23,Chelsea,Tottenham,away,2021,3,0.1297080002044627,-0.37367789459816303,4.540239755810008,4.35127123674746,4.06678515615133
2022-02-05,Burnley,Watford,home,2021,4,0.12981210467481447,0.1606484893146647,5.5547357548098955,5.657189213068117,5.480785926335625
2022-02-05,Burnley,Watford,away,2021,7,0.12981210467481447,-0.1606484893146647,4.591340003707953,4.508189406529309,4.464450306540211
2022-02-08,Newcastle,Everton,home,2021,6,0.12966096933554738,0.04769968952864806,4.991817121034838,5.018979324584183,5.054785797554655
2022-02-08,Newcastle,Everton,away,2021,2,0.12966096933554738,-0.04769968952864806,3.9827444123417814,3.961190206313645,4.479212496395136
2022-02-08,West Ham,Watford,home,2021,5,0.12966096933554738,0.468608160726217,5.58208975068241,5.887755259669294,6.250140995353201
2022-02-08,West Ham,Watford,away,2021,6,0.12966096933554738,-0.468608160726217,4.514897852914317,4.2805048645222765,3.9004399540772776
2022-02-08,Burnley,Man United,home,2021,2,0.12966096933554738,-0.4325819294476436,5.403803603352964,5.144303726676316,4.231596223865426
2022-02-08,Burnley,Man United,away,2021,10,0.12966096933554738,0.4325819294476436,5.284928668420745,5.551522246593109,5.989889247213645
2022-02-09,Man City,Brentford,home,2021,9,0.12958703530889948,0.8223493431790451,8.391486943356462,9.21445085311049,8.238067312836518
2022-02-09,Man City,Brentford,away,2021,3,0.12958703530889948,-0.8223493431790451,2.381792902875126,2.1690694719489265,2.752937811228188
2022-02-09,Norwich,Crystal Palace,home,2021,4,0.12958703530889948,-0.16602033329839638,6.551301305391632,6.428725196074949,5.027684921025281
2022-02-09,Norwich,Crystal Palace,away,2021,6,0.12958703530889948,0.16602033329839638,4.759840872812945,4.8505964670188,5.18147481860658
2022-02-09,Tottenham,Southampton,home,2021,2,0.12958703530889948,0.423468000652493,5.651603815285989,5.930541705263393,6.156025370361813
2022-02-09,Tottenham,Southampton,away,2021,8,0.12958703530889948,-0.423468000652493,5.785615779766512,5.5134943551088345,4.294780939826777
2022-02-09,Aston Villa,Leeds,home,2021,6,0.12958703530889948,0.3076398362892224,4.958779095389932,5.135403736382498,5.6285254618678255
2022-02-09,Aston Villa,Leeds,away,2021,11,0.12958703530889948,-0.3076398362892224,4.979956991839592,4.808678712468771,4.303805158822647
2022-02-10,Liverpool,Leicester,home,2021,7,0.12944677963151485,0.6706943024444652,7.500808489532857,8.095536934129996,7.462320873512609
2022-02-10,Liverpool,Leicester,away,2021,6,0.12944677963151485,-0.6706943024444652,3.5581233744469856,3.2967303133829025,3.325708562046841
2022-02-10,Wolves,Arsenal,home,2021,7,0.12944677963151485,-0.16734632514611092,4.651484677206324,4.563765995151513,4.516216424269096
2022-02-10,Wolves,Arsenal,away,2021,4,0.12944677963151485,0.16734632514611092,4.673466542341601,4.763293743420049,5.15486950223001
2022-02-12,Man United,Southampton,home,2021,1,0.12908868537556342,0.4192441828712312,5.26813533966077,5.525491159394732,6.011983503428066
2022-02-12,Man United,Southampton,away,2021,4,0.12908868537556342,-0.4192441828712312,5.47510329269542,5.220094343197056,4.229105599437756
2022-02-12,Brentford,Crystal Palace,home,2021,3,0.12908868537556342,0.03212392140555148,5.670722534911527,5.691484700938481,5.225273974719852
2022-02-12,Brentford,Crystal Palace,away,2021,9,0.12908868537556342,-0.03212392140555148,4.134306222088981,4.1192245418772915,4.561503568616591
2022-02-12,Everton,Leeds,home,2021,5,0.12908868537556342,0.09285290041575928,5.435018838253626,5.492735905759662,5.29031923229546
2022-02-12,Everton,Leeds,away,2021,3,0.12908868537556342,-0.09285290041575928,5.332186466010809,5.276156434439328,4.813106779201447
2022-02-12,Watford,Brighton,home,2021,4,0.12908868537556342,-0.18882982661356007,5.306889042872571,5.194100239202683,4.663175788585251
2022-02-12,Watford,Brighton,away,2021,5,0.12908868537556342,0.18882982661356007,5.3141314153676165,5.429526671000167,5.414242915805199
2022-02-12,Norwich,Man City,home,2021,4,0.12908868537556342,-0.7707449888118674,3.9019448387298734,3.574376139043634,3.3152950164169943
2022-02-12,Norwich,Man City,away,2021,12,0.12908868537556342,0.7707449888118674,8.056691330049121,8.79503553337175,7.877629085065804
2022-02-13,Burnley,Liverpool,home,2021,5,0.12919631215770844,-0.6541792793260166,3.7493319236337306,3.4804250084349366,3.4392495192972956
2022-02-13,Burnley,Liverpool,away,2021,8,0.12919631215770844,0.6541792793260166,7.191868868814415,7.747531831625033,7.239129375771518
2022-02-13,Newcastle,Aston Villa,home,2021,3,0.12919631215770844,-0.016269390843738185,5.049246859324706,5.039909847297151,4.937865660160048
2022-02-13,Newcastle,Aston Villa,away,2021,6,0.12919631215770844,0.016269390843738185,5.184581534786985,5.194186567736949,4.99579546055119
2022-02-13,Tottenham,Wolves,home,2021,7,0.12919631215770844,0.3994363366250109,5.664140712256776,5.927469596472253,6.098183712297881
2022-02-13,Tottenham,Wolves,away,2021,3,0.12919631215770844,-0.3994363366250109,5.199279167795696,4.968300272046445,4.196422208579027
2022-02-13,Leicester,West Ham,home,2021,5,0.12919631215770844,-0.06656749721085908,5.1379821405783614,5.099218616273021,4.860582670963804
2022-02-13,Leicester,West Ham,away,2021,4,0.12919631215770844,0.06656749721085908,4.92686848643864,4.964321829920287,5.022420104771738
2022-02-15,Man United,Brighton,home,2021,10,0.1287183068190131,0.3382059559650332,5.571911544127742,5.790475805928757,5.912462595355735
2022-02-15,Man United,Brighton,away,2021,2,0.1287183068190131,-0.3382059559650332,4.796768423509158,4.615712119216985,4.199369822080748
2022-02-19,West Ham,Newcastle,home,2021,3,0.12884707699928688,0.3775574062484956,5.661809141538807,5.910300126337789,6.041421324972072
2022-02-19,West Ham,Newcastle,away,2021,7,0.12884707699928688,-0.3775574062484956,4.404098991884498,4.218934301047776,4.021801938938155
2022-02-19,Arsenal,Brentford,home,2021,14,0.12884707699928688,0.5337186304764396,7.11678310745228,7.56229534290597,6.929202873159736
2022-02-19,Arsenal,Brentford,away,2021,0,0.12884707699928688,-0.5337186304764396,3.5685444526150008,3.358313280158643,3.5266137085864653
2022-02-19,Aston Villa,Watford,home,2021,10,0.12884707699928688,0.3987671972457276,5.022681054054763,5.2557880278316045,5.872343025019441
2022-02-19,Aston Villa,Watford,away,2021,5,0.12884707699928688,-0.3987671972457276,5.633579206903214,5.383716276073571,4.303871109616671
2022-02-19,Brighton,Burnley,home,2021,4,0.12884707699928688,0.40851009147786144,7.768338294487141,8.137888704827853,6.754846754103717
2022-02-19,Brighton,Burnley,away,2021,4,0.12884707699928688,-0.40851009147786144,3.857929170012803,3.6827363946437037,3.809203619802291
2022-02-19,Crystal Palace,Chelsea,home,2021,4,0.12884707699928688,-0.41020301926080166,4.418678206000555,4.217208903243533,4.012016835190967
2022-02-19,Crystal Palace,Chelsea,away,2021,4,0.12884707699928688,0.41020301926080166,5.311142759650065,5.5648727154525215,5.9428017296912845
2022-02-19,Liverpool,Norwich,home,2021,9,0.12884707699928688,0.8221845167641852,8.0472548966216,8.83629383078737,8.130668468301991
2022-02-19,Liverpool,Norwich,away,2021,4,0.12884707699928688,-0.8221845167641852,2.843602472222013,2.5896823212130378,2.9094514744450395
2022-02-19,Southampton,Everton,home,2021,4,0.12884707699928688,0.1935063052616321,5.71670320974696,5.84394851911013,5.60723011296456
2022-02-19,Southampton,Everton,away,2021,4,0.12884707699928688,-0.1935063052616321,4.042128008649726,3.954115284501963,4.231652640004999
2022-02-19,Man City,Tottenham,home,2021,10,0.12884707699928688,0.6580663413420169,7.224003326739276,7.785591226556305,7.336231042330539
2022-02-19,Man City,Tottenham,away,2021,0,0.12884707699928688,-0.6580663413420169,3.0460951931523494,2.826375180582177,3.1854306353565365
2022-02-20,Leeds,Man United,home,2021,3,0.12952776913551448,-0.25987084500060287,5.804122406906645,5.635038613568762,4.653682111107486
2022-02-20,Leeds,Man United,away,2021,3,0.12952776913551448,0.25987084500060287,5.273255955552961,5.431484173911486,5.565434807385835
2022-02-20,Wolves,Leicester,home,2021,7,0.12952776913551448,0.1309014440142291,5.4001286877366494,5.481149803368891,5.365081272200014
2022-02-20,Wolves,Leicester,away,2021,10,0.12952776913551448,-0.1309014440142291,5.107187433386541,5.031694144853976,4.673310666369886
2022-02-23,Burnley,Tottenham,home,2021,3,0.12948580742371954,-0.33389956341216753,5.0398711119143105,4.852015300001568,4.316533211477413
2022-02-23,Burnley,Tottenham,away,2021,7,0.12948580742371954,0.33389956341216753,5.259308353906096,5.462933359153333,5.737121512604907
2022-02-23,Watford,Crystal Palace,home,2021,6,0.12948580742371954,-0.10037174721189596,5.374926700903027,5.313900168987495,4.859605889712812
2022-02-23,Watford,Crystal Palace,away,2021,4,0.12948580742371954,0.10037174721189596,4.618984779814019,4.67203068077538,4.993082823985195
2022-02-23,Liverpool,Leeds,home,2021,4,0.12948580742371954,0.7736963261217353,7.241107371893408,7.907363065977098,7.708376685714253
2022-02-23,Liverpool,Leeds,away,2021,0,0.12948580742371954,-0.7736963261217353,3.489601942128372,3.1955763428698614,3.1651517354430743
2022-02-24,Arsenal,Wolves,home,2021,5,0.12952006669657987,0.41752204713025876,6.92888647716627,7.265948639712888,6.543173667761263
2022-02-24,Arsenal,Wolves,away,2021,4,0.12952006669657987,-0.41752204713025876,4.192793155366205,3.998292478560673,3.8944794122306825
2022-02-25,Southampton,Norwich,home,2021,13,0.1293874330131178,0.4702598298459416,5.9770788697059185,6.305558019922252,6.389180653222448
2022-02-25,Southampton,Norwich,away,2021,6,0.1293874330131178,-0.4702598298459416,4.095384836971465,3.882041540976572,3.7810523281954556
2022-02-26,Leeds,Tottenham,home,2021,3,0.12963847047911028,-0.2788171394085697,5.506533638117134,5.334608268431627,4.541555838018938
2022-02-26,Leeds,Tottenham,away,2021,6,0.12963847047911028,0.2788171394085697,4.659520045748997,4.809688467892194,5.397859689823749
2022-02-26,Brentford,Newcastle,home,2021,6,0.12963847047911028,0.06519022383927858,4.854807131773765,4.890946269146543,5.04822152688326
2022-02-26,Brentford,Newcastle,away,2021,6,0.12963847047911028,-0.06519022383927858,5.021465681388091,4.984362137802436,4.779300843795148
2022-02-26,Crystal Palace,Burnley,home,2021,5,0.12963847047911028,0.2589362754292925,6.409393463997652,6.6010105169091045,5.973192786952688
2022-02-26,Crystal Palace,Burnley,away,2021,4,0.12963847047911028,-0.2589362754292925,4.135697305932691,4.01564445531737,4.145988489994824
2022-02-26,Man United,Watford,home,2021,4,0.12963847047911028,0.6107831929636283,5.748872359792088,6.162545897690515,6.69736669597198
2022-02-26,Man United,Watford,away,2021,3,0.12963847047911028,-0.6107831929636283,4.537391705151251,4.2328099769722645,3.679225335059865
2022-02-26,Brighton,Aston Villa,home,2021,7,0.12963847047911028,0.14179158245200246,6.121066820358969,6.220606666908182,5.604410355247524
2022-02-26,Brighton,Aston Villa,away,2021,2,0.12963847047911028,-0.14179158245200246,4.8887436025793605,4.810515736058255,4.588964629963353
2022-02-26,Everton,Man City,home,2021,3,0.12963847047911028,-0.6645806119801742,3.8133369537600124,3.5356532427219136,3.4423122317655555
2022-02-26,Everton,Man City,away,2021,4,0.12963847047911028,0.6645806119801742,7.490821999123627,8.079137399035734,7.363811472273172
2022-02-27,West Ham,Wolves,home,2021,3,0.12913525091645137,0.20859450446507694,5.580091732456911,5.714096230158015,5.600635598845503
2022-02-27,West Ham,Wolves,away,2021,5,0.12913525091645137,-0.20859450446507694,4.676769810434725,4.567092240427533,4.400327232552402
2022-03-01,Burnley,Leicester,home,2021,6,0.1290631139291179,-0.05470029479200783,5.3386294060406465,5.3055101397518705,4.943626544571163
2022-03-01,Burnley,Leicester,away,2021,8,0.1290631139291179,0.05470029479200783,6.189525573564357,6.228163242755892,5.3656039473895785
2022-03-05,Leicester,Leeds,home,2021,5,0.1288828519536698,0.30198466396030665,5.1465217041809375,5.326405541429004,5.6805276144510835
2022-03-05,Leicester,Leeds,away,2021,10,0.1288828519536698,-0.30198466396030665,4.876623698141842,4.711929932934984,4.285980187982078
2022-03-05,Aston Villa,Southampton,home,2021,4,0.1288828519536698,0.0911331566948056,4.893672766508766,4.944673510299224,5.116432714156889
2022-03-05,Aston Villa,Southampton,away,2021,7,0.1288828519536698,-0.0911331566948056,6.451562639277112,6.385019420088117,5.111292023600715
2022-03-05,Burnley,Chelsea,home,2021,5,0.1288828519536698,-0.5107851059862001,4.3552450774373375,4.109375157050393,3.8281674385489
2022-03-05,Burnley,Chelsea,away,2021,2,0.1288828519536698,0.5107851059862001,6.187141070595916,6.557326761683344,6.50231164745951
2022-03-05,Newcastle,Brighton,home,2021,4,0.1288828519536698,-0.0038026439700079573,5.034036044557171,5.031858736260738,4.959220231211932
2022-03-05,Newcastle,Brighton,away,2021,7,0.1288828519536698,0.0038026439700079573,4.816314232098394,4.818398273301738,4.856801979611436
2022-03-05,Norwich,Brentford,home,2021,5,0.1288828519536698,-0.04383262101182783,6.6841675965744365,6.650918927868053,5.326670897751726
2022-03-05,Norwich,Brentford,away,2021,5,0.1288828519536698,0.04383262101182783,4.5698670985579275,4.592712362323736,4.859264509530407
2022-03-05,Wolves,Crystal Palace,home,2021,7,0.1288828519536698,0.12306802852187315,5.765452950053209,5.846742433880101,5.45759822629683
2022-03-05,Wolves,Crystal Palace,away,2021,7,0.1288828519536698,-0.12306802852187315,4.54206146576433,4.478911457663671,4.520514804024885
2022-03-05,Liverpool,West Ham,home,2021,4,0.1288828519536698,0.6427720010144559,6.911653688098308,7.4360100684743,7.189370011516991
2022-03-05,Liverpool,West Ham,away,2021,6,0.1288828519536698,-0.6427720010144559,3.1462740497461743,2.9244119412761806,3.23852787634789
2022-03-06,Watford,Arsenal,home,2021,1,0.12802799471560158,-0.44790044371308513,4.687850564887924,4.4549614400826005,4.022203825909697
2022-03-06,Watford,Arsenal,away,2021,5,0.12802799471560158,0.44790044371308513,4.8520503346126205,5.105697817567795,5.870263276246406
2022-03-06,Man City,Man United,home,2021,9,0.12802799471560158,0.5595486083504275,7.4934379823672375,7.985961752641125,7.11855743045262
2022-03-06,Man City,Man United,away,2021,3,0.12802799471560158,-0.5595486083504275,3.079126841415169,2.8892257113998925,3.331691409420439
2022-03-07,Tottenham,Everton,home,2021,5,0.12811943637160364,0.42521756364750185,5.943207525263954,6.237779117439497,6.2579137049133
2022-03-07,Tottenham,Everton,away,2021,2,0.12811943637160364,-0.42521756364750185,4.070129149959978,3.8779222119631185,3.8461122364799767
2022-03-10,Norwich,Chelsea,home,2021,3,0.1281281979666365,-0.6657817251532557,4.681811720370678,4.3402933480133905,3.6677463125505887
2022-03-10,Norwich,Chelsea,away,2021,8,0.1281281979666365,0.6657817251532557,6.43701195747439,6.943511788313535,7.027538927233474
2022-03-10,Southampton,Newcastle,home,2021,12,0.1281281979666365,0.22163449749535857,5.594216615543421,5.737064977783658,5.635946562685859
2022-03-10,Southampton,Newcastle,away,2021,5,0.1281281979666365,-0.22163449749535857,5.018598955331502,4.893639826528568,4.473472951192833
2022-03-10,Wolves,Watford,home,2021,5,0.1281281979666365,0.3290907505884404,5.498156495917821,5.70790547375884,5.865379693780396
2022-03-10,Wolves,Watford,away,2021,2,0.1281281979666365,-0.3290907505884404,5.027811715091427,4.843054211158367,4.277791700733779
2022-03-10,Leeds,Aston Villa,home,2021,3,0.1281281979666365,-0.025054086119059293,5.9413203670661066,5.924409937996922,5.175467215909854
2022-03-10,Leeds,Aston Villa,away,2021,5,0.1281281979666365,0.025054086119059293,5.077253285592012,5.091745620263457,4.981749185805838
2022-03-12,Brighton,Liverpool,home,2021,7,0.12814427498709235,-0.47400832442079877,4.396143978320536,4.165356361446624,3.8993222221292556
2022-03-12,Brighton,Liverpool,away,2021,6,0.12814427498709235,0.47400832442079877,5.889673119899094,6.215999010305211,6.304723911889769
2022-03-12,Brentford,Burnley,home,2021,2,0.12814427498709235,0.17394291656608046,6.2120605079513025,6.3362138641163055,5.7070723959146346
2022-03-12,Brentford,Burnley,away,2021,9,0.12814427498709235,-0.17394291656608046,4.526193423800029,4.437506059978683,4.419772648879209
2022-03-12,Man United,Tottenham,home,2021,4,0.12814427498709235,0.15233488372093018,5.102301910050596,5.191498058684148,5.318908057126545
2022-03-12,Man United,Tottenham,away,2021,5,0.12814427498709235,-0.15233488372093018,4.491796076022893,4.414621644693124,4.449626289296696
2022-03-13,Chelsea,Newcastle,home,2021,7,0.1278744493576947,0.6289359734873633,7.21901128153783,7.754469844553961,7.245129831989187
2022-03-13,Chelsea,Newcastle,away,2021,2,0.1278744493576947,-0.6289359734873633,4.234168398126628,3.9417922884146925,3.5733219484400975
2022-03-13,Everton,Wolves,home,2021,5,0.1278744493576947,0.1292178134670916,5.341848595808399,5.42095687541312,5.343176196831627
2022-03-13,Everton,Wolves,away,2021,2,0.1278744493576947,-0.1292178134670916,4.992784032523342,4.919924099428828,4.643727932052163
2022-03-13,Leeds,Norwich,home,2021,6,0.1278744493576947,0.4270668346000136,6.699056260598727,7.032570435351123,6.500857046342688
2022-03-13,Leeds,Norwich,away,2021,2,0.1278744493576947,-0.4270668346000136,4.013464006677436,3.8231286025189655,3.8263608792494406
2022-03-13,Southampton,Watford,home,2021,11,0.1278744493576947,0.4252932177460479,6.038927078641801,6.338297506844959,6.289350306908902
2022-03-13,Southampton,Watford,away,2021,3,0.1278744493576947,-0.4252932177460479,4.777140285886546,4.551506425780111,4.042825535634041
2022-03-13,West Ham,Aston Villa,home,2021,5,0.1278744493576947,0.1159128604358518,5.4839841134265725,5.556779916245922,5.356950117768367
2022-03-13,West Ham,Aston Villa,away,2021,7,0.1278744493576947,-0.1159128604358518,5.110901018421792,5.043946388514909,4.703998543420973
2022-03-13,Arsenal,Leicester,home,2021,2,0.1278744493576947,0.46818134732916683,6.996725296083399,7.379495449524287,6.704739675244875
2022-03-13,Arsenal,Leicester,away,2021,6,0.1278744493576947,-0.46818134732916683,4.8846668072981965,4.631301970077832,3.998024272540431
2022-03-14,Crystal Palace,Man City,home,2021,2,0.12780844742380687,-0.6297789105565764,3.5697695178750477,3.322952537070964,3.4220707958868353
2022-03-14,Crystal Palace,Man City,away,2021,6,0.12780844742380687,0.6297789105565764,6.625241582464851,7.117340734119608,6.98413386940603
2022-03-16,Brighton,Tottenham,home,2021,6,0.12779945479277247,-0.12502100744045352,5.555824774998801,5.477362921805289,4.859238084066797
2022-03-16,Brighton,Tottenham,away,2021,3,0.12779945479277247,0.12502100744045352,4.426068336984156,4.489470658327223,4.978604457482654
2022-03-16,Arsenal,Liverpool,home,2021,1,0.12779945479277247,-0.24722478259127156,4.89355119015507,4.757833985498739,4.436253566002994
2022-03-16,Arsenal,Liverpool,away,2021,6,0.12779945479277247,0.24722478259127156,5.924589329636445,6.093588228085966,5.740449003608301
2022-03-17,Everton,Newcastle,home,2021,5,0.12780195026672161,0.09659716295074744,5.652319093412653,5.7147775770551545,5.363806187222536
2022-03-17,Everton,Newcastle,away,2021,7,0.12780195026672161,-0.09659716295074744,4.771457561269465,4.71930889930964,4.641972115950127
2022-03-18,Wolves,Leeds,home,2021,2,0.12761967220543313,0.18013623443372562,5.230460976629248,5.338756523374072,5.423377986599542
2022-03-18,Wolves,Leeds,away,2021,5,0.12761967220543313,-0.18013623443372562,4.943647815668085,4.843366965479908,4.531123998516597
2022-03-19,Aston Villa,Arsenal,home,2021,6,0.12762823388119063,-0.07757507545126213,4.745336960870847,4.703641753260484,4.719694141595418
2022-03-19,Aston Villa,Arsenal,away,2021,5,0.12762823388119063,0.07757507545126213,5.477437039451481,5.525991518409049,5.21513195761743
2022-03-20,Leicester,Brentford,home,2021,2,0.12744326855579205,0.1571231787486142,6.297972317688247,6.411562350556608,5.69105612379539
2022-03-20,Leicester,Brentford,away,2021,5,0.12744326855579205,-0.1571231787486142,4.198053050671575,4.123678513244281,4.34804132035746
2022-03-20,Tottenham,West Ham,home,2021,5,0.12744326855579205,0.3455318389916166,5.359803117994031,5.574691405833361,5.859452189573625
2022-03-20,Tottenham,West Ham,away,2021,3,0.12744326855579205,-0.3455318389916166,4.655172812745332,4.475729316683777,4.147512082913679
2022-04-02,Liverpool,Watford,home,2021,9,0.1273811573695701,0.8087005979071994,7.470803650275749,8.190746814855734,7.899471517097344
2022-04-02,Liverpool,Watford,away,2021,3,0.1273811573695701,-0.8087005979071994,3.2871625959526627,2.998230427090256,3.061241533091482
2022-04-02,Brighton,Norwich,home,2021,11,0.1273811573695701,0.5117409509322906,7.244159309794587,7.678422872206613,6.903358327945818
2022-04-02,Brighton,Norwich,away,2021,2,0.1273811573695701,-0.5117409509322906,3.5557925499004583,3.3546899060870734,3.5554709851667217
2022-04-02,Burnley,Man City,home,2021,1,0.1273811573695701,-0.7127401492143657,3.5414346872950975,3.2656095652448194,3.2962616415277513
2022-04-02,Burnley,Man City,away,2021,8,0.1273811573695701,0.7127401492143657,7.5586753098817345,8.197108196064885,7.535988996527503
2022-04-02,Chelsea,Brentford,home,2021,12,0.1273811573695701,0.61603975559063,7.795610880166948,8.361561131775087,7.380485565770472
2022-04-02,Chelsea,Brentford,away,2021,7,0.1273811573695701,-0.61603975559063,3.2996534876287225,3.0763172359272764,3.324174376848148
2022-04-02,Leeds,Southampton,home,2021,4,0.1273811573695701,0.061134631668077866,5.071819408415628,5.107217031500017,5.108745908989953
2022-04-02,Leeds,Southampton,away,2021,7,0.1273811573695701,-0.061134631668077866,5.35511928335639,5.318003473944914,4.884424378885306
2022-04-02,Wolves,Aston Villa,home,2021,4,0.1273811573695701,-0.05175724183988645,5.336703899542187,5.305372620157747,4.949207426856706
2022-04-02,Wolves,Aston Villa,away,2021,9,0.1273811573695701,0.05175724183988645,5.412862276323272,5.444828344004291,5.139649178352231
2022-04-02,Man United,Leicester,home,2021,6,0.1273811573695701,0.47531811208374686,5.527566543686081,5.834698751895959,6.248702750554277
2022-04-02,Man United,Leicester,away,2021,5,0.1273811573695701,-0.47531811208374686,5.170468494162085,4.898300645637671,4.05727538351632
2022-04-03,West Ham,Everton,home,2021,2,0.1274143917411152,0.32728712748280087,5.603302730274878,5.815869443343833,5.8956228402196755
2022-04-03,West Ham,Everton,away,2021,4,0.1274143917411152,-0.32728712748280087,3.8448132260528016,3.7042874942103428,3.937710836953323
2022-04-03,Tottenham,Newcastle,home,2021,2,0.1274143917411152,0.48682189701131573,5.8671590884241915,6.201270853545972,6.396837436055377
2022-04-03,Tottenham,Newcastle,away,2021,3,0.1274143917411152,-0.48682189701131573,4.758653256235265,4.502266770853138,3.9345529019882273
2022-04-04,Crystal Palace,Arsenal,home,2021,0,0.12756569263715203,-0.24513625466308855,4.531331435558759,4.406706916299235,4.3350172757888314
2022-04-04,Crystal Palace,Arsenal,away,2021,2,0.12756569263715203,0.24513625466308855,4.628396239271931,4.759290275843408,5.310655780321765
2022-04-06,Burnley,Everton,home,2021,9,0.12796760949978386,0.05141963598263255,5.012110284095342,5.041516042230471,5.069123727022254
2022-04-06,Burnley,Everton,away,2021,6,0.12796760949978386,-0.05141963598263255,4.386595065519307,4.361009278931915,4.608843349936059
2022-04-08,Newcastle,Wolves,home,2021,1,0.1278363803884597,0.14239763738968186,4.659418835024152,4.735516081755792,5.148897125464934
2022-04-08,Newcastle,Wolves,away,2021,2,0.1278363803884597,-0.14239763738968186,4.658637914384487,4.583776059270091,4.519378922377848
2022-04-09,Everton,Man United,home,2021,5,0.12811842434423,-0.3198090692124105,5.272903402486136,5.084505580049194,4.403847028141358
2022-04-09,Everton,Man United,away,2021,7,0.12811842434423,0.3198090692124105,5.320458758532852,5.517599430067616,5.723726063032942
2022-04-09,Arsenal,Brighton,home,2021,11,0.12811842434423,0.41235392320534225,6.5580756582791135,6.873057138641302,6.417979828489519
2022-04-09,Arsenal,Brighton,away,2021,2,0.12811842434423,-0.41235392320534225,4.544530525927104,4.336261785578664,4.002194156752205
2022-04-09,Southampton,Chelsea,home,2021,3,0.12811842434423,-0.2565167704896353,5.248814282081998,5.097852406066256,4.516481662565587
2022-04-09,Southampton,Chelsea,away,2021,3,0.12811842434423,0.2565167704896353,5.4184323407008534,5.578887498296867,5.6048066668485275
2022-04-09,Watford,Leeds,home,2021,3,0.12811842434423,-0.015213314580403148,4.535812770574116,4.527969177247241,4.77770757144028
2022-04-09,Watford,Leeds,away,2021,8,0.12811842434423,0.015213314580403148,5.011906795972774,5.020588692240388,4.941138214315147
2022-04-09,Aston Villa,Tottenham,home,2021,9,0.12811842434423,-0.11837144535172311,4.985105298894052,4.918422747968865,4.71103012821748
2022-04-09,Aston Villa,Tottenham,away,2021,3,0.12811842434423,0.11837144535172311,5.5721091771467455,5.647654219329064,5.3340076678870405
2022-04-10,Brentford,West Ham,home,2021,4,0.12809341057273924,0.005236533920795483,4.640335684741552,4.6431009357997475,4.853409459118448
2022-04-10,Brentford,West Ham,away,2021,6,0.12809341057273924,-0.005236533920795483,5.045726073410615,5.042721034416893,4.909001409240805
2022-04-10,Leicester,Crystal Palace,home,2021,3,0.12809341057273924,0.07622631533934077,5.6430446253958175,5.692193631590151,5.315220349951778
2022-04-10,Leicester,Crystal Palace,away,2021,4,0.12809341057273924,-0.07622631533934077,5.0352763720806575,4.991799490298538,4.761190581877792
2022-04-10,Norwich,Burnley,home,2021,6,0.12809341057273924,-0.051810536406815155,6.391436748365537,6.353874708762609,5.23521367202651
2022-04-10,Norwich,Burnley,away,2021,7,0.12809341057273924,0.051810536406815155,5.648934184210477,5.682328844833707,5.208596357675734
2022-04-10,Man City,Liverpool,home,2021,4,0.12809341057273924,0.19191309595654804,5.843492206125596,5.97247702367415,5.641901901198528
2022-04-10,Man City,Liverpool,away,2021,1,0.12809341057273924,-0.19191309595654804,3.9576916868506222,3.8722192542036034,4.206730082549233
2022-04-16,Tottenham,Brighton,home,2021,4,0.12786214431395712,0.47198780924234907,6.018276766949369,6.350268253094821,6.407537778348078
2022-04-16,Tottenham,Brighton,away,2021,4,0.12786214431395712,-0.47198780924234907,4.715042115308693,4.468540113076448,3.9478915150190814
2022-04-16,Man United,Norwich,home,2021,6,0.12786214431395712,0.700971354049557,6.806623224613049,7.371658661229109,7.332865561747112
2022-04-16,Man United,Norwich,away,2021,7,0.12786214431395712,-0.700971354049557,3.617488447979183,3.340209037931639,3.3005050106923544
2022-04-16,Southampton,Arsenal,home,2021,6,0.12786214431395712,-0.24631860776439093,5.229242665762294,5.084739598678122,4.530663097276738
2022-04-16,Southampton,Arsenal,away,2021,8,0.12786214431395712,0.24631860776439093,4.60106206904553,4.731819518452492,5.303504879662243
2022-04-16,Watford,Brentford,home,2021,6,0.12786214431395712,-0.03502693466859674,5.630177016068239,5.607786142184561,5.068083346350712
2022-04-16,Watford,Brentford,away,2021,5,0.12786214431395712,0.03502693466859674,4.366807773703438,4.384243645838385,4.773170609224067
2022-04-17,Newcastle,Leicester,home,2021,3,0.12721900892445467,0.13753108766912825,4.5973875972848965,4.669885570390271,5.1169285367050765
2022-04-17,Newcastle,Leicester,away,2021,5,0.12721900892445467,-0.13753108766912825,5.425292907542833,5.341067559111661,4.748850247435997
2022-04-17,West Ham,Burnley,home,2021,13,0.12721900892445467,0.36713408274423454,6.1712762388835,6.434492547183753,6.1786258819787685
2022-04-17,West Ham,Burnley,away,2021,4,0.12721900892445467,-0.36713408274423454,4.613346094332479,4.424627571627365,4.098369795693949
2022-04-19,Liverpool,Man United,home,2021,10,0.1274511067023198,0.5550690914487737,6.970023729832009,7.424360334787742,6.946596868190418
2022-04-19,Liverpool,Man United,away,2021,2,0.1274511067023198,-0.5550690914487737,3.8011525989453823,3.568539594073915,3.5644717701147672
2022-04-20,Chelsea,Arsenal,home,2021,6,0.12757546858775706,0.2926673654468394,6.220266928793139,6.430860589941619,6.002448823803639
2022-04-20,Chelsea,Arsenal,away,2021,1,0.12757546858775706,-0.2926673654468394,4.249349120466204,4.11019418525011,4.122128551589153
2022-04-20,Everton,Leicester,home,2021,5,0.12757546858775706,0.10937947630779815,5.297446999857285,5.363778412081639,5.284912396353889
2022-04-20,Everton,Leicester,away,2021,4,0.12757546858775706,-0.10937947630779815,5.856731448739327,5.784303910133589,4.921513336898156
2022-04-20,Newcastle,Crystal Palace,home,2021,2,0.12757546858775706,0.1148580632172338,4.720657978381068,4.782747231949119,5.1102173858641695
2022-04-20,Newcastle,Crystal Palace,away,2021,5,0.12757546858775706,-0.1148580632172338,4.401674015741043,4.344531825106001,4.492022146444716
2022-04-20,Man City,Brighton,home,2021,7,0.12757546858775706,0.7467473773590073,8.33339891025626,9.072299390628826,7.962396532476834
2022-04-20,Man City,Brighton,away,2021,4,0.12757546858775706,-0.7467473773590073,2.813761981770108,2.5845929485995778,2.993605906574672
2022-04-21,Burnley,Southampton,home,2021,10,0.1274041401496445,-0.020046795452140442,4.658142009777263,4.647530567385757,4.807688590492379
2022-04-21,Burnley,Southampton,away,2021,10,0.1274041401496445,0.020046795452140442,6.530134615673679,6.545044500886544,5.376803232888433
2022-04-23,Arsenal,Man United,home,2021,1,0.12747156533863446,0.18115825955265613,6.52497138523568,6.6608439075197285,5.81280131185164
2022-04-23,Arsenal,Man United,away,2021,7,0.12747156533863446,-0.18115825955265613,4.5025313988677995,4.410685634829305,4.399157826941662
2022-04-23,Leicester,Aston Villa,home,2021,7,0.12747156533863446,-0.041193833272575475,5.058525258210741,5.034874190300702,4.889050238813467
2022-04-23,Leicester,Aston Villa,away,2021,6,0.12747156533863446,0.041193833272575475,5.99842652337122,6.026603829833204,5.283253015191269
2022-04-23,Man City,Watford,home,2021,11,0.12747156533863446,0.8275411654164291,8.33771036432069,9.160809588871484,8.23959305752615
2022-04-23,Man City,Watford,away,2021,4,0.12747156533863446,-0.8275411654164291,2.6580861211971065,2.419256943063726,2.842495004887007
2022-04-23,Norwich,Newcastle,home,2021,2,0.12747156533863446,-0.1701013053739947,5.508244503205256,5.40267527696837,4.75500204713824
2022-04-23,Norwich,Newcastle,away,2021,3,0.12747156533863446,0.1701013053739947,5.972275670086294,6.088974988302244,5.57071375490464
2022-04-23,Brentford,Tottenham,home,2021,12,0.12747156533863446,-0.2892873379756068,4.650014436630283,4.499468628461122,4.289499783809539
2022-04-23,Brentford,Tottenham,away,2021,8,0.12747156533863446,0.2892873379756068,5.308483975184497,5.486098283936888,5.646585161317878
2022-04-24,Brighton,Southampton,home,2021,6,0.12769004823595156,0.17516859568617982,5.924988964223658,6.044247703067858,5.6264488569353235
2022-04-24,Brighton,Southampton,away,2021,6,0.12769004823595156,-0.17516859568617982,5.138505682369348,5.037118092494089,4.595655713064586
2022-04-24,Burnley,Wolves,home,2021,3,0.12769004823595156,0.018605448824047854,5.158505101673466,5.169435490269666,5.044539861168077
2022-04-24,Burnley,Wolves,away,2021,6,0.12769004823595156,-0.018605448824047854,5.352301682657995,5.340984637037508,4.971970322084643
2022-04-24,Chelsea,West Ham,home,2021,3,0.12769004823595156,0.478824913771962,6.643478485284738,7.015413192561388,6.627032935680422
2022-04-24,Chelsea,West Ham,away,2021,1,0.12769004823595156,-0.478824913771962,3.935897570037983,3.7272289042870947,3.7210770803063724
2022-04-24,Liverpool,Everton,home,2021,13,0.12769004823595156,0.7462998578476462,7.506759700049108,8.171948199704563,7.705899457964601
2022-04-24,Liverpool,Everton,away,2021,1,0.12769004823595156,-0.7462998578476462,2.831876013484367,2.6013641073163813,3.0001642651854414
2022-04-25,Crystal Palace,Leeds,home,2021,6,0.12813623366668075,0.1894128220709329,4.37998344383549,4.475390691346519,5.151713955224553
2022-04-25,Crystal Palace,Leeds,away,2021,3,0.12813623366668075,-0.1894128220709329,4.7802738888482175,4.678367082149598,4.466418442209511
2022-04-28,Man United,Chelsea,home,2021,2,0.1280499954020847,-0.124024333601441,4.550077106625192,4.4863275381345975,4.567968287734287
2022-04-28,Man United,Chelsea,away,2021,9,0.1280499954020847,0.124024333601441,4.951370099634262,5.021727804150004,5.153517802269897
2022-04-30,Newcastle,Liverpool,home,2021,0,0.1281097390527942,-0.5574324626431899,3.2169671537722873,3.0192916945324724,3.4154720469098927
2022-04-30,Newcastle,Liverpool,away,2021,6,0.1281097390527942,0.5574324626431899,6.142212704774835,6.5443483180260085,6.61640000339858
2022-04-30,Aston Villa,Norwich,home,2021,2,0.1281097390527942,0.5725083140179381,6.788935370202145,7.245829230249527,6.94068264959996
2022-04-30,Aston Villa,Norwich,away,2021,3,0.1281097390527942,-0.5725083140179381,4.615362902272781,4.324336036343417,3.7589780616800232
2022-04-30,Southampton,Crystal Palace,home,2021,6,0.1281097390527942,0.08375694641310716,6.224382433285068,6.283976051069187,5.497561051636172
2022-04-30,Southampton,Crystal Palace,away,2021,7,0.1281097390527942,-0.08375694641310716,4.67398511331651,4.629659724405415,4.637244381855162
2022-04-30,Watford,Burnley,home,2021,5,0.1281097390527942,0.00914245579699563,5.931478299742522,5.937650834827722,5.247905207673712
2022-04-30,Watford,Burnley,away,2021,6,0.1281097390527942,-0.00914245579699563,4.91964617018705,4.914531910450838,4.862429321211511
2022-04-30,Wolves,Brighton,home,2021,7,0.1281097390527942,0.009878240298585028,5.675609624409624,5.681991495613826,5.177890355478416
2022-04-30,Wolves,Brighton,away,2021,3,0.1281097390527942,-0.009878240298585028,5.059945459780763,5.054262255177317,4.903703501807796
2022-04-30,Leeds,Man City,home,2021,3,0.1281097390527942,-0.6362995642743942,3.6792395464200287,3.4223140032342183,3.444951347016531
2022-04-30,Leeds,Man City,away,2021,6,0.1281097390527942,0.6362995642743942,6.620596482958943,7.117628709104991,7.001828236809327
2022-05-01,Everton,Chelsea,home,2021,3,0.1278734219543751,-0.3436526603521709,4.2952397471439925,4.1305535949950025,4.089897139282476
2022-05-01,Everton,Chelsea,away,2021,8,0.1278734219543751,0.3436526603521709,5.61925427493494,5.843295276510885,5.880835636216187
2022-05-01,Tottenham,Leicester,home,2021,7,0.1278734219543751,0.5195220141862098,5.302416159686346,5.625255977721402,6.28426888646719
2022-05-01,Tottenham,Leicester,away,2021,3,0.1278734219543751,-0.5195220141862098,5.276494238229654,4.9736702518227105,4.007639996967589
2022-05-01,West Ham,Arsenal,home,2021,3,0.1278734219543751,-0.3255862711122348,4.9402161645934415,4.760575158834051,4.304812056308217
2022-05-01,West Ham,Arsenal,away,2021,7,0.1278734219543751,0.3255862711122348,4.537210127393802,4.708422420747519,5.459893629897838
2022-05-02,Man United,Brentford,home,2021,3,0.12764756694527138,0.33214489926339513,6.311359116587463,6.554407916948682,6.130892701526153
2022-05-02,Man United,Brentford,away,2021,8,0.12764756694527138,-0.33214489926339513,4.120622010088998,3.9678222074242275,4.015416623664152
2022-05-07,Brentford,Southampton,home,2021,4,0.12758769051476213,0.1478181221942036,5.0611868224870316,5.14701872411795,5.295421594613795
2022-05-07,Brentford,Southampton,away,2021,7,0.12758769051476213,-0.1478181221942036,6.777844632754508,6.664817009392223,5.0679210440921105
2022-05-07,Burnley,Aston Villa,home,2021,4,0.12758769051476213,-0.07034715865079921,5.392416498427735,5.349432662032979,4.9264911906283935
2022-05-07,Burnley,Aston Villa,away,2021,5,0.12758769051476213,0.07034715865079921,6.488377328718938,6.540512829282303,5.481066447021425
2022-05-07,Chelsea,Wolves,home,2021,9,0.12758769051476213,0.6063243873286849,6.435586590896345,6.895175722707577,6.924035808635752
2022-05-07,Chelsea,Wolves,away,2021,3,0.12758769051476213,-0.6063243873286849,3.774091957589962,3.522534678135536,3.480521171285251
2022-05-07,Crystal Palace,Watford,home,2021,8,0.12758769051476213,0.38364320414946856,5.545521336342848,5.792917941734334,6.017895748572469
2022-05-07,Crystal Palace,Watford,away,2021,5,0.12758769051476213,-0.38364320414946856,4.13578566795535,3.9591597697171665,3.9336822941116094
2022-05-07,Brighton,Man United,home,2021,7,0.12758769051476213,-0.03224193951512122,6.156318781151766,6.1337785753343335,5.217285078969118
2022-05-07,Brighton,Man United,away,2021,6,0.12758769051476213,0.03224193951512122,4.569164257627354,4.585954870707965,4.835347248889117
2022-05-07,Liverpool,Tottenham,home,2021,11,0.12758769051476213,0.5150754478644964,7.671356302461472,8.134314103600843,7.0376157109283835
2022-05-07,Liverpool,Tottenham,away,2021,5,0.12758769051476213,-0.5150754478644964,3.3866439325558266,3.193895876814534,3.496958053491375
2022-05-08,Arsenal,Leeds,home,2021,8,0.12699514213995267,0.5162895058671328,5.688464637438861,6.032590290789768,6.414669262430154
2022-05-08,Arsenal,Leeds,away,2021,2,0.12699514213995267,-0.5162895058671328,4.480624428889266,4.225029778053184,3.8137538216429476
2022-05-08,Leicester,Everton,home,2021,6,0.12699514213995267,0.025006501848101104,5.686224300154937,5.702423990494244,5.2140531468755205
2022-05-08,Leicester,Everton,away,2021,1,0.12699514213995267,-0.025006501848101104,4.222497297237941,4.210501846042475,4.605403898874908
2022-05-08,Norwich,West Ham,home,2021,9,0.12699514213995267,-0.3210630894521302,4.815657829163474,4.642934699534521,4.2788418652012075
2022-05-08,Norwich,West Ham,away,2021,5,0.12699514213995267,0.3210630894521302,5.405953672718462,5.607062087418905,5.755272830284684
2022-05-08,Man City,Newcastle,home,2021,8,0.12699514213995267,0.7611756553442001,7.657091534300514,8.349719990321253,7.802439075146694
2022-05-08,Man City,Newcastle,away,2021,2,0.12699514213995267,-0.7611756553442001,2.851165401540507,2.614654681154928,2.987722582083772
2022-05-10,Aston Villa,Liverpool,home,2021,2,0.12700735034238328,-0.5386306621191193,3.8023410625852816,3.5763373010216615,3.6267591884092947
2022-05-10,Aston Villa,Liverpool,away,2021,3,0.12700735034238328,0.5386306621191193,6.8474998537900245,7.280222103959433,6.790325958371532
2022-05-11,Leeds,Chelsea,home,2021,1,0.12710894372160716,-0.38290736286691585,4.26951394941874,4.087519119666116,4.015249055746054
2022-05-11,Leeds,Chelsea,away,2021,5,0.12710894372160716,0.38290736286691585,5.447835263125095,5.690397517198118,5.921517485567982
2022-05-11,Leicester,Norwich,home,2021,10,0.12710894372160716,0.5302660057250574,6.101035389838594,6.480415640631476,6.594916655078697
2022-05-11,Leicester,Norwich,away,2021,2,0.12710894372160716,-0.5302660057250574,4.288842821351999,4.037762897562231,3.740014876317381
2022-05-11,Watford,Everton,home,2021,1,0.12710894372160716,-0.2881348158534428,5.315140905332013,5.143735790519189,4.474154991409586
2022-05-11,Watford,Everton,away,2021,13,0.12710894372160716,0.2881348158534428,3.987989020738792,4.120881094478648,5.162562394338812
2022-05-11,Wolves,Man City,home,2021,6,0.12710894372160716,-0.6870837751855778,3.5271756386286692,3.2619682977135085,3.327920149398504
2022-05-11,Wolves,Man City,away,2021,2,0.12710894372160716,0.6870837751855778,6.9995617754621495,7.568646143125356,7.27850900317648
2022-05-12,Tottenham,Arsenal,home,2021,2,0.12784937524501075,0.17209425469949696,4.717100753433549,4.810364260873578,5.23379031366283
2022-05-12,Tottenham,Arsenal,away,2021,2,0.12784937524501075,-0.17209425469949696,4.4778391160131825,4.391022617498014,4.408438163113449
2022-05-15,Tottenham,Burnley,home,2021,8,0.12802676804626573,0.6104890984089569,6.419186761486994,6.880864114555551,6.930689895178794
2022-05-15,Tottenham,Burnley,away,2021,2,0.12802676804626573,-0.6104890984089569,4.327907779019853,4.037523174051999,3.6258765345078716
2022-05-15,Aston Villa,Crystal Palace,home,2021,1,0.12802676804626573,0.2013744115213551,5.365372642788036,5.489709616027689,5.515753138265441
2022-05-15,Aston Villa,Crystal Palace,away,2021,5,0.12802676804626573,-0.2013744115213551,5.00259164334166,4.889287452994125,4.507354573899941
2022-05-15,Leeds,Brighton,home,2021,8,0.12802676804626573,-0.008264753877038289,5.671294822666696,5.665964912718562,5.137221004595652
2022-05-15,Leeds,Brighton,away,2021,1,0.12802676804626573,0.008264753877038289,4.643716556970669,4.648084849301205,4.810921604896819
2022-05-15,Watford,Leicester,home,2021,7,0.12802676804626573,-0.2124184626716622,4.635085028078473,4.524416320092146,4.426340344479199
2022-05-15,Watford,Leicester,away,2021,3,0.12802676804626573,0.2124184626716622,6.227049540974797,6.3793652163042704,5.74529222283952
2022-05-15,West Ham,Man City,home,2021,4,0.12802676804626573,-0.5757341963668426,3.766812045368529,3.5279965066100627,3.5600422094594917
2022-05-15,West Ham,Man City,away,2021,9,0.12802676804626573,0.5757341963668426,6.563607772683753,7.007908531909527,6.806956234273923
2022-05-15,Wolves,Norwich,home,2021,5,0.12802676804626573,0.525354222137695,6.44668838404246,6.843737048146452,6.6952734930947875
2022-05-15,Wolves,Norwich,away,2021,3,0.12802676804626573,-0.525354222137695,3.975531004335083,3.744885194411285,3.6602096257895016
2022-05-15,Everton,Brentford,home,2021,5,0.12802676804626573,0.1852771035967809,5.944614592826215,6.0712462958958024,5.6563023951950235
2022-05-15,Everton,Brentford,away,2021,2,0.12802676804626573,-0.1852771035967809,4.7134887813938,4.6151766585285525,4.4546381880578325
2022-05-16,Newcastle,Arsenal,home,2021,12,0.1280434991170503,-0.27781192378610936,3.4970793521660393,3.388280760487148,3.944062628518577
2022-05-16,Newcastle,Arsenal,away,2021,8,0.1280434991170503,0.27781192378610936,4.567774881632049,4.714447341607395,5.36223899498423
2022-05-17,Southampton,Liverpool,home,2021,1,0.12818735606416737,-0.5837763937414553,4.2026381772124966,3.9325916195411272,3.6711331886037177
2022-05-17,Southampton,Liverpool,away,2021,9,0.12818735606416737,0.5837763937414553,6.39518305514375,6.834332943257827,6.774966626284278
2022-05-19,Everton,Crystal Palace,home,2021,4,0.1283415489176264,0.2616080535722205,5.1566432361788,5.312422214382032,5.588076153886552
2022-05-19,Everton,Crystal Palace,away,2021,5,0.1283415489176264,-0.2616080535722205,4.8759674039370084,4.732986821956678,4.359374805058531
2022-05-19,Aston Villa,Burnley,home,2021,13,0.1283415489176264,0.20937444305827851,6.125156038643266,6.272806682152437,5.76757930710195
2022-05-19,Aston Villa,Burnley,away,2021,6,0.1283415489176264,-0.20937444305827851,4.877304143170276,4.762501132043217,4.456812743178117
2022-05-19,Chelsea,Leicester,home,2021,6,0.1283415489176264,0.5836152509829021,7.052107332567701,7.5362292981265515,7.056395899486814
2022-05-19,Chelsea,Leicester,away,2021,0,0.1283415489176264,-0.5836152509829021,4.262769105632433,3.988931875300901,3.649897777181159
2022-05-22,Arsenal,Everton,home,2021,12,0.12865719106724785,0.5916725130779118,6.5494781646829985,7.005513608797771,6.9191216661562835
2022-05-22,Arsenal,Everton,away,2021,2,0.12865719106724785,-0.5916725130779118,3.725134420901275,3.482640661715719,3.4878651217592544
2022-05-22,Brentford,Leeds,home,2021,3,0.12865719106724785,0.05437682439041097,4.986759476246944,5.017704310070561,5.067433198707557
2022-05-22,Brentford,Leeds,away,2021,2,0.12865719106724785,-0.05437682439041097,5.551290579188628,5.517055049579035,4.953586870614483
2022-05-22,Brighton,West Ham,home,2021,5,0.12865719106724785,0.07018700343475698,6.001281730530817,6.049393091596311,5.404376598664712
2022-05-22,Brighton,West Ham,away,2021,6,0.12865719106724785,-0.07018700343475698,4.060102603427177,4.0278122464676,4.463629677008149
2022-05-22,Burnley,Newcastle,home,2021,8,0.12865719106724785,0.1332110425541591,5.27618131538136,5.3567500995747555,5.331587680699572
2022-05-22,Burnley,Newcastle,away,2021,2,0.12865719106724785,-0.1332110425541591,5.337163056854866,5.256888873714077,4.733287307227398
2022-05-22,Chelsea,Watford,home,2021,3,0.12865719106724785,0.7686440091122644,7.966647634576255,8.69466146548754,7.924309175543117
2022-05-22,Chelsea,Watford,away,2021,3,0.12865719106724785,-0.7686440091122644,3.46924877066113,3.1787646502685654,3.166123482215691
2022-05-22,Crystal Palace,Man United,home,2021,3,0.12865719106724785,-0.11714866696791681,4.975774844735789,4.909900072008222,4.710708215425861
2022-05-22,Crystal Palace,Man United,away,2021,6,0.12865719106724785,0.11714866696791681,4.911662806292539,4.9775612291389795,5.1257243023348
2022-05-22,Leicester,Southampton,home,2021,3,0.12865719106724785,0.2625752739478101,5.125268153684384,5.280680346546559,5.579733097513509
2022-05-22,Leicester,Southampton,away,2021,3,0.12865719106724785,-0.2625752739478101,6.132405322051691,5.951926577633275,4.6803260697773945
2022-05-22,Liverpool,Wolves,home,2021,5,0.12865719106724785,0.7796769346356124,7.400446750373579,8.086863632852058,7.780431722472281
2022-05-22,Liverpool,Wolves,away,2021,3,0.12865719106724785,-0.7796769346356124,3.2257962951694106,2.951989151019523,3.080781362615692
2022-05-22,Man City,Aston Villa,home,2021,13,0.12865719106724785,0.7768367487645286,7.741039405873986,8.456314615127033,7.880855553611136
2022-05-22,Man City,Aston Villa,away,2021,1,0.12865719106724785,-0.7768367487645286,3.334111170670288,3.0520962299054233,3.1163814796280698
2022-05-22,Norwich,Tottenham,home,2021,3,0.12865719106724785,-0.6784662173113042,5.78630521401219,5.356483393547007,3.897112787060697
2022-05-22,Norwich,Tottenham,away,2021,2,0.12865719106724785,0.6784662173113042,5.937411701967781,6.413849117915998,6.889558250734224
2022-08-05,Crystal Palace,Arsenal,home,2022,3,0.12941080474214803,-0.2929183258837871,4.51900383925669,4.370893631841743,4.244964462915507
2022-08-05,Crystal Palace,Arsenal,away,2022,5,0.12941080474214803,0.2929183258837871,4.598472496059029,4.7542943422420585,5.407772213630104
2022-08-06,Fulham,Liverpool,home,2022,4,0.1293427016205434,-0.6652891766429938,3.77631716504124,3.501046968815137,3.430838276034431
2022-08-06,Fulham,Liverpool,away,2022,4,0.1293427016205434,0.6652891766429938,5.919879249413961,6.385330395067261,6.845082000025847
2022-08-06,Bournemouth,Aston Villa,home,2022,5,0.1293427016205434,-0.2185017026106697,5.964157407917003,5.817727722534479,4.775862678329437
2022-08-06,Bournemouth,Aston Villa,away,2022,5,0.1293427016205434,0.2185017026106697,5.329714590456416,5.463861196808627,5.4873977023719736
2022-08-06,Leeds,Wolves,home,2022,6,0.1293427016205434,0.10841641548805941,5.147013710377551,5.2108905340833225,5.23555326429746
2022-08-06,Leeds,Wolves,away,2022,4,0.1293427016205434,-0.10841641548805941,4.31076166992059,4.257918924246686,4.475037464788334
2022-08-06,Tottenham,Southampton,home,2022,10,0.1293427016205434,0.5952732644017725,5.035225562407804,5.388031403849495,6.384485561300547
2022-08-06,Tottenham,Southampton,away,2022,2,0.1293427016205434,-0.5952732644017725,5.257775241684805,4.913498514394648,3.877385310837378
2022-08-06,Everton,Chelsea,home,2022,4,0.1293427016205434,-0.42228875961952606,4.0778379975335035,3.886561796827303,3.8930133694967735
2022-08-06,Everton,Chelsea,away,2022,16,0.1293427016205434,0.42228875961952606,5.677896557106925,5.957332865654185,6.098752897310385
2022-08-07,Leicester,Brentford,home,2022,5,0.1301324666249165,0.20939256753395363,5.940508942573988,6.083721098861734,5.712868712583015
2022-08-07,Leicester,Brentford,away,2022,6,0.1301324666249165,-0.20939256753395363,4.3633280179618215,4.260614299846116,4.304770901722704
2022-08-07,Man United,Brighton,home,2022,6,0.1301324666249165,0.42315189761556965,5.807823684529281,6.0942527248303,6.207729109015441
2022-08-07,Man United,Brighton,away,2022,2,0.1301324666249165,-0.42315189761556965,4.667748449716554,4.448364914246894,4.017370378516228
2022-08-07,West Ham,Man City,home,2022,1,0.1301324666249165,-0.585947850440575,3.8645955858595813,3.6153771964391197,3.573169943329072
2022-08-07,West Ham,Man City,away,2022,4,0.1301324666249165,0.585947850440575,6.815007285886696,7.284785416188071,6.916873824829111
2022-08-13,Aston Villa,Everton,home,2022,5,0.13008448856045832,0.3322541753621503,5.924311520120829,6.152531705172615,6.0114408690675845
2022-08-13,Aston Villa,Everton,away,2022,8,0.13008448856045832,-0.3322541753621503,4.449800553455635,4.284740972389293,4.112558683247123
2022-08-13,Arsenal,Leicester,home,2022,6,0.13008448856045832,0.46134873255067554,6.51343320619536,6.8644259610517055,6.53798653327158
2022-08-13,Arsenal,Leicester,away,2022,2,0.13008448856045832,-0.46134873255067554,4.401554169378559,4.176493307432441,3.881518825593488
2022-08-13,Brighton,Newcastle,home,2022,7,0.13008448856045832,0.08389064883257075,6.321744895211358,6.382367762775206,5.524527516235604
2022-08-13,Brighton,Newcastle,away,2022,3,0.13008448856045832,-0.08389064883257075,4.1417187853482895,4.102378703619483,4.465528395729141
2022-08-13,Man City,Bournemouth,home,2022,11,0.13008448856045832,0.8731980228726424,7.796978734940024,8.611309724553953,8.226023663846325
2022-08-13,Man City,Bournemouth,away,2022,1,0.13008448856045832,-0.8731980228726424,3.0098974315016247,2.725265612134786,2.8984333314940707
2022-08-13,Southampton,Leeds,home,2022,2,0.13008448856045832,0.10443161098862541,5.4360599504338545,5.501029599260643,5.316522613859277
2022-08-13,Southampton,Leeds,away,2022,5,0.13008448856045832,-0.10443161098862541,5.046775354829555,4.987170654183147,4.708259361620486
2022-08-13,Wolves,Fulham,home,2022,5,0.13008448856045832,0.09548206800186315,5.274547682083217,5.332155289125824,5.246952300004503
2022-08-13,Wolves,Fulham,away,2022,3,0.13008448856045832,-0.09548206800186315,4.531685703476939,4.482726219911467,4.57013358011836
2022-08-13,Brentford,Man United,home,2022,8,0.13008448856045832,-0.2207044119626751,5.0106847124302805,4.88643965840423,4.519320483227903
2022-08-13,Brentford,Man United,away,2022,2,0.13008448856045832,0.2207044119626751,5.8006716730333086,5.948162446640603,5.639358284713038
2022-08-14,Chelsea,Tottenham,home,2022,8,0.13008895745317775,0.12046789413381354,6.840738952008875,6.935137571799233,5.7500301995049945
2022-08-14,Chelsea,Tottenham,away,2022,5,0.13008895745317775,-0.12046789413381354,3.790643746046194,3.739046854991173,4.277485360367608
2022-08-15,Liverpool,Crystal Palace,home,2022,4,0.12974817361856147,0.7420038445980535,7.180804733496901,7.813290135701342,7.586278468541792
2022-08-15,Liverpool,Crystal Palace,away,2022,2,0.12974817361856147,-0.7420038445980535,3.468889496203036,3.1880830842942327,3.201777808774641
2022-08-20,Tottenham,Wolves,home,2022,8,0.12979141108505546,0.5612721513208263,5.52212268266232,5.886231196521107,6.477288230517823
2022-08-20,Tottenham,Wolves,away,2022,6,0.12979141108505546,-0.5612721513208263,3.9746381440521112,3.7287763116775032,3.6049529600621883
2022-08-20,Crystal Palace,Aston Villa,home,2022,4,0.12979141108505546,0.06089438629876309,5.094960415022774,5.130379321571041,5.115480343221406
2022-08-20,Crystal Palace,Aston Villa,away,2022,2,0.12979141108505546,-0.06089438629876309,5.060975462910827,5.0260357039323384,4.799672086053665
2022-08-20,Fulham,Brentford,home,2022,6,0.12979141108505546,0.061494441577935155,5.776451472558998,5.817005025543801,5.320916291380047
2022-08-20,Fulham,Brentford,away,2022,3,0.12979141108505546,-0.061494441577935155,4.223492131460805,4.194047836470174,4.53543858062948
2022-08-20,Leicester,Southampton,home,2022,2,0.12979141108505546,0.27947996753871074,5.202927760417167,5.3710142887132015,5.646036764559678
2022-08-20,Leicester,Southampton,away,2022,5,0.12979141108505546,-0.27947996753871074,5.696835897849368,5.518552743705845,4.541610575604232
2022-08-20,Bournemouth,Arsenal,home,2022,3,0.12979141108505546,-0.5452527720528578,4.954074216309495,4.656104584192892,3.9274994815600595
2022-08-20,Bournemouth,Arsenal,away,2022,4,0.12979141108505546,0.5452527720528578,4.891324811669101,5.20434747435667,6.131577231064518
2022-08-21,Leeds,Chelsea,home,2022,4,0.12954926978165376,-0.45840686639308825,4.21452758182534,4.000368423381838,3.8737848133932564
2022-08-21,Leeds,Chelsea,away,2022,6,0.12954926978165376,0.45840686639308825,5.793573318487474,6.10373144767776,6.231365392762937
2022-08-21,West Ham,Brighton,home,2022,5,0.12954926978165376,0.10794721928395501,5.6999443122858535,5.770375238623972,5.403642863429848
2022-08-21,West Ham,Brighton,away,2022,4,0.12954926978165376,-0.10794721928395501,4.602686657947517,4.546508078295799,4.568259290229506
2022-08-21,Newcastle,Man City,home,2022,5,0.12954926978165376,-0.590402691893141,3.4313251114514016,3.2084208153595384,3.4367253870248318
2022-08-21,Newcastle,Man City,away,2022,5,0.12954926978165376,0.590402691893141,6.248199005709465,6.682291190419804,6.744867867010104
2022-08-22,Man United,Liverpool,home,2022,6,0.12912936146062137,-0.41481179166797477,3.7302294295267773,3.558283725718581,3.798363029011424
2022-08-22,Man United,Liverpool,away,2022,8,0.12912936146062137,0.41481179166797477,5.985177114582772,6.2743967414341455,6.180237843857873
2022-08-27,Southampton,Man United,home,2022,5,0.12896350552954197,-0.310180574199974,5.573972188358724,5.380708117907499,4.498937716956774
2022-08-27,Southampton,Man United,away,2022,3,0.12896350552954197,0.310180574199974,5.469885186760013,5.666352315793803,5.749957850597957
2022-08-27,Brentford,Everton,home,2022,8,0.12896350552954197,0.211945864274922,5.810515268766494,5.952322340592713,5.679724325026008
2022-08-27,Brentford,Everton,away,2022,5,0.12896350552954197,-0.211945864274922,4.650893956195033,4.5400918833965695,4.386523983082332
2022-08-27,Brighton,Leeds,home,2022,5,0.12896350552954197,0.26562776873209204,5.6312364297938045,5.804006174202243,5.753259177906292
2022-08-27,Brighton,Leeds,away,2022,3,0.12896350552954197,-0.26562776873209204,4.2971178390395615,4.169204131083203,4.183935045709876
2022-08-27,Chelsea,Leicester,home,2022,3,0.12896350552954197,0.54925245559115,6.813198337214485,7.2525115526617,6.880615095145853
2022-08-27,Chelsea,Leicester,away,2022,11,0.12896350552954197,-0.54925245559115,3.895442025560721,3.6594797455407417,3.600611748902361
2022-08-27,Liverpool,Bournemouth,home,2022,8,0.12896350552954197,0.8298112469339539,8.124926200133686,8.929325129813746,8.18130515399796
2022-08-27,Liverpool,Bournemouth,away,2022,1,0.12896350552954197,-0.8298112469339539,3.0650884828971408,2.7889697550903767,2.9686969081160286
2022-08-27,Man City,Crystal Palace,home,2022,6,0.12896350552954197,0.7462661627604104,7.6781421579443165,8.35848514769202,7.760188533930372
2022-08-27,Man City,Crystal Palace,away,2022,1,0.12896350552954197,-0.7462661627604104,2.782183912931651,2.555726691568454,2.983700791822172
2022-08-27,Arsenal,Fulham,home,2022,9,0.12896350552954197,0.6285032060741019,6.2386176687539034,6.701027183253241,6.921702663901266
2022-08-27,Arsenal,Fulham,away,2022,2,0.12896350552954197,-0.6285032060741019,3.7701943987802924,3.5100292459116336,3.447020602982885
2022-08-28,Aston Villa,West Ham,home,2022,3,0.12905377578450908,0.11560144616704465,5.177438886675329,5.24597967056117,5.261089659226615
2022-08-28,Aston Villa,West Ham,away,2022,2,0.12905377578450908,-0.11560144616704465,5.279745494007628,5.210763546382523,4.752509647410544
2022-08-28,Wolves,Newcastle,home,2022,4,0.12905377578450908,-0.006470308034296546,5.516243785818501,5.512184772713191,5.0968886186328195
2022-08-28,Wolves,Newcastle,away,2022,13,0.12905377578450908,0.006470308034296546,4.29135671532187,4.294516746029345,4.690507782920632
2022-08-30,Crystal Palace,Brentford,home,2022,4,0.12952001325524504,0.1998960904013508,5.278727542624816,5.400148318578106,5.48442047172944
2022-08-30,Crystal Palace,Brentford,away,2022,6,0.12952001325524504,-0.1998960904013508,4.110024104870755,4.01761139941167,4.242233556729114
2022-08-30,Fulham,Brighton,home,2022,3,0.12952001325524504,-0.1132178368019418,5.851028856328048,5.776148992450646,4.962902282851232
2022-08-30,Fulham,Brighton,away,2022,3,0.12952001325524504,0.1132178368019418,4.035563066889009,4.087878617182511,4.813333581566093
2022-08-30,Southampton,Chelsea,home,2022,5,0.12952001325524504,-0.3993095326439414,4.347160141519136,4.154096710489488,4.010040146539892
2022-08-30,Southampton,Chelsea,away,2022,3,0.12952001325524504,0.3993095326439414,6.413806837709295,6.71189126865738,6.273761334857786
2022-08-30,Leeds,Everton,home,2022,10,0.12952001325524504,0.17200800105123293,5.841686607346724,5.957126253116739,5.594218477032231
2022-08-30,Leeds,Everton,away,2022,2,0.12952001325524504,-0.17200800105123293,4.300477279493768,4.2171408597683975,4.353423074622266
2022-08-31,Arsenal,Aston Villa,home,2022,10,0.12945494508515573,0.5171867709231792,6.726720820847069,7.134384371658538,6.761262242313306
2022-08-31,Arsenal,Aston Villa,away,2022,3,0.12945494508515573,-0.5171867709231792,4.229374625112389,3.987705297029296,3.7443651900106496
2022-08-31,Bournemouth,Wolves,home,2022,2,0.12945494508515573,-0.17241687455784338,5.231133056020009,5.129523395770135,4.674560955405541
2022-08-31,Bournemouth,Wolves,away,2022,5,0.12945494508515573,0.17241687455784338,4.5535776392728256,4.6437785100261335,5.1242325605489105
2022-08-31,West Ham,Tottenham,home,2022,3,0.12945494508515573,-0.21341392537486925,5.462123867784077,5.331104747534354,4.656750204161395
2022-08-31,West Ham,Tottenham,away,2022,4,0.12945494508515573,0.21341392537486925,4.75220289593076,4.868994719044159,5.283393989783286
2022-08-31,Liverpool,Newcastle,home,2022,13,0.12945494508515573,0.6337148034771506,7.326622619860951,7.87434294267375,7.293292949340968
2022-08-31,Liverpool,Newcastle,away,2022,0,0.12945494508515573,-0.6337148034771506,3.392482018725355,3.156509143279073,3.328148477570903
2022-09-01,Leicester,Man United,home,2022,1,0.1302992093152654,-0.18274362416107393,5.114065643650081,5.008841901281055,4.621543259175929
2022-09-01,Leicester,Man United,away,2022,3,0.1302992093152654,0.18274362416107393,5.110083334885073,5.217433916698539,5.334877004053821
2022-09-03,Everton,Liverpool,home,2022,7,0.130488645023459,-0.5627306724024148,3.7616902072975718,3.5284153188341545,3.5780937903194165
2022-09-03,Everton,Liverpool,away,2022,9,0.130488645023459,0.5627306724024148,6.943187175308414,7.402223617321103,6.889394658221967
2022-09-03,Brentford,Leeds,home,2022,2,0.130488645023459,0.15440230468909316,5.010383011376725,5.099171468838694,5.293471824466
2022-09-03,Brentford,Leeds,away,2022,6,0.130488645023459,-0.15440230468909316,4.911707769590148,4.82618349196369,4.57130449009172
2022-09-03,Chelsea,West Ham,home,2022,10,0.130488645023459,0.46119458761977966,6.082194139953932,6.409836084875785,6.3994833928471255
2022-09-03,Chelsea,West Ham,away,2022,3,0.130488645023459,-0.46119458761977966,4.1179643514314295,3.907472564846532,3.802038478937005
2022-09-03,Newcastle,Crystal Palace,home,2022,13,0.130488645023459,0.21635640187579935,4.839531982149894,4.9601301779605595,5.375115995924996
2022-09-03,Newcastle,Crystal Palace,away,2022,5,0.130488645023459,-0.21635640187579935,4.35465115890787,4.24877428586075,4.289490231798661
2022-09-03,Tottenham,Fulham,home,2022,10,0.130488645023459,0.4980658878983504,6.065724777547178,6.419350350207843,6.494241758373176
2022-09-03,Tottenham,Fulham,away,2022,3,0.130488645023459,-0.4980658878983504,3.7649383656848547,3.55753755205668,3.6402893916568586
2022-09-03,Wolves,Southampton,home,2022,5,0.130488645023459,0.14039367811737608,4.954380354070629,5.034147061863329,5.243902651122287
2022-09-03,Wolves,Southampton,away,2022,6,0.130488645023459,-0.14039367811737608,5.973666372797786,5.87901286066267,4.887604334478006
2022-09-03,Aston Villa,Man City,home,2022,1,0.130488645023459,-0.6087445663831481,3.6946740419645048,3.4474609293800764,3.4897515094622387
2022-09-03,Aston Villa,Man City,away,2022,4,0.130488645023459,0.6087445663831481,6.7703544080646765,7.25584805710172,6.969375489395031
2022-09-04,Brighton,Leicester,home,2022,10,0.13051167723480692,0.29763500311651225,6.0656392366520295,6.274542855303117,5.968031149634135
2022-09-04,Brighton,Leicester,away,2022,1,0.13051167723480692,-0.29763500311651225,4.692127344030157,4.535908412397366,4.2425491366880195
2022-09-04,Man United,Arsenal,home,2022,2,0.13051167723480692,0.008283844170390464,4.6657005063754395,4.6700996213817545,4.8679108152018715
2022-09-04,Man United,Arsenal,away,2022,5,0.13051167723480692,-0.008283844170390464,4.938333101316865,4.933681317198016,4.869939889307261
2022-09-16,Aston Villa,Southampton,home,2022,6,0.1307258083007117,0.1852771035967809,4.722690657183714,4.823293034621555,5.264900387998146
2022-09-16,Aston Villa,Southampton,away,2022,3,0.1307258083007117,-0.1852771035967809,5.912830079704648,5.789502560697514,4.780719741368016
2022-09-17,Wolves,Man City,home,2022,5,0.13075770476836152,-0.615277088491133,3.5679117184504485,3.3267071037577214,3.4424970201022393
2022-09-17,Wolves,Man City,away,2022,7,0.13075770476836152,0.615277088491133,6.667553385841828,7.150987783645757,6.955351909138035
2022-09-17,Newcastle,Bournemouth,home,2022,8,0.13075770476836152,0.5243453707831773,6.0576310625068315,6.429979830309995,6.563856331854955
2022-09-17,Newcastle,Bournemouth,away,2022,1,0.13075770476836152,-0.5243453707831773,4.0997112032937295,3.862304173228186,3.6970340326127955
2022-09-17,Tottenham,Leicester,home,2022,6,0.13075770476836152,0.5026558010387787,6.21561358676654,6.581413278745542,6.556506071811572
2022-09-17,Tottenham,Leicester,away,2022,1,0.13075770476836152,-0.5026558010387787,4.459801972236525,4.211922965306509,3.830172529595781
2022-09-18,Brentford,Arsenal,home,2022,3,0.13077704436990514,-0.3073870255832236,4.502629139004211,4.347892896379449,4.214380981602016
2022-09-18,Brentford,Arsenal,away,2022,3,0.13077704436990514,0.3073870255832236,5.160096316270668,5.3437378949826195,5.639785961033391
2022-09-18,Everton,West Ham,home,2022,5,0.13077704436990514,-0.0586082748037538,5.198379800574898,5.1638342776413895,4.894712430629343
2022-09-18,Everton,West Ham,away,2022,14,0.13077704436990514,0.0586082748037538,5.290276961413822,5.325668372963653,5.117849541851042
2022-10-01,Arsenal,Tottenham,home,2022,5,0.13117942007807498,0.1862612547823836,6.857580606062587,7.004444431105203,5.916277735250103
2022-10-01,Arsenal,Tottenham,away,2022,2,0.13117942007807498,-0.1862612547823836,3.8246223711178224,3.744430619110833,4.172060939821994
2022-10-01,Bournemouth,Brentford,home,2022,7,0.13117942007807498,-0.14879788162368734,5.236218045164235,5.148324771386113,4.722767374998986
2022-10-01,Bournemouth,Brentford,away,2022,8,0.13117942007807498,0.14879788162368734,4.487541404944977,4.564153647336457,5.0504204382232025
2022-10-01,Crystal Palace,Chelsea,home,2022,5,0.13117942007807498,-0.2820660312800627,3.830099454438948,3.709144626299543,4.050193215389839
2022-10-01,Crystal Palace,Chelsea,away,2022,2,0.13117942007807498,0.2820660312800627,5.635280972504769,5.819046910536306,5.735206190025841
2022-10-01,Fulham,Newcastle,home,2022,1,0.13117942007807498,-0.08942499826411654,5.595490681634331,5.538853489000891,4.943653464203101
2022-10-01,Fulham,Newcastle,away,2022,8,0.13117942007807498,0.08942499826411654,4.134580252931762,4.17685813926848,4.801429036770595
2022-10-01,Liverpool,Brighton,home,2022,9,0.13117942007807498,0.5860035060749059,7.862404877076735,8.404436361946425,7.307023069491589
2022-10-01,Liverpool,Brighton,away,2022,2,0.13117942007807498,-0.5860035060749059,2.9076862545794926,2.720159402066101,3.236443080419857
2022-10-01,Southampton,Everton,home,2022,7,0.13117942007807498,0.15945368641959606,6.251162164384931,6.365595431153093,5.6834215554366905
2022-10-01,Southampton,Everton,away,2022,6,0.13117942007807498,-0.15945368641959606,4.471181855897498,4.390804151781892,4.429938172359786
2022-10-01,West Ham,Wolves,home,2022,1,0.13117942007807498,0.25712878331782607,4.886167314537875,5.031210885957194,5.484669892243124
2022-10-01,West Ham,Wolves,away,2022,6,0.13117942007807498,-0.25712878331782607,4.707883625988436,4.572161178566123,4.320127721003752
2022-10-02,Man City,Man United,home,2022,5,0.13108809307403477,0.5913877837584836,7.497300417464884,8.019072280137392,7.215907249642997
2022-10-02,Man City,Man United,away,2022,1,0.13108809307403477,-0.5913877837584836,2.814914530105974,2.6317582813120497,3.1966400231170864
2022-10-02,Leeds,Aston Villa,home,2022,2,0.13108809307403477,0.0898520166510337,5.932365577087795,5.993317751384253,5.429786627499608
2022-10-02,Leeds,Aston Villa,away,2022,9,0.13108809307403477,-0.0898520166510337,4.664159059095779,4.616724458143619,4.622312036714795
2022-10-08,Bournemouth,Leicester,home,2022,7,0.13105297589830275,-0.18817566229754884,5.335471367553487,5.222463745107444,4.6722763187036245
2022-10-08,Bournemouth,Leicester,away,2022,2,0.13105297589830275,0.18817566229754884,5.094980135254507,5.205229170881481,5.3421776775780705
2022-10-08,Chelsea,Wolves,home,2022,4,0.13105297589830275,0.574021268744339,6.120760363787781,6.53381071206796,6.724453630373231
2022-10-08,Chelsea,Wolves,away,2022,2,0.13105297589830275,-0.574021268744339,4.1482524664178,3.886010843341199,3.6337217361259952
2022-10-08,Man City,Southampton,home,2022,9,0.13105297589830275,0.8152282579059466,7.328942190116124,8.041183876232514,7.874056080772087
2022-10-08,Man City,Southampton,away,2022,1,0.13105297589830275,-0.8152282579059466,3.0448545043895234,2.7751588551461994,2.980844781063299
2022-10-08,Newcastle,Brentford,home,2022,9,0.13105297589830275,0.3149712235593093,6.015336112388874,6.2347918392185555,5.996225849997137
2022-10-08,Newcastle,Brentford,away,2022,5,0.13105297589830275,-0.3149712235593093,4.499661153605692,4.3412795372796555,4.157041679974162
2022-10-08,Brighton,Tottenham,home,2022,6,0.13105297589830275,-0.02435030759514384,6.460305114128666,6.442433328369763,5.31388804546078
2022-10-08,Brighton,Tottenham,away,2022,2,0.13105297589830275,0.02435030759514384,3.8757698134391245,3.8865214850864787,4.5783388659897275
2022-10-09,Crystal Palace,Leeds,home,2022,5,0.13111645959435128,0.19527667792294667,4.249054291715537,4.3445068494490915,5.1158520377547365
2022-10-09,Crystal Palace,Leeds,away,2022,3,0.13111645959435128,-0.19527667792294667,4.3816256857176805,4.285357595178054,4.3361148841655295
2022-10-09,West Ham,Fulham,home,2022,4,0.13111645959435128,0.33011801673426133,5.0572816830825555,5.250825359800784,5.717050973816469
2022-10-09,West Ham,Fulham,away,2022,2,0.13111645959435128,-0.33011801673426133,4.7897697087506845,4.613220390016462,4.2117954952600165
2022-10-09,Arsenal,Liverpool,home,2022,4,0.13111645959435128,0.005700363168298583,5.026082998395411,5.029343503528163,4.976674628348468
2022-10-09,Arsenal,Liverpool,away,2022,3,0.13111645959435128,-0.005700363168298583,5.076430002581951,5.073138971442825,4.917329363925533
2022-10-09,Everton,Man United,home,2022,5,0.13111645959435128,-0.19020941613595782,5.0060806876007735,4.898916102398397,4.576482849096449
2022-10-09,Everton,Man United,away,2022,4,0.13111645959435128,0.19020941613595782,5.830616675825946,5.958162362357103,5.576265508648813
2022-10-14,Brentford,Brighton,home,2022,2,0.13107161617456037,-0.1188575941436893,5.646965505236569,5.571121544299908,4.8966465197625295
2022-10-14,Brentford,Brighton,away,2022,11,0.13107161617456037,0.1188575941436893,4.4490590479297705,4.509627509406136,4.973709227257613
2022-10-15,Leicester,Crystal Palace,home,2022,9,0.1312632059604877,0.10807060199786683,5.240516370902151,5.305344880203281,5.264241762510029
2022-10-15,Leicester,Crystal Palace,away,2022,2,0.1312632059604877,-0.10807060199786683,4.555559908156727,4.49989337477455,4.553394536161175
2022-10-15,Fulham,Bournemouth,home,2022,5,0.1312632059604877,0.27591961616021154,5.451174185565954,5.6250017503724035,5.720051670494765
2022-10-15,Fulham,Bournemouth,away,2022,6,0.1312632059604877,-0.27591961616021154,3.7250242513651224,3.6099110615039987,3.984415553032528
2022-10-15,Tottenham,Everton,home,2022,7,0.1312632059604877,0.5054537044560985,6.874433598851811,7.281323315567282,6.7735980410267995
2022-10-15,Tottenham,Everton,away,2022,1,0.1312632059604877,-0.5054537044560985,3.833620054233372,3.6193924323769404,3.6494716413434887
2022-10-16,Aston Villa,Chelsea,home,2022,7,0.1311106734256288,-0.31630697862041135,4.111592350773683,3.966267426620097,4.081360936567792
2022-10-16,Aston Villa,Chelsea,away,2022,1,0.1311106734256288,0.31630697862041135,5.879403419156335,6.094826073267516,5.895999854085755
2022-10-16,Leeds,Arsenal,home,2022,6,0.1311106734256288,-0.45174128637125854,4.490941108383201,4.265969855744315,3.9623535855628234
2022-10-16,Leeds,Arsenal,away,2022,3,0.1311106734256288,0.45174128637125854,4.716858182318016,4.965607594451618,5.828224922838601
2022-10-16,Man United,Newcastle,home,2022,4,0.1311106734256288,0.21764315873957496,5.373529741535242,5.508241123734818,5.55634178548808
2022-10-16,Man United,Newcastle,away,2022,4,0.1311106734256288,-0.21764315873957496,5.016876163266324,4.894181766435076,4.480526952262756
2022-10-16,Southampton,West Ham,home,2022,4,0.1311106734256288,-0.06922430168467597,5.5069941238608795,5.4637948861138685,4.96122397978546
2022-10-16,Southampton,West Ham,away,2022,14,0.1311106734256288,0.06922430168467597,5.310621914570854,5.3526100974096895,5.146957773930695
2022-10-16,Liverpool,Man City,home,2022,5,0.1311106734256288,-0.24698162380661115,5.267337037606541,5.121394969839744,4.539653818859622
2022-10-16,Liverpool,Man City,away,2022,6,0.1311106734256288,0.24698162380661115,4.069184114460381,4.185141807097926,5.105739862006957
2022-10-18,Brighton,Nott'm Forest,home,2022,9,0.13126722153529774,0.5693808504787978,7.094239577296174,7.568986830025973,7.027211589095383
2022-10-18,Brighton,Nott'm Forest,away,2022,1,0.13126722153529774,-0.5693808504787978,3.461856665985806,3.2447196860400416,3.441286563361542
2022-10-18,Crystal Palace,Wolves,home,2022,4,0.13126722153529774,0.14209678708896328,4.433288994540421,4.505538895832703,5.0690450970092
2022-10-18,Crystal Palace,Wolves,away,2022,3,0.13126722153529774,-0.14209678708896328,4.191570706820574,4.124355535266399,4.373565095181049
2022-10-19,Bournemouth,Southampton,home,2022,7,0.1313806063569815,-0.003943613044319283,5.278392852713404,5.276025241090604,5.032718087584415
2022-10-19,Bournemouth,Southampton,away,2022,3,0.1313806063569815,0.003943613044319283,5.2140174082229835,5.216357193886071,4.978680251893373
2022-10-19,Brentford,Chelsea,home,2022,6,0.1313806063569815,-0.3523496855494191,4.151127446596537,3.9880189876093173,4.031821899783579
2022-10-19,Brentford,Chelsea,away,2022,2,0.1313806063569815,0.3523496855494191,6.077424672795759,6.325989029201912,6.048385610474119
2022-10-19,Liverpool,West Ham,home,2022,8,0.1313806063569815,0.5307447837501728,7.133897876450012,7.577917289153753,6.925703507002088
2022-10-19,Liverpool,West Ham,away,2022,3,0.1313806063569815,-0.5307447837501728,3.863894394475986,3.6374939134044784,3.6196302807850147
2022-10-19,Newcastle,Everton,home,2022,8,0.1313806063569815,0.41026905758245946,6.6102125976224055,6.9260552306194345,6.428184606455641
2022-10-19,Newcastle,Everton,away,2022,2,0.1313806063569815,-0.41026905758245946,4.076077740735229,3.890200053788275,3.8721879205853855
2022-10-19,Man United,Tottenham,home,2022,8,0.1313806063569815,0.05637486182631901,5.247366171503293,5.281128482412928,5.1528559973143775
2022-10-19,Man United,Tottenham,away,2022,3,0.1313806063569815,-0.05637486182631901,4.452266761840044,4.423803372780969,4.6205733954614665
2022-10-20,Fulham,Aston Villa,home,2022,9,0.13118946034258244,-0.04930911131374066,4.7292201629178905,4.702764964328959,4.771208866131031
2022-10-20,Fulham,Aston Villa,away,2022,7,0.13118946034258244,0.04930911131374066,5.111629846597858,5.140385096696595,5.043543722076728
2022-10-20,Leicester,Leeds,home,2022,2,0.13118946034258244,0.09707973997998676,4.625579270867252,4.676948975605536,5.04000284963213
2022-10-20,Leicester,Leeds,away,2022,9,0.13118946034258244,-0.09707973997998676,4.590191343153419,4.539774548952774,4.585349874471251
2022-10-22,Nott'm Forest,Liverpool,home,2022,2,0.1311249861213919,-0.6757575856326765,3.617736876813507,3.3500341131629154,3.3703696617847134
2022-10-22,Nott'm Forest,Liverpool,away,2022,11,0.1311249861213919,0.6757575856326765,6.439875899522893,6.954489338560814,7.058133532670667
2022-10-22,Everton,Crystal Palace,home,2022,3,0.1311249861213919,0.04784984556901872,5.646453496989395,5.677274785434317,5.253004337001579
2022-10-22,Everton,Crystal Palace,away,2022,4,0.1311249861213919,-0.04784984556901872,5.3335977651048845,5.304642260680605,4.90569565392724
2022-10-22,Man City,Brighton,home,2022,7,0.1311249861213919,0.7275769863048647,8.109426029649281,8.809234087700691,7.831533547027841
2022-10-22,Man City,Brighton,away,2022,3,0.1311249861213919,-0.7275769863048647,2.555199153180979,2.352213406688129,2.928591308887677
2022-10-22,Chelsea,Man United,home,2022,6,0.1311249861213919,0.17494429459364375,6.120552630525993,6.243588368675463,5.683138645531665
2022-10-22,Chelsea,Man United,away,2022,4,0.1311249861213919,-0.17494429459364375,3.9799442207334184,3.90151570397719,4.244340039903393
2022-10-23,Aston Villa,Brentford,home,2022,7,0.13106972840684544,0.17388200312067592,5.770914475916004,5.88621035953326,5.577413881595068
2022-10-23,Aston Villa,Brentford,away,2022,6,0.13106972840684544,-0.17388200312067592,4.747800438831649,4.654803108903247,4.486217345787761
2022-10-23,Leeds,Fulham,home,2022,3,0.13106972840684544,0.1988839574266385,5.4764094980830915,5.601732280002754,5.545249945790197
2022-10-23,Leeds,Fulham,away,2022,6,0.13106972840684544,-0.1988839574266385,4.328329217637463,4.231495197105119,4.313045516804819
2022-10-23,Southampton,Arsenal,home,2022,9,0.13106972840684544,-0.44216412390654747,4.695878233292634,4.465503524153382,4.034092559721957
2022-10-23,Southampton,Arsenal,away,2022,4,0.13106972840684544,0.44216412390654747,5.328321653750505,5.6032090308500155,6.0294794550183255
2022-10-23,Wolves,Leicester,home,2022,9,0.13106972840684544,0.12137279770181691,5.420870796319677,5.496241771268302,5.3499610484828874
2022-10-23,Wolves,Leicester,away,2022,2,0.13106972840684544,-0.12137279770181691,5.095131938344784,5.025261456356088,4.688666463116508
2022-10-23,Tottenham,Newcastle,home,2022,6,0.13106972840684544,0.1874802253312144,6.176940353258884,6.31010240688478,5.729602786638596
2022-10-23,Tottenham,Newcastle,away,2022,7,0.13106972840684544,-0.1874802253312144,3.9996599545089992,3.915255154237205,4.22847570731854
2022-10-24,West Ham,Bournemouth,home,2022,5,0.13060859637631075,0.46222222222222226,5.356824219392263,5.646051224426057,6.153834116093506
2022-10-24,West Ham,Bournemouth,away,2022,0,0.13060859637631075,-0.46222222222222226,4.106225446148986,3.8958782068881606,3.79701234743629
2022-10-29,Leicester,Man City,home,2022,3,0.1308128974553077,-0.6440340682957892,3.635598231010934,3.3787458688420164,3.420992454154736
2022-10-29,Leicester,Man City,away,2022,10,0.1308128974553077,0.6440340682957892,6.391607805563078,6.877498022420027,6.948061044073153
2022-10-29,Bournemouth,Tottenham,home,2022,2,0.1308128974553077,-0.37912698796345534,5.751793684454776,5.508983101410384,4.41303360962093
2022-10-29,Bournemouth,Tottenham,away,2022,19,0.1308128974553077,0.37912698796345534,4.1669975614124946,4.350659607348357,5.438347799174292
2022-10-29,Brentford,Wolves,home,2022,3,0.1308128974553077,0.14776377750398717,4.567041189962204,4.644464235758018,5.128454129200013
2022-10-29,Brentford,Wolves,away,2022,6,0.1308128974553077,-0.14776377750398717,4.87860329770572,4.79727716246932,4.574464798081366
2022-10-29,Brighton,Chelsea,home,2022,8,0.1308128974553077,-0.08129742971666815,5.435908618799783,5.3858643876201455,4.916093017665006
2022-10-29,Brighton,Chelsea,away,2022,7,0.1308128974553077,0.08129742971666815,4.2580505488544445,4.2976153894641085,4.829085911416538
2022-10-29,Crystal Palace,Southampton,home,2022,8,0.1308128974553077,0.2542395513419683,4.805567320863927,4.946592127687123,5.449672644196623
2022-10-29,Crystal Palace,Southampton,away,2022,4,0.1308128974553077,-0.2542395513419683,4.5848427579356015,4.4541312402760855,4.2898431931356855
2022-10-29,Newcastle,Aston Villa,home,2022,3,0.1308128974553077,0.30701057568071966,5.96409610134744,6.1760865489351335,5.960226127967277
2022-10-29,Newcastle,Aston Villa,away,2022,0,0.1308128974553077,-0.30701057568071966,4.880861092762119,4.713328478141231,4.278066671257635
2022-10-29,Fulham,Everton,home,2022,13,0.1308128974553077,0.0941357010602974,5.990766263532985,6.055268713790155,5.4562322923353985
2022-10-29,Fulham,Everton,away,2022,4,0.1308128974553077,-0.0941357010602974,4.285650254293755,4.239998284841489,4.493870322677712
2022-10-29,Liverpool,Leeds,home,2022,14,0.1308128974553077,0.6327595948021357,6.298419609726868,6.768538421542992,6.954779435822842
2022-10-29,Liverpool,Leeds,away,2022,5,0.1308128974553077,-0.6327595948021357,3.3828435141551987,3.147883132106872,3.326538173121804
2022-10-30,Arsenal,Nott'm Forest,home,2022,9,0.1328980039400872,0.7332368010692805,7.480198130126342,8.130940342971815,7.6551197666773945
2022-10-30,Arsenal,Nott'm Forest,away,2022,4,0.1328980039400872,-0.7332368010692805,3.0714610718596913,2.8256433324270858,3.094055336927487
2022-10-30,Man United,West Ham,home,2022,5,0.1328980039400872,0.3662366959740861,5.222182477460667,5.4443623331938,5.863100030544332
2022-10-30,Man United,West Ham,away,2022,10,0.1328980039400872,-0.3662366959740861,5.416290819766,5.195256538927023,4.310142638915368
2022-11-05,Leeds,Bournemouth,home,2022,13,0.1327778301872255,0.34912782665276176,5.735625115752375,5.968022095592419,5.993592853340672
2022-11-05,Leeds,Bournemouth,away,2022,3,0.1327778301872255,-0.34912782665276176,3.7172881456592575,3.572535575308619,3.8608247955424737
2022-11-05,Man City,Fulham,home,2022,9,0.1327778301872255,0.8038015808536539,7.462423121446033,8.177000028960215,7.88041713775932
2022-11-05,Man City,Fulham,away,2022,0,0.1327778301872255,-0.8038015808536539,2.5607833878401793,2.3370000115877994,2.8379112139723244
2022-11-05,Nott'm Forest,Brentford,home,2022,3,0.1327778301872255,-0.025353775905843423,5.005335743692269,4.990919186749199,4.905620434253213
2022-11-05,Nott'm Forest,Brentford,away,2022,3,0.1327778301872255,0.025353775905843423,5.702459543549287,5.7189314257114745,5.165986467014849
2022-11-05,Wolves,Brighton,home,2022,4,0.1327778301872255,-0.14537896475143786,5.6770242617165545,5.583903243308914,4.850222295152604
2022-11-05,Wolves,Brighton,away,2022,9,0.1327778301872255,0.14537896475143786,4.814045483415392,4.894327823302552,5.154740764144
2022-11-05,Everton,Leicester,home,2022,8,0.1327778301872255,0.0782158334214142,5.513630465107813,5.5629112802098355,5.281357825815411
2022-11-05,Everton,Leicester,away,2022,3,0.1327778301872255,-0.0782158334214142,5.394406904925058,5.34661883931049,4.860437911746066
2022-11-06,Chelsea,Arsenal,home,2022,4,0.13324013488259454,0.008081667375584856,5.697071668438016,5.702312065528176,5.180059412447717
2022-11-06,Chelsea,Arsenal,away,2022,6,0.13324013488259454,-0.008081667375584856,3.9445355655870418,3.940910556562213,4.540988383580785
2022-11-06,Aston Villa,Man United,home,2022,3,0.13324013488259454,-0.16318154951096836,5.0304204800188375,4.937894812235781,4.635927212911209
2022-11-06,Aston Villa,Man United,away,2022,5,0.13324013488259454,0.16318154951096836,4.614034993996868,4.700492216199351,5.125344474043136
2022-11-06,Southampton,Newcastle,home,2022,8,0.13324013488259454,-0.2609067579127459,5.773547970494137,5.6046943010575525,4.644000358085038
2022-11-06,Southampton,Newcastle,away,2022,2,0.13324013488259454,0.2609067579127459,5.558955966510278,5.726431668620301,5.660171087536888
2022-11-06,West Ham,Crystal Palace,home,2022,2,0.13324013488259454,0.2652911632957785,5.010243697468262,5.163763262753948,5.54675129403508
2022-11-06,West Ham,Crystal Palace,away,2022,5,0.13324013488259454,-0.2652911632957785,4.080196843263071,3.9588918930195334,4.117523567721386
2022-11-06,Tottenham,Liverpool,home,2022,5,0.13324013488259454,-0.15195788477463618,4.498913267175257,4.421806199425493,4.498611301554262
2022-11-06,Tottenham,Liverpool,away,2022,3,0.13324013488259454,0.15195788477463618,5.460582420208779,5.555803576369561,5.376088710926435
2022-11-12,Man City,Brentford,home,2022,10,0.13299598996701933,0.7920393533454487,8.310404118954485,9.09400368369615,8.108901454593562
2022-11-12,Man City,Brentford,away,2022,2,0.13299598996701933,-0.7920393533454487,2.5396618064621395,2.3208277312458954,2.8446664345330652
2022-11-12,Bournemouth,Everton,home,2022,3,0.13299598996701933,-0.03355704697986567,6.313864054791222,6.289805911178973,5.25561637833582
2022-11-12,Bournemouth,Everton,away,2022,5,0.13299598996701933,0.03355704697986567,5.079949319916238,5.099379832082644,5.000465684424682
2022-11-12,Liverpool,Southampton,home,2022,6,0.13299598996701933,0.6839165560417758,7.801804601497538,8.433074438406079,7.596604227215957
2022-11-12,Liverpool,Southampton,away,2022,0,0.13299598996701933,-0.6839165560417758,3.5743170823782653,3.3067564699192564,3.3119058103732897
2022-11-12,Nott'm Forest,Crystal Palace,home,2022,1,0.13299598996701933,-0.0874524714828897,4.392925583001867,4.349436606944662,4.588405199565476
2022-11-12,Nott'm Forest,Crystal Palace,away,2022,5,0.13299598996701933,0.0874524714828897,4.912273822232598,4.961390472950168,5.062152374021711
2022-11-12,Tottenham,Leeds,home,2022,9,0.13299598996701933,0.3944186654467029,5.647980644356131,5.907185220761853,6.079882320133077
2022-11-12,Tottenham,Leeds,away,2022,2,0.13299598996701933,-0.3944186654467029,4.1708902437286905,3.9878734940488787,3.9261816531297713
2022-11-12,West Ham,Leicester,home,2022,7,0.13299598996701933,0.19275964780203597,5.097905173716979,5.210934302320281,5.40887432749834
2022-11-12,West Ham,Leicester,away,2022,2,0.13299598996701933,-0.19275964780203597,4.209723125027264,4.118411028409364,4.286915661703233
2022-11-12,Newcastle,Chelsea,home,2022,5,0.13299598996701933,0.10335941201622506,4.998733987105169,5.057859894714147,5.177027833863116
2022-11-12,Newcastle,Chelsea,away,2022,3,0.13299598996701933,-0.10335941201622506,4.681947648679585,4.6272161199563,4.6015216906251
2022-11-12,Wolves,Arsenal,home,2022,6,0.13299598996701933,-0.4628848811253233,4.681976031238633,4.441800278471491,3.995314540068925
2022-11-12,Wolves,Arsenal,away,2022,4,0.13299598996701933,0.4628848811253233,5.15928568932504,5.438257107779,6.021578512973157
2022-11-13,Brighton,Aston Villa,home,2022,11,0.13316733759760094,0.2872623993832022,6.414067961637121,6.627146671066903,6.046321408909115
2022-11-13,Brighton,Aston Villa,away,2022,4,0.13316733759760094,-0.2872623993832022,4.2321102722554444,4.096037745158117,4.126301190746069
2022-11-13,Fulham,Man United,home,2022,10,0.13316733759760094,-0.2621805786464798,5.387152240338327,5.2288413285162125,4.542386767085649
2022-11-13,Fulham,Man United,away,2022,3,0.13316733759760094,0.2621805786464798,4.712162039670958,4.854829721148597,5.3789334754588225
2022-12-26,Brentford,Tottenham,home,2022,6,0.13326672288206382,-0.24336033151252598,4.999915621721283,4.863386199182425,4.473361977784984
2022-12-26,Brentford,Tottenham,away,2022,5,0.13326672288206382,0.24336033151252598,5.482251484603756,5.636154259080431,5.5941827262023045
2022-12-26,Crystal Palace,Fulham,home,2022,1,0.13326672288206382,0.19515365096238912,5.111092424503471,5.225837029748297,5.418696595776194
2022-12-26,Crystal Palace,Fulham,away,2022,8,0.13326672288206382,-0.19515365096238912,3.8460439033857283,3.7615956538639628,4.1636911814913145
2022-12-26,Everton,Wolves,home,2022,2,0.13326672288206382,0.11219285146325858,4.715778532870705,4.776355150219911,5.102834190978086
2022-12-26,Everton,Wolves,away,2022,2,0.13326672288206382,-0.11219285146325858,5.381648545749896,5.313395232415608,4.787781463926692
2022-12-26,Leicester,Newcastle,home,2022,5,0.13326672288206382,-0.1378348340855996,5.174439820982525,5.093932830453495,4.7271288716024245
2022-12-26,Leicester,Newcastle,away,2022,5,0.13326672288206382,0.1378348340855996,5.196392449650713,5.278518761805463,5.262221960219033
2022-12-26,Southampton,Brighton,home,2022,4,0.13326672288206382,-0.1637707396278531,5.987515644896722,5.876991961845745,4.893292132247727
2022-12-26,Southampton,Brighton,away,2022,2,0.13326672288206382,0.1637707396278531,5.243965884649974,5.34258477457324,5.33520346248996
2022-12-26,Aston Villa,Liverpool,home,2022,0,0.13326672288206382,-0.33602849660517914,3.980228710142211,3.830941970773904,4.006818989228977
2022-12-26,Aston Villa,Liverpool,away,2022,6,0.13326672288206382,0.33602849660517914,6.143598229902848,6.383006123503967,6.027219455852065
2022-12-26,Arsenal,West Ham,home,2022,7,0.13326672288206382,0.4877031458925115,6.375693247238502,6.73943967948246,6.567141069867341
2022-12-26,Arsenal,West Ham,away,2022,5,0.13326672288206382,-0.4877031458925115,4.617292115451562,4.368083929979289,3.8963030142890513
2022-12-27,Chelsea,Bournemouth,home,2022,6,0.1332733330929954,0.6273389797124287,7.373976506194921,7.919490395600176,7.288334074480106
2022-12-27,Chelsea,Bournemouth,away,2022,8,0.1332733330929954,-0.6273389797124287,3.35366677239216,3.1226579936210896,3.3251602670837683
2022-12-27,Man United,Nott'm Forest,home,2022,9,0.1332733330929954,0.6409264185928665,6.264671947363141,6.738529705991275,6.967090548143011
2022-12-27,Man United,Nott'm Forest,away,2022,9,0.1332733330929954,-0.6409264185928665,4.151824646163771,3.859865657053876,3.533612918260713
2022-12-28,Leeds,Man City,home,2022,3,0.13305536336125348,-0.6368487981821593,4.110921873478063,3.8236125329665587,3.565309324236687
2022-12-28,Leeds,Man City,away,2022,5,0.13305536336125348,0.6368487981821593,6.110683660645686,6.569845376817906,6.830696920886979
2022-12-30,West Ham,Brentford,home,2022,8,0.13299095686049914,0.20285822598296233,5.388889285903379,5.5147020770179775,5.52673170105673
2022-12-30,West Ham,Brentford,away,2022,1,0.13299095686049914,-0.20285822598296233,4.280927308841082,4.1832619398398165,4.291074681724917
2022-12-30,Liverpool,Leicester,home,2022,4,0.13299095686049914,0.6406378582474949,8.187214891905711,8.806204079112423,7.572194950031189
2022-12-30,Liverpool,Leicester,away,2022,5,0.13299095686049914,-0.6406378582474949,2.9991103797801113,2.788302535714066,3.1934137492709187
2022-12-31,Wolves,Man United,home,2022,7,0.13297571763949395,-0.2656916432329158,5.230912404852241,5.075165249534212,4.494259094823683
2022-12-31,Wolves,Man United,away,2022,5,0.13297571763949395,0.2656916432329158,4.958131026734132,5.110286624658508,5.472998301012622
2022-12-31,Bournemouth,Crystal Palace,home,2022,2,0.13297571763949395,-0.04657622048926402,4.895822824929761,4.869949531935896,4.8285250365986006
2022-12-31,Bournemouth,Crystal Palace,away,2022,7,0.13297571763949395,0.04657622048926402,5.286256978804768,5.314342049246782,5.0907500041071705
2022-12-31,Fulham,Southampton,home,2022,4,0.13297571763949395,0.22087132367238566,6.199923784126858,6.357686865235763,5.817554947779415
2022-12-31,Fulham,Southampton,away,2022,4,0.13297571763949395,-0.22087132367238566,4.700679263273925,4.584034065169892,4.384574378052792
2022-12-31,Man City,Everton,home,2022,7,0.13297571763949395,0.7988857504786191,9.028426922701358,9.887428038506453,8.34508979643369
2022-12-31,Man City,Everton,away,2022,1,0.13297571763949395,-0.7988857504786191,2.330775469398618,2.1282820888038607,2.7616062391284224
2022-12-31,Newcastle,Leeds,home,2022,9,0.13297571763949395,0.5110981920372398,5.570009218144963,5.90348127811783,6.358809273233557
2022-12-31,Newcastle,Leeds,away,2022,3,0.13297571763949395,-0.5110981920372398,4.155315532177848,3.9205927364117565,3.7333786954390877
2022-12-31,Brighton,Arsenal,home,2022,7,0.13297571763949395,-0.17538235294117638,5.993072649458613,5.874680779118593,4.870805708498189
2022-12-31,Brighton,Arsenal,away,2022,4,0.13297571763949395,0.17538235294117638,3.9975867257020457,4.078149702159349,4.926603278925754
2023-01-01,Tottenham,Aston Villa,home,2022,5,0.132655325535285,0.3762636312982568,6.337203802940921,6.614363542768302,6.253946681607536
2023-01-01,Tottenham,Aston Villa,away,2022,3,0.132655325535285,-0.3762636312982568,4.135688638529981,3.962392087826285,3.945910033614667
2023-01-01,Nott'm Forest,Chelsea,home,2022,1,0.132655325535285,-0.38388954630673267,3.719494904201439,3.560547637967102,3.844747076861261
2023-01-01,Nott'm Forest,Chelsea,away,2022,2,0.132655325535285,0.38388954630673267,5.7456956253962055,6.002190610193754,6.023061443068625
2023-01-02,Brentford,Liverpool,home,2022,4,0.13283987663494226,-0.44650655021834057,3.660813440543911,3.4794985253174526,3.726073732706425
2023-01-02,Brentford,Liverpool,away,2022,9,0.13283987663494226,0.44650655021834057,6.591144566669596,6.934605789502561,6.454464253504154
2023-01-03,Arsenal,Newcastle,home,2022,5,0.132769863726134,0.30978375469328784,6.714870267926106,6.955740703411174,6.191804023790516
2023-01-03,Arsenal,Newcastle,away,2022,5,0.132769863726134,-0.30978375469328784,4.007892787583381,3.869103416000101,4.018559951201527
2023-01-03,Everton,Brighton,home,2022,5,0.132769863726134,-0.18143614641623457,5.231851400789855,5.124966437170924,4.657020360809433
2023-01-03,Everton,Brighton,away,2022,2,0.132769863726134,0.18143614641623457,5.233948486616514,5.343106351440344,5.371881676483908
2023-01-03,Leicester,Fulham,home,2022,6,0.132769863726134,0.1268539220291217,4.786338069634034,4.855913629185322,5.158288750646504
2023-01-03,Leicester,Fulham,away,2022,3,0.132769863726134,-0.1268539220291217,4.960462218740262,4.889388686371899,4.638959296955162
2023-01-03,Man United,Bournemouth,home,2022,6,0.132769863726134,0.6554324770209756,6.438771063089121,6.9372366604999876,7.069962456037362
2023-01-03,Man United,Bournemouth,away,2022,5,0.132769863726134,-0.6554324770209756,4.626573747455195,4.29413765512438,3.6325879738419964
2023-01-04,Southampton,Nott'm Forest,home,2022,6,0.13238139250787803,0.221227621483376,6.9650423665692465,7.142564147514899,6.033296681481569
2023-01-04,Southampton,Nott'm Forest,away,2022,2,0.13238139250787803,-0.221227621483376,4.670111141012705,4.554039877269815,4.375011885336994
2023-01-04,Leeds,West Ham,home,2022,8,0.13238139250787803,0.004142248581985919,5.53106771437061,5.533674824307974,5.124026089886039
2023-01-04,Leeds,West Ham,away,2022,1,0.13238139250787803,-0.004142248581985919,5.500769411635352,5.49817780460177,5.045213416857006
2023-01-04,Aston Villa,Wolves,home,2022,7,0.13238139250787803,0.23370172128306824,4.240101200541433,4.35434592524008,5.195980010739096
2023-01-04,Aston Villa,Wolves,away,2022,8,0.13238139250787803,-0.23370172128306824,4.56828936669519,4.448431420174078,4.322271290338825
2023-01-04,Crystal Palace,Tottenham,home,2022,10,0.13238139250787803,-0.15068338416356036,4.846028743662944,4.7636631043600905,4.606496067827045
2023-01-04,Crystal Palace,Tottenham,away,2022,4,0.13238139250787803,0.15068338416356036,4.8020640279589495,4.885093634581227,5.162270036149633
2023-01-05,Chelsea,Man City,home,2022,3,0.1323046720308605,-0.39175951544156146,4.458116340486097,4.26378592878349,4.054544042891452
2023-01-05,Chelsea,Man City,away,2022,2,0.1323046720308605,0.39175951544156146,5.807923582361479,6.072631098111362,6.06339749738375
2023-01-12,Fulham,Chelsea,home,2022,5,0.13239517062519932,-0.1550764021918296,4.99713207993045,4.909743826902192,4.64217972856388
2023-01-12,Fulham,Chelsea,away,2022,7,0.13239517062519932,0.1550764021918296,4.901624856497656,4.988868600430317,5.205018611682989
2023-01-13,Aston Villa,Leeds,home,2022,0,0.13223345356445354,0.2565231572080887,5.12017978960899,5.271806673252945,5.563792888672101
2023-01-13,Aston Villa,Leeds,away,2022,11,0.13223345356445354,-0.2565231572080887,4.933157491382767,4.791270782839707,4.384633705913483
2023-01-14,Man United,Man City,home,2022,1,0.13260838243431083,-0.29491343717893903,3.930080661849806,3.8004096950443427,4.060796049233987
2023-01-14,Man United,Man City,away,2022,2,0.13260838243431083,0.29491343717893903,6.5487823306790345,6.772228486319834,6.042733574819534
2023-01-14,Brighton,Liverpool,home,2022,7,0.13260838243431083,-0.16309688707443315,4.868898795591661,4.779390066276702,4.5891812801250005
2023-01-14,Brighton,Liverpool,away,2022,1,0.13260838243431083,0.16309688707443315,5.3628031491132235,5.46323807674769,5.371064831211742
2023-01-14,Everton,Southampton,home,2022,6,0.13260838243431083,0.13764642934392818,5.161101998733407,5.242558193126944,5.304983506825755
2023-01-14,Everton,Southampton,away,2022,4,0.13260838243431083,-0.13764642934392818,5.141618589121857,5.061730742794845,4.669808972600229
2023-01-14,Nott'm Forest,Leicester,home,2022,3,0.13260838243431083,-0.009345794392523421,4.259083465234577,4.254557477281093,4.696498346258311
2023-01-14,Nott'm Forest,Leicester,away,2022,5,0.13260838243431083,0.009345794392523421,4.59582250303676,4.600711527899196,4.797589675375778
2023-01-14,Wolves,West Ham,home,2022,4,0.13260838243431083,0.006476145208246631,5.593672843062979,5.597795578953962,5.147091652439571
2023-01-14,Wolves,West Ham,away,2022,3,0.13260838243431083,-0.006476145208246631,5.795446492842598,5.791178188485407,5.1228878888731755
2023-01-14,Brentford,Bournemouth,home,2022,5,0.13260838243431083,0.39462624082159975,5.788988460262909,6.054807335827857,6.1273201070086625
2023-01-14,Brentford,Bournemouth,away,2022,3,0.13260838243431083,-0.39462624082159975,4.831428802447794,4.619318837521358,4.109878174132934
2023-01-15,Chelsea,Crystal Palace,home,2022,11,0.13264553229522144,0.4035810258995016,5.64342536171601,5.908576557627415,6.101876945798729
2023-01-15,Chelsea,Crystal Palace,away,2022,7,0.13264553229522144,-0.4035810258995016,4.177490010385182,3.990022443305648,3.9129734497609996
2023-01-15,Newcastle,Fulham,home,2022,10,0.13264553229522144,0.47935796399392666,5.66472588709893,5.9822279630488655,6.307347606353054
2023-01-15,Newcastle,Fulham,away,2022,5,0.13264553229522144,-0.47935796399392666,3.8818916432760022,3.675863276760079,3.704257577465037
2023-01-15,Tottenham,Arsenal,home,2022,4,0.13264553229522144,-0.1439086237461571,5.572456000162227,5.481967146549013,4.825193212363869
2023-01-15,Tottenham,Arsenal,away,2022,3,0.13264553229522144,0.1439086237461571,3.871886020909823,3.9357978463525782,4.813503883991238
2023-01-18,Crystal Palace,Man United,home,2022,3,0.13258404245617303,-0.3235097119892833,5.046889355315597,4.864518459302954,4.3373615486221215
2023-01-18,Crystal Palace,Man United,away,2022,3,0.13258404245617303,0.3235097119892833,4.356700597927447,4.520033391985072,5.386536434638172
2023-01-19,Man City,Tottenham,home,2022,8,0.13260472889596003,0.5832061683733896,8.05896824215796,8.611809666596459,7.354789759975459
2023-01-19,Man City,Tottenham,away,2022,3,0.13260472889596003,-0.5832061683733896,2.71112715057113,2.537084358895267,3.1703507065101126
2023-01-21,Liverpool,Chelsea,home,2022,5,0.13254854668410548,0.2741393208942019,6.179716333019598,6.375484318759797,5.943621158655407
2023-01-21,Liverpool,Chelsea,away,2022,5,0.13254854668410548,-0.2741393208942019,3.697243004492342,3.5837140897318225,3.978115849939768
2023-01-21,Bournemouth,Nott'm Forest,home,2022,4,0.13254854668410548,0.0,5.835996056148264,5.835996056148264,5.2013466960670325
2023-01-21,Bournemouth,Nott'm Forest,away,2022,6,0.13254854668410548,-0.0,5.144783154093279,5.144783154093279,4.949748033754502
2023-01-21,Leicester,Brighton,home,2022,5,0.13254854668410548,-0.18840035662333998,5.139557034051864,5.030570367277884,4.617684982683416
2023-01-21,Leicester,Brighton,away,2022,6,0.13254854668410548,0.18840035662333998,4.789858807181622,4.893630488641114,5.240848751107383
2023-01-21,Southampton,Aston Villa,home,2022,2,0.13254854668410548,-0.04626117424390552,5.885784189992294,5.8548890240533655,5.11441403355801
2023-01-21,Southampton,Aston Villa,away,2022,2,0.13254854668410548,0.04626117424390552,4.918641266103685,4.944596025875566,4.977016833900402
2023-01-21,West Ham,Everton,home,2022,4,0.13254854668410548,0.3330235288362765,5.89475414613243,6.122371546906436,6.004025333520326
2023-01-21,West Ham,Everton,away,2022,9,0.13254854668410548,-0.3330235288362765,3.6491751496812594,3.513506192615229,3.8647878193990746
2023-01-21,Crystal Palace,Newcastle,home,2022,3,0.13254854668410548,-0.2933433915147101,5.091670588137814,4.924553099159099,4.4049819531486945
2023-01-21,Crystal Palace,Newcastle,away,2022,15,0.13254854668410548,0.2933433915147101,4.4947329890253975,4.64726428996395,5.370417596350936
2023-01-22,Leeds,Brentford,home,2022,2,0.1327833934046714,0.07138688971017315,6.4099927343478695,6.462262747130495,5.5192759116366785
2023-01-22,Leeds,Brentford,away,2022,3,0.1327833934046714,-0.07138688971017315,4.130743101157002,4.097331585230155,4.485418301402972
2023-01-22,Man City,Wolves,home,2022,5,0.1327833934046714,0.7389458071977506,6.812823453880905,7.4103185589962814,7.453314044093714
2023-01-22,Man City,Wolves,away,2022,7,0.1327833934046714,-0.7389458071977506,2.5569782382219635,2.350808696513206,2.9152213189682463
2023-01-22,Arsenal,Man United,home,2022,12,0.1327833934046714,0.28079902481223706,6.227221739376849,6.4293639969374725,5.9745721846582995
2023-01-22,Arsenal,Man United,away,2022,4,0.1327833934046714,-0.28079902481223706,3.834851897079284,3.714282332149457,4.012397011263415
2023-01-23,Fulham,Tottenham,home,2022,3,0.1328646095945,-0.15499584832549124,6.2800549237105106,6.170287870884922,4.98498251756695
2023-01-23,Fulham,Tottenham,away,2022,8,0.1328646095945,0.15499584832549124,4.951717489432633,5.039806642907086,5.221359901306269
2023-02-03,Chelsea,Fulham,home,2022,6,0.13280856882653932,0.41430870060044733,6.476039746240889,6.788590603655472,6.3981229367973
2023-02-03,Chelsea,Fulham,away,2022,2,0.13280856882653932,-0.41430870060044733,4.248513282974491,4.05290913671534,3.915835713330802
2023-02-04,Everton,Arsenal,home,2022,7,0.13279854471087038,-0.5642068139124794,4.734910588184926,4.440537293489047,3.8416892038152817
2023-02-04,Everton,Arsenal,away,2022,5,0.13279854471087038,0.5642068139124794,4.878650796577615,5.202067629663326,6.175771632762616
2023-02-04,Aston Villa,Leicester,home,2022,11,0.13279854471087038,0.23250308090187982,5.012599021935014,5.146955916483673,5.471411327788113
2023-02-04,Aston Villa,Leicester,away,2022,3,0.13279854471087038,-0.23250308090187982,4.96565721395445,4.836032967412259,4.438330862485109
2023-02-04,Brentford,Southampton,home,2022,4,0.13279854471087038,0.27999164481166017,5.070958527564297,5.235086371760811,5.602221802334957
2023-02-04,Brentford,Southampton,away,2022,4,0.13279854471087038,-0.27999164481166017,5.151069465027857,4.989575677425428,4.400344561422772
2023-02-04,Brighton,Bournemouth,home,2022,7,0.13279854471087038,0.6067821067821068,7.592535660454053,8.135170431102166,7.291513935830415
2023-02-04,Brighton,Bournemouth,away,2022,3,0.13279854471087038,-0.6067821067821068,3.4710292500254987,3.239503533760289,3.3902477102631448
2023-02-04,Man United,Crystal Palace,home,2022,5,0.13279854471087038,0.5706290201319856,5.251293452845767,5.603506194805249,6.401774730001448
2023-02-04,Man United,Crystal Palace,away,2022,5,0.13279854471087038,-0.5706290201319856,5.022555681377213,4.706859035976516,3.8623938519913863
2023-02-04,Wolves,Liverpool,home,2022,2,0.13279854471087038,-0.27216030337665076,4.1146206971936765,3.989173667995865,4.158983039350884
2023-02-04,Wolves,Liverpool,away,2022,7,0.13279854471087038,0.27216030337665076,6.261059694088374,6.457950429770016,5.901834110993491
2023-02-04,Newcastle,West Ham,home,2022,4,0.13279854471087038,0.43482591569701634,6.15061161442903,6.462523407818832,6.3508399636033595
2023-02-04,Newcastle,West Ham,away,2022,2,0.13279854471087038,-0.43482591569701634,4.5704522417636735,4.349860707254695,3.971491969107059
2023-02-05,Nott'm Forest,Leeds,home,2022,0,0.1324767533439898,0.00941387733337512,3.8013332001172615,3.8054065238923327,4.5689921312580335
2023-02-05,Nott'm Forest,Leeds,away,2022,2,0.1324767533439898,-0.00941387733337512,5.2527974196027865,5.247174802286985,4.962169401369525
2023-02-05,Tottenham,Man City,home,2022,4,0.1324767533439898,-0.33318490315678106,4.089006221757595,3.936912956336119,4.045474237075003
2023-02-05,Tottenham,Man City,away,2022,6,0.1324767533439898,0.33318490315678106,4.705069395229756,4.886838557081158,5.539773212672076
2023-02-08,Man United,Leeds,home,2022,6,0.132694903737648,0.5069779574801095,4.812403924319795,5.098128485888662,6.065057058746671
2023-02-08,Man United,Leeds,away,2022,5,0.132694903737648,-0.5069779574801095,5.1520901263503776,4.863341285164952,3.9990440927908177
2023-02-11,West Ham,Chelsea,home,2022,5,0.13253286083545768,-0.14096988127694582,4.289379164215331,4.221136685548865,4.452822088377851
2023-02-11,West Ham,Chelsea,away,2022,6,0.13253286083545768,0.14096988127694582,4.856209298766151,4.934718900363629,5.159169630913452
2023-02-11,Arsenal,Brentford,home,2022,7,0.13253286083545768,0.5381124817814373,7.289363302392712,7.749551899070982,6.994078331523963
2023-02-11,Arsenal,Brentford,away,2022,4,0.13253286083545768,-0.5381124817814373,3.6934999399541915,3.4741702836933492,3.5580445062294688
2023-02-11,Crystal Palace,Brighton,home,2022,1,0.13253286083545768,-0.21948427712950302,4.942836289426774,4.82094275346852,4.502476071165245
2023-02-11,Crystal Palace,Brighton,away,2022,6,0.13253286083545768,0.21948427712950302,4.802184213066782,4.9236034549012695,5.314230294757177
2023-02-11,Fulham,Nott'm Forest,home,2022,5,0.13253286083545768,0.27139746859041375,6.552536782595488,6.758007044655502,6.046127219456388
2023-02-11,Fulham,Nott'm Forest,away,2022,4,0.13253286083545768,-0.27139746859041375,4.674671216714184,4.5325426404052465,4.284755877978645
2023-02-11,Leicester,Tottenham,home,2022,1,0.13253286083545768,-0.1679169641386128,5.337928666764318,5.2369248906011245,4.713026231820619
2023-02-11,Leicester,Tottenham,away,2022,5,0.13253286083545768,0.1679169641386128,5.398805353790892,5.5029312938977695,5.393223347559898
2023-02-11,Southampton,Wolves,home,2022,5,0.13253286083545768,-0.06132521016340792,4.925581088868606,4.891336314995424,4.807666580954036
2023-02-11,Southampton,Wolves,away,2022,2,0.13253286083545768,0.06132521016340792,4.7385563513422495,4.771731496187549,4.950840750502984
2023-02-11,Bournemouth,Newcastle,home,2022,4,0.13253286083545768,-0.4620837357349131,4.806327133039772,4.560188034368957,4.029445513653358
2023-02-11,Bournemouth,Newcastle,away,2022,6,0.13253286083545768,0.4620837357349131,6.500421856729463,6.851286330899521,6.468987692070325
2023-02-12,Leeds,Man United,home,2022,7,0.13217435049842466,-0.25178497987473114,5.6579299093156505,5.498160353895193,4.632597327126963
2023-02-12,Leeds,Man United,away,2022,3,0.13217435049842466,0.25178497987473114,4.157906569694776,4.2787300527074725,5.150593211128144
2023-02-12,Man City,Aston Villa,home,2022,8,0.13217435049842466,0.6911195198664237,7.501606695940632,8.11523384096017,7.527102470365459
2023-02-12,Man City,Aston Villa,away,2022,4,0.13217435049842466,-0.6911195198664237,2.8159333980083905,2.6030087669443263,3.0653744806088405
2023-02-13,Liverpool,Everton,home,2022,3,0.13199330109415408,0.47301628880050184,8.187672349242328,8.64034702083868,7.055709799524505
2023-02-13,Liverpool,Everton,away,2022,3,0.13199330109415408,-0.47301628880050184,3.2451391638675964,3.0751237348871023,3.512483568524301
2023-02-15,Arsenal,Man City,home,2022,1,0.1320133273214479,-0.06919838726511557,4.684931148469259,4.6481942310305495,4.717518637782287
2023-02-15,Arsenal,Man City,away,2022,3,0.1320133273214479,0.06919838726511557,4.881387499935837,4.919967456077586,5.01348317339689
2023-02-18,Aston Villa,Arsenal,home,2022,2,0.13218692012479846,-0.3058902552772905,4.8058461520289075,4.641479918400303,4.3035622985647715
2023-02-18,Aston Villa,Arsenal,away,2022,9,0.13218692012479846,0.3058902552772905,5.035991437589037,5.214328295603,5.593630611935348
2023-02-18,Brentford,Crystal Palace,home,2022,2,0.13218692012479846,0.30806747762221703,4.9238926332715405,5.09952275894734,5.617168011976461
2023-02-18,Brentford,Crystal Palace,away,2022,6,0.13218692012479846,-0.30806747762221703,5.157781479499989,4.980144894220803,4.350335155468839
2023-02-18,Brighton,Fulham,home,2022,10,0.13218692012479846,0.38933361256775334,6.920706679512443,7.234134681527079,6.4635001156625185
2023-02-18,Brighton,Fulham,away,2022,2,0.13218692012479846,-0.38933361256775334,3.5741279657734455,3.419274367302628,3.749763760111074
2023-02-18,Chelsea,Southampton,home,2022,8,0.13218692012479846,0.5941907476757401,6.296219186114627,6.736550061649682,6.841869330221559
2023-02-18,Chelsea,Southampton,away,2022,2,0.13218692012479846,-0.5941907476757401,4.2656621594287,3.9868395074468,3.634430175978119
2023-02-18,Everton,Leeds,home,2022,6,0.13218692012479846,0.06614578639468044,4.8941961440391815,4.93116453245588,5.062988970761179
2023-02-18,Everton,Leeds,away,2022,4,0.13218692012479846,-0.06614578639468044,5.220190509666212,5.181055325857126,4.835509108570298
2023-02-18,Nott'm Forest,Man City,home,2022,0,0.13218692012479846,-0.6372089689371379,2.447853041520074,2.2766810831749833,3.0329597626310507
2023-02-18,Nott'm Forest,Man City,away,2022,10,0.13218692012479846,0.6372089689371379,5.567250946300511,5.985823953349815,6.636297521547262
2023-02-18,Wolves,Bournemouth,home,2022,12,0.13218692012479846,0.3990288489003141,5.9777139327406505,6.255331008587989,6.200380964992646
2023-02-18,Wolves,Bournemouth,away,2022,2,0.13218692012479846,-0.3990288489003141,4.466355098054143,4.268134341979791,4.003034887722628
2023-02-18,Newcastle,Liverpool,home,2022,6,0.13218692012479846,0.02454478704930324,4.4683367358973545,4.4808313697706055,4.835819969204723
2023-02-18,Newcastle,Liverpool,away,2022,7,0.13218692012479846,-0.02454478704930324,5.123045415276811,5.108759991100448,4.892336444486137
2023-02-19,Man United,Leicester,home,2022,6,0.1326094330587039,0.40920716112531974,5.8611184599146,6.1404267638897,6.188935734347761
2023-02-19,Man United,Leicester,away,2022,6,0.1326094330587039,-0.40920716112531974,4.627812575433961,4.417308235709487,4.030250243153525
2023-02-19,Tottenham,West Ham,home,2022,4,0.1326094330587039,0.30634386666199875,5.838140572293742,6.045195463638065,5.919047711024977
2023-02-19,Tottenham,West Ham,away,2022,7,0.1326094330587039,-0.30634386666199875,4.284635731515681,4.137882034108338,4.109006361332657
2023-02-24,Fulham,Wolves,home,2022,4,0.13230848996233013,0.058180275582509766,5.020706344288479,5.054048259846117,5.086306936396943
2023-02-24,Fulham,Wolves,away,2022,3,0.13230848996233013,-0.058180275582509766,4.851667589990308,4.8196607940947525,4.74233458522048
2023-02-25,Everton,Aston Villa,home,2022,5,0.13227823551133158,0.05585169484823077,5.474510595011176,5.509406464372005,5.220203492829412
2023-02-25,Everton,Aston Villa,away,2022,1,0.13227823551133158,-0.05585169484823077,4.8961208638051135,4.865109466271996,4.760503716191066
2023-02-25,Leeds,Southampton,home,2022,9,0.13227823551133158,0.23607248883676088,5.691756835972268,5.8466914900208415,5.700981579668563
2023-02-25,Leeds,Southampton,away,2022,2,0.13227823551133158,-0.23607248883676088,4.113111855003857,4.004116269482406,4.179005420332928
2023-02-25,Leicester,Arsenal,home,2022,0,0.13227823551133158,-0.3587729719210292,4.422083939163996,4.2452255689222085,4.100935899638067
2023-02-25,Leicester,Arsenal,away,2022,8,0.13227823551133158,0.3587729719210292,5.149257540647964,5.363778366881809,5.759515220438294
2023-02-25,West Ham,Nott'm Forest,home,2022,12,0.13227823551133158,0.34671720745105244,5.713068742216223,5.942921732565845,5.980157200192206
2023-02-25,West Ham,Nott'm Forest,away,2022,3,0.13227823551133158,-0.34671720745105244,4.253184274784185,4.088684863878253,4.030398822247801
2023-02-25,Bournemouth,Man City,home,2022,4,0.13227823551133158,-0.6459091583994729,3.028802827094702,2.8142197206748945,3.2292009161500284
2023-02-25,Bournemouth,Man City,away,2022,6,0.13227823551133158,0.6459091583994729,7.0151668738131185,7.550070488046604,7.158226740469163
2023-02-25,Crystal Palace,Liverpool,home,2022,5,0.13227823551133158,-0.34738049165054113,3.614816922059042,3.474745284579917,3.8697996334437956
2023-02-25,Crystal Palace,Liverpool,away,2022,3,0.13227823551133158,0.34738049165054113,6.351732477963597,6.607779323459283,6.119338141531476
2023-02-26,Tottenham,Chelsea,home,2022,4,0.13262960113383745,0.048242162263752,4.97154435999597,4.998904749659635,5.049534179362725
2023-02-26,Tottenham,Chelsea,away,2022,4,0.13262960113383745,-0.048242162263752,4.574982321590026,4.549942176739974,4.675893701691535
2023-03-01,Arsenal,Everton,home,2022,5,0.13254931075919416,0.6034395731179694,7.169958897799404,7.679471517727574,7.152460463167919
2023-03-01,Arsenal,Everton,away,2022,1,0.13254931075919416,-0.6034395731179694,3.628093355578343,3.3873789591934584,3.442175189254942
2023-03-01,Liverpool,Wolves,home,2022,5,0.13254931075919416,0.4993899985308865,6.106080173140243,6.463031932723078,6.511308994915463
2023-03-01,Liverpool,Wolves,away,2022,2,0.13254931075919416,-0.4993899985308865,3.3957524780438924,3.2082058536788733,3.523105694749005
2023-03-04,Man City,Newcastle,home,2022,8,0.13264355742366304,0.5067326832042554,7.418575118215731,7.858815344194779,6.940062854798523
2023-03-04,Man City,Newcastle,away,2022,4,0.13264355742366304,-0.5067326832042554,3.386097354377309,3.1964127519035683,3.509102029423464
2023-03-04,Arsenal,Bournemouth,home,2022,17,0.13264355742366304,0.7195850514083753,7.721025439238367,8.379693862939972,7.68672242741591
2023-03-04,Arsenal,Bournemouth,away,2022,1,0.13264355742366304,-0.7195850514083753,3.241098915093866,2.9863390696408882,3.164486008827934
2023-03-04,Aston Villa,Crystal Palace,home,2022,2,0.13264355742366304,0.2162702982840032,4.7715244823374965,4.89038006791016,5.3512684252069835
2023-03-04,Aston Villa,Crystal Palace,away,2022,4,0.13264355742366304,-0.2162702982840032,5.507349815573771,5.373499423949046,4.615346745665812
2023-03-04,Brighton,West Ham,home,2022,7,0.13264355742366304,0.32899523822681515,6.773039095663953,7.031347121401761,6.258955252145796
2023-03-04,Brighton,West Ham,away,2022,3,0.13264355742366304,-0.32899523822681515,4.127635456527441,3.9760000234685733,4.022883146295538
2023-03-04,Chelsea,Leeds,home,2022,5,0.13264355742366304,0.4122423089121472,5.952456648563115,6.238271301685783,6.2267937515865315
2023-03-04,Chelsea,Leeds,away,2022,7,0.13264355742366304,-0.4122423089121472,4.29770586550211,4.100800785269417,3.9333341370081065
2023-03-04,Wolves,Tottenham,home,2022,4,0.13264355742366304,-0.13305663969538317,5.626794662067326,5.542261596417553,4.861998924958041
2023-03-04,Wolves,Tottenham,away,2022,8,0.13264355742366304,0.13305663969538317,5.301613881021792,5.382476479521987,5.284543194547959
2023-03-04,Southampton,Leicester,home,2022,3,0.13264355742366304,-0.017061923322455652,6.0394374438443075,6.027725879133165,5.219508060127303
2023-03-04,Southampton,Leicester,away,2022,4,0.13264355742366304,0.017061923322455652,4.281269407789218,4.289587696430833,4.708043864066932
2023-03-05,Nott'm Forest,Everton,home,2022,3,0.13327284553894367,0.029481207325633307,3.789375443677162,3.802106173008321,4.603286346837673
2023-03-05,Nott'm Forest,Everton,away,2022,3,0.13327284553894367,-0.029481207325633307,4.464731206619511,4.449781785971723,4.677329902990259
2023-03-05,Liverpool,Man United,home,2022,4,0.13327284553894367,0.06330275229357801,7.073080349045593,7.124202348109687,5.671847353809679
2023-03-05,Liverpool,Man United,away,2022,3,0.13327284553894367,-0.06330275229357801,3.2255629749223957,3.202416913184142,4.1668410285944315
2023-03-06,Brentford,Fulham,home,2022,2,0.13326174847797023,0.22084815031049304,5.215264600816394,5.347957973816953,5.512260678195476
2023-03-06,Brentford,Fulham,away,2022,3,0.13326174847797023,-0.22084815031049304,4.612370212907986,4.497928221390007,4.358780095068902
2023-03-11,Bournemouth,Liverpool,home,2022,3,0.13334814882821058,-0.5349802913092051,3.6751809031625258,3.4581711313798795,3.5940452328821495
2023-03-11,Bournemouth,Liverpool,away,2022,8,0.13334814882821058,0.5349802913092051,7.117986449883192,7.564659722071653,6.862233788228529
2023-03-11,Everton,Brentford,home,2022,5,0.13334814882821058,0.006404201155958245,5.844128831200929,5.848388294124259,5.2176719845091
2023-03-11,Everton,Brentford,away,2022,8,0.13334814882821058,-0.006404201155958245,4.417864689432915,4.414647096841835,4.707548872464069
2023-03-11,Leeds,Brighton,home,2022,4,0.13334814882821058,-0.2375733448723496,5.571072611707749,5.422515779318559,4.638020878692485
2023-03-11,Leeds,Brighton,away,2022,7,0.13334814882821058,0.2375733448723496,4.164858138352336,4.2789598132139846,5.1224936341851155
2023-03-11,Leicester,Chelsea,home,2022,2,0.13334814882821058,-0.22927488491912668,3.987168995804657,3.884513708139899,4.193534931762877
2023-03-11,Leicester,Chelsea,away,2022,5,0.13334814882821058,0.22927488491912668,5.6333123873024835,5.782182837266965,5.608369190749507
2023-03-11,Tottenham,Nott'm Forest,home,2022,2,0.13334814882821058,0.5378676470588235,6.868431416464322,7.301842555601288,6.864922527780996
2023-03-11,Tottenham,Nott'm Forest,away,2022,10,0.13334814882821058,-0.5378676470588235,3.8259453156199266,3.598850948014513,3.597694988293461
2023-03-11,Crystal Palace,Man City,home,2022,2,0.13334814882821058,-0.6001292541062566,3.0595272251284844,2.857611664842194,3.302497943859694
2023-03-11,Crystal Palace,Man City,away,2022,6,0.13334814882821058,0.6001292541062566,6.040895711529477,6.467738468798205,6.701742598293379
2023-03-12,Fulham,Arsenal,home,2022,4,0.1331302128213429,-0.4359869698962277,4.756484917694951,4.526316657755579,4.060806988302552
2023-03-12,Fulham,Arsenal,away,2022,8,0.1331302128213429,0.4359869698962277,5.082924412563247,5.341396798810999,5.926082811391035
2023-03-12,Man United,Southampton,home,2022,7,0.1331302128213429,0.610435284622771,5.6938393460652845,6.103311280566331,6.676341801042406
2023-03-12,Man United,Southampton,away,2022,8,0.1331302128213429,-0.610435284622771,4.709808746682443,4.393827075425614,3.722781510793611
2023-03-12,West Ham,Aston Villa,home,2022,13,0.1331302128213429,0.14462365795580134,5.515928597070684,5.6074341665019825,5.432004575926449
2023-03-12,West Ham,Aston Villa,away,2022,2,0.1331302128213429,-0.14462365795580134,4.214086078905642,4.145318022994017,4.376208521286593
2023-03-12,Newcastle,Wolves,home,2022,10,0.1331302128213429,0.39842260094721005,5.336765214452505,5.584230181414446,5.983529402879999
2023-03-12,Newcastle,Wolves,away,2022,3,0.1331302128213429,-0.39842260094721005,3.9619854572343964,3.7864102090038774,3.8572967027448266
2023-03-15,Brighton,Crystal Palace,home,2022,1,0.1332870800513111,0.5306731452765778,6.367160014890318,6.763401938233798,6.684395793770875
2023-03-15,Brighton,Crystal Palace,away,2022,4,0.1332870800513111,-0.5306731452765778,3.7989147874191067,3.576350859423718,3.600658716206439
2023-03-15,Southampton,Brentford,home,2022,3,0.1332870800513111,-0.06677742835103545,5.8250263148802714,5.780941315562018,5.054001509561765
2023-03-15,Southampton,Brentford,away,2022,3,0.1332870800513111,0.06677742835103545,4.3393296985498635,4.372421082177523,4.827981749510506
2023-03-17,Nott'm Forest,Newcastle,home,2022,3,0.13342703078574147,-0.4037981885396416,3.4885694560723195,3.3319353258250017,3.737215453540774
2023-03-17,Nott'm Forest,Newcastle,away,2022,7,0.13342703078574147,0.4037981885396416,5.572243352498612,5.834194262613863,6.016080550649726
2023-03-18,Aston Villa,Bournemouth,home,2022,9,0.1333523771681486,0.3658005073177536,6.5059424719767485,6.782403839385433,6.277620282811238
2023-03-18,Aston Villa,Bournemouth,away,2022,6,0.1333523771681486,-0.3658005073177536,4.249767995036512,4.076540817932307,3.9971039794691854
2023-03-18,Brentford,Leicester,home,2022,8,0.1333523771681486,0.2426857685337017,5.001873560500014,5.14189611113943,5.491281981765429
2023-03-18,Brentford,Leicester,away,2022,4,0.1333523771681486,-0.2426857685337017,4.728991735079375,4.60021327079574,4.352575373129989
2023-03-18,Southampton,Tottenham,home,2022,10,0.1333523771681486,-0.31730527163788325,5.2307116692131475,5.0452582534439125,4.397474612936909
2023-03-18,Southampton,Tottenham,away,2022,3,0.1333523771681486,0.31730527163788325,4.862462612135628,5.0411968325009,5.559528493686278
2023-03-18,Wolves,Leeds,home,2022,5,0.1333523771681486,0.13955684707591726,5.148972540648021,5.231374164046785,5.305366111074221
2023-03-18,Wolves,Leeds,away,2022,4,0.1333523771681486,-0.13955684707591726,5.3212984180948135,5.237480359112565,4.716264637866609
2023-03-18,Chelsea,Everton,home,2022,8,0.1333523771681486,0.5183397527187986,6.800055745259536,7.213109738211986,6.787445535169069
2023-03-18,Chelsea,Everton,away,2022,2,0.1333523771681486,-0.5183397527187986,3.7500637089045052,3.535318772946683,3.6048595705920676
2023-03-19,Arsenal,Crystal Palace,home,2022,5,0.1330725272910777,0.6880309267495324,6.108836124316994,6.606213756307342,7.0512530264161235
2023-03-19,Arsenal,Crystal Palace,away,2022,4,0.1330725272910777,-0.6880309267495324,3.7264305271320683,3.4458699428500505,3.3493859023890558
2023-04-01,Man City,Liverpool,home,2022,7,0.13296115662577276,0.40083231176204925,5.763247050361946,6.032141354564727,6.134845814072935
2023-04-01,Man City,Liverpool,away,2022,1,0.13296115662577276,-0.40083231176204925,3.8492487918014504,3.6776611225583222,3.818871112157808
2023-04-01,Arsenal,Leeds,home,2022,4,0.13296115662577276,0.6524703365104065,6.3130122298256675,6.799450312631331,7.017869059193169
2023-04-01,Arsenal,Leeds,away,2022,3,0.13296115662577276,-0.6524703365104065,3.8673597807900126,3.5906857864536668,3.4395345413853256
2023-04-01,Bournemouth,Fulham,home,2022,4,0.13296115662577276,0.03695507855720287,4.789423687075807,4.809601891671649,4.9674548921351676
2023-04-01,Bournemouth,Fulham,away,2022,3,0.13296115662577276,-0.03695507855720287,5.133762599494237,5.112224411009562,4.869978360156047
2023-04-01,Brighton,Brentford,home,2022,14,0.13296115662577276,0.3846576534611212,6.880503781952967,7.188286127793468,6.439070587151678
2023-04-01,Brighton,Brentford,away,2022,0,0.13296115662577276,-0.3846576534611212,3.590194172154207,3.4364720797550126,3.7624176249977106
2023-04-01,Crystal Palace,Leicester,home,2022,10,0.13296115662577276,0.051382082877396595,5.017112949416758,5.046526497774794,5.070619624319458
2023-04-01,Crystal Palace,Leicester,away,2022,1,0.13296115662577276,-0.051382082877396595,4.628139283483455,4.601164294115522,4.686549516885046
2023-04-01,Nott'm Forest,Wolves,home,2022,4,0.13296115662577276,-0.0435418546326069,3.238691940785878,3.2226885050327914,4.250560495297854
2023-04-01,Nott'm Forest,Wolves,away,2022,3,0.13296115662577276,0.0435418546326069,4.7119647302712115,4.735363710567924,4.90525399897206
2023-04-01,Chelsea,Aston Villa,home,2022,13,0.13296115662577276,0.3937062705176244,6.939516927701468,7.257406181444356,6.480905182574746
2023-04-01,Chelsea,Aston Villa,away,2022,2,0.13296115662577276,-0.3937062705176244,3.869171228438187,3.699693604661743,3.8365275457545995
2023-04-02,West Ham,Southampton,home,2022,5,0.13418102852552205,0.3485857453682337,6.142122051081455,6.390595416750803,6.121461693894701
2023-04-02,West Ham,Southampton,away,2022,3,0.13418102852552205,-0.3485857453682337,4.279585800438824,4.113190806207373,4.034999103773233
2023-04-02,Newcastle,Man United,home,2022,7,0.13418102852552205,0.0739474904618454,6.322354694757263,6.375767114053251,5.5015843166269285
2023-04-02,Newcastle,Man United,away,2022,4,0.13418102852552205,-0.0739474904618454,3.8703850562174384,3.837961251244394,4.3905924692123675
2023-04-03,Everton,Tottenham,home,2022,3,0.13399520850585042,-0.15261570140011282,5.475997278354332,5.381741157001656,4.781425259958578
2023-04-03,Everton,Tottenham,away,2022,3,0.13399520850585042,0.15261570140011282,5.389552001899556,5.483944922834948,5.355682731944599
2023-04-04,Bournemouth,Brighton,home,2022,5,0.13401410787031603,-0.4512669791087457,4.380294540869356,4.161090594101646,3.9324558499510838
2023-04-04,Bournemouth,Brighton,away,2022,5,0.13401410787031603,0.4512669791087457,5.798589023722019,6.10405548039699,6.214313290518505
2023-04-04,Leeds,Nott'm Forest,home,2022,11,0.13401410787031603,0.3664026233362821,6.4610641343054445,6.736079863725393,6.265683727280583
2023-04-04,Leeds,Nott'm Forest,away,2022,4,0.13401410787031603,-0.3664026233362821,4.380270332913307,4.201435867611037,4.033932995357347
2023-04-04,Leicester,Aston Villa,home,2022,4,0.13401410787031603,0.028071454611738933,5.197701350377826,5.2143271207379165,5.076671837368906
2023-04-04,Leicester,Aston Villa,away,2022,8,0.13401410787031603,-0.028071454611738933,4.627576966402779,4.61282203634458,4.732651683329861
2023-04-04,Chelsea,Liverpool,home,2022,3,0.13401410787031603,0.1344130226523546,5.34251767753884,5.424841202047928,5.355100184027796
2023-04-04,Chelsea,Liverpool,away,2022,5,0.13401410787031603,-0.1344130226523546,5.012074477040195,4.936014806225088,4.639140338562756
2023-04-05,Man United,Brentford,home,2022,12,0.1337640874125447,0.3919269867181123,6.176317584227755,6.45793841838055,6.245131239489058
2023-04-05,Man United,Brentford,away,2022,3,0.1337640874125447,-0.3919269867181123,4.690189096322401,4.485657111024856,4.076690259606594
2023-04-05,West Ham,Newcastle,home,2022,7,0.1337640874125447,-0.17455848477092395,5.673122019904076,5.561571956814715,4.78989852285111
2023-04-05,West Ham,Newcastle,away,2022,6,0.1337640874125447,0.17455848477092395,4.954868273224406,5.054249504424767,5.26564167565227
2023-04-08,Man United,Everton,home,2022,10,0.1337904353495742,0.4968328731525093,6.307534501100648,6.674321028432129,6.570421393353739
2023-04-08,Man United,Everton,away,2022,4,0.1337904353495742,-0.4968328731525093,4.320267515409268,4.082847722089525,3.8017397899601626
2023-04-08,Aston Villa,Nott'm Forest,home,2022,1,0.1337904353495742,0.4195003170974232,6.0728992686403975,6.369754545662074,6.284987595663826
2023-04-08,Aston Villa,Nott'm Forest,away,2022,8,0.1337904353495742,-0.4195003170974232,5.315867384857932,5.068127338702279,4.189933316048961
2023-04-08,Brentford,Newcastle,home,2022,6,0.1337904353495742,-0.1875774473358116,4.858779070080536,4.756191677860315,4.539119902792368
2023-04-08,Brentford,Newcastle,away,2022,5,0.1337904353495742,0.1875774473358116,5.77996210624885,5.9046314383054,5.554956410346355
2023-04-08,Fulham,West Ham,home,2022,11,0.1337904353495742,-0.016794660159333896,5.380349654529467,5.370079457624963,5.035458979171573
2023-04-08,Fulham,West Ham,away,2022,4,0.1337904353495742,0.016794660159333896,5.342028518543341,5.35224506844504,5.04370483412281
2023-04-08,Leicester,Bournemouth,home,2022,6,0.1337904353495742,0.2764315419065899,6.0349532614542225,6.227759121403262,5.905581601163982
2023-04-08,Leicester,Bournemouth,away,2022,6,0.1337904353495742,-0.2764315419065899,4.503341713657701,4.363922276454016,4.226209205973773
2023-04-08,Tottenham,Brighton,home,2022,3,0.1337904353495742,0.01809480614941894,5.185893726971609,5.196580252190617,5.051783591143554
2023-04-08,Tottenham,Brighton,away,2022,7,0.1337904353495742,-0.01809480614941894,4.624598398875005,4.615088127693005,4.751644662699579
2023-04-08,Wolves,Chelsea,home,2022,8,0.1337904353495742,-0.26020277141477743,4.572169573028963,4.43880700533704,4.319631269917943
2023-04-08,Wolves,Chelsea,away,2022,8,0.1337904353495742,0.26020277141477743,5.461374791652643,5.625460088550437,5.627348975687925
2023-04-08,Southampton,Man City,home,2022,0,0.1337904353495742,-0.6910686786885605,3.5094269752750415,3.244083126166287,3.317115453966863
2023-04-08,Southampton,Man City,away,2022,10,0.1337904353495742,0.6910686786885605,5.382081348740908,5.822298854196452,6.717514782337616
2023-04-09,Leeds,Crystal Palace,home,2022,2,0.13368657661929884,0.18683617220558346,5.264351418425833,5.377445916216085,5.4496750829501375
2023-04-09,Leeds,Crystal Palace,away,2022,4,0.13368657661929884,-0.18683617220558346,4.328493049279594,4.237459358709009,4.3350579475390685
2023-04-09,Liverpool,Arsenal,home,2022,5,0.13368657661929884,-0.054114132888749944,5.620636052162024,5.586139801096255,5.024810265637121
2023-04-09,Liverpool,Arsenal,away,2022,4,0.13368657661929884,0.054114132888749944,3.771215881558401,3.7945043803259986,4.596805046961537
2023-04-15,Aston Villa,Newcastle,home,2022,7,0.13361269570152007,-0.1852701856874609,4.8730042260460955,4.771368747006598,4.547678257063797
2023-04-15,Aston Villa,Newcastle,away,2022,2,0.13361269570152007,0.1852701856874609,6.276444565912117,6.410139839521295,5.69391601797558
2023-04-15,Chelsea,Brighton,home,2022,2,0.13361269570152007,0.0013436741236652061,6.054256913255563,6.055182463228165,5.2641833603818196
2023-04-15,Chelsea,Brighton,away,2022,8,0.13361269570152007,-0.0013436741236652061,4.392836371598815,4.392164915435758,4.7092573402831714
2023-04-15,Everton,Fulham,home,2022,4,0.13361269570152007,0.20960656057795563,5.255803449887511,5.382639953716643,5.499453612066673
2023-04-15,Everton,Fulham,away,2022,8,0.13361269570152007,-0.20960656057795563,4.211671636057638,4.112427824435978,4.2571915047974676
2023-04-15,Southampton,Crystal Palace,home,2022,6,0.13361269570152007,-0.017807740006995865,4.488037122829264,4.478953956276845,4.756762683591357
2023-04-15,Southampton,Crystal Palace,away,2022,2,0.13361269570152007,0.017807740006995865,4.620737929123764,4.6301086287592215,4.822853535450414
2023-04-15,Tottenham,Bournemouth,home,2022,8,0.13361269570152007,0.5113220420530027,7.063284970679175,7.486348921083161,6.8479666095735325
2023-04-15,Tottenham,Bournemouth,away,2022,1,0.13361269570152007,-0.5113220420530027,4.044251341979108,3.815705095043459,3.701642459675579
2023-04-15,Wolves,Brentford,home,2022,5,0.13361269570152007,0.06106437281406557,6.638114821538657,6.68439062232089,5.555523872859391
2023-04-15,Wolves,Brentford,away,2022,2,0.13361269570152007,-0.06106437281406557,4.590147621354132,4.5583701910858405,4.655485591274385
2023-04-15,Man City,Leicester,home,2022,6,0.13361269570152007,0.7751917661470034,8.261651541954912,9.023342713746585,8.036764086604407
2023-04-15,Man City,Leicester,away,2022,2,0.13361269570152007,-0.7751917661470034,2.684867563840793,2.4582287243681615,2.9150148265769884
2023-04-16,West Ham,Arsenal,home,2022,7,0.1335927109905327,-0.44880226491484565,4.9984885600759865,4.749679832491701,4.101875827793663
2023-04-16,West Ham,Arsenal,away,2022,2,0.1335927109905327,0.44880226491484565,4.7530723092982115,5.002058749458367,5.834898812758485
2023-04-16,Nott'm Forest,Man United,home,2022,4,0.1335927109905327,-0.3751201978112551,3.6695056269469326,3.516200777104978,3.842749098252068
2023-04-16,Nott'm Forest,Man United,away,2022,9,0.1335927109905327,0.3751201978112551,4.570320057555551,4.769584057130144,5.587750873645902
2023-04-17,Leeds,Liverpool,home,2022,4,0.13351912957228979,-0.33319370402403636,4.499372676211269,4.332011224279028,4.167840736714721
2023-04-17,Leeds,Liverpool,away,2022,2,0.13351912957228979,0.33319370402403636,5.1782242429735215,5.378278001578224,5.707711444556701
2023-04-21,Arsenal,Southampton,home,2022,7,0.13355497352541207,0.735575465864866,6.932362648702908,7.537450888460264,7.483184661454841
2023-04-21,Arsenal,Southampton,away,2022,2,0.13355497352541207,-0.735575465864866,3.569492993095199,3.2829427702174745,3.2391967747189065
2023-04-22,Fulham,Leeds,home,2022,8,0.13354723767701854,0.08430913348946134,5.30489755303143,5.356024273678887,5.231642452135448
2023-04-22,Fulham,Leeds,away,2022,6,0.13354723767701854,-0.08430913348946134,5.035857946332898,4.987787420643215,4.745165574949942
2023-04-22,Brentford,Aston Villa,home,2022,8,0.13354723767701854,0.041356499498733046,5.5589996664735715,5.585216145679438,5.2132237840497675
2023-04-22,Brentford,Aston Villa,away,2022,4,0.13354723767701854,-0.041356499498733046,4.66192140769821,4.640038787141287,4.717077518925431
2023-04-22,Crystal Palace,Everton,home,2022,8,0.13354723767701854,0.20411665686858027,5.505284389437386,5.634621253284708,5.566610791954433
2023-04-22,Crystal Palace,Everton,away,2022,1,0.13354723767701854,-0.20411665686858027,4.02963964197251,3.937143459833604,4.208706619150944
2023-04-22,Leicester,Wolves,home,2022,1,0.13354723767701854,0.07706962584699983,4.244661403965499,4.28204176530291,4.865598801874543
2023-04-22,Leicester,Wolves,away,2022,7,0.13354723767701854,-0.07706962584699983,4.914486373759265,4.871585046189912,4.723620298309601
2023-04-22,Liverpool,Nott'm Forest,home,2022,9,0.13354723767701854,0.7545458648492942,7.328738879597958,7.9856405376332065,7.675114132173552
2023-04-22,Liverpool,Nott'm Forest,away,2022,3,0.13354723767701854,-0.7545458648492942,3.6668489886770144,3.365212674210409,3.240455287223406
2023-04-23,Bournemouth,West Ham,home,2022,8,0.13344875888184712,-0.028524353414744075,4.866348329659906,4.8505821523876,4.85626330910173
2023-04-23,Bournemouth,West Ham,away,2022,5,0.13344875888184712,0.028524353414744075,5.8922055338023895,5.911357370438135,5.225932167901019
2023-04-23,Newcastle,Tottenham,home,2022,9,0.13344875888184712,0.2919049450922456,6.217542281805916,6.427486169605999,5.999700685057993
2023-04-23,Newcastle,Tottenham,away,2022,3,0.13344875888184712,-0.2919049450922456,4.420160538148204,4.275782835327536,4.1744076259405825
2023-04-25,Wolves,Crystal Palace,home,2022,6,0.1332983905695565,0.07045846422750779,4.8572936874094435,4.896385083226588,5.060252985667351
2023-04-25,Wolves,Crystal Palace,away,2022,11,0.1332983905695565,-0.07045846422750779,4.885461429575661,4.846457245213779,4.7280677267393685
2023-04-25,Aston Villa,Fulham,home,2022,8,0.1332983905695565,0.31723189991304096,4.9178818597807865,5.098610619516364,5.636765251592534
2023-04-25,Aston Villa,Fulham,away,2022,2,0.1332983905695565,-0.31723189991304096,4.900013519462314,4.726324365269953,4.264874228081665
2023-04-25,Leeds,Leicester,home,2022,3,0.1332983905695565,0.08304873546243302,6.261431639034732,6.320870679712875,5.506093553595262
2023-04-25,Leeds,Leicester,away,2022,6,0.1332983905695565,-0.08304873546243302,3.719581650162819,3.684604132631999,4.319943772369858
2023-04-26,Nott'm Forest,Brighton,home,2022,2,0.13324716973469947,-0.4648056656585201,3.2346190188078783,3.0680192118536413,3.5575392968941513
2023-04-26,Nott'm Forest,Brighton,away,2022,7,0.13324716973469947,0.4648056656585201,5.668811677278455,5.9766399097242076,6.205952296771246
2023-04-26,Chelsea,Brentford,home,2022,5,0.13324716973469947,0.3703813438653315,7.316524552312405,7.6314065423433615,6.524168208188844
2023-04-26,Chelsea,Brentford,away,2022,2,0.13324716973469947,-0.3703813438653315,3.774318191802245,3.6185848002379952,3.8445854888968367
2023-04-26,West Ham,Liverpool,home,2022,3,0.13324716973469947,-0.26774090278518825,4.590010409679092,4.452307598649833,4.311155082444371
2023-04-26,West Ham,Liverpool,away,2022,6,0.13324716973469947,0.26774090278518825,4.968018959922024,5.121671905247584,5.481130391162527
2023-04-26,Man City,Arsenal,home,2022,1,0.13324716973469947,0.44803250950845275,6.41401039110456,6.749412851429737,6.470297777444395
2023-04-26,Man City,Arsenal,away,2022,3,0.13324716973469947,-0.44803250950845275,3.083719808234488,2.9304787436556285,3.4936804864670097
2023-04-27,Everton,Newcastle,home,2022,3,0.13333473256313572,-0.34396405016987747,5.228910934906985,5.028248250173747,4.347864240997367
2023-04-27,Everton,Newcastle,away,2022,14,0.13333473256313572,0.34396405016987747,5.603733479352017,5.827362096824801,5.8765402888121425
2023-04-27,Southampton,Bournemouth,home,2022,6,0.13333473256313572,0.11240048576440431,6.961244967122614,7.050832314261054,5.761777577871884
2023-04-27,Southampton,Bournemouth,away,2022,4,0.13333473256313572,-0.11240048576440431,3.785606396378455,3.7375067651227374,4.290279298457432
2023-04-27,Tottenham,Man United,home,2022,6,0.13333473256313572,-0.049329847743569744,5.584270044782068,5.553018607694735,5.024780417133518
2023-04-27,Tottenham,Man United,away,2022,8,0.13333473256313572,0.049329847743569744,4.358266206471765,4.382793781793172,4.799108745770671
2023-04-29,Crystal Palace,West Ham,home,2022,8,0.13348141423530546,0.013931370674823085,5.425024056057518,5.433629070410212,5.114269229888318
2023-04-29,Crystal Palace,West Ham,away,2022,5,0.13348141423530546,-0.013931370674823085,4.779812352963971,4.77224276119253,4.809212736217904
2023-04-29,Brentford,Nott'm Forest,home,2022,6,0.13348141423530546,0.40365421502649623,5.938730534523124,6.217808146652372,6.199828862096897
2023-04-29,Brentford,Nott'm Forest,away,2022,0,0.13348141423530546,-0.40365421502649623,5.007104351789152,4.782367484195124,4.140090044611865
2023-04-29,Brighton,Wolves,home,2022,2,0.13348141423530546,0.4927866875363278,6.108247238965908,6.460470551156958,6.493926605160183
2023-04-29,Brighton,Wolves,away,2022,5,0.13348141423530546,-0.4927866875363278,3.4219787227076233,3.2354132596480434,3.5414072089433812
2023-04-30,Bournemouth,Leeds,home,2022,2,0.13352352304129636,0.009604152129769783,4.612761026316474,4.617803796149593,4.853331237099779
2023-04-30,Bournemouth,Leeds,away,2022,6,0.13352352304129636,-0.009604152129769783,5.712949962818667,5.706711262994599,5.093329954173679
2023-04-30,Fulham,Man City,home,2022,2,0.13352352304129636,-0.6859997838916989,3.643009087391784,3.3695077682052723,3.36313661104054
2023-04-30,Fulham,Man City,away,2022,5,0.13352352304129636,0.6859997838916989,6.350752798155544,6.866240337467001,7.057956356834021
2023-04-30,Man United,Aston Villa,home,2022,1,0.13352352304129636,0.3174709674182949,6.858851045798711,7.111102484883201,6.253107215582373
2023-04-30,Man United,Aston Villa,away,2022,4,0.13352352304129636,-0.3174709674182949,4.681229900657321,4.5151730927802864,4.204172874575184
2023-04-30,Newcastle,Southampton,home,2022,11,0.13352352304129636,0.6302610548748002,6.732103455075657,7.232536627845909,7.093131293636066
2023-04-30,Newcastle,Southampton,away,2022,2,0.13352352304129636,-0.6302610548748002,3.8305145145789545,3.565473819936227,3.4615469398935894
2023-04-30,Liverpool,Tottenham,home,2022,5,0.13352352304129636,0.45569245933957614,6.851122884889021,7.215668189247181,6.625967244483921
2023-04-30,Liverpool,Tottenham,away,2022,2,0.13352352304129636,-0.45569245933957614,3.6085827828927837,3.4262723059709628,3.657237528051305
2023-05-01,Leicester,Everton,home,2022,2,0.13380921539023727,0.21682450413178617,5.0351735899544146,5.160921888387499,5.442983605643434
2023-05-01,Leicester,Everton,away,2022,9,0.13380921539023727,-0.21682450413178617,4.441786166221053,4.333559949183612,4.3152039774502144
2023-05-02,Arsenal,Chelsea,home,2022,7,0.13385680492624594,0.4375967475378453,5.778036494171187,6.072968194141186,6.2356459420340515
2023-05-02,Arsenal,Chelsea,away,2022,2,0.13385680492624594,-0.4375967475378453,4.040118133742984,3.8439111273545787,3.817279149076067
2023-05-03,Liverpool,Fulham,home,2022,7,0.1338490189194874,0.6713562520593903,6.672284441228538,7.201862723661195,7.197039354419953
2023-05-03,Liverpool,Fulham,away,2022,5,0.1338490189194874,-0.6713562520593903,3.0570615407818598,2.832265059346683,3.1711834116965942
2023-05-03,Man City,West Ham,home,2022,6,0.1338490189194874,0.7283710689351091,7.617547762495362,8.275656458498155,7.682873480610351
2023-05-03,Man City,West Ham,away,2022,3,0.1338490189194874,-0.7283710689351091,3.120549906089864,2.872393032999807,3.115765952341057
2023-05-04,Brighton,Man United,home,2022,8,0.1336226528810237,0.19891886530450315,6.782489590469067,6.937728410662146,5.927557821345053
2023-05-04,Brighton,Man United,away,2022,6,0.1336226528810237,-0.19891886530450315,3.76759799653077,3.6832941101110617,4.130476719612494
2023-05-06,Bournemouth,Chelsea,home,2022,7,0.13347639589025576,-0.16173416310261124,4.20133873579415,4.124741694026039,4.385579537792876
2023-05-06,Bournemouth,Chelsea,away,2022,7,0.13347639589025576,0.16173416310261124,5.973944833528661,6.084881841438009,5.551582305009073
2023-05-06,Man City,Leeds,home,2022,10,0.13347639589025576,0.7641931552451046,6.36916231257754,6.9476747279406155,7.3766338152437765
2023-05-06,Man City,Leeds,away,2022,1,0.13347639589025576,-0.7641931552451046,3.100112030197074,2.841974830527532,3.062789189417302
2023-05-06,Tottenham,Crystal Palace,home,2022,8,0.13347639589025576,0.29932459632329916,4.880043791965153,5.049085348234396,5.5809239705753155
2023-05-06,Tottenham,Crystal Palace,away,2022,4,0.13347639589025576,-0.29932459632329916,4.786399288993128,4.626152367237226,4.265891015902456
2023-05-06,Wolves,Aston Villa,home,2022,5,0.13347639589025576,-0.060377031350976496,6.124271480631399,6.082348961569707,5.147390943012617
2023-05-06,Wolves,Aston Villa,away,2022,6,0.13347639589025576,0.060377031350976496,4.940051522805007,4.974100770133474,5.013503442659523
2023-05-06,Liverpool,Brentford,home,2022,7,0.13347639589025576,0.4927985039417361,7.561494296974676,7.997527766568697,6.940564742913683
2023-05-06,Liverpool,Brentford,away,2022,3,0.13347639589025576,-0.4927985039417361,2.943993642182591,2.7834840697582655,3.3791828016595065
2023-05-07,Newcastle,Arsenal,home,2022,9,0.13316937951237517,0.031387818955855795,5.5777222735014345,5.59767515100392,5.196803871431978
2023-05-07,Newcastle,Arsenal,away,2022,4,0.13316937951237517,-0.031387818955855795,4.118519521580978,4.1038390849195245,4.557482505719734
2023-05-07,West Ham,Man United,home,2022,5,0.13316937951237517,-0.18199972604517373,5.977288919009409,5.854799518726519,4.853246736103834
2023-05-07,West Ham,Man United,away,2022,6,0.13316937951237517,0.18199972604517373,4.5135504674448,4.607979335271195,5.130838697668381
2023-05-08,Fulham,Leicester,home,2022,2,0.13295208185973165,-0.009673087989477358,6.140691216088116,6.13393730507685,5.26299004431014
2023-05-08,Fulham,Leicester,away,2022,7,0.13295208185973165,0.009673087989477358,4.517480851151469,4.522454926063927,4.77261176221862
2023-05-08,Brighton,Everton,home,2022,15,0.13295208185973165,0.5944502642543774,7.324413737781873,7.836883554668593,7.172890226404696
2023-05-08,Brighton,Everton,away,2022,1,0.13295208185973165,-0.5944502642543774,3.3468325967582206,3.1279763797369227,3.369441065941174
2023-05-08,Nott'm Forest,Southampton,home,2022,2,0.13295208185973165,0.17309384543713435,3.89559560726639,3.973068627742458,4.932902172444715
2023-05-08,Nott'm Forest,Southampton,away,2022,11,0.13295208185973165,-0.17309384543713435,4.82009759951592,4.726107901624362,4.508893224932599
2023-05-13,Leeds,Newcastle,home,2022,2,0.1338074589909636,-0.3544026306174643,5.465080461815525,5.249117313274155,4.388777492908053
2023-05-13,Leeds,Newcastle,away,2022,6,0.1338074589909636,0.3544026306174643,5.175572958401098,5.38851028955491,5.758053398239767
2023-05-13,Aston Villa,Tottenham,home,2022,8,0.1338074589909636,0.10047023741254735,5.265451090320512,5.325980893820445,5.255169816794894
2023-05-13,Aston Villa,Tottenham,away,2022,3,0.1338074589909636,-0.10047023741254735,5.132563599735008,5.074231984895134,4.740966442896136
2023-05-13,Chelsea,Nott'm Forest,home,2022,2,0.1338074589909636,0.4932050959612166,7.157375417061874,7.570455549771566,6.823947683804143
2023-05-13,Chelsea,Nott'm Forest,away,2022,5,0.1338074589909636,-0.4932050959612166,4.06997426449909,3.8478970726773856,3.737398875466578
2023-05-13,Crystal Palace,Bournemouth,home,2022,11,0.1338074589909636,0.28103988058281926,6.801476607438252,7.022452211020687,6.141706966140847
2023-05-13,Crystal Palace,Bournemouth,away,2022,2,0.1338074589909636,-0.28103988058281926,3.8407509197617373,3.719893955954676,4.013911836210243
2023-05-13,Man United,Wolves,home,2022,11,0.1338074589909636,0.5817813289465954,4.9575255512945215,5.296750805789533,6.317584068583946
2023-05-13,Man United,Wolves,away,2022,7,0.1338074589909636,-0.5817813289465954,4.742588438096223,4.4388539735411205,3.7761764300351746
2023-05-13,Southampton,Fulham,home,2022,1,0.1338074589909636,-0.041962114475040724,5.459684146271914,5.4336825180966315,5.005095494252218
2023-05-13,Southampton,Fulham,away,2022,8,0.1338074589909636,0.041962114475040724,4.080415932232061,4.09994181684476,4.687013162304895
2023-05-14,Brentford,West Ham,home,2022,7,0.13402303278044106,0.2059459731374818,5.600804823743142,5.733578882452192,5.600848935454062
2023-05-14,Brentford,West Ham,away,2022,5,0.13402303278044106,-0.2059459731374818,4.815666549022714,4.704148837971411,4.445604428932425
2023-05-14,Everton,Man City,home,2022,8,0.13402303278044106,-0.5984305269251621,3.068828009053562,2.8668526234289224,3.3079913284142464
2023-05-14,Everton,Man City,away,2022,6,0.13402303278044106,0.5984305269251621,6.829560225058607,7.310716127119964,6.957991855129517
2023-05-14,Arsenal,Brighton,home,2022,5,0.13402303278044106,0.31449586100609384,5.777531853390502,5.9879879985616755,5.9201398152692715
2023-05-14,Arsenal,Brighton,away,2022,2,0.13402303278044106,-0.31449586100609384,3.9491023679912662,3.8103056867932694,3.9921587143629242
2023-05-15,Leicester,Liverpool,home,2022,4,0.1337319392997651,-0.41557800189825067,3.340654250823896,3.186388331198735,3.668832452626682
2023-05-15,Leicester,Liverpool,away,2022,4,0.1337319392997651,0.41557800189825067,6.484673987367209,6.798623227745647,6.338604468778834
2023-05-18,Newcastle,Brighton,home,2022,6,0.13365570694291373,0.20037148991468445,5.857102133690242,5.992150697624857,5.66616172097544
2023-05-18,Newcastle,Brighton,away,2022,1,0.13365570694291373,-0.20037148991468445,4.2993018050936715,4.202405955172951,4.301312614965497
2023-05-20,Tottenham,Brentford,home,2022,8,0.13372644565119937,0.28682127815477787,6.4787690306419545,6.693661216944316,6.064134746525283
2023-05-20,Tottenham,Brentford,away,2022,2,0.13372644565119937,-0.28682127815477787,3.8294482733150095,3.7065083029290964,4.00046512239798
2023-05-20,Bournemouth,Man United,home,2022,3,0.13372644565119937,-0.47953468332615246,5.013841022972383,4.74763987691312,4.052947479341754
2023-05-20,Bournemouth,Man United,away,2022,6,0.13372644565119937,0.47953468332615246,5.886392847246245,6.216444106970439,6.318332204058381
2023-05-20,Fulham,Crystal Palace,home,2022,7,0.13372644565119937,0.06878173082534189,4.968373770415106,5.007403858015238,5.092434125189168
2023-05-20,Fulham,Crystal Palace,away,2022,4,0.13372644565119937,-0.06878173082534189,5.247094206960895,5.206195858764748,4.837882601878187
2023-05-20,Liverpool,Aston Villa,home,2022,9,0.13372644565119937,0.4895917372415192,7.0669204864039905,7.471708034093517,6.78660901019507
2023-05-20,Liverpool,Aston Villa,away,2022,4,0.13372644565119937,-0.4895917372415192,3.3057995318626463,3.1267044066851257,3.5082143160002985
2023-05-20,Wolves,Everton,home,2022,1,0.13372644565119937,-0.018482685782519104,6.510267037028673,6.496592291739834,5.339853022928963
2023-05-20,Wolves,Everton,away,2022,7,0.13372644565119937,0.018482685782519104,4.513726362932605,4.523227352920095,4.789128239206331
2023-05-20,Nott'm Forest,Arsenal,home,2022,3,0.13372644565119937,-0.42573708627876783,3.066980187899527,2.9219730440239857,3.5571326249946504
2023-05-20,Nott'm Forest,Arsenal,away,2022,6,0.13372644565119937,0.42573708627876783,5.74681352791337,6.032007471701581,6.130631196554886
2023-05-21,West Ham,Leeds,home,2022,9,0.13348032662040513,0.05383398473850726,5.459696196035863,5.493236536918782,5.21136259732004
2023-05-21,West Ham,Leeds,away,2022,5,0.13348032662040513,-0.05383398473850726,4.466994058750851,4.439719700101713,4.630287978987172
2023-05-21,Brighton,Southampton,home,2022,4,0.13348032662040513,0.705619555158439,7.542823914932133,8.173294227651139,7.586196974320579
2023-05-21,Brighton,Southampton,away,2022,3,0.13348032662040513,-0.705619555158439,3.6197926692540086,3.3405696592170386,3.2946976754020776
2023-05-21,Man City,Chelsea,home,2022,5,0.13348032662040513,0.6814878464384021,6.419695469227345,6.937217233989408,7.141440907909097
2023-05-21,Man City,Chelsea,away,2022,2,0.13348032662040513,-0.6814878464384021,3.1680062695065323,2.931670554468031,3.192942101313726
2023-05-22,Newcastle,Leicester,home,2022,12,0.13336118193408467,0.570847471347333,6.962169279596659,7.429317862568709,6.99050014566576
2023-05-22,Newcastle,Leicester,away,2022,1,0.13336118193408467,-0.570847471347333,3.6150101262919434,3.387701658789787,3.485869293859976
2023-05-24,Brighton,Man City,home,2022,5,0.1336938177000099,-0.28866305858955643,4.516196258515971,4.370293234139466,4.25176267856814
2023-05-24,Brighton,Man City,away,2022,1,0.1336938177000099,0.28866305858955643,4.613170221188853,4.767181737390377,5.403450866193174
2023-05-25,Man United,Chelsea,home,2022,3,0.1337783105910886,0.4026058061795741,5.464043436062774,5.720131870819754,6.0382787548531685
2023-05-25,Man United,Chelsea,away,2022,4,0.1337783105910886,-0.4026058061795741,5.401280232448937,5.159466681354451,4.240894662936913
2023-05-28,Arsenal,Wolves,home,2022,8,0.13374946769435123,0.5771175274149565,5.976768797252854,6.38234986732509,6.683469353112387
2023-05-28,Arsenal,Wolves,away,2022,4,0.13374946769435123,-0.5771175274149565,3.463388570900965,3.2432995955451394,3.4305540111460053
2023-05-28,Aston Villa,Brighton,home,2022,4,0.13374946769435123,0.18518890675241156,4.668800492814821,4.7682070628761,5.245909475429898
2023-05-28,Aston Villa,Brighton,away,2022,3,0.13374946769435123,-0.18518890675241156,5.174817204365838,5.066933712269791,4.586336919823454
2023-05-28,Brentford,Man City,home,2022,3,0.13374946769435123,-0.2658949431104043,3.509342117242404,3.4047748952945356,3.9682529131137887
2023-05-28,Brentford,Man City,away,2022,4,0.13374946769435123,0.2658949431104043,5.659981651641657,5.833810634698957,5.7040104352229655
2023-05-28,Chelsea,Newcastle,home,2022,10,0.13374946769435123,-0.06875708349074428,5.766081714772411,5.721154173302744,5.033805458734932
2023-05-28,Chelsea,Newcastle,away,2022,3,0.13374946769435123,0.06875708349074428,5.2100259488281555,5.250939661303569,5.115367342532263
2023-05-28,Crystal Palace,Nott'm Forest,home,2022,5,0.13374946769435123,0.3665583605532502,6.064808059397488,6.323069144666832,6.143717257320935
2023-05-28,Crystal Palace,Nott'm Forest,away,2022,4,0.13374946769435123,-0.3665583605532502,4.300628998212198,4.1249729857588315,4.010668904635682
2023-05-28,Everton,Bournemouth,home,2022,9,0.13374946769435123,0.49917990763058184,6.941113835697963,7.34670474148626,6.776059712086441
2023-05-28,Everton,Bournemouth,away,2022,3,0.13374946769435123,-0.49917990763058184,4.4907194250360325,4.242799435961722,3.8440560423232966
2023-05-28,Leeds,Tottenham,home,2022,12,0.13374946769435123,-0.05839749073282002,5.5834877633269775,5.546516032403695,5.0053908710823425
2023-05-28,Leeds,Tottenham,away,2022,3,0.13374946769435123,0.05839749073282002,4.348556907893333,4.377543333780133,4.814141796402355
2023-05-28,Leicester,West Ham,home,2022,3,0.13374946769435123,0.23119425532355198,4.707666029871736,4.83312984487294,5.362478362568041
2023-05-28,Leicester,West Ham,away,2022,5,0.13374946769435123,-0.23119425532355198,5.728422234015562,5.5797174132295595,4.642998031096013
2023-05-28,Man United,Fulham,home,2022,5,0.13374946769435123,0.45928338762214993,5.756698640987808,6.065487498708625,6.285664236961532
2023-05-28,Man United,Fulham,away,2022,4,0.13374946769435123,-0.45928338762214993,4.8172779152696705,4.5720343556882606,3.995713611709614
2023-05-28,Southampton,Liverpool,home,2022,2,0.13374946769435123,-0.5319713553885561,3.938778153562193,3.707472560054987,3.6771311123232775
2023-05-28,Southampton,Liverpool,away,2022,9,0.13374946769435123,0.5319713553885561,5.370826284177143,5.705906892640843,6.277653158286408
2023-08-11,Burnley,Man City,home,2023,6,0.13357355149924877,-0.6065123084995528,3.7397650839980847,3.490421195916463,3.5062664582212797
2023-08-11,Burnley,Man City,away,2023,5,0.13357355149924877,0.6065123084995528,5.930045912224659,6.353668340940855,6.681128827288514
2023-08-12,Arsenal,Nott'm Forest,home,2023,8,0.13342292707483622,0.7519368366427894,7.040192741976957,7.668954331104856,7.571307562871209
2023-08-12,Arsenal,Nott'm Forest,away,2023,3,0.13342292707483622,-0.7519368366427894,3.491075507893594,3.2048494998437556,3.1947395813298565
2023-08-12,Bournemouth,West Ham,home,2023,10,0.13342292707483622,-0.006761856837338043,5.112559717429049,5.1086282995401575,4.976985908465926
2023-08-12,Bournemouth,West Ham,away,2023,4,0.13342292707483622,0.006761856837338043,5.7784094588794215,5.782856316427858,5.1468327682351545
2023-08-12,Everton,Fulham,home,2023,10,0.13342292707483622,0.1377499602185328,5.286791641848994,5.370294812321607,5.34514443992026
2023-08-12,Everton,Fulham,away,2023,4,0.13342292707483622,-0.1377499602185328,5.077788603044727,4.998833636481052,4.651462186347319
2023-08-12,Sheffield United,Crystal Palace,home,2023,5,0.13342292707483622,-0.09043732603670335,5.146887228161073,5.094204045793216,4.814514979827582
2023-08-12,Sheffield United,Crystal Palace,away,2023,5,0.13342292707483622,0.09043732603670335,4.764531434581775,4.813805212429903,5.020520460601854
2023-08-12,Newcastle,Aston Villa,home,2023,6,0.13342292707483622,0.3368342816760689,7.450064807412269,7.7410935746130685,6.4689109900725095
2023-08-12,Newcastle,Aston Villa,away,2023,5,0.13342292707483622,-0.3368342816760689,3.6175917520567333,3.4815872899366025,3.8481458343261687
2023-08-13,Brentford,Tottenham,home,2023,3,0.13289971924623759,-0.03234805249148587,5.63883730068854,5.618123933611753,5.076240890080009
2023-08-13,Brentford,Tottenham,away,2023,6,0.13289971924623759,0.03234805249148587,4.538734237727501,4.555468021004794,4.825504679744147
2023-08-13,Chelsea,Liverpool,home,2023,4,0.13289971924623759,-0.06718527092137494,4.739060177375374,4.702975777202862,4.738456689409344
2023-08-13,Chelsea,Liverpool,away,2023,4,0.13289971924623759,0.06718527092137494,5.019999781719207,5.058516603742308,5.053130798657034
2023-08-14,Man United,Wolves,home,2023,8,0.13275201874474366,0.6352368100582563,5.480075882548787,5.890772816790596,6.666539200031707
2023-08-14,Man United,Wolves,away,2023,7,0.13275201874474366,-0.6352368100582563,4.857091263743738,4.518461248057778,3.719582832595046
2023-08-18,Nott'm Forest,Sheffield United,home,2023,6,0.1326121593516151,0.26693961798094984,3.779941446686398,3.8964938232126336,5.083995994963555
2023-08-18,Nott'm Forest,Sheffield United,away,2023,7,0.1326121593516151,-0.26693961798094984,5.450702158437253,5.287660121383863,4.503273946623947
2023-08-19,Fulham,Brentford,home,2023,5,0.13245128120864652,-0.012074054199087803,6.368240964778681,6.359499459092723,5.3176214260041625
2023-08-19,Fulham,Brentford,away,2023,5,0.13245128120864652,0.012074054199087803,4.161892009699581,4.167612774816575,4.65693256856759
2023-08-19,Liverpool,Bournemouth,home,2023,10,0.13245128120864652,0.6981191909407505,8.620002401198223,9.332542440649659,7.883465336600568
2023-08-19,Liverpool,Bournemouth,away,2023,2,0.13245128120864652,-0.6981191909407505,2.9935332852058307,2.7649768828423102,3.1151533807695513
2023-08-19,Wolves,Brighton,home,2023,5,0.13245128120864652,-0.26796196114116577,4.752690057916462,4.609990831271388,4.357795323940817
2023-08-19,Wolves,Brighton,away,2023,3,0.13245128120864652,0.26796196114116577,5.419698493354498,5.587461686809237,5.632324608486174
2023-08-19,Tottenham,Man United,home,2023,5,0.13245128120864652,-0.06709608158883518,5.7553432435565215,5.711578561018261,5.034406094883579
2023-08-19,Tottenham,Man United,away,2023,6,0.13245128120864652,0.06709608158883518,4.723281429652991,4.759473335288055,4.957908749844842
2023-08-19,Man City,Newcastle,home,2023,3,0.13245128120864652,0.3661913125465318,6.804398234998071,7.0938574707938695,6.367031282996115
2023-08-19,Man City,Newcastle,away,2023,0,0.13245128120864652,-0.3661913125465318,3.508273257850556,3.36512094609899,3.7646441561563733
2023-08-20,Aston Villa,Everton,home,2023,7,0.13246286303637925,0.37187653111219987,5.806890785802545,6.0578328754793285,6.074679572819129
2023-08-20,Aston Villa,Everton,away,2023,6,0.13246286303637925,-0.37187653111219987,4.353892422022631,4.173535042565573,4.01706656470498
2023-08-20,West Ham,Chelsea,home,2023,3,0.13246286303637925,-0.20792079207920794,5.236585084841518,5.114170933620713,4.606612149228871
2023-08-20,West Ham,Chelsea,away,2023,9,0.13246286303637925,0.20792079207920794,4.719507069002235,4.832474441335149,5.259844796573408
2023-08-21,Crystal Palace,Arsenal,home,2023,1,0.13228656312086837,-0.43321941355933935,4.82219731062063,4.590294243099867,4.082968177658528
2023-08-21,Crystal Palace,Arsenal,away,2023,8,0.13228656312086837,0.43321941355933935,4.579412519187314,4.810765838691589,5.729846536274316
2023-08-26,Bournemouth,Tottenham,home,2023,6,0.13225885837038262,-0.23129562822319988,5.485013478052672,5.342565720293769,4.627805270189606
2023-08-26,Bournemouth,Tottenham,away,2023,2,0.13225885837038262,0.23129562822319988,5.401529943150813,5.545549852151969,5.540133595204473
2023-08-26,Arsenal,Fulham,home,2023,8,0.13225885837038262,0.7083525823384637,6.782094098322045,7.351263806228175,7.347447560877712
2023-08-26,Arsenal,Fulham,away,2023,3,0.13225885837038262,-0.7083525823384637,3.427799513878176,3.1624030188670886,3.235485517537631
2023-08-26,Brentford,Crystal Palace,home,2023,8,0.13225885837038262,0.17986492517769603,4.708879046788604,4.806227004159976,5.248109643606882
2023-08-26,Brentford,Crystal Palace,away,2023,6,0.13225885837038262,-0.17986492517769603,4.833536018956213,4.735634929823496,4.499943718723985
2023-08-26,Everton,Wolves,home,2023,7,0.13225885837038262,0.11748275489575782,5.511955544920491,5.586120241659586,5.3690021089385995
2023-08-26,Everton,Wolves,away,2023,0,0.13225885837038262,-0.11748275489575782,5.269393598725468,5.199433955656221,4.745838493868375
2023-08-26,Man United,Nott'm Forest,home,2023,11,0.13225885837038262,0.6271624321814493,6.521935244138823,7.004275927827939,7.014201114512928
2023-08-26,Man United,Nott'm Forest,away,2023,3,0.13225885837038262,-0.6271624321814493,4.770960134592434,4.442413944110407,3.711513154431919
2023-08-26,Brighton,West Ham,home,2023,17,0.13225885837038262,0.4596553639348411,7.326726773719168,7.720058507787098,6.777324496331749
2023-08-26,Brighton,West Ham,away,2023,4,0.13225885837038262,-0.4596553639348411,3.9289194361798643,3.728743661179321,3.7491957909429443
2023-08-27,Burnley,Aston Villa,home,2023,4,0.13312837807321756,-0.15863794798462771,6.0162311148724195,5.908626627041512,4.911208704731235
2023-08-27,Burnley,Aston Villa,away,2023,6,0.13312837807321756,0.15863794798462771,4.816414125828778,4.904127871831856,5.184428579619742
2023-08-27,Sheffield United,Man City,home,2023,1,0.13312837807321756,-0.7567447134183904,3.8994903145405373,3.577821723225023,3.3342658889442998
2023-08-27,Sheffield United,Man City,away,2023,12,0.13312837807321756,0.7567447134183904,5.524645556288584,6.021345808867684,6.962594161143673
2023-08-27,Newcastle,Liverpool,home,2023,5,0.13312837807321756,0.11960979935705573,5.172582688182413,5.243449723618322,5.268446358402606
2023-08-27,Newcastle,Liverpool,away,2023,9,0.13312837807321756,-0.11960979935705573,4.494012421910447,4.433274290653382,4.512131026330904
2023-09-02,Sheffield United,Everton,home,2023,4,0.13313664022020544,-0.0650533324382066,5.456012627074075,5.415782564233448,4.955571176841059
2023-09-02,Sheffield United,Everton,away,2023,6,0.13313664022020544,0.0650533324382066,5.195598150527829,5.234192617275953,5.102974843286877
2023-09-02,Brentford,Bournemouth,home,2023,5,0.13313664022020544,0.3525156140547095,6.983184783304999,7.268931597847862,6.381802134909755
2023-09-02,Brentford,Bournemouth,away,2023,2,0.13313664022020544,-0.3525156140547095,3.8629621705652792,3.7111064101856623,3.9017753838739297
2023-09-02,Burnley,Tottenham,home,2023,7,0.13313664022020544,-0.2594944519115642,5.673274237875207,5.508238131980124,4.621464519675197
2023-09-02,Burnley,Tottenham,away,2023,4,0.13313664022020544,0.2594944519115642,4.925070731638952,5.072634158515586,5.447349812019429
2023-09-02,Chelsea,Nott'm Forest,home,2023,8,0.13313664022020544,0.5780731617407897,6.917307276648097,7.387516017043665,6.997714919267396
2023-09-02,Chelsea,Nott'm Forest,away,2023,0,0.13313664022020544,-0.5780731617407897,3.9276660520381426,3.6776736455563825,3.566273678444722
2023-09-02,Man City,Fulham,home,2023,4,0.13313664022020544,0.7797316492533989,6.905275072515275,7.545810049142185,7.614490381450583
2023-09-02,Man City,Fulham,away,2023,5,0.13313664022020544,-0.7797316492533989,2.670516667968711,2.443826714158706,2.9045860803411787
2023-09-02,Brighton,Newcastle,home,2023,5,0.13313664022020544,0.0,6.990651438614145,6.990651438614145,5.502352325451373
2023-09-02,Brighton,Newcastle,away,2023,3,0.13313664022020544,-0.0,4.206937326712532,4.206937326712532,4.648858620566705
2023-09-03,Crystal Palace,Wolves,home,2023,4,0.13293053095349036,0.2604890604890606,5.152032490132743,5.3069965399883925,5.583883924349344
2023-09-03,Crystal Palace,Wolves,away,2023,2,0.13293053095349036,-0.2604890604890606,4.446960038115145,4.317109013743822,4.2380360888462425
2023-09-03,Liverpool,Aston Villa,home,2023,7,0.13293053095349036,0.36744387481052576,7.171286572689229,7.477418692905459,6.475506657929624
2023-09-03,Liverpool,Aston Villa,away,2023,3,0.13293053095349036,-0.36744387481052576,3.462358846892711,3.320606820119841,3.7472413974683763
2023-09-03,Arsenal,Man United,home,2023,12,0.13293053095349036,0.3234617437558668,6.621604514870478,6.86981111318892,6.2005247897910385
2023-09-03,Arsenal,Man United,away,2023,3,0.13293053095349036,-0.3234617437558668,3.818471498576754,3.680509943910703,3.93562537748429
2023-09-16,Wolves,Liverpool,home,2023,4,0.13308012949251843,-0.5171872326290679,4.176572530256615,3.937920142759978,3.768334624418421
2023-09-16,Wolves,Liverpool,away,2023,4,0.13308012949251843,0.5171872326290679,6.22542345460064,6.6027069232229145,6.532429310303932
2023-09-16,Aston Villa,Crystal Palace,home,2023,4,0.13308012949251843,0.2692307692307693,5.0976066676652625,5.256158377055082,5.58598182774136
2023-09-16,Aston Villa,Crystal Palace,away,2023,2,0.13308012949251843,-0.2692307692307693,5.141881336108612,4.986776786961368,4.417892991389842
2023-09-16,Man United,Brighton,home,2023,8,0.13308012949251843,0.11007367745646834,5.477741383066264,5.5467683783690225,5.341883300389588
2023-09-16,Man United,Brighton,away,2023,1,0.13308012949251843,-0.11007367745646834,4.911806099643854,4.850680919459592,4.657562291364537
2023-09-16,Tottenham,Sheffield United,home,2023,15,0.13308012949251843,0.6596477758948384,5.856027061679799,6.312405228400181,6.876219688733418
2023-09-16,Tottenham,Sheffield United,away,2023,2,0.13308012949251843,-0.6596477758948384,4.845328423775095,4.495017880774505,3.678720945160414
2023-09-16,West Ham,Man City,home,2023,4,0.13308012949251843,-0.502361725465001,3.8825560103117245,3.666883426154742,3.7066739097572428
2023-09-16,West Ham,Man City,away,2023,11,0.13308012949251843,0.502361725465001,5.925414258970078,6.273925312339675,6.392576154967301
2023-09-16,Newcastle,Brentford,home,2023,8,0.13308012949251843,0.46871648194494103,7.416866172342691,7.823097246844474,6.829235797310618
2023-09-16,Newcastle,Brentford,away,2023,3,0.13308012949251843,-0.46871648194494103,3.572222441419246,3.386727142696932,3.6257519510930263
2023-09-17,Bournemouth,Chelsea,home,2023,1,0.1337156205228933,-0.3151350980233058,4.605473196402081,4.4432843096667805,4.230305608196996
2023-09-17,Bournemouth,Chelsea,away,2023,7,0.1337156205228933,0.3151350980233058,5.7392836019841384,5.94877909072404,5.848956791459663
2023-09-17,Everton,Arsenal,home,2023,1,0.1337156205228933,-0.47308213496523166,4.796592555669917,4.545261197239175,4.008272876147564
2023-09-17,Everton,Arsenal,away,2023,11,0.1337156205228933,0.47308213496523166,5.285325284626536,5.577578672471528,6.093177681955843
2023-09-18,Nott'm Forest,Burnley,home,2023,5,0.1340270981057578,0.1304070909187411,4.38845087710363,4.454042726723726,5.028172735405393
2023-09-18,Nott'm Forest,Burnley,away,2023,4,0.1340270981057578,-0.1304070909187411,5.542253612027279,5.460636373985217,4.794898800781794
2023-09-23,Crystal Palace,Fulham,home,2023,3,0.13392338393384554,0.2574522122710868,5.318013712023973,5.476077929498359,5.632118645450305
2023-09-23,Crystal Palace,Fulham,away,2023,2,0.13392338393384554,-0.2574522122710868,4.2657335669066265,4.142605326788778,4.188800275733758
2023-09-23,Man City,Nott'm Forest,home,2023,6,0.13392338393384554,0.7817163927665574,7.450610161807112,8.143569130345487,7.803534894466871
2023-09-23,Man City,Nott'm Forest,away,2023,6,0.13392338393384554,-0.7817163927665574,2.6341025447183353,2.409959425995294,2.889766496216344
2023-09-23,Brentford,Everton,home,2023,1,0.13392338393384554,0.31917057460873505,5.6774884505981,5.887430586407714,5.899616386521858
2023-09-23,Brentford,Everton,away,2023,4,0.13392338393384554,-0.31917057460873505,4.369893468885628,4.214065768727874,4.112018507418151
2023-09-23,Burnley,Man United,home,2023,9,0.13392338393384554,-0.32515777614259844,5.870610753775938,5.657413605012437,4.543445681933801
2023-09-23,Burnley,Man United,away,2023,5,0.13392338393384554,0.32515777614259844,5.22115373766901,5.4179106247986155,5.7030628302773225
2023-09-24,Arsenal,Tottenham,home,2023,11,0.13403576638266262,0.3519981546623609,7.315492548949508,7.614388888051207,6.4735187687756754
2023-09-24,Arsenal,Tottenham,away,2023,4,0.13403576638266262,-0.3519981546623609,3.435774523900675,3.3009061264138713,3.7626720043256605
2023-09-24,Brighton,Bournemouth,home,2023,4,0.13403576638266262,0.56724904372997,9.146371637530663,9.756081383849077,7.599392591639496
2023-09-24,Brighton,Bournemouth,away,2023,4,0.13403576638266262,-0.56724904372997,3.0104736477383804,2.8223330355557597,3.2976399822814195
2023-09-24,Chelsea,Aston Villa,home,2023,5,0.13403576638266262,0.2545480305079829,6.53874174446228,6.7308647259524506,5.999391567745364
2023-09-24,Chelsea,Aston Villa,away,2023,11,0.13403576638266262,-0.2545480305079829,3.8980861196073735,3.7868207832952634,4.077776880223281
2023-09-24,Liverpool,West Ham,home,2023,7,0.13403576638266262,0.5556812009723175,8.150520705030793,8.682411858874582,7.2955785849617065
2023-09-24,Liverpool,West Ham,away,2023,4,0.13403576638266262,-0.5556812009723175,3.665123088500814,3.4405948606064394,3.523311417700328
2023-09-24,Sheffield United,Newcastle,home,2023,2,0.13403576638266262,-0.5251989494756272,4.6764920263565655,4.405256831335168,3.8903056281859834
2023-09-24,Sheffield United,Newcastle,away,2023,6,0.13403576638266262,0.5251989494756272,6.084411178303908,6.459033252730713,6.507897517619684
2023-09-30,Aston Villa,Brighton,home,2023,1,0.13391594536728374,-0.0014759480707250971,4.844651992621132,4.843838583421451,4.90511931178386
2023-09-30,Aston Villa,Brighton,away,2023,3,0.13391594536728374,0.0014759480707250971,4.52462129689834,4.525381101033963,4.7584893623034255
2023-09-30,Bournemouth,Arsenal,home,2023,6,0.13391594536728374,-0.4615545646758358,4.006701132287589,3.8017409239999553,3.8081601781985057
2023-09-30,Bournemouth,Arsenal,away,2023,6,0.13391594536728374,0.4615545646758358,6.093583409697057,6.422101883164082,6.338585869136927
2023-09-30,Man United,Crystal Palace,home,2023,10,0.13391594536728374,0.44950671864451064,5.898000689971866,6.207460882999869,6.3072945159228695
2023-09-30,Man United,Crystal Palace,away,2023,4,0.13391594536728374,-0.44950671864451064,4.749603517817769,4.512821804789872,3.9945653806162875
2023-09-30,Newcastle,Burnley,home,2023,5,0.13391594536728374,0.6197004762863084,7.259849867752482,7.790148280951309,7.229675064192357
2023-09-30,Newcastle,Burnley,away,2023,3,0.13391594536728374,-0.6197004762863084,4.024399799325989,3.750447012974196,3.5309069635187655
2023-09-30,West Ham,Sheffield United,home,2023,7,0.13391594536728374,0.528073444618972,6.892961183749412,7.319759641989428,6.84423598961931
2023-09-30,West Ham,Sheffield United,away,2023,4,0.13391594536728374,-0.528073444618972,4.999188202583209,4.707696962204953,3.926599607947145
2023-09-30,Wolves,Man City,home,2023,0,0.13391594536728374,-0.6198966966632045,3.6548055126823535,3.4059360694063,3.4616598032040713
2023-09-30,Wolves,Man City,away,2023,6,0.13391594536728374,0.6198966966632045,6.685099500403596,7.173575196073502,6.974620232718223
2023-09-30,Tottenham,Liverpool,home,2023,12,0.13391594536728374,-0.11040410275891549,4.845442170505999,4.784962983603405,4.6852068395036355
2023-09-30,Tottenham,Liverpool,away,2023,5,0.13391594536728374,0.11040410275891549,5.203702735233488,5.269474552358963,5.2040004656953105
2023-10-01,Nott'm Forest,Brentford,home,2023,1,0.13392577573324646,-0.020679269743524853,4.58395700441847,4.573185487887187,4.782420873558334
2023-10-01,Nott'm Forest,Brentford,away,2023,11,0.13392577573324646,0.020679269743524853,4.629181157110477,4.640084563826034,4.831443143804963
2023-10-02,Fulham,Chelsea,home,2023,8,0.13416416259562644,-0.208967799533181,4.670040863257063,4.560327424457611,4.443174820233764
2023-10-02,Fulham,Chelsea,away,2023,1,0.13416416259562644,0.208967799533181,5.365659077503441,5.494747376221031,5.476847239577643
2023-10-07,Burnley,Chelsea,home,2023,7,0.1340945881783943,-0.3388919680940791,5.115890159646584,4.922404270946078,4.327600983058917
2023-10-07,Burnley,Chelsea,away,2023,3,0.1340945881783943,0.3388919680940791,5.340177078651258,5.5500844432250185,5.776612681491234
2023-10-07,Everton,Bournemouth,home,2023,8,0.1340945881783943,0.2356386090122769,6.685400695608282,6.867044243657138,5.99304068229006
2023-10-07,Everton,Bournemouth,away,2023,7,0.1340945881783943,-0.2356386090122769,4.210404741410074,4.0990332650055255,4.210333016924894
2023-10-07,Fulham,Sheffield United,home,2023,9,0.1340945881783943,0.4181092016351047,7.062432456190263,7.406485810623016,6.583845388474531
2023-10-07,Fulham,Sheffield United,away,2023,4,0.1340945881783943,-0.4181092016351047,4.385170139019855,4.18146590807079,3.948329585278956
2023-10-07,Man United,Brentford,home,2023,7,0.1340945881783943,0.3681472362008613,6.989951981054944,7.28892640865395,6.425934682457842
2023-10-07,Man United,Brentford,away,2023,5,0.1340945881783943,-0.3681472362008613,4.389047869343813,4.2090195632706795,4.033482744043617
2023-10-07,Crystal Palace,Nott'm Forest,home,2023,3,0.1340945881783943,0.15364919194708038,5.837459322039514,5.9403953236959275,5.549837504726093
2023-10-07,Crystal Palace,Nott'm Forest,away,2023,7,0.1340945881783943,-0.15364919194708038,3.9291551635347663,3.8610702128903904,4.265507692101636
2023-10-08,Brighton,Liverpool,home,2023,8,0.13346897320979526,-0.12808385993822297,5.873193486130976,5.7882323600861065,4.937711679708133
2023-10-08,Brighton,Liverpool,away,2023,1,0.13346897320979526,0.12808385993822297,4.474775137672224,4.540457009242522,5.0020679467315965
2023-10-08,West Ham,Newcastle,home,2023,4,0.13346897320979526,-0.1618834474284711,5.2485758519142145,5.152798510184966,4.700237941225068
2023-10-08,West Ham,Newcastle,away,2023,2,0.13346897320979526,0.1618834474284711,5.4561547407199145,5.557570698688515,5.397266262639592
2023-10-08,Wolves,Aston Villa,home,2023,2,0.13346897320979526,-0.16651818911377309,5.274952937713272,5.175964382530857,4.6983974756364875
2023-10-08,Wolves,Aston Villa,away,2023,10,0.13346897320979526,0.16651818911377309,5.360694478681326,5.463215934008564,5.378157917571656
2023-10-08,Arsenal,Man City,home,2023,5,0.13346897320979526,-0.06485180711697486,4.665537217107173,4.631241924840559,4.720065128831364
2023-10-08,Arsenal,Man City,away,2023,4,0.13346897320979526,0.06485180711697486,4.687744597456216,4.722458303552781,4.9415766124375144
2023-10-21,Liverpool,Everton,home,2023,12,0.13358362895144982,0.5887735852008047,6.932069077989416,7.41229907993036,7.034023598412737
2023-10-21,Liverpool,Everton,away,2023,4,0.13358362895144982,-0.5887735852008047,3.3627486993536126,3.1448820432725055,3.3825113013687713
2023-10-21,Bournemouth,Wolves,home,2023,3,0.13358362895144982,0.07294379771992404,5.130795244562107,5.173550369230609,5.152773124488327
2023-10-21,Bournemouth,Wolves,away,2023,12,0.13358362895144982,-0.07294379771992404,4.756920543616704,4.717608520660457,4.684034570407373
2023-10-21,Brentford,Burnley,home,2023,5,0.13358362895144982,0.3065749771945828,5.420919733590617,5.613325100024448,5.7844116053531565
2023-10-21,Brentford,Burnley,away,2023,5,0.13358362895144982,-0.3065749771945828,4.509794870821594,4.355214703238202,4.174707412873276
2023-10-21,Man City,Brighton,home,2023,2,0.13358362895144982,0.5400182539077676,5.599489648222984,5.954284768887596,6.4474055373833075
2023-10-21,Man City,Brighton,away,2023,2,0.13358362895144982,-0.5400182539077676,3.0160201953426604,2.8363060414740304,3.3376274055908253
2023-10-21,Newcastle,Crystal Palace,home,2023,6,0.13358362895144982,0.5293028054256204,6.469256571195342,6.870780957024822,6.713735069927665
2023-10-21,Newcastle,Crystal Palace,away,2023,8,0.13358362895144982,-0.5293028054256204,4.0611450133934675,3.823814094613404,3.6784652684718937
2023-10-21,Chelsea,Arsenal,home,2023,2,0.13358362895144982,-0.12877451017517821,4.966237456950305,4.894011731637407,4.684875454401901
2023-10-21,Chelsea,Arsenal,away,2023,7,0.13358362895144982,0.12877451017517821,5.087261673073534,5.162339377080448,5.207602324188143
2023-10-21,Sheffield United,Man United,home,2023,5,0.13358362895144982,-0.5453948662877403,4.999204841459452,4.698444812414436,3.9383784917294906
2023-10-21,Sheffield United,Man United,away,2023,4,0.13358362895144982,0.5453948662877403,5.890512090653348,6.267579537054728,6.497630395630766
2023-10-22,Aston Villa,West Ham,home,2023,8,0.1336936024375084,0.25748244774751705,6.106028385682314,6.287535930947991,5.880009507506168
2023-10-22,Aston Villa,West Ham,away,2023,7,0.1336936024375084,-0.25748244774751705,4.759643362614576,4.622242766804702,4.334227170785733
2023-10-23,Tottenham,Fulham,home,2023,3,0.13355749621027962,0.4753594657624241,6.5230106419648415,6.885485829688744,6.579728976028307
2023-10-23,Tottenham,Fulham,away,2023,5,0.13355749621027962,-0.4753594657624241,4.080160036245883,3.8653666561324798,3.768555925583707
2023-10-27,Crystal Palace,Tottenham,home,2023,11,0.1335010134585245,-0.33145069460259624,5.434691473372739,5.233577013246633,4.423754388367962
2023-10-27,Crystal Palace,Tottenham,away,2023,2,0.1335010134585245,0.33145069460259624,4.382850188047593,4.551273151376833,5.414687004589508
2023-10-28,Chelsea,Brentford,home,2023,10,0.133660399474983,0.4023325960184998,6.329449979362723,6.625892283006455,6.32064299619798
2023-10-28,Chelsea,Brentford,away,2023,1,0.133660399474983,-0.4023325960184998,4.306970030185066,4.1142762671507445,3.952451630494305
2023-10-28,Arsenal,Sheffield United,home,2023,6,0.133660399474983,0.8100561143749899,8.793317421325407,9.642194841544882,8.315819373065679
2023-10-28,Arsenal,Sheffield United,away,2023,1,0.133660399474983,-0.8100561143749899,3.4952873939303104,3.187570054191319,3.118587993899836
2023-10-28,Bournemouth,Burnley,home,2023,10,0.133660399474983,0.16717825038368783,5.253617602676664,5.354493316025708,5.401263292102162
2023-10-28,Bournemouth,Burnley,away,2023,5,0.133660399474983,-0.16717825038368783,5.665382302529331,5.558649611416947,4.753583245362261
2023-10-28,Wolves,Newcastle,home,2023,8,0.133660399474983,-0.3031877988167173,4.450697381979828,4.299799459734654,4.206613149117328
2023-10-28,Wolves,Newcastle,away,2023,7,0.133660399474983,0.3031877988167173,5.648860402534381,5.847102507957613,5.790843210539801
2023-10-29,West Ham,Everton,home,2023,4,0.13372103889194722,0.15744875927952434,6.064850975862531,6.17446513705798,5.625327244892589
2023-10-29,West Ham,Everton,away,2023,3,0.13372103889194722,-0.15744875927952434,4.540584668267152,4.459976491088883,4.455016961535206
2023-10-29,Aston Villa,Luton,home,2023,6,0.13372103889194722,0.6649786217374851,4.902508600757896,5.287782045735673,6.520376684636304
2023-10-29,Aston Villa,Luton,away,2023,4,0.13372103889194722,-0.6649786217374851,4.550415031432906,4.218866934314826,3.599333008140502
2023-10-29,Brighton,Fulham,home,2023,7,0.13372103889194722,0.43773666771852315,6.690968552559888,7.032611523314777,6.527706020451912
2023-10-29,Brighton,Fulham,away,2023,3,0.13372103889194722,-0.43773666771852315,3.4389260026992923,3.271863611740628,3.630138478174162
2023-10-29,Liverpool,Nott'm Forest,home,2023,8,0.13372103889194722,0.6643245903174134,7.768637286202871,8.378527747536959,7.524124321073033
2023-10-29,Liverpool,Nott'm Forest,away,2023,3,0.13372103889194722,-0.6643245903174134,3.401450245122362,3.153851607066593,3.2881821698847324
2023-10-29,Man United,Man City,home,2023,7,0.13372103889194722,-0.37639432754663293,4.3750577586647195,4.191668668357485,4.057045296673539
2023-10-29,Man United,Man City,away,2023,12,0.13372103889194722,0.37639432754663293,5.963785769621276,6.224706499194742,6.074171278456887
2023-11-04,Fulham,Man United,home,2023,9,0.13355460420438492,-0.14026540737641224,6.320209208427238,6.220155449481982,5.02600742353371
2023-11-04,Fulham,Man United,away,2023,4,0.13355460420438492,0.14026540737641224,4.6495980656843,4.724388763092843,5.088228946074796
2023-11-04,Brentford,West Ham,home,2023,4,0.13355460420438492,0.18397593775201054,6.0887148844531,6.2174957673848645,5.695553682086415
2023-11-04,Brentford,West Ham,away,2023,3,0.13355460420438492,-0.18397593775201054,4.857792819422914,4.757175002895152,4.499164974162871
2023-11-04,Burnley,Crystal Palace,home,2023,12,0.13355460420438492,-0.028203001281954687,5.862811130000989,5.84403022267396,5.1472201533393145
2023-11-04,Burnley,Crystal Palace,away,2023,1,0.13355460420438492,0.028203001281954687,4.987646630372679,5.003675385457066,4.960763138295878
2023-11-04,Everton,Brighton,home,2023,3,0.13355460420438492,-0.1258083545740903,4.656488678534883,4.590316465897456,4.597536167001322
2023-11-04,Everton,Brighton,away,2023,3,0.13355460420438492,0.1258083545740903,4.8389280652173685,4.908684165749354,5.120607844556887
2023-11-04,Man City,Bournemouth,home,2023,12,0.13355460420438492,0.8414006979700103,7.629199182244608,8.395581373751508,8.061657073147753
2023-11-04,Man City,Bournemouth,away,2023,1,0.13355460420438492,-0.8414006979700103,2.7004425621859607,2.4539353821928005,2.8398923907819418
2023-11-04,Sheffield United,Wolves,home,2023,4,0.13355460420438492,-0.23437445617747588,4.6033068568294695,4.482187104467369,4.376167707440853
2023-11-04,Sheffield United,Wolves,away,2023,4,0.13355460420438492,0.23437445617747588,5.387906939821776,5.533501476393182,5.542965216340776
2023-11-04,Newcastle,Arsenal,home,2023,0,0.13355460420438492,-0.034622545900209745,5.188398135998273,5.1680019417389715,4.941495871144392
2023-11-04,Newcastle,Arsenal,away,2023,11,0.13355460420438492,0.034622545900209745,5.02160186388384,5.041420271125805,4.984734687393743
2023-11-05,Nott'm Forest,Aston Villa,home,2023,0,0.13436838455534514,-0.27395812344961307,3.9906847443304323,3.868225037764714,4.116411796356207
2023-11-05,Nott'm Forest,Aston Villa,away,2023,10,0.13436838455534514,0.27395812344961307,6.092122105968303,6.28498562300156,5.856177386972235
2023-11-06,Tottenham,Chelsea,home,2023,1,0.13451661682403146,0.15893154277612281,5.654258003315841,5.757422377804362,5.507212716528187
2023-11-06,Tottenham,Chelsea,away,2023,6,0.13451661682403146,-0.15893154277612281,4.6813487222758665,4.597465973885188,4.494794639170322
2023-11-11,Wolves,Tottenham,home,2023,11,0.13458355727734606,-0.1278753889437499,5.697223544028959,5.614941151751649,4.891554993182373
2023-11-11,Wolves,Tottenham,away,2023,3,0.13458355727734606,0.1278753889437499,5.18249569053894,5.25844094657272,5.235803457880094
2023-11-11,Arsenal,Burnley,home,2023,3,0.13458355727734606,0.7421178496478409,7.706351001832903,8.385235283020682,7.7554874697557565
2023-11-11,Arsenal,Burnley,away,2023,3,0.13458355727734606,-0.7421178496478409,3.5143111032788,3.2297859245935094,3.214629635658348
2023-11-11,Crystal Palace,Everton,home,2023,9,0.13458355727734606,0.08466022933486589,5.679710170444936,5.734678256167892,5.344928455198867
2023-11-11,Crystal Palace,Everton,away,2023,2,0.13458355727734606,-0.08466022933486589,4.013710380017185,3.9752381298959842,4.420618329882588
2023-11-11,Man United,Luton,home,2023,11,0.13458355727734606,0.6184001656429015,6.183885230272186,6.634607873059815,6.873384742740448
2023-11-11,Man United,Luton,away,2023,3,0.13458355727734606,-0.6184001656429015,4.7805488655744135,4.455781877096257,3.727579872482359
2023-11-11,Bournemouth,Newcastle,home,2023,6,0.13458355727734606,-0.34980263410400014,4.977334332669668,4.783147882889926,4.271040197256023
2023-11-11,Bournemouth,Newcastle,away,2023,5,0.13458355727734606,0.34980263410400014,6.058584004845967,6.304550666843158,6.036051447838522
2023-11-12,Aston Villa,Fulham,home,2023,2,0.13469467522515663,0.4351701499397943,5.174869219549138,5.437511791142811,6.0188853533645315
2023-11-12,Aston Villa,Fulham,away,2023,2,0.13469467522515663,-0.4351701499397943,4.339704728337041,4.130088408669602,3.9073229814418076
2023-11-12,Brighton,Sheffield United,home,2023,6,0.13469467522515663,0.6930303647248705,8.497362336786983,9.194440276492033,7.831521354033563
2023-11-12,Brighton,Sheffield United,away,2023,3,0.13469467522515663,-0.6930303647248705,3.2674909817784403,3.0197656376477635,3.2082077436305543
2023-11-12,Liverpool,Brentford,home,2023,6,0.13469467522515663,0.5408200877947436,7.868683751486304,8.368022960468807,7.170941942832535
2023-11-12,Liverpool,Brentford,away,2023,8,0.13469467522515663,-0.5408200877947436,3.2683749352616527,3.0733434729268065,3.421103282724965
2023-11-12,West Ham,Nott'm Forest,home,2023,9,0.13469467522515663,0.27395812344961307,6.150128992007788,6.34482888261648,5.934285157438644
2023-11-12,West Ham,Nott'm Forest,away,2023,4,0.13469467522515663,-0.27395812344961307,4.3957298782744205,4.260840798950274,4.198851389011977
2023-11-12,Chelsea,Man City,home,2023,3,0.13469467522515663,-0.3580351831392877,4.27119843504782,4.100718812427627,4.058070097608347
2023-11-12,Chelsea,Man City,away,2023,3,0.13469467522515663,0.3580351831392877,5.851794690353008,6.095071978090676,5.991839291228468
2023-11-25,Man City,Liverpool,home,2023,9,0.13458287871398864,0.32639930351611063,5.632098554240702,5.845167249446658,5.902838272481846
2023-11-25,Man City,Liverpool,away,2023,6,0.13458287871398864,-0.32639930351611063,3.5133057291680916,3.3852383128517634,3.8300387350887304
2023-11-25,Burnley,West Ham,home,2023,4,0.13458287871398864,-0.1806676769737417,7.564327305457416,7.410438477476868,5.22571095190126
2023-11-25,Burnley,West Ham,away,2023,5,0.13458287871398864,0.1806676769737417,4.636046512656921,4.732320945872241,5.1709290338754785
2023-11-25,Luton,Crystal Palace,home,2023,4,0.13458287871398864,-0.1863922619638465,6.482202321867616,6.346193884025432,4.96824781232145
2023-11-25,Luton,Crystal Palace,away,2023,5,0.13458287871398864,0.1863922619638465,4.861073832917885,4.965253924218737,5.2605526381217524
2023-11-25,Newcastle,Chelsea,home,2023,4,0.13458287871398864,0.008212235448700866,5.276180188358478,5.281111878469337,5.057913365719208
2023-11-25,Newcastle,Chelsea,away,2023,2,0.13458287871398864,-0.008212235448700866,4.93228868900752,4.927682742397933,4.868228533400016
2023-11-25,Nott'm Forest,Brighton,home,2023,6,0.13458287871398864,-0.1384711779448622,3.1084818903591893,3.059896766600044,4.031926655280724
2023-11-25,Nott'm Forest,Brighton,away,2023,4,0.13458287871398864,0.1384711779448622,5.1976285113897776,5.280156597708364,5.26402393705659
2023-11-25,Sheffield United,Bournemouth,home,2023,4,0.13458287871398864,-0.14286196081076524,6.0403741221269485,5.942994552753738,4.950154215285644
2023-11-25,Sheffield United,Bournemouth,away,2023,7,0.13458287871398864,0.14286196081076524,4.302464196876885,4.372962681608189,4.972109529346307
2023-11-25,Brentford,Arsenal,home,2023,1,0.13458287871398864,-0.3357215967246674,3.7775830620817112,3.6360239169176167,3.9426097035003322
2023-11-25,Brentford,Arsenal,away,2023,8,0.13458287871398864,0.3357215967246674,5.612438676563771,5.830944395858872,5.858989869344602
2023-11-26,Tottenham,Aston Villa,home,2023,9,0.13417224251729035,0.06577488868431436,5.7975182558785106,5.841063430503376,5.336577100810454
2023-11-26,Tottenham,Aston Villa,away,2023,3,0.13417224251729035,-0.06577488868431436,5.27710061139191,5.237759784097344,4.852634499305677
2023-11-26,Everton,Man United,home,2023,6,0.13417224251729035,-0.024682124158563967,5.884437700459773,5.867937478866471,5.160783882338268
2023-11-26,Everton,Man United,away,2023,5,0.13417224251729035,0.024682124158563967,5.325711261458713,5.340686781609105,5.055681381242854
2023-11-27,Fulham,Wolves,home,2023,6,0.13401336205357822,0.07715256679299648,5.904933730254521,5.9569913913053245,5.39300023621664
2023-11-27,Fulham,Wolves,away,2023,2,0.13401336205357822,-0.07715256679299648,4.399553657734,4.361106317785946,4.563309325754837
2023-12-02,Arsenal,Wolves,home,2023,4,0.13400430871806704,0.6729019427603629,6.497178722706747,7.014092185997067,7.1422924007447195
2023-12-02,Arsenal,Wolves,away,2023,0,0.13400430871806704,-0.6729019427603629,3.3573577294446126,3.1099324938743678,3.2630193780006738
2023-12-02,Brentford,Luton,home,2023,7,0.13400430871806704,0.5114012910826932,4.964731145189627,5.262147132092437,6.135673173962475
2023-12-02,Brentford,Luton,away,2023,5,0.13400430871806704,-0.5114012910826932,4.357564132040454,4.111275078486804,3.7885979509319108
2023-12-02,Burnley,Sheffield United,home,2023,6,0.13400430871806704,0.3147188011910115,7.5136119702210635,7.787505214346268,6.425866842687668
2023-12-02,Burnley,Sheffield United,away,2023,1,0.13400430871806704,-0.3147188011910115,3.9566866675062355,3.8175266005115067,3.994170994122933
2023-12-02,Nott'm Forest,Everton,home,2023,4,0.13400430871806704,-0.023653551955438668,4.249026300577302,4.237607684833924,4.664818044408369
2023-12-02,Nott'm Forest,Everton,away,2023,3,0.13400430871806704,0.023653551955438668,5.093197773286285,5.1069218536173455,4.983675933012826
2023-12-02,Newcastle,Man United,home,2023,7,0.13400430871806704,0.24611398963730569,6.6063731233651035,6.793961293996507,5.997299339126635
2023-12-02,Newcastle,Man United,away,2023,3,0.13400430871806704,-0.24611398963730569,4.64045264365674,4.512325033760812,4.320765835805726
2023-12-03,Bournemouth,Aston Villa,home,2023,7,0.13403626033481028,-0.2001772402648178,5.30108452970092,5.181725433005402,4.639339552665113
2023-12-03,Bournemouth,Aston Villa,away,2023,7,0.13403626033481028,0.2001772402648178,6.342671883881796,6.488772945484572,5.74858374185596
2023-12-03,Chelsea,Brighton,home,2023,5,0.13403626033481028,0.33065545908329197,4.989036054537983,5.180284677008471,5.694186531505061
2023-12-03,Chelsea,Brighton,away,2023,8,0.13403626033481028,-0.33065545908329197,3.868382314086139,3.725567230575051,3.9396192083338875
2023-12-03,Liverpool,Fulham,home,2023,3,0.13403626033481028,0.6724555999737859,6.596065922521439,7.120485242652173,7.17464228784366
2023-12-03,Liverpool,Fulham,away,2023,4,0.13403626033481028,-0.6724555999737859,3.4460215761254416,3.1922242251692823,3.2902517960209563
2023-12-03,West Ham,Crystal Palace,home,2023,2,0.13403626033481028,0.22587949062322005,5.8293521145005185,5.981092446196717,5.718950073574714
2023-12-03,West Ham,Crystal Palace,away,2023,3,0.13403626033481028,-0.22587949062322005,4.733458999517093,4.613371131770824,4.384812533344096
2023-12-03,Man City,Tottenham,home,2023,10,0.13403626033481028,0.6365814696485623,7.689147469557642,8.266664817217425,7.412841778832165
2023-12-03,Man City,Tottenham,away,2023,8,0.13403626033481028,-0.6365814696485623,3.0641490155925646,2.850084546856187,3.2203378329207637
2023-12-05,Wolves,Burnley,home,2023,6,0.13377917087244826,0.28638210651228024,5.7178700999111225,5.907229127974224,5.8314958414335605
2023-12-05,Wolves,Burnley,away,2023,8,0.13377917087244826,-0.28638210651228024,5.194028715669493,5.027531664679311,4.399878965060314
2023-12-05,Luton,Arsenal,home,2023,3,0.13377917087244826,-0.7292163875216884,4.348668029619344,4.002462045941046,3.4897584107293174
2023-12-05,Luton,Arsenal,away,2023,8,0.13377917087244826,0.7292163875216884,6.186086508401407,6.721172198203774,7.129116922400217
2023-12-06,Brighton,Brentford,home,2023,7,0.13359486383043478,0.24335742868643684,7.621697262935398,7.835657927096539,6.263249237347763
2023-12-06,Brighton,Brentford,away,2023,3,0.13359486383043478,-0.24335742868643684,3.505066484537548,3.4093570546545493,3.9635920393135566
2023-12-06,Crystal Palace,Bournemouth,home,2023,3,0.13359486383043478,0.1279639687375811,6.936746140746512,7.038469438044949,5.793336506911699
2023-12-06,Crystal Palace,Bournemouth,away,2023,9,0.13359486383043478,-0.1279639687375811,3.658546599165008,3.6056715491753866,4.217117169061339
2023-12-06,Fulham,Nott'm Forest,home,2023,6,0.13359486383043478,0.21489765337756317,6.996311121514789,7.169465030046886,6.025623642070852
2023-12-06,Fulham,Nott'm Forest,away,2023,1,0.13359486383043478,-0.21489765337756317,3.9913247109274934,3.8949279126975824,4.177167007861272
2023-12-06,Sheffield United,Liverpool,home,2023,2,0.13359486383043478,-0.731980034616152,4.23600877357663,3.8975461992088603,3.4572994231779486
2023-12-06,Sheffield United,Liverpool,away,2023,12,0.13359486383043478,0.731980034616152,6.195191771218796,6.733181688057847,7.140699746869208
2023-12-06,Aston Villa,Man City,home,2023,6,0.13359486383043478,-0.34054659327030185,3.617316763263161,3.479852668086818,3.881800492473664
2023-12-06,Aston Villa,Man City,away,2023,0,0.13359486383043478,0.34054659327030185,5.953508802590612,6.188689363014297,5.979852978202953
2023-12-06,Man United,Chelsea,home,2023,12,0.13359486383043478,-0.05471822134068283,5.711015115210273,5.675574103985795,5.048565454756444
2023-12-06,Man United,Chelsea,away,2023,4,0.13359486383043478,0.05471822134068283,5.06651509810361,5.098152852306268,5.0411116216124405
2023-12-07,Everton,Newcastle,home,2023,5,0.1341004480569837,-0.10554049234332874,5.148890429481627,5.087437868484422,4.784538744715724
2023-12-07,Everton,Newcastle,away,2023,2,0.1341004480569837,0.10554049234332874,5.549732377675179,5.616769121174289,5.298585068962739
2023-12-07,Tottenham,West Ham,home,2023,8,0.1341004480569837,0.3012913645064943,7.11917889080294,7.367430922543577,6.2831203436724445
2023-12-07,Tottenham,West Ham,away,2023,4,0.1341004480569837,-0.3012913645064943,4.631465910778331,4.4754046141912065,4.218871963850284
2023-12-09,Crystal Palace,Liverpool,home,2023,6,0.13401167870992423,-0.47476584523051746,4.770851192941559,4.520002744127275,3.9987177993888023
2023-12-09,Crystal Palace,Liverpool,away,2023,5,0.13401167870992423,0.47476584523051746,5.510710835747088,5.816541018440512,6.177372435930431
2023-12-09,Brighton,Burnley,home,2023,9,0.13401167870992423,0.4846453459102832,7.286227804433901,7.69924328247118,6.837279708508276
2023-12-09,Brighton,Burnley,away,2023,1,0.13401167870992423,-0.4846453459102832,3.758742156753108,3.557109524592408,3.659064470239246
2023-12-09,Man United,Bournemouth,home,2023,10,0.13401167870992423,0.4464751958224543,8.455178431634494,8.895741788399778,7.047459098368476
2023-12-09,Man United,Bournemouth,away,2023,4,0.13401167870992423,-0.4464751958224543,4.553255532097902,4.327754658854591,3.947396213068413
2023-12-09,Sheffield United,Brentford,home,2023,3,0.13401167870992423,-0.3193900217136296,4.938103292762923,4.761894696517574,4.315496087476676
2023-12-09,Sheffield United,Brentford,away,2023,4,0.13401167870992423,0.3193900217136296,5.616988070541527,5.824838442319135,5.8202598651657365
2023-12-09,Wolves,Nott'm Forest,home,2023,4,0.13401167870992423,0.2926673654468394,6.166426132870243,6.3751969574005605,5.986209500884129
2023-12-09,Wolves,Nott'm Forest,away,2023,3,0.13401167870992423,-0.2926673654468394,4.833327036649893,4.675048370530452,4.290906346094221
2023-12-09,Aston Villa,Arsenal,home,2023,3,0.13401167870992423,-0.17366040958745615,3.7081450158534888,3.6356035418720727,4.197043945782066
2023-12-09,Aston Villa,Arsenal,away,2023,3,0.13401167870992423,0.17366040958745615,5.595686152460866,5.707337303847932,5.4669807281281
2023-12-10,Everton,Chelsea,home,2023,4,0.133941426580687,-0.09761823606233405,4.952612237779307,4.897914692432411,4.742751909746663
2023-12-10,Everton,Chelsea,away,2023,8,0.133941426580687,0.09761823606233405,5.108651190950463,5.165702139716521,5.14637555383474
2023-12-10,Fulham,West Ham,home,2023,3,0.133941426580687,0.07608488307360506,7.086940287922108,7.148550113740026,5.705972382510782
2023-12-10,Fulham,West Ham,away,2023,6,0.133941426580687,-0.07608488307360506,4.237888211473578,4.201363944259889,4.512410058669076
2023-12-10,Luton,Man City,home,2023,6,0.133941426580687,-0.7850890252510635,4.142223609338497,3.788296458953009,3.357249169806451
2023-12-10,Luton,Man City,away,2023,3,0.133941426580687,0.7850890252510635,6.367097318329544,6.961952719568725,7.364925825791643
2023-12-10,Tottenham,Newcastle,home,2023,3,0.133941426580687,0.12147376256047632,5.952463755335896,6.035295242226615,5.508456217952239
2023-12-10,Tottenham,Newcastle,away,2023,6,0.133941426580687,-0.12147376256047632,4.638205773641654,4.574548659065414,4.553178486160167
2023-12-15,Nott'm Forest,Tottenham,home,2023,6,0.13364403706525058,-0.34050642671997056,4.7044265520553346,4.52567114462156,4.213119594888565
2023-12-15,Nott'm Forest,Tottenham,away,2023,4,0.13364403706525058,0.34050642671997056,5.383273368438599,5.5959024335102505,5.795042940013072
2023-12-16,Chelsea,Sheffield United,home,2023,7,0.1335320406528497,0.6958163384220953,6.945305206485807,7.517442986031422,7.363082835250912
2023-12-16,Chelsea,Sheffield United,away,2023,6,0.1335320406528497,-0.6958163384220953,3.681874833408407,3.4016545915435277,3.3259204430441454
2023-12-16,Man City,Crystal Palace,home,2023,6,0.1335320406528497,0.7561371198961975,6.704917986237128,7.3072270080376285,7.470266920484204
2023-12-16,Man City,Crystal Palace,away,2023,1,0.1335320406528497,-0.7561371198961975,3.485743969670209,3.19842635406723,3.187569157961408
2023-12-16,Newcastle,Fulham,home,2023,5,0.1335320406528497,0.275954007665389,5.641348281499107,5.821262912204162,5.781590165418234
2023-12-16,Newcastle,Fulham,away,2023,1,0.1335320406528497,-0.275954007665389,3.9542096393284587,3.8319990163554496,4.0591870988115755
2023-12-16,Burnley,Everton,home,2023,8,0.1335320406528497,-0.1786612799559269,6.651789802729291,6.517953270785043,5.024743282171462
2023-12-16,Burnley,Everton,away,2023,6,0.1335320406528497,0.1786612799559269,3.7924447584402916,3.8703170034492915,4.853088903900645
2023-12-17,Arsenal,Brighton,home,2023,10,0.13339093823013468,0.5013068611264763,5.56796671787135,5.89474656634191,6.331892551531744
2023-12-17,Arsenal,Brighton,away,2023,1,0.13339093823013468,-0.5013068611264763,3.163078206598843,2.987730512610645,3.443248778679439
2023-12-17,Brentford,Aston Villa,home,2023,7,0.13339093823013468,-0.15031418279324338,4.962354816044379,4.878216930992764,4.641396327296547
2023-12-17,Brentford,Aston Villa,away,2023,12,0.13339093823013468,0.15031418279324338,5.447426968103989,5.541382401114248,5.368328025846162
2023-12-17,West Ham,Wolves,home,2023,6,0.13339093823013468,0.16254338675134766,5.259476260633023,5.357638697478736,5.392592773651773
2023-12-17,West Ham,Wolves,away,2023,6,0.13339093823013468,-0.16254338675134766,4.192662120379492,4.115844336679213,4.3363807521343
2023-12-17,Liverpool,Man United,home,2023,12,0.13339093823013468,0.6156555971378608,7.403035076450071,7.940137859368265,7.261419468491171
2023-12-17,Liverpool,Man United,away,2023,0,0.13339093823013468,-0.6156555971378608,3.9168203537121467,3.651870909580354,3.5071935300243933
2023-12-21,Crystal Palace,Brighton,home,2023,3,0.13389049969485053,-0.15361242403781228,4.8707375773093,4.786356775767564,4.608109160161993
2023-12-21,Crystal Palace,Brighton,away,2023,1,0.13389049969485053,0.15361242403781228,4.117911199408333,4.190507678100217,4.92691868314594
2023-12-22,Aston Villa,Sheffield United,home,2023,9,0.1340412211076795,0.6920226388594078,6.021754668424522,6.515000105825562,7.031597004781251
2023-12-22,Aston Villa,Sheffield United,away,2023,1,0.1340412211076795,-0.6920226388594078,3.6901355042938597,3.410758302249457,3.3335711208647334
2023-12-23,West Ham,Man United,home,2023,4,0.13415843038665953,-0.001414591609340099,6.328266611669873,6.3272482717288625,5.331099161874443
2023-12-23,West Ham,Man United,away,2023,4,0.13415843038665953,0.001414591609340099,4.501027384532383,4.501751803073336,4.750619962639375
2023-12-23,Fulham,Burnley,home,2023,8,0.13415843038665953,0.3730975213420915,6.485410181751926,6.766614036783871,6.290761284647428
2023-12-23,Fulham,Burnley,away,2023,6,0.13415843038665953,-0.3730975213420915,4.1463470863697,3.9740350882788777,3.954350719349466
2023-12-23,Luton,Newcastle,home,2023,6,0.13415843038665953,-0.38951882241372204,5.3059220060995544,5.075929294542046,4.284640667540991
2023-12-23,Luton,Newcastle,away,2023,7,0.13415843038665953,0.38951882241372204,5.255873231684257,5.494019286527333,5.872033929661083
2023-12-23,Nott'm Forest,Bournemouth,home,2023,6,0.13415843038665953,-0.030101068709472434,5.013716618294718,4.996576643710737,4.898365806311932
2023-12-23,Nott'm Forest,Bournemouth,away,2023,6,0.13415843038665953,0.030101068709472434,5.036764613746413,5.054042446875176,4.9799190588752404
2023-12-23,Tottenham,Everton,home,2023,3,0.13415843038665953,0.2982191367340779,6.622781369789559,6.8513285255216205,6.1352322941520185
2023-12-23,Tottenham,Everton,away,2023,8,0.13415843038665953,-0.2982191367340779,4.15034393655794,4.011896437145713,4.082390374965806
2023-12-23,Liverpool,Arsenal,home,2023,4,0.13415843038665953,0.0559091591678314,4.974714496953925,5.00645727324749,5.066887763078682
2023-12-23,Liverpool,Arsenal,away,2023,5,0.13415843038665953,-0.0559091591678314,4.621317631455113,4.592016781822249,4.675464346790555
2023-12-24,Wolves,Chelsea,home,2023,10,0.1335044846830888,-0.22756827048114436,4.845384646455127,4.7215500076304355,4.459399794912696
2023-12-24,Wolves,Chelsea,away,2023,6,0.1335044846830888,0.22756827048114436,5.631542248033241,5.7792437441911035,5.603786867556055
2023-12-26,Newcastle,Nott'm Forest,home,2023,10,0.1334514908152822,0.4898547861305937,6.702770808645829,7.086912233936362,6.676379848560943
2023-12-26,Newcastle,Nott'm Forest,away,2023,2,0.1334514908152822,-0.4898547861305937,3.7205535544762673,3.5188833914901467,3.6394372236015293
2023-12-26,Bournemouth,Fulham,home,2023,6,0.1334514908152822,0.13274760144287617,4.992620309764151,5.068591794728452,5.2395663824813274
2023-12-26,Bournemouth,Fulham,away,2023,5,0.1334514908152822,-0.13274760144287617,4.84237050482598,4.76978977769353,4.592832392373933
2023-12-26,Sheffield United,Luton,home,2023,9,0.1334514908152822,0.08561950274105878,4.566637484270264,4.611336501224772,4.9957070030269515
2023-12-26,Sheffield United,Luton,away,2023,4,0.1334514908152822,-0.08561950274105878,5.440543310636328,5.387806552514409,4.858167659098869
2023-12-26,Burnley,Liverpool,home,2023,4,0.1334514908152822,-0.5672187636866834,5.651821171809565,5.298626867567387,4.054411525389128
2023-12-26,Burnley,Liverpool,away,2023,4,0.1334514908152822,0.5672187636866834,5.34250110475237,5.698619964934041,6.3611386405387105
2023-12-26,Man United,Aston Villa,home,2023,3,0.1334514908152822,-0.0028046589789650356,7.237967464237243,7.23565838262641,5.555718081714515
2023-12-26,Man United,Aston Villa,away,2023,6,0.1334514908152822,0.0028046589789650356,5.933648600760504,5.935542178116513,5.180879763002743
2023-12-27,Brentford,Wolves,home,2023,8,0.1332072325110233,0.2482258280902239,4.836334634087416,4.974857597896638,5.4466960769727
2023-12-27,Brentford,Wolves,away,2023,2,0.1332072325110233,-0.2482258280902239,4.762609643711088,4.6299966411615925,4.35201835040488
2023-12-27,Chelsea,Crystal Palace,home,2023,4,0.1332072325110233,0.37292439929673754,5.8403343172898445,6.093448020072159,6.088249494342522
2023-12-27,Chelsea,Crystal Palace,away,2023,3,0.1332072325110233,-0.37292439929673754,4.328923768838071,4.14910604977595,4.0081023838167456
2023-12-27,Everton,Man City,home,2023,8,0.1332072325110233,-0.44010608735817147,3.9625802008358515,3.7690626637433016,3.829512270851666
2023-12-27,Everton,Man City,away,2023,4,0.1332072325110233,0.44010608735817147,6.179261922013254,6.496527952026709,6.308922650619878
2023-12-28,Brighton,Tottenham,home,2023,7,0.1331007873476036,0.007406732149775497,8.192523117830937,8.199429318308809,5.799302098233941
2023-12-28,Brighton,Tottenham,away,2023,6,0.1331007873476036,-0.007406732149775497,3.4350026122296904,3.432109384449911,4.350655939223703
2023-12-28,Arsenal,West Ham,home,2023,10,0.1331007873476036,0.5998021679099863,7.526774925716316,8.058308337583815,7.250408796044096
2023-12-28,Arsenal,West Ham,away,2023,3,0.1331007873476036,-0.5998021679099863,3.3798822788823513,3.1569421425480417,3.3721581043361013
2023-12-30,Luton,Chelsea,home,2023,7,0.13298330423459467,-0.469302809573361,5.466904612706658,5.182678168373527,4.181696165983963
2023-12-30,Luton,Chelsea,away,2023,2,0.13298330423459467,0.469302809573361,5.50389871155467,5.805741409467325,6.160786991112045
2023-12-30,Aston Villa,Burnley,home,2023,6,0.13298330423459467,0.582539752412535,5.8769619325977915,6.2796426407619705,6.663701729172322
2023-12-30,Aston Villa,Burnley,away,2023,2,0.13298330423459467,-0.582539752412535,4.119905126922127,3.8557171135295483,3.6129675101072296
2023-12-30,Crystal Palace,Brentford,home,2023,7,0.13298330423459467,0.1508112330969517,5.716080230216403,5.814998119954621,5.507023039882154
2023-12-30,Crystal Palace,Brentford,away,2023,4,0.13298330423459467,-0.1508112330969517,4.103979740126713,4.034167677070551,4.328944223578228
2023-12-30,Man City,Sheffield United,home,2023,12,0.13298330423459467,0.8594586934958198,8.110080795157733,8.94312312213865,8.279479236439393
2023-12-30,Man City,Sheffield United,away,2023,2,0.13298330423459467,-0.8594586934958198,2.7887150250844472,2.528949211502822,2.846747768220774
2023-12-30,Wolves,Everton,home,2023,5,0.13298330423459467,0.013297663073412513,5.873022448488058,5.881913997150001,5.240905406591563
2023-12-30,Wolves,Everton,away,2023,2,0.13298330423459467,-0.013297663073412513,5.132593311094563,5.124834492585881,4.91844104492542
2023-12-30,Nott'm Forest,Man United,home,2023,4,0.13298330423459467,-0.15103380956606616,4.692418587797239,4.612479900231293,4.559813564267495
2023-12-30,Nott'm Forest,Man United,away,2023,5,0.13298330423459467,0.15103380956606616,5.187637959736196,5.277544686494572,5.288803940280112
2023-12-31,Fulham,Arsenal,home,2023,5,0.13299815562973252,-0.4431148552079799,4.270488905244598,4.060544121396062,3.91489780399152
2023-12-31,Fulham,Arsenal,away,2023,4,0.13299815562973252,0.4431148552079799,5.430859115727355,5.7116541296653445,6.067832511103725
2023-12-31,Tottenham,Bournemouth,home,2023,4,0.13299815562973252,0.3021073234584062,7.215204771382084,7.467498472750666,6.311579584974955
2023-12-31,Tottenham,Bournemouth,away,2023,13,0.13299815562973252,-0.3021073234584062,4.516933809230411,4.3643266203938715,4.184639635671295
2024-01-01,Liverpool,Newcastle,home,2023,7,0.13312250267221842,0.5108877721943048,6.3441753899646836,6.7238352071571335,6.621408072404666
2024-01-01,Liverpool,Newcastle,away,2023,3,0.13312250267221842,-0.5108877721943048,4.049355410057485,3.8207094829393973,3.7037756581099734
2024-01-02,West Ham,Brighton,home,2023,2,0.1330577670511762,0.03702406564266775,4.765907318089308,4.786024008799896,4.959985450792372
2024-01-02,West Ham,Brighton,away,2023,0,0.1330577670511762,-0.03702406564266775,4.074741989927281,4.057614970884732,4.531550585958833
2024-01-12,Burnley,Luton,home,2023,2,0.133353471091002,0.21671009034012073,6.710452227336041,6.8779493656771,5.9523427756324345
2024-01-12,Burnley,Luton,away,2023,8,0.133353471091002,-0.21671009034012073,4.113840465851471,4.013657043586056,4.213488668267938
2024-01-13,Chelsea,Fulham,home,2023,6,0.13336402594111782,0.4016994566435731,5.371692954499563,5.622873299406566,6.00399384669573
2024-01-13,Chelsea,Fulham,away,2023,4,0.13336402594111782,-0.4016994566435731,3.937491142907145,3.7615987955821444,3.8445348470612535
2024-01-13,Newcastle,Man City,home,2023,3,0.13336402594111782,-0.43658093488974326,4.855879687676793,4.620589436670453,4.086039834744332
2024-01-13,Newcastle,Man City,away,2023,13,0.13336402594111782,0.43658093488974326,4.912508138203341,5.1626635109649275,5.864906743654563
2024-01-14,Everton,Aston Villa,home,2023,4,0.13351789581296886,-0.04769747677712627,5.4149801329361456,5.385676169218858,4.980232300006425
2024-01-14,Everton,Aston Villa,away,2023,5,0.13351789581296886,0.04769747677712627,6.238118101052583,6.272060280410149,5.362840531651445
2024-01-14,Man United,Tottenham,home,2023,8,0.13351789581296886,0.11628939192188192,8.134433984989855,8.242765617935992,6.058250715226969
2024-01-14,Man United,Tottenham,away,2023,13,0.13351789581296886,-0.11628939192188192,4.869470732223493,4.805473071674061,4.632859436927558
2024-01-20,Arsenal,Crystal Palace,home,2023,6,0.13361912992779668,0.6602277440650259,6.676669412650786,7.197477635108411,7.164821131429132
2024-01-20,Arsenal,Crystal Palace,away,2023,7,0.13361912992779668,-0.6602277440650259,3.0369646201900933,2.817210391598583,3.1795536178474446
2024-01-20,Brentford,Nott'm Forest,home,2023,6,0.13361912992779668,0.26886887154845873,5.932966837998042,6.11724903185038,5.855599969098968
2024-01-20,Brentford,Nott'm Forest,away,2023,4,0.13361912992779668,-0.26886887154845873,4.220302602785368,4.093165940813185,4.154802065512574
2024-01-21,Sheffield United,West Ham,home,2023,4,0.1333605785759155,-0.16046213093709888,5.4581250939539405,5.35939037327582,4.760783061330848
2024-01-21,Sheffield United,West Ham,away,2023,1,0.1333605785759155,0.16046213093709888,5.716506361606047,5.821820141636383,5.472959814803982
2024-01-21,Bournemouth,Liverpool,home,2023,8,0.1333605785759155,-0.3421360521477519,4.842541362064545,4.657674374806029,4.248362536356923
2024-01-21,Bournemouth,Liverpool,away,2023,5,0.1333605785759155,0.3421360521477519,6.631957630280142,6.895185569392368,6.188525702878341
2024-01-22,Brighton,Wolves,home,2023,8,0.1333475983682496,0.3880597014925373,6.782543234187223,7.08868660891372,6.419560808297326
2024-01-22,Brighton,Wolves,away,2023,2,0.1333475983682496,-0.3880597014925373,3.323498934267744,3.1799649856294696,3.667731808109637
2024-01-30,Nott'm Forest,Arsenal,home,2023,2,0.13335812245864487,-0.5738674913347863,3.074806542431983,2.8804757430028314,3.3444510013487436
2024-01-30,Nott'm Forest,Arsenal,away,2023,11,0.13335812245864487,0.5738674913347863,6.558920450456389,7.001416887937463,6.800087660771124
2024-01-30,Fulham,Everton,home,2023,15,0.13335812245864487,0.0729683091840368,6.216464690163219,6.268284221820406,5.470444021679983
2024-01-30,Fulham,Everton,away,2023,6,0.13335812245864487,-0.0729683091840368,4.028690193001868,3.995385251552894,4.447621052724156
2024-01-30,Luton,Brighton,home,2023,7,0.13335812245864487,-0.31964830870680183,5.010296963097778,4.83137027891136,4.334587094855076
2024-01-30,Luton,Brighton,away,2023,4,0.13335812245864487,0.31964830870680183,4.071299801873658,4.222077765851656,5.265420470026212
2024-01-30,Crystal Palace,Sheffield United,home,2023,11,0.13335812245864487,0.4250782733665247,6.832176542215675,7.17069573071215,6.535360691065282
2024-01-30,Crystal Palace,Sheffield United,away,2023,1,0.13335812245864487,-0.4250782733665247,3.459855484518646,3.2965202218163183,3.656469132614046
2024-01-30,Aston Villa,Newcastle,home,2023,8,0.13335812245864487,0.2720747149189701,5.034539906905946,5.192809870367958,5.571028238578778
2024-01-30,Aston Villa,Newcastle,away,2023,7,0.13335812245864487,-0.2720747149189701,4.239268831630725,4.110061535419763,4.154992660112323
2024-01-31,Man City,Burnley,home,2023,7,0.13390243947996713,0.8343589645630299,7.636794043144047,8.397209394513956,8.0402538796905
2024-01-31,Man City,Burnley,away,2023,3,0.13390243947996713,-0.8343589645630299,3.2639828165248383,2.9684104991410893,3.0216367299175078
2024-01-31,Tottenham,Brentford,home,2023,5,0.13390243947996713,0.3734345011775289,6.304047423888513,6.577639649250521,6.2362892968876595
2024-01-31,Tottenham,Brentford,away,2023,3,0.13390243947996713,-0.3734345011775289,4.795096270268731,4.595647664178342,4.137015921437691
2024-01-31,Liverpool,Chelsea,home,2023,8,0.13390243947996713,0.42024344841850453,6.5414790221924175,6.861819494452847,6.434278364571345
2024-01-31,Liverpool,Chelsea,away,2023,1,0.13390243947996713,-0.42024344841850453,3.8635289687423175,3.6831621293873495,3.792122116692604
2024-02-01,West Ham,Bournemouth,home,2023,1,0.13386787202906072,0.04590080718661427,6.214962185134788,6.247501253574267,5.407969918766019
2024-02-01,West Ham,Bournemouth,away,2023,5,0.13386787202906072,-0.04590080718661427,4.658272598649287,4.634010762637573,4.706900950549811
2024-02-01,Wolves,Man United,home,2023,4,0.13386787202906072,-0.022359976890526656,6.067526096540988,6.052111128853444,5.215399428636473
2024-02-01,Wolves,Man United,away,2023,5,0.13386787202906072,0.022359976890526656,4.969864314936791,4.982522756957292,4.94305395473255
2024-02-03,Everton,Tottenham,home,2023,9,0.13384902004031674,-0.08398197460057355,6.390162293958473,6.329399628865885,5.16437039919996
2024-02-03,Everton,Tottenham,away,2023,5,0.13384902004031674,0.08398197460057355,5.504773562211106,5.557619761216413,5.237355559495157
2024-02-03,Brighton,Crystal Palace,home,2023,3,0.13384902004031674,0.36562780733881567,6.782066348162165,7.070122321640739,6.359001175451865
2024-02-03,Brighton,Crystal Palace,away,2023,2,0.13384902004031674,-0.36562780733881567,3.4645693515378935,3.3234133924413216,3.750857285862118
2024-02-03,Burnley,Fulham,home,2023,2,0.13384902004031674,-0.06854117729551584,5.480797643885125,5.438226524615048,4.955284179156074
2024-02-03,Burnley,Fulham,away,2023,13,0.13384902004031674,0.06854117729551584,4.04657951429353,4.0782566462333465,4.727541833172378
2024-02-03,Newcastle,Luton,home,2023,8,0.13384902004031674,0.5339146076398431,6.223611031872754,6.613357939491213,6.646139375851579
2024-02-03,Newcastle,Luton,away,2023,2,0.13384902004031674,-0.5339146076398431,4.60825070148665,4.33667134998807,3.8188000670922047
2024-02-03,Sheffield United,Aston Villa,home,2023,3,0.13384902004031674,-0.4003340083421406,4.583631133535817,4.37955522830663,4.075021381168938
2024-02-03,Sheffield United,Aston Villa,away,2023,4,0.13384902004031674,0.4003340083421406,6.376065081545049,6.673173163412901,6.264938447388715
2024-02-04,Bournemouth,Nott'm Forest,home,2023,11,0.13414080092614997,0.35736699992702337,6.352035276476012,6.615606205862385,6.208846166160855
2024-02-04,Bournemouth,Nott'm Forest,away,2023,6,0.13414080092614997,-0.35736699992702337,4.7410337021607525,4.552147208580874,4.15044174307495
2024-02-04,Chelsea,Wolves,home,2023,10,0.13414080092614997,0.40589247747291696,5.8144862241096,6.089275609848961,6.1649281616934175
2024-02-04,Chelsea,Wolves,away,2023,1,0.13414080092614997,-0.40589247747291696,3.951821933110279,3.7734889439129566,3.842092474984502
2024-02-04,Man United,West Ham,home,2023,5,0.13414080092614997,0.38359100930406687,7.771551281609865,8.118207251681875,6.685120013631696
2024-02-04,Man United,West Ham,away,2023,8,0.13414080092614997,-0.38359100930406687,5.181994930873149,4.960718308587124,4.220165867671371
2024-02-04,Arsenal,Liverpool,home,2023,2,0.13414080092614997,0.11385484963245168,6.174024090226476,6.25451511019857,5.553682632230613
2024-02-04,Arsenal,Liverpool,away,2023,4,0.13414080092614997,-0.11385484963245168,4.101479007609957,4.04869598240336,4.396079906847108
2024-02-05,Brentford,Man City,home,2023,8,0.13422438443619078,-0.540903563921539,4.047750859669751,3.806176093931137,3.694598882489493
2024-02-05,Brentford,Man City,away,2023,13,0.13422438443619078,0.540903563921539,6.139740909613048,6.5294250533132026,6.56963316083915
2024-02-10,Man City,Everton,home,2023,9,0.13441830631244642,0.7274906714614388,7.742763082983606,8.410847137465096,7.719142852489158
2024-02-10,Man City,Everton,away,2023,0,0.13441830631244642,-0.7274906714614388,3.206330917051554,2.9516480623921892,3.143374609237916
2024-02-10,Fulham,Bournemouth,home,2023,1,0.13441830631244642,0.06656749721085908,7.234388750379474,7.289383530023691,5.719711456334555
2024-02-10,Fulham,Bournemouth,away,2023,14,0.13441830631244642,-0.06656749721085908,4.6490188727347626,4.613944333521016,4.663180454943267
2024-02-10,Liverpool,Burnley,home,2023,9,0.13441830631244642,0.7648141698591969,7.6093975390112725,8.301147250500604,7.7992152850692325
2024-02-10,Liverpool,Burnley,away,2023,3,0.13441830631244642,-0.7648141698591969,3.3943520822316966,3.1114945442648345,3.149743787148036
2024-02-10,Luton,Sheffield United,home,2023,13,0.13441830631244642,0.3335741789147314,7.747753307129447,8.047425705492891,6.539385101054912
2024-02-10,Luton,Sheffield United,away,2023,1,0.13441830631244642,-0.3335741789147314,3.641281812218815,3.5056866922738124,3.861284301469929
2024-02-10,Tottenham,Brighton,home,2023,9,0.13441830631244642,0.27741417437243887,5.06097159763046,5.2232443759422855,5.592701035647426
2024-02-10,Tottenham,Brighton,away,2023,6,0.13441830631244642,-0.27741417437243887,4.176420111280836,4.046669472391255,4.126399047021183
2024-02-10,Wolves,Brentford,home,2023,7,0.13441830631244642,0.16895030700918823,5.849793464055162,5.963318544723583,5.589427145392171
2024-02-10,Wolves,Brentford,away,2023,4,0.13441830631244642,-0.16895030700918823,4.742405044849335,4.652122778148152,4.493961347644356
2024-02-10,Nott'm Forest,Newcastle,home,2023,4,0.13441830631244642,-0.15973548536668836,3.9882346574350254,3.9164132573556643,4.318648975965233
2024-02-10,Nott'm Forest,Newcastle,away,2023,4,0.13441830631244642,0.15973548536668836,6.101868768821246,6.213768287406056,5.583652317060047
2024-02-11,West Ham,Arsenal,home,2023,2,0.1352092641272382,-0.45241899700065213,3.5801770246288904,3.4005678085193263,3.691089308058933
2024-02-11,West Ham,Arsenal,away,2023,6,0.1352092641272382,0.45241899700065213,5.6628689243206205,5.961967047251834,6.171613103822927
2024-02-11,Aston Villa,Man United,home,2023,10,0.1352092641272382,0.13348361765000316,5.836033965341419,5.925335598423452,5.502439116822125
2024-02-11,Aston Villa,Man United,away,2023,8,0.1352092641272382,-0.13348361765000316,4.033136039282679,3.9723520332517337,4.3370829791363015
2024-02-12,Crystal Palace,Chelsea,home,2023,1,0.13516503112811423,-0.2923076923076924,5.577648907435079,5.395216430084124,4.533894838854515
2024-02-12,Crystal Palace,Chelsea,away,2023,7,0.13516503112811423,0.2923076923076924,4.127279144287653,4.266837912461034,5.227278741448832
2024-02-17,Brentford,Liverpool,home,2023,1,0.13523049328781214,-0.4208329932250428,4.757057881996164,4.534672959323848,4.086985371761881
2024-02-17,Brentford,Liverpool,away,2023,6,0.13523049328781214,0.4208329932250428,6.141770357975708,6.442968953416028,6.246014424901971
2024-02-17,Burnley,Arsenal,home,2023,4,0.13523049328781214,-0.6381958058383741,3.89210684946814,3.619535619220215,3.503063454103192
2024-02-17,Burnley,Arsenal,away,2023,6,0.13523049328781214,0.6381958058383741,6.555948128818657,7.0496476071231875,6.986032119440845
2024-02-17,Fulham,Aston Villa,home,2023,4,0.13523049328781214,-0.09264755365845362,5.837166710331842,5.77596533497068,5.002427091259554
2024-02-17,Fulham,Aston Villa,away,2023,4,0.13523049328781214,0.09264755365845362,5.852272430711492,5.914282346106799,5.35776024870264
2024-02-17,Newcastle,Bournemouth,home,2023,4,0.13523049328781214,0.2681747589884842,6.557931506271009,6.76109163029849,6.039467345001888
2024-02-17,Newcastle,Bournemouth,away,2023,2,0.13523049328781214,-0.2681747589884842,5.165201731426748,5.009995578077028,4.42609729278444
2024-02-17,Nott'm Forest,West Ham,home,2023,5,0.13523049328781214,0.06405283572701537,4.57019642187767,4.603621191563059,4.951695213172261
2024-02-17,Nott'm Forest,West Ham,away,2023,3,0.13523049328781214,-0.06405283572701537,5.651148864161472,5.610118479300828,4.960907777025525
2024-02-17,Tottenham,Wolves,home,2023,10,0.13523049328781214,0.4404821148967677,6.161536123715425,6.478169170307913,6.369522756883854
2024-02-17,Tottenham,Wolves,away,2023,4,0.13523049328781214,-0.4404821148967677,4.280269853499047,4.071063386622084,3.8818649508873304
2024-02-17,Man City,Chelsea,home,2023,12,0.13523049328781214,0.5954468756051008,6.599350380756083,7.0618900702516685,6.946541725968894
2024-02-17,Man City,Chelsea,away,2023,1,0.13523049328781214,-0.5954468756051008,3.26211900367073,3.048456726851723,3.341224509279394
2024-02-18,Sheffield United,Brighton,home,2023,5,0.1353799968649361,-0.3866204734801617,4.189624801553047,4.009341369531839,3.985440122296971
2024-02-18,Sheffield United,Brighton,away,2023,10,0.1353799968649361,0.3866204734801617,4.432107705364632,4.631401183910231,5.561430949089173
2024-02-18,Luton,Man United,home,2023,8,0.1353799968649361,-0.29422680871787854,7.094969406291745,6.861410539118339,4.882982661308287
2024-02-18,Luton,Man United,away,2023,6,0.1353799968649361,0.29422680871787854,4.564752064459055,4.7201338646041195,5.3983601855527965
2024-02-19,Everton,Crystal Palace,home,2023,3,0.13520831329448205,0.3662110751021559,5.315184193201536,5.541304692661695,5.895377938828318
2024-02-19,Everton,Crystal Palace,away,2023,6,0.13520831329448205,-0.3662110751021559,4.717986988972574,4.525463091882813,4.128721802803271
2024-02-20,Man City,Brentford,home,2023,10,0.13514270260754951,0.753921110237392,7.80183970128159,8.500542911724798,7.8241423732755555
2024-02-20,Man City,Brentford,away,2023,1,0.13514270260754951,-0.753921110237392,2.8451002613228873,2.6112468819255277,2.9948856576841565
2024-02-21,Liverpool,Luton,home,2023,13,0.13530126202919224,0.7288270679545326,7.318159230457583,7.950815076057144,7.588931918727793
2024-02-21,Liverpool,Luton,away,2023,4,0.13530126202919224,-0.7288270679545326,3.429033629326743,3.1561813305877244,3.208039079482425
2024-02-24,Aston Villa,Nott'm Forest,home,2023,7,0.13551374420537193,0.44824640581554887,6.62134932903009,6.967763542502597,6.535354747636605
2024-02-24,Aston Villa,Nott'm Forest,away,2023,2,0.13551374420537193,-0.44824640581554887,3.8591374713867377,3.667273889381117,3.746291192486825
2024-02-24,Brighton,Everton,home,2023,11,0.13551374420537193,0.2875467006818137,7.624410100283574,7.877951810399761,6.381726040019321
2024-02-24,Brighton,Everton,away,2023,3,0.13551374420537193,-0.2875467006818137,3.182952508737871,3.0805132908159405,3.7753040172796535
2024-02-24,Crystal Palace,Burnley,home,2023,12,0.13551374420537193,0.23272176638377295,6.170810763647953,6.336369818835066,5.838121081378222
2024-02-24,Crystal Palace,Burnley,away,2023,3,0.13551374420537193,-0.23272176638377295,3.994506349254094,3.890136384111653,4.146926999933575
2024-02-24,Man United,Fulham,home,2023,10,0.13551374420537193,0.4264279772368229,6.105486240976448,6.408983562542639,6.313890474003314
2024-02-24,Man United,Fulham,away,2023,9,0.13551374420537193,-0.4264279772368229,5.29198174413961,5.041380027120014,4.171855810102472
2024-02-24,Bournemouth,Man City,home,2023,3,0.13551374420537193,-0.5381070702507342,4.756506662893235,4.47405565035437,3.889703747061194
2024-02-24,Bournemouth,Man City,away,2023,8,0.13551374420537193,0.5381070702507342,7.327226514021759,7.789800677090817,6.933604051413887
2024-02-24,Arsenal,Newcastle,home,2023,9,0.13551374420537193,0.5665093460845806,6.184897090578529,6.596635714102939,6.725002928314839
2024-02-24,Arsenal,Newcastle,away,2023,0,0.13551374420537193,-0.5665093460845806,3.7364675187231624,3.503250457833519,3.5283994709298088
2024-02-25,Wolves,Sheffield United,home,2023,5,0.13590617072596184,0.5164734768457717,7.518845748085601,7.973867833695739,6.997836447257971
2024-02-25,Wolves,Sheffield United,away,2023,6,0.13590617072596184,-0.5164734768457717,3.680723573829419,3.4706861676360408,3.5867750320027354
2024-02-26,West Ham,Brentford,home,2023,1,0.1357707004867583,0.03227692667524268,5.410037261105645,5.429939499357882,5.149534217507535
2024-02-26,West Ham,Brentford,away,2023,7,0.1357707004867583,-0.03227692667524268,3.9950543751984045,3.980411389946866,4.512767654196516
2024-03-02,Brentford,Chelsea,home,2023,0,0.13583557587456493,-0.12568219070629627,5.139562482718366,5.066598148405354,4.741405155143569
2024-03-02,Brentford,Chelsea,away,2023,6,0.13583557587456493,0.12568219070629627,5.204101489972587,5.279046016811115,5.237751060729783
2024-03-02,Everton,West Ham,home,2023,4,0.13583557587456493,0.18642297650130552,5.925769147238539,6.052788403430295,5.653438599590302
2024-03-02,Everton,West Ham,away,2023,5,0.13583557587456493,-0.18642297650130552,5.076275873673233,4.969748973553496,4.5565692409216645
2024-03-02,Fulham,Brighton,home,2023,2,0.13583557587456493,0.004240743761213528,5.444403642258757,5.447030938187266,5.09908208729261
2024-03-02,Fulham,Brighton,away,2023,6,0.13583557587456493,-0.004240743761213528,4.513676891827948,4.511499785610804,4.743454206914432
2024-03-02,Newcastle,Wolves,home,2023,3,0.13583557587456493,0.25239616613418536,6.413278859189946,6.600099498818235,5.957871994243307
2024-03-02,Newcastle,Wolves,away,2023,5,0.13583557587456493,-0.25239616613418536,3.6983470140532897,3.593662599090073,4.015120949748922
2024-03-02,Nott'm Forest,Liverpool,home,2023,3,0.13583557587456493,-0.45310657800783316,3.5504964589874404,3.3721124604869086,3.6804591160646707
2024-03-02,Nott'm Forest,Liverpool,away,2023,12,0.13583557587456493,0.45310657800783316,6.321723997182175,6.656141789366749,6.388812889878334
2024-03-02,Tottenham,Crystal Palace,home,2023,11,0.13583557587456493,0.48915110117423366,5.694048203361559,6.019896944820512,6.343639144367728
2024-03-02,Tottenham,Crystal Palace,away,2023,1,0.13583557587456493,-0.48915110117423366,4.757511533013458,4.49999397752728,3.930397513609409
2024-03-02,Luton,Aston Villa,home,2023,8,0.13583557587456493,-0.328356331752192,6.084530008842293,5.861430883744885,4.5882136585847935
2024-03-02,Luton,Aston Villa,away,2023,6,0.13583557587456493,0.328356331752192,5.4231142969992385,5.629530115757603,5.778699656908362
2024-03-03,Burnley,Bournemouth,home,2023,7,0.13607977382821795,-0.23130841121495327,5.774614256132844,5.624637283066878,4.702579947310744
2024-03-03,Burnley,Bournemouth,away,2023,2,0.13607977382821795,0.23130841121495327,5.803337350449639,5.958079234361223,5.665435223628195
2024-03-03,Man City,Man United,home,2023,15,0.13607977382821795,0.6585080081566861,8.201945577232115,8.840002048129493,7.633729948399004
2024-03-03,Man City,Man United,away,2023,2,0.13607977382821795,-0.6585080081566861,3.0655329861738263,2.844267974250956,3.191157025004277
2024-03-04,Sheffield United,Arsenal,home,2023,0,0.13660349822014714,-0.7598404183488031,3.241277078804351,2.9728572542151586,3.143490761778369
2024-03-04,Sheffield United,Arsenal,away,2023,7,0.13660349822014714,0.7598404183488031,6.925993204593891,7.551342396334288,7.480539419055432
2024-03-09,Man United,Everton,home,2023,5,0.13675394410829167,0.2840795354887507,8.109281044212873,8.375642244244592,6.496023776824082
2024-03-09,Man United,Everton,away,2023,8,0.13675394410829167,-0.2840795354887507,4.950139954617532,4.79271617979681,4.338637079905353
2024-03-09,Bournemouth,Sheffield United,home,2023,10,0.13675394410829167,0.6030013725051545,7.587195183575643,8.125952399482584,7.278305714237877
2024-03-09,Bournemouth,Sheffield United,away,2023,3,0.13675394410829167,-0.6030013725051545,4.335763106151754,4.048298505688295,3.6393959652326267
2024-03-09,Crystal Palace,Luton,home,2023,8,0.13675394410829167,0.3255431174245349,6.565770008928641,6.813496858236485,6.18961264956277
2024-03-09,Crystal Palace,Luton,away,2023,6,0.13675394410829167,-0.3255431174245349,4.050156294811234,3.9028996835595473,4.005021664188466
2024-03-09,Wolves,Fulham,home,2023,3,0.13675394410829167,0.033856589375507784,5.22093964469411,5.24108803783559,5.096147457989778
2024-03-09,Wolves,Fulham,away,2023,4,0.13675394410829167,-0.033856589375507784,5.271557867423772,5.2512923386606305,4.916760442248039
2024-03-09,Arsenal,Brentford,home,2023,10,0.13675394410829167,0.7001269273895645,6.9920364990011885,7.571736143892611,7.391906356058251
2024-03-09,Arsenal,Brentford,away,2023,4,0.13675394410829167,-0.7001269273895645,3.0677893435584984,2.8329163422723918,3.136375422059901
2024-03-10,Aston Villa,Tottenham,home,2023,6,0.13649540736266366,0.030330513388542868,6.830199496778589,6.8538083301298505,5.532976668077977
2024-03-10,Aston Villa,Tottenham,away,2023,4,0.13649540736266366,-0.030330513388542868,4.577147024689276,4.561380447025429,4.7120291428088175
2024-03-10,Brighton,Nott'm Forest,home,2023,6,0.13649540736266366,0.3125583376662428,8.0151468063966,8.30528088913934,6.550604105870653
2024-03-10,Brighton,Nott'm Forest,away,2023,3,0.13649540736266366,-0.3125583376662428,3.0236217768888967,2.9179955202326284,3.676398219520322
2024-03-10,West Ham,Burnley,home,2023,4,0.13649540736266366,0.38043462904515546,5.606033373368023,5.853992288796956,6.03012102115208
2024-03-10,West Ham,Burnley,away,2023,4,0.13649540736266366,-0.38043462904515546,4.219009235906926,4.040303678620459,3.9635384605958484
2024-03-10,Liverpool,Man City,home,2023,7,0.13649540736266366,-0.10096597435366339,5.702017001977589,5.636895627737789,4.948657708351277
2024-03-10,Liverpool,Man City,away,2023,4,0.13649540736266366,0.10096597435366339,4.841407490559777,4.897338827568875,5.068070314747485
2024-03-11,Chelsea,Newcastle,home,2023,0,0.13615131562065894,0.2233627591870253,5.869668766883187,6.0207344650666075,5.725169346720465
2024-03-11,Chelsea,Newcastle,away,2023,4,0.13615131562065894,-0.2233627591870253,4.3341890968094035,4.225440354315038,4.270566569131161
2024-03-13,Bournemouth,Luton,home,2023,11,0.13634025781294606,0.479396984924623,6.903591689258696,7.290563287331523,6.708442662867739
2024-03-13,Bournemouth,Luton,away,2023,3,0.13634025781294606,-0.479396984924623,5.375738918563187,5.090403177255865,4.099744889562729
2024-03-16,Burnley,Brentford,home,2023,5,0.13642806368270172,-0.15081857667891746,6.1096891627046235,6.0057533190079635,4.951151554014194
2024-03-16,Burnley,Brentford,away,2023,4,0.13642806368270172,0.15081857667891746,4.565855536991098,4.644872443318617,5.0820505370892715
2024-03-16,Luton,Nott'm Forest,home,2023,6,0.13642806368270172,-0.054903801032379185,7.609984803632981,7.562599633390961,5.520584130427095
2024-03-16,Luton,Nott'm Forest,away,2023,7,0.13642806368270172,0.054903801032379185,4.0144883801792925,4.0396420607324055,4.688792726180147
2024-03-16,Fulham,Tottenham,home,2023,4,0.13642806368270172,-0.1944346563304183,6.85984682468421,6.709772801495335,5.0395803119806635
2024-03-16,Fulham,Tottenham,away,2023,5,0.13642806368270172,0.1944346563304183,5.2553604990940155,5.372904433402963,5.4082752101847085
2024-03-17,West Ham,Aston Villa,home,2023,7,0.13609446986200402,-0.020163485634192235,4.495974754262677,4.485673186357869,4.754658615809221
2024-03-17,West Ham,Aston Villa,away,2023,11,0.13609446986200402,0.020163485634192235,5.411427334077348,5.423854941668884,5.071230110552756
2024-03-30,Newcastle,West Ham,home,2023,3,0.1361013180287442,0.2735211048635763,6.267051835799554,6.465131812785424,5.968115770618886
2024-03-30,Newcastle,West Ham,away,2023,4,0.1361013180287442,-0.2735211048635763,4.370044032822191,4.2361537663102515,4.191962217899054
2024-03-30,Bournemouth,Everton,home,2023,9,0.1361013180287442,0.1392188945009603,7.186032262473664,7.300753286681958,5.8852873132882
2024-03-30,Bournemouth,Everton,away,2023,8,0.1361013180287442,-0.1392188945009603,4.982382386130522,4.904091285487943,4.621186434719474
2024-03-30,Chelsea,Burnley,home,2023,12,0.1361013180287442,0.6359841850807001,6.549723819177034,7.041182739224748,7.0496694123426344
2024-03-30,Chelsea,Burnley,away,2023,4,0.1361013180287442,-0.6359841850807001,3.892492378119126,3.6208050535184566,3.4705210423193646
2024-03-30,Nott'm Forest,Crystal Palace,home,2023,4,0.1361013180287442,0.1346780781652021,4.090586133086642,4.153743738706713,4.928098962019092
2024-03-30,Nott'm Forest,Crystal Palace,away,2023,6,0.1361013180287442,-0.1346780781652021,5.257434778195162,5.177495568368538,4.708225836324252
2024-03-30,Sheffield United,Fulham,home,2023,2,0.1361013180287442,-0.34800865325550556,4.067193361531026,3.90931306964597,4.013576678840653
2024-03-30,Sheffield United,Fulham,away,2023,15,0.1361013180287442,0.34800865325550556,5.643406013544722,5.871318839345857,5.8995242991469174
2024-03-30,Tottenham,Luton,home,2023,3,0.1361013180287442,0.7018081460148441,7.6203067473115125,8.253673860869464,7.5981781939482715
2024-03-30,Tottenham,Luton,away,2023,6,0.1361013180287442,-0.7018081460148441,4.571340344002789,4.220546662597615,3.5489518803080595
2024-03-30,Aston Villa,Wolves,home,2023,5,0.1361013180287442,0.3870319754997201,5.979322894999394,6.2484807305735295,6.169619424909948
2024-03-30,Aston Villa,Wolves,away,2023,4,0.1361013180287442,-0.3870319754997201,3.6802184520360046,3.5216903752599595,3.787774232600765
2024-03-30,Brentford,Man United,home,2023,14,0.1361013180287442,-0.12254723228835696,5.823541171772923,5.742914514751679,4.93617287416464
2024-03-30,Brentford,Man United,away,2023,4,0.1361013180287442,0.12254723228835696,5.268273505008004,5.342236521502731,5.250849401090791
2024-03-31,Liverpool,Brighton,home,2023,8,0.13668446067523332,0.5696160908957542,6.306702406571118,6.72892766899423,6.774866304287434
2024-03-31,Liverpool,Brighton,away,2023,4,0.13668446067523332,-0.5696160908957542,3.4345191413878573,3.2190106953019084,3.4324544710416087
2024-03-31,Man City,Arsenal,home,2023,7,0.13668446067523332,0.2509599934638743,5.138586923578589,5.287411457160795,5.556970723636303
2024-03-31,Man City,Arsenal,away,2023,4,0.13668446067523332,-0.2509599934638743,3.810329150186927,3.7030799861743047,4.055073044047395
2024-04-02,Newcastle,Everton,home,2023,7,0.13649054827384013,0.2073255400057093,6.687370573013798,6.846977559269631,5.922478053685477
2024-04-02,Newcastle,Everton,away,2023,3,0.13649054827384013,-0.2073255400057093,4.217484460059303,4.119172470802151,4.263119089690343
2024-04-02,Nott'm Forest,Fulham,home,2023,3,0.13649054827384013,-0.012220886393612906,3.72477411525636,3.7195990878246388,4.4988954059399315
2024-04-02,Nott'm Forest,Fulham,away,2023,8,0.13649054827384013,0.012220886393612906,6.508026146515786,6.517080674447256,5.353432996515232
2024-04-02,Bournemouth,Crystal Palace,home,2023,9,0.13649054827384013,0.22271854605765173,6.130558340688473,6.287877614445519,5.801709326020413
2024-04-02,Bournemouth,Crystal Palace,away,2023,2,0.13649054827384013,-0.22271854605765173,5.118530078636763,4.990467243440225,4.498987197747085
2024-04-02,Burnley,Wolves,home,2023,7,0.13649054827384013,0.036685782361391805,5.72967095746622,5.753634219886006,5.252231771248842
2024-04-02,Burnley,Wolves,away,2023,4,0.13649054827384013,-0.036685782361391805,4.2526523802284215,4.234940544356874,4.592958704866657
2024-04-02,West Ham,Tottenham,home,2023,9,0.13649054827384013,-0.18683545361492349,5.542711863355014,5.426142056991167,4.730763157673069
2024-04-02,West Ham,Tottenham,away,2023,5,0.13649054827384013,0.18683545361492349,5.205552145595372,5.317383019032814,5.3750027317434075
2024-04-03,Arsenal,Luton,home,2023,3,0.13622935754498355,0.8302469714985643,7.7682721236150325,8.537784140927515,8.069138078633038
2024-04-03,Arsenal,Luton,away,2023,1,0.13622935754498355,-0.8302469714985643,3.3359631790056565,3.0352922188145817,3.047524979232539
2024-04-03,Brentford,Brighton,home,2023,1,0.13622935754498355,0.05633325075747464,4.879976569933586,4.911351793156024,5.037518898061814
2024-04-03,Brentford,Brighton,away,2023,5,0.13622935754498355,-0.05633325075747464,4.9202647195615805,4.888832557828663,4.766839072682878
2024-04-03,Man City,Aston Villa,home,2023,2,0.13622935754498355,0.6310394453153004,7.375152379606336,7.924088490872507,7.300075348973536
2024-04-03,Man City,Aston Villa,away,2023,3,0.13622935754498355,-0.6310394453153004,3.7463701829806997,3.48684280869938,3.4365415841928275
2024-04-04,Liverpool,Sheffield United,home,2023,13,0.13652303512034172,0.848685017356204,9.60437793407018,10.577936749801557,8.6879615965088
2024-04-04,Liverpool,Sheffield United,away,2023,1,0.13652303512034172,-0.848685017356204,2.8196321347438014,2.5601223847019696,2.8695490013972718
2024-04-04,Chelsea,Man United,home,2023,12,0.13652303512034172,0.1847895673211261,7.4463743835251694,7.604574653924946,6.0663482060670155
2024-04-04,Chelsea,Man United,away,2023,3,0.13652303512034172,-0.1847895673211261,4.191074515083305,4.103886322222369,4.295396469599727
2024-04-06,Crystal Palace,Man City,home,2023,2,0.13705608167733924,-0.6410542281252511,4.791088759579531,4.454111540520133,3.7329234512036007
2024-04-06,Crystal Palace,Man City,away,2023,9,0.13705608167733924,0.6410542281252511,5.674661424188827,6.1039797312026405,6.686765802580017
2024-04-06,Aston Villa,Brentford,home,2023,11,0.13705608167733924,0.36015193370165743,6.131786597590241,6.388242211232883,6.148154577165165
2024-04-06,Aston Villa,Brentford,away,2023,3,0.13705608167733924,-0.36015193370165743,3.864890474031585,3.709734669757832,3.8898398970926222
2024-04-06,Everton,Burnley,home,2023,3,0.13705608167733924,0.3839139014457057,6.478163422117408,6.767375429467981,6.317309981935231
2024-04-06,Everton,Burnley,away,2023,5,0.13705608167733924,-0.3839139014457057,4.589580657856686,4.393439354807914,4.062936643755549
2024-04-06,Fulham,Newcastle,home,2023,14,0.13705608167733924,0.0635528012311275,5.320530170271404,5.359137737491206,5.190822286387231
2024-04-06,Fulham,Newcastle,away,2023,3,0.13705608167733924,-0.0635528012311275,4.920395351292064,4.884948511972359,4.752392563518933
2024-04-06,Luton,Bournemouth,home,2023,7,0.13705608167733924,-0.24147992057381373,6.843761426125379,6.6583075496174535,4.937003833169445
2024-04-06,Luton,Bournemouth,away,2023,2,0.13705608167733924,0.24147992057381373,5.23804872354474,5.383944123220978,5.510936499790952
2024-04-06,Wolves,West Ham,home,2023,4,0.13705608167733924,0.03338864428580868,5.599233679380065,5.620542742116655,5.207431873741739
2024-04-06,Wolves,West Ham,away,2023,4,0.13705608167733924,-0.03338864428580868,5.005312744958466,4.986336192658748,4.838944447226875
2024-04-06,Brighton,Arsenal,home,2023,8,0.13705608167733924,-0.39989545216936745,4.756918047558137,4.545353705146382,4.123181096039289
2024-04-06,Brighton,Arsenal,away,2023,7,0.13705608167733924,0.39989545216936745,4.400692153762263,4.605523197078681,5.5802576036792475
2024-04-07,Man United,Liverpool,home,2023,6,0.13727686833646405,-0.3842279930979918,5.650287745102638,5.4086225673205925,4.379187889596212
2024-04-07,Man United,Liverpool,away,2023,11,0.13727686833646405,0.3842279930979918,6.927811285290401,7.237356039996693,6.385578323518748
2024-04-07,Sheffield United,Chelsea,home,2023,7,0.13727686833646405,-0.5401256732495512,4.023176792115059,3.783403443548465,3.6888038261388143
2024-04-07,Sheffield United,Chelsea,away,2023,6,0.13727686833646405,0.5401256732495512,6.084768419954303,6.470390868385639,6.549097844051545
2024-04-07,Tottenham,Nott'm Forest,home,2023,12,0.13727686833646405,0.5531408317072735,7.028845067481051,7.485373657057144,6.959153627481283
2024-04-07,Tottenham,Nott'm Forest,away,2023,2,0.13727686833646405,-0.5531408317072735,4.288016036738749,4.026492430434018,3.7038999606736347
2024-04-13,Newcastle,Tottenham,home,2023,16,0.13734953597421581,-0.061278665120014286,6.712987674447381,6.6663513753582935,5.2947331790428205
2024-04-13,Newcastle,Tottenham,away,2023,3,0.13734953597421581,0.061278665120014286,4.5584425228155165,4.59033236433516,4.891317379315403
2024-04-13,Brentford,Sheffield United,home,2023,3,0.13734953597421581,0.5314531620450756,7.156040475502222,7.602050679870649,6.934465784108706
2024-04-13,Brentford,Sheffield United,away,2023,6,0.13734953597421581,-0.5314531620450756,3.843353715479149,3.617865219244844,3.6125438862248425
2024-04-13,Burnley,Brighton,home,2023,4,0.13734953597421581,-0.20052770448548812,4.906449313560885,4.7957845984157,4.528162937293389
2024-04-13,Burnley,Brighton,away,2023,5,0.13734953597421581,0.20052770448548812,4.600026994029463,4.706174521406443,5.201744214370371
2024-04-13,Man City,Luton,home,2023,12,0.13734953597421581,0.836428185108655,8.105937251882219,8.915164848726262,8.198178416684335
2024-04-13,Man City,Luton,away,2023,1,0.13734953597421581,-0.836428185108655,2.8617345767249622,2.601975544376894,2.897767852173959
2024-04-13,Nott'm Forest,Wolves,home,2023,10,0.13734953597421581,0.1596205226917174,4.2614863285663445,4.339579116711057,5.0441192526449905
2024-04-13,Nott'm Forest,Wolves,away,2023,1,0.13734953597421581,-0.1596205226917174,5.057665363166875,4.966650271820416,4.6030739933739815
2024-04-13,Bournemouth,Man United,home,2023,7,0.13734953597421581,0.03846881551164366,8.228615735406672,8.264706671931489,5.883795939918183
2024-04-13,Bournemouth,Man United,away,2023,2,0.13734953597421581,-0.03846881551164366,5.110873854971422,5.088555310441275,4.860099241130811
2024-04-14,Liverpool,Crystal Palace,home,2023,11,0.13821115275183823,0.7246986287944261,7.300176027726279,7.927552972306779,7.569929362262449
2024-04-14,Liverpool,Crystal Palace,away,2023,1,0.13821115275183823,-0.7246986287944261,3.2550319647513333,2.9974326758293532,3.1618956189332446
2024-04-14,West Ham,Fulham,home,2023,8,0.13821115275183823,0.0700484389753353,4.356686943379639,4.391544610240298,4.8907605120617665
2024-04-14,West Ham,Fulham,away,2023,3,0.13821115275183823,-0.0700484389753353,5.753303311443462,5.707636752640671,4.976088582325441
2024-04-14,Arsenal,Aston Villa,home,2023,4,0.13821115275183823,0.6500429475643655,6.087036630622665,6.554252327488067,6.931504781891695
2024-04-14,Arsenal,Aston Villa,away,2023,6,0.13821115275183823,-0.6500429475643655,3.9600969333342855,3.677803949189834,3.4685754353315557
2024-04-15,Chelsea,Everton,home,2023,4,0.1382682232982242,0.34882179871179797,7.273812174443416,7.5682701667378085,6.453355192349496
2024-04-15,Chelsea,Everton,away,2023,8,0.1382682232982242,-0.34882179871179797,4.044161083785965,3.886815279921775,3.964080441597289
2024-04-20,Luton,Brentford,home,2023,4,0.13817943468394425,-0.14046975310702403,7.2112222349852475,7.09689806897479,5.23642704825824
2024-04-20,Luton,Brentford,away,2023,9,0.13817943468394425,0.14046975310702403,4.2190644062792675,4.287029454516456,4.936890752502581
2024-04-20,Sheffield United,Burnley,home,2023,11,0.13817943468394425,-0.040799004732172905,5.13948052304185,5.115680730851516,4.914117842172471
2024-04-20,Sheffield United,Burnley,away,2023,2,0.13817943468394425,0.040799004732172905,5.610818785883623,5.636922119564383,5.173547061271697
2024-04-20,Wolves,Arsenal,home,2023,1,0.13817943468394425,-0.5713921663566168,3.8923678391813885,3.6473933496676443,3.603194296120006
2024-04-20,Wolves,Arsenal,away,2023,2,0.13817943468394425,0.5713921663566168,6.288271063553876,6.710618160792108,6.704372768144329
2024-04-21,Everton,Nott'm Forest,home,2023,6,0.1384589283319456,0.19911451477803044,6.2030237427961605,6.34514087629006,5.765338982570154
2024-04-21,Everton,Nott'm Forest,away,2023,4,0.1384589283319456,-0.19911451477803044,4.377234610754854,4.279194228730352,4.3277527308280455
2024-04-21,Aston Villa,Bournemouth,home,2023,8,0.1384589283319456,0.25746673074692167,6.243204322158694,6.42877805855708,5.920821673373152
2024-04-21,Aston Villa,Bournemouth,away,2023,4,0.1384589283319456,-0.25746673074692167,4.369230716052359,4.243108074738712,4.220184616836698
2024-04-21,Crystal Palace,West Ham,home,2023,4,0.1384589283319456,0.15887259623430178,5.735591848830677,5.840201029268789,5.531640897379342
2024-04-21,Crystal Palace,West Ham,away,2023,0,0.1384589283319456,-0.15887259623430178,4.532778758531652,4.451588013784866,4.44995700051845
2024-04-21,Fulham,Liverpool,home,2023,1,0.1384589283319456,-0.4256410901995342,5.1538456634045495,4.910224926346795,4.181819901466851
2024-04-21,Fulham,Liverpool,away,2023,4,0.1384589283319456,0.4256410901995342,6.191872922082393,6.499082605482367,6.274553634882917
2024-04-23,Arsenal,Chelsea,home,2023,4,0.13855257318662056,0.5213163799551235,6.107526018591208,6.480708106687091,6.572259351910718
2024-04-23,Arsenal,Chelsea,away,2023,2,0.13855257318662056,-0.5213163799551235,3.4889836064647866,3.2880755936120942,3.5202782852765786
2024-04-24,Wolves,Bournemouth,home,2023,8,0.1385844948473796,-0.027995520716685318,5.456206358261426,5.4388563454871575,5.033651848957095
2024-04-24,Wolves,Bournemouth,away,2023,12,0.1385844948473796,0.027995520716685318,5.0193214675146445,5.035333159320368,4.970124632311709
2024-04-24,Crystal Palace,Newcastle,home,2023,7,0.1385844948473796,-0.04705882352941165,5.5841340740790715,5.554318253872937,5.0295551900003375
2024-04-24,Crystal Palace,Newcastle,away,2023,2,0.1385844948473796,0.04705882352941165,4.297204792649286,4.32027237351706,4.773481366375777
2024-04-24,Everton,Liverpool,home,2023,4,0.1385844948473796,-0.538961038961039,4.2870526913699445,4.032087061544843,3.764406841402628
2024-04-24,Everton,Liverpool,away,2023,13,0.1385844948473796,0.538961038961039,6.33532679157876,6.7359358461223,6.628718155977386
2024-04-24,Man United,Sheffield United,home,2023,9,0.1385844948473796,0.6168055852490977,8.859122742106535,9.50311036565423,7.683042445646782
2024-04-24,Man United,Sheffield United,away,2023,4,0.1385844948473796,-0.6168055852490977,4.589573152748624,4.278556212608794,3.682996875746396
2024-04-25,Brighton,Man City,home,2023,4,0.13880874731038384,-0.519724313049787,5.420332620978367,5.1091360001266555,4.082848666637116
2024-04-25,Brighton,Man City,away,2023,4,0.13880874731038384,0.519724313049787,4.959789240395733,5.2618891750440895,6.092276416884409
2024-04-27,West Ham,Liverpool,home,2023,5,0.13874398103024588,-0.4640419754053238,4.1474860734149495,3.9342106326123636,3.8453300571242828
2024-04-27,West Ham,Liverpool,away,2023,8,0.13874398103024588,0.4640419754053238,6.448164364308287,6.797722439761964,6.458065494496132
2024-04-27,Fulham,Crystal Palace,home,2023,5,0.13874398103024588,0.17386687902316017,6.014481817147327,6.13463332602921,5.649694590940126
2024-04-27,Fulham,Crystal Palace,away,2023,9,0.13874398103024588,-0.17386687902316017,4.218853774052563,4.136224280199416,4.324113717142045
2024-04-27,Man United,Burnley,home,2023,6,0.13874398103024588,0.45330967035456715,8.146186753475865,8.577316395689138,6.986268647036576
2024-04-27,Man United,Burnley,away,2023,5,0.13874398103024588,-0.45330967035456715,5.179584041370616,4.919237784854765,4.097342303636717
2024-04-27,Newcastle,Sheffield United,home,2023,4,0.13874398103024588,0.6916924988203813,8.303533974305644,8.983343876936848,7.771024931189173
2024-04-27,Newcastle,Sheffield United,away,2023,5,0.13874398103024588,-0.6916924988203813,3.3063780992867433,3.0561696463398773,3.2218744511389557
2024-04-27,Wolves,Luton,home,2023,4,0.13874398103024588,0.2159023647791652,6.080950417559527,6.232162082454992,5.770433413712183
2024-04-27,Wolves,Luton,away,2023,4,0.13874398103024588,-0.2159023647791652,4.616453424833928,4.504443884798582,4.3690821106579385
2024-04-27,Everton,Brentford,home,2023,6,0.13874398103024588,0.08318981304696821,5.671922021280115,5.725856814049762,5.3393326733547175
2024-04-27,Everton,Brentford,away,2023,6,0.13874398103024588,-0.08318981304696821,5.138739111226434,5.090334682323983,4.777419450681066
2024-04-27,Aston Villa,Chelsea,home,2023,2,0.13874398103024588,0.12837867826550087,5.686355233141101,5.770014505680258,5.446333670034885
2024-04-27,Aston Villa,Chelsea,away,2023,4,0.13874398103024588,-0.12837867826550087,4.091131710701061,4.031814510988271,4.365808138307898
2024-04-28,Bournemouth,Brighton,home,2023,8,0.13814150201827338,0.0978624774658769,5.590990716837835,5.653585290630088,5.348453990213696
2024-04-28,Bournemouth,Brighton,away,2023,2,0.13814150201827338,-0.0978624774658769,4.882016082384266,4.827964060487606,4.6727334223524695
2024-04-28,Tottenham,Arsenal,home,2023,8,0.13814150201827338,-0.29965979486137906,4.5495431521853025,4.397058407204085,4.241811376047525
2024-04-28,Tottenham,Arsenal,away,2023,6,0.13814150201827338,0.29965979486137906,5.7100914609278455,5.908110627289717,5.80169653249428
2024-04-28,Nott'm Forest,Man City,home,2023,4,0.13814150201827338,-0.6306937971033223,3.502622057329754,3.2601083715802037,3.400568376905687
2024-04-28,Nott'm Forest,Man City,away,2023,5,0.13814150201827338,0.6306937971033223,7.280852219316455,7.822461916250663,7.195331265250148
2024-05-02,Chelsea,Tottenham,home,2023,4,0.13793054703137672,0.10611680044284527,7.628764526838755,7.721420703359302,5.912875321396818
2024-05-02,Chelsea,Tottenham,away,2023,9,0.13793054703137672,-0.10611680044284527,4.586186062576329,4.531152347707604,4.566671827856807
2024-05-03,Luton,Everton,home,2023,8,0.137872050237223,-0.005535026824780853,7.251321558766453,7.246756860846898,5.552515602329299
2024-05-03,Luton,Everton,away,2023,7,0.137872050237223,0.005535026824780853,4.897506910320357,4.900591826791796,4.885736870742574
2024-05-04,Arsenal,Bournemouth,home,2023,6,0.13774557281232575,0.723319178876331,6.797865574787346,7.380915562096434,7.399305906516238
2024-05-04,Arsenal,Bournemouth,away,2023,1,0.13774557281232575,-0.723319178876331,3.7618858620527518,3.464718459760305,3.3096808500536974
2024-05-04,Brentford,Fulham,home,2023,7,0.13774557281232575,0.1573124267291911,4.568365036017372,4.6508600574726575,5.149604723508364
2024-05-04,Brentford,Fulham,away,2023,6,0.13774557281232575,-0.1573124267291911,5.971474456237079,5.865554925806258,4.8523133546513595
2024-05-04,Burnley,Newcastle,home,2023,4,0.13774557281232575,-0.1911326431164282,5.629654315012044,5.508562357906721,4.745160445670459
2024-05-04,Burnley,Newcastle,away,2023,11,0.13774557281232575,0.1911326431164282,4.631202251376258,4.733007642317287,5.192099926507625
2024-05-04,Sheffield United,Nott'm Forest,home,2023,5,0.13774557281232575,-0.36326136236946743,5.702102670910467,5.471256307797752,4.430652157574617
2024-05-04,Sheffield United,Nott'm Forest,away,2023,3,0.13774557281232575,0.36326136236946743,5.034526102623481,5.2469456961143335,5.730045423711466
2024-05-04,Man City,Wolves,home,2023,6,0.13774557281232575,0.8411188412315923,7.966923747288224,8.766950538385952,8.170243547845509
2024-05-04,Man City,Wolves,away,2023,0,0.13774557281232575,-0.8411188412315923,2.5213142825366837,2.2912321158842346,2.7801257674170206
2024-05-05,Brighton,Aston Villa,home,2023,7,0.1378007600257231,-0.04200944472835838,6.181265841549839,6.151794571256437,5.20239863263372
2024-05-05,Brighton,Aston Villa,away,2023,3,0.1378007600257231,0.04200944472835838,4.469623790983715,4.491036321803482,4.822085915956214
2024-05-05,Chelsea,West Ham,home,2023,8,0.1378007600257231,0.37131477432562277,6.052803463624238,6.313969024864209,6.152248723873946
2024-05-05,Chelsea,West Ham,away,2023,6,0.1378007600257231,-0.37131477432562277,4.337380573567766,4.157972909807246,4.013263139419062
2024-05-05,Liverpool,Tottenham,home,2023,8,0.1378007600257231,0.47643882604252097,9.146605983644152,9.65605657645351,7.314026899531156
2024-05-05,Liverpool,Tottenham,away,2023,3,0.1378007600257231,-0.47643882604252097,3.7543448891735878,3.5562668006437095,3.6704060492356634
2024-05-06,Crystal Palace,Man United,home,2023,6,0.13756537274804204,0.059111789381657565,7.1051450997781425,7.153087530322063,5.669821590946494
2024-05-06,Crystal Palace,Man United,away,2023,3,0.13756537274804204,-0.059111789381657565,3.9915203024179626,3.9647677729609794,4.460773731453113
2024-05-11,Fulham,Man City,home,2023,1,0.137502635200743,-0.7080546037961604,4.570676230683182,4.216935750829418,3.576090208691805
2024-05-11,Fulham,Man City,away,2023,7,0.137502635200743,0.7080546037961604,6.424337973214013,6.963247866953916,7.149504849746676
2024-05-11,Bournemouth,Brentford,home,2023,3,0.137502635200743,0.2106184364060677,7.0897148043425755,7.261644352424048,6.039673047539553
2024-05-11,Bournemouth,Brentford,away,2023,8,0.137502635200743,-0.2106184364060677,4.805856823162848,4.69207146661687,4.434037846186121
2024-05-11,Everton,Sheffield United,home,2023,3,0.137502635200743,0.5561741669320415,6.80207955861597,7.246379785041871,6.8972102371446535
2024-05-11,Everton,Sheffield United,away,2023,6,0.137502635200743,-0.5561741669320415,4.326142463146042,4.060891933509969,3.7093851631296513
2024-05-11,Newcastle,Brighton,home,2023,8,0.137502635200743,0.4047364455686764,5.425302104930241,5.680951675090164,6.030318334310057
2024-05-11,Newcastle,Brighton,away,2023,4,0.137502635200743,-0.4047364455686764,3.972970985537379,3.7941825742287483,3.8503643619292354
2024-05-11,Tottenham,Burnley,home,2023,9,0.137502635200743,0.5790922991896853,7.6825231293739025,8.20569928441622,7.233405313016794
2024-05-11,Tottenham,Burnley,away,2023,3,0.137502635200743,-0.5790922991896853,4.2951805588682515,4.021329912858247,3.665505859633316
2024-05-11,West Ham,Luton,home,2023,7,0.137502635200743,0.27686566926779305,5.830187611545461,6.016748731752461,5.843464330726865
2024-05-11,West Ham,Luton,away,2023,6,0.137502635200743,-0.27686566926779305,4.418659879722934,4.2816506453794,4.200512999940057
2024-05-11,Wolves,Crystal Palace,home,2023,8,0.137502635200743,-0.053114754098360584,5.2971087313725045,5.265196699449951,4.934910037943661
2024-05-11,Wolves,Crystal Palace,away,2023,3,0.137502635200743,0.053114754098360584,4.770937061251965,4.799853416041724,4.9442161706293755
2024-05-11,Nott'm Forest,Chelsea,home,2023,5,0.137502635200743,-0.189768561967666,4.051289831939189,3.9647631875055667,4.2852126195885045
2024-05-11,Nott'm Forest,Chelsea,away,2023,6,0.137502635200743,0.189768561967666,5.383611903926849,5.501103378436017,5.4383561796841295
2024-05-12,Man United,Arsenal,home,2023,4,0.1370338981752973,-0.554618244716107,5.021477152929185,4.714427715849263,3.9285332003088036
2024-05-12,Man United,Arsenal,away,2023,7,0.1370338981752973,0.554618244716107,6.976291760315567,7.430655807665123,6.876058614096254
2024-05-13,Aston Villa,Liverpool,home,2023,5,0.1369320266692081,-0.3288555813919045,4.747188639822284,4.572865562145025,4.245819221797577
2024-05-13,Aston Villa,Liverpool,away,2023,4,0.1369320266692081,0.3288555813919045,5.606121061980113,5.819833069051946,5.84000565608196
2024-05-14,Tottenham,Man City,home,2023,7,0.1368418035564704,-0.5593275731764611,5.003400186943326,4.694940067974942,3.916337762480717
2024-05-14,Tottenham,Man City,away,2023,4,0.1368418035564704,0.5593275731764611,6.063282355178836,6.46164330751024,6.595052746638529
2024-05-15,Brighton,Chelsea,home,2023,4,0.13674008531988696,-0.1902449361611952,6.1028860046743265,5.972218102441381,4.867849523164911
2024-05-15,Brighton,Chelsea,away,2023,6,0.13674008531988696,0.1902449361611952,3.6623014027077767,3.7424299635587226,4.82406439596728
2024-05-15,Man United,Newcastle,home,2023,9,0.13674008531988696,-0.05863570391872286,6.602264721983807,6.558369300133631,5.273234507822284
2024-05-15,Man United,Newcastle,away,2023,9,0.13674008531988696,0.05863570391872286,5.931866584984148,5.971568799694982,5.303768624078675
2024-05-19,Arsenal,Everton,home,2023,8,0.13658595763730969,0.7562572657810279,7.176013685842412,7.820748569856786,7.63041236602053
2024-05-19,Arsenal,Everton,away,2023,1,0.13658595763730969,-0.7562572657810279,3.3447789064327753,3.0690385957668176,3.1466663912268116
2024-05-19,Brentford,Newcastle,home,2023,3,0.13658595763730969,-0.10575510749098677,5.304701887417485,5.241261728372933,4.828759283977584
2024-05-19,Brentford,Newcastle,away,2023,0,0.13658595763730969,0.10575510749098677,5.628216609481888,5.6963404650241225,5.322305004340605
2024-05-19,Brighton,Man United,home,2023,7,0.13658595763730969,0.11680943861656357,8.16134824635507,8.270527613597594,6.065819859637566
2024-05-19,Brighton,Man United,away,2023,5,0.13658595763730969,-0.11680943861656357,3.5414885757238963,3.4947373284203436,4.194274062659113
2024-05-19,Burnley,Nott'm Forest,home,2023,4,0.13658595763730969,-0.08263367211665934,6.323156981689698,6.2639922204240275,5.150360366567842
2024-05-19,Burnley,Nott'm Forest,away,2023,3,0.13658595763730969,0.08263367211665934,4.444487478164363,4.486466623626338,4.896765142838824
2024-05-19,Chelsea,Bournemouth,home,2023,6,0.13658595763730969,0.5004071163524032,6.627594284108177,7.015844710551262,6.6826156707438535
2024-05-19,Chelsea,Bournemouth,away,2023,5,0.13658595763730969,-0.5004071163524032,4.980723366330028,4.705094692841226,3.968085675317486
2024-05-19,Crystal Palace,Aston Villa,home,2023,2,0.13658595763730969,0.2519779813633107,5.316055952681824,5.470653903235543,5.6184914534919415
2024-05-19,Crystal Palace,Aston Villa,away,2023,4,0.13658595763730969,-0.2519779813633107,4.865614480853469,4.728114642583759,4.374210173564571
2024-05-19,Liverpool,Wolves,home,2023,10,0.13658595763730969,0.7587359745914602,8.010396814165633,8.73255970857102,7.904758513309441
2024-05-19,Liverpool,Wolves,away,2023,2,0.13658595763730969,-0.7587359745914602,2.7573745017867046,2.5293458804403812,2.9597838514894304
2024-05-19,Luton,Fulham,home,2023,4,0.13658595763730969,-0.10149288190630112,5.89900786495102,5.8312871434949995,5.000202932816117
2024-05-19,Luton,Fulham,away,2023,4,0.13658595763730969,0.10149288190630112,5.754887444475233,5.821720910234642,5.3497272450428675
2024-05-19,Man City,West Ham,home,2023,11,0.13658595763730969,0.8298268490325686,7.5353397429591835,8.28138204606667,7.9915310220604905
2024-05-19,Man City,West Ham,away,2023,2,0.13658595763730969,-0.8298268490325686,2.755054862765557,2.506861087430518,2.8716438283229877
2024-05-19,Sheffield United,Tottenham,home,2023,2,0.13658595763730969,-0.5792689979565873,5.931064514302039,5.552802116116855,4.094948848426676
2024-05-19,Sheffield United,Tottenham,away,2023,6,0.13658595763730969,0.5792689979565873,5.981382319009739,6.388840026512792,6.622601912211007
2024-08-16,Man United,Fulham,home,2024,7,0.13678553888338726,0.40651660582881227,6.090831740426304,6.3791339926560156,6.256426965705536
2024-08-16,Man United,Fulham,away,2024,8,0.13678553888338726,-0.40651660582881227,6.540339131996659,6.2447512819418485,4.494061564188568
2024-08-17,Arsenal,Wolves,home,2024,8,0.13666140030795396,0.7559493412317434,6.837062078081698,7.451082548948184,7.515244774662303
2024-08-17,Arsenal,Wolves,away,2024,2,0.13666140030795396,-0.7559493412317434,2.6648211691553834,2.4452215689213546,2.931901898843075
2024-08-17,Everton,Brighton,home,2024,1,0.13666140030795396,0.001342567256320204,4.81436010448183,4.815095497779613,4.901361260738476
2024-08-17,Everton,Brighton,away,2024,5,0.13666140030795396,-0.001342567256320204,5.0067170248107615,5.005952365803346,4.9051883622617165
2024-08-17,Newcastle,Southampton,home,2024,3,0.13666140030795396,0.592327150084317,6.273862788046916,6.711207132881527,6.82892228488316
2024-08-17,Newcastle,Southampton,away,2024,12,0.13666140030795396,-0.592327150084317,4.222195504405106,3.94705076664392,3.625695747845554
2024-08-17,Nott'm Forest,Bournemouth,home,2024,2,0.13666140030795396,0.05971124271399181,4.9350235187522955,4.968661750035071,5.062362513160781
2024-08-17,Nott'm Forest,Bournemouth,away,2024,6,0.13666140030795396,-0.05971124271399181,5.801905512453506,5.762626155289104,5.010939605341445
2024-08-17,West Ham,Aston Villa,home,2024,5,0.13666140030795396,0.04947081738890613,4.8840138569647555,4.911579018929052,5.024261281613339
2024-08-17,West Ham,Aston Villa,away,2024,3,0.13666140030795396,-0.04947081738890613,5.671515284193237,5.63968514631105,4.997096644110158
2024-08-18,Brentford,Crystal Palace,home,2024,4,0.13692048886780275,0.059188812938949786,5.358496896416054,5.394700975815184,5.192775227073822
2024-08-18,Brentford,Crystal Palace,away,2024,7,0.13692048886780275,-0.059188812938949786,4.61738487581194,4.586397399507014,4.667766020441836
2024-08-18,Chelsea,Man City,home,2024,4,0.13692048886780275,-0.28708598031133303,4.9102784595221465,4.752496577483572,4.366970815975525
2024-08-18,Chelsea,Man City,away,2024,3,0.13692048886780275,0.28708598031133303,5.879174419253247,6.074361767540406,5.823744701281891
2024-08-19,Leicester,Tottenham,home,2024,2,0.13679677563110756,-0.3972396061651664,5.908232560239836,5.647169408826604,4.416242823605104
2024-08-19,Leicester,Tottenham,away,2024,13,0.13679677563110756,0.3972396061651664,5.354145326988274,5.601662259985405,5.92528501352562
2024-08-24,Brighton,Man United,home,2024,4,0.13708842442049401,0.027151407125131588,8.017433970833384,8.042237331644143,5.808538158154882
2024-08-24,Brighton,Man United,away,2024,4,0.13708842442049401,-0.027151407125131588,3.711151490131537,3.69970579092655,4.419822754058346
2024-08-24,Crystal Palace,West Ham,home,2024,3,0.13708842442049401,0.1466825806017113,5.873134303131699,5.971964356164177,5.544078775806295
2024-08-24,Crystal Palace,West Ham,away,2024,3,0.13708842442049401,-0.1466825806017113,3.940908800509581,3.875690690935885,4.282037282392814
2024-08-24,Fulham,Leicester,home,2024,7,0.13708842442049401,0.30506403410020294,5.823415536276727,6.029070287073966,5.911201178060448
2024-08-24,Fulham,Leicester,away,2024,5,0.13708842442049401,-0.30506403410020294,4.790057146012777,4.626665783536908,4.256595214036687
2024-08-24,Southampton,Nott'm Forest,home,2024,4,0.13708842442049401,0.035486935866983316,6.07284192487387,6.0974087660493215,5.345605118849014
2024-08-24,Southampton,Nott'm Forest,away,2024,10,0.13708842442049401,-0.035486935866983316,4.077054438880252,4.060627731617105,4.535289753363806
2024-08-24,Tottenham,Everton,home,2024,12,0.13708842442049401,0.5229653505237711,7.558193627870013,8.021519084080099,7.028436944293141
2024-08-24,Tottenham,Everton,away,2024,5,0.13708842442049401,-0.5229653505237711,4.533720847390305,4.271851710394144,3.8170231429224932
2024-08-24,Aston Villa,Arsenal,home,2024,4,0.13708842442049401,-0.3210253280439427,4.495689030627815,4.334460837885976,4.188206521092417
2024-08-24,Aston Villa,Arsenal,away,2024,1,0.13708842442049401,0.3210253280439427,5.056727330237515,5.244821545212611,5.636647493490036
2024-08-25,Bournemouth,Newcastle,home,2024,8,0.13723465125731177,-0.1055575367405544,6.371364537093612,6.29530940909639,5.112914821118293
2024-08-25,Bournemouth,Newcastle,away,2024,9,0.13723465125731177,0.1055575367405544,5.126290787752158,5.188222724163435,5.169178518962579
2024-08-25,Wolves,Chelsea,home,2024,5,0.13723465125731177,-0.3220322713493462,4.941703025004837,4.76393373485678,4.311670840991683
2024-08-25,Wolves,Chelsea,away,2024,5,0.13723465125731177,0.3220322713493462,4.968603381346507,5.154010052658185,5.608230736287869
2024-08-25,Liverpool,Brentford,home,2024,9,0.13723465125731177,0.6739643428984993,7.948964728110126,8.582419072194496,7.608980160681788
2024-08-25,Liverpool,Brentford,away,2024,4,0.13723465125731177,-0.6739643428984993,3.5075106400755787,3.2486270044493004,3.3063325961306895
2024-08-31,Arsenal,Brighton,home,2024,3,0.13698219287125168,0.5932757655588824,5.630916926302174,6.024092279747972,6.60530682867298
2024-08-31,Arsenal,Brighton,away,2024,7,0.13698219287125168,-0.5932757655588824,3.0656340155416215,2.86554881073024,3.2801638746886304
2024-08-31,Brentford,Southampton,home,2024,2,0.13698219287125168,0.3273117910461485,4.886364204662313,5.0717473914147675,5.64943808976583
2024-08-31,Brentford,Southampton,away,2024,8,0.13698219287125168,-0.3273117910461485,5.912512217496959,5.696397282741375,4.502792050202301
2024-08-31,Everton,Bournemouth,home,2024,8,0.13698219287125168,-0.025374928313863454,5.1634991562584425,5.148614661332626,4.953366532016186
2024-08-31,Everton,Bournemouth,away,2024,4,0.13698219287125168,0.025374928313863454,5.677483179376848,5.693896617774073,5.158970678755656
2024-08-31,Leicester,Aston Villa,home,2024,1,0.13698219287125168,-0.3445099089448313,4.376922223496185,4.2086937631198476,4.112491478265449
2024-08-31,Leicester,Aston Villa,away,2024,4,0.13698219287125168,0.3445099089448313,6.491245799352896,6.750711645102626,6.15346011712103
2024-08-31,Nott'm Forest,Wolves,home,2024,7,0.13698219287125168,0.210267994879124,4.9339475215579975,5.053397033439385,5.393716212765121
2024-08-31,Nott'm Forest,Wolves,away,2024,3,0.13698219287125168,-0.210267994879124,4.284428765182112,4.183155716319124,4.278781629540008
2024-08-31,West Ham,Man City,home,2024,3,0.13698219287125168,-0.5703575402679665,4.235480723003138,3.969378879442122,3.7009262609761286
2024-08-31,West Ham,Man City,away,2024,11,0.13698219287125168,0.5703575402679665,5.8660065697840995,6.259255793395619,6.557843289029542
2024-09-01,Chelsea,Crystal Palace,home,2024,4,0.13684165769820375,0.39783533918458736,6.1177243027299,6.40097455478009,6.242136030829566
2024-09-01,Chelsea,Crystal Palace,away,2024,5,0.13684165769820375,-0.39783533918458736,4.394132331638019,4.19968708274246,3.984753969801061
2024-09-01,Newcastle,Tottenham,home,2024,7,0.13684165769820375,0.007475474042969887,6.706043836954854,6.711749441801944,5.448685223643079
2024-09-01,Newcastle,Tottenham,away,2024,12,0.13684165769820375,-0.007475474042969887,5.490291416508945,5.4856241634194784,5.0351364318463325
2024-09-01,Man United,Liverpool,home,2024,5,0.13684165769820375,-0.2679317379618535,5.411471374248056,5.249010327086952,4.537751982144233
2024-09-01,Man United,Liverpool,away,2024,2,0.13684165769820375,0.2679317379618535,7.845781263830108,8.08861443817941,6.320463036926084
2024-09-14,Southampton,Man United,home,2024,0,0.136832039374165,-0.3412407447343828,6.2765183817965555,6.037523365145422,4.607752600604856
2024-09-14,Southampton,Man United,away,2024,7,0.136832039374165,0.3412407447343828,4.955050819535564,5.151196222459994,5.649017955781917
2024-09-14,Crystal Palace,Leicester,home,2024,5,0.136832039374165,0.4108142722567396,5.684394783880663,5.956370350000467,6.134323801770581
2024-09-14,Crystal Palace,Leicester,away,2024,2,0.136832039374165,-0.4108142722567396,4.031145561578408,3.8470782467880276,3.8579485192761287
2024-09-14,Fulham,West Ham,home,2024,3,0.136832039374165,0.06783731520179653,5.875045640845612,5.920562124209775,5.363375602731977
2024-09-14,Fulham,West Ham,away,2024,2,0.136832039374165,-0.06783731520179653,4.583801260755998,4.54856161467971,4.640210977942481
2024-09-14,Liverpool,Nott'm Forest,home,2024,7,0.136832039374165,0.7088547087482842,8.302038506352751,8.999279685611487,7.827012586118288
2024-09-14,Liverpool,Nott'm Forest,away,2024,2,0.136832039374165,-0.7088547087482842,3.33942271044767,3.0806927776066355,3.2085764943124486
2024-09-14,Man City,Brentford,home,2024,12,0.136832039374165,0.753723773639914,8.196405952923458,8.930244534552275,7.944704138620116
2024-09-14,Man City,Brentford,away,2024,3,0.136832039374165,-0.753723773639914,2.915632993949192,2.6760422444964256,3.0180792796423987
2024-09-14,Aston Villa,Everton,home,2024,6,0.136832039374165,0.4836326087248053,6.884475664117299,7.273879954053797,6.71462725850918
2024-09-14,Aston Villa,Everton,away,2024,2,0.136832039374165,-0.4836326087248053,3.957933554406568,3.746047145075523,3.7200096946015053
2024-09-14,Bournemouth,Chelsea,home,2024,6,0.136832039374165,-0.1801836388648943,5.893487699449493,5.773908409342335,4.835640363692054
2024-09-14,Bournemouth,Chelsea,away,2024,3,0.136832039374165,0.1801836388648943,5.266997113884414,5.376078126471258,5.379587894308724
2024-09-15,Tottenham,Arsenal,home,2024,7,0.13716413674978345,-0.09090176670311328,5.294344863436026,5.239875445750912,4.856131639656064
2024-09-15,Tottenham,Arsenal,away,2024,6,0.13716413674978345,0.09090176670311328,5.307631450366725,5.362805203518265,5.193296825254514
2024-09-15,Wolves,Newcastle,home,2024,4,0.13716413674978345,-0.1691177279376987,5.526919700863822,5.4215991813757745,4.761994208886532
2024-09-15,Wolves,Newcastle,away,2024,7,0.13716413674978345,0.1691177279376987,5.289593508135368,5.3923496724182565,5.3616988391187785
2024-09-21,West Ham,Chelsea,home,2024,6,0.13692561854803006,-0.20264766859439848,4.795252785794458,4.685965807511245,4.491913565921509
2024-09-21,West Ham,Chelsea,away,2024,5,0.13692561854803006,0.20264766859439848,5.08681455721373,5.205450205633069,5.372183353544435
2024-09-21,Aston Villa,Wolves,home,2024,6,0.13692561854803006,0.42353315491967525,6.37900538211853,6.693894177615302,6.392904383146917
2024-09-21,Aston Villa,Wolves,away,2024,5,0.13692561854803006,-0.42353315491967525,3.059099405569619,2.9151957074284156,3.52114341094281
2024-09-21,Fulham,Newcastle,home,2024,6,0.13692561854803006,-0.056115983170274164,5.593482500457669,5.557886992931508,5.013000519175884
2024-09-21,Fulham,Newcastle,away,2024,0,0.13692561854803006,0.056115983170274164,5.256611484242382,5.290277471673833,5.102314397082788
2024-09-21,Leicester,Everton,home,2024,6,0.13692561854803006,0.0405087140838436,5.2560277308527015,5.2803060765992,5.121137055902922
2024-09-21,Leicester,Everton,away,2024,1,0.13692561854803006,-0.0405087140838436,5.371454600990315,5.346757162987165,4.931759090938325
2024-09-21,Liverpool,Bournemouth,home,2024,3,0.13692561854803006,0.6421548512056201,7.918688122627084,8.518845586184925,7.4987039008913925
2024-09-21,Liverpool,Bournemouth,away,2024,9,0.13692561854803006,-0.6421548512056201,3.6658899286686655,3.4076259210618174,3.397406399336244
2024-09-21,Tottenham,Brentford,home,2024,9,0.13692561854803006,0.44182002924579317,7.842463145829709,8.246731900063057,6.870672559962739
2024-09-21,Tottenham,Brentford,away,2024,4,0.13692561854803006,-0.44182002924579317,4.592548439003926,4.367413942249129,3.9657553294101544
2024-09-21,Crystal Palace,Man United,home,2024,4,0.13692561854803006,-0.06981981981981988,6.039415919485518,5.9916341907790285,5.104697638054304
2024-09-21,Crystal Palace,Man United,away,2024,11,0.13692561854803006,0.06981981981981988,3.9101053277092426,3.941287403589297,4.6797894498376085
2024-09-22,Brighton,Nott'm Forest,home,2024,9,0.13691992739032205,0.28960349049348916,7.187255038012676,7.42799750974496,6.270808532021441
2024-09-22,Brighton,Nott'm Forest,away,2024,1,0.13691992739032205,-0.28960349049348916,3.5094254065783126,3.3956844224663314,3.888573297143587
2024-09-22,Man City,Arsenal,home,2024,8,0.13691992739032205,0.3115238686313525,6.231469619714367,6.456277889156704,6.053747391514488
2024-09-22,Man City,Arsenal,away,2024,2,0.13691992739032205,-0.3115238686313525,3.39333755668581,3.2751811890620703,3.8126282471551582
2024-09-28,Newcastle,Man City,home,2024,5,0.13703236569737987,-0.4078135691421171,4.791476868810862,4.574253124780437,4.118721405550511
2024-09-28,Newcastle,Man City,away,2024,6,0.13703236569737987,0.4078135691421171,6.497696318816735,6.806261210929877,6.321841879694016
2024-09-28,Arsenal,Leicester,home,2024,17,0.13703236569737987,0.7502071467700244,6.391290525763725,6.96072861157567,7.341199332372331
2024-09-28,Arsenal,Leicester,away,2024,0,0.13703236569737987,-0.7502071467700244,3.211515591164898,2.9487903230446992,3.11498393575153
2024-09-28,Brentford,West Ham,home,2024,7,0.13703236569737987,0.1267611997620357,4.943044902377521,5.014845496616957,5.210132182810151
2024-09-28,Brentford,West Ham,away,2024,7,0.13703236569737987,-0.1267611997620357,4.669660992235772,4.60280261457181,4.552619718812241
2024-09-28,Chelsea,Brighton,home,2024,8,0.13703236569737987,0.331245105716523,5.095079287528088,5.290747848379079,5.733055736389931
2024-09-28,Chelsea,Brighton,away,2024,2,0.13703236569737987,-0.331245105716523,4.489962313414082,4.323909330108503,4.1258447031084415
2024-09-28,Everton,Crystal Palace,home,2024,5,0.13703236569737987,-0.013372622809197598,5.205134413917061,5.197221615405506,4.990968121382832
2024-09-28,Everton,Crystal Palace,away,2024,8,0.13703236569737987,0.013372622809197598,5.040034869037315,5.0477083498624715,4.945923971185912
2024-09-28,Nott'm Forest,Fulham,home,2024,6,0.13703236569737987,0.08728518047570383,4.489078170844524,4.533877099911821,4.972600717273029
2024-09-28,Nott'm Forest,Fulham,away,2024,5,0.13703236569737987,-0.08728518047570383,6.099237408631966,6.038971261576673,5.030773202107818
2024-09-28,Wolves,Liverpool,home,2024,2,0.13703236569737987,-0.5898869720404522,4.3459476408920645,4.063866446763543,3.7001514623441674
2024-09-28,Wolves,Liverpool,away,2024,10,0.13703236569737987,0.5898869720404522,6.443777361667896,6.891052988632755,6.80848365819276
2024-09-29,Man United,Tottenham,home,2024,5,0.1375191340573181,0.06020103499428148,7.3128929998583905,7.363149600101842,5.72359974544137
2024-09-29,Man United,Tottenham,away,2024,3,0.1375191340573181,-0.06020103499428148,6.981172196151932,6.933522752727905,5.3072718927760265
2024-09-30,Bournemouth,Southampton,home,2024,7,0.13769646943924663,0.38586907038149876,5.748011875388102,6.005962664292776,6.0912425855359045
2024-09-30,Bournemouth,Southampton,away,2024,4,0.13769646943924663,-0.38586907038149876,6.18508821790444,5.9194441447671124,4.455134777237451
2024-10-05,Crystal Palace,Liverpool,home,2024,3,0.1375971838532132,-0.49251939476586004,4.1996641187649395,3.9708201795505405,3.8142743367000858
2024-10-05,Crystal Palace,Liverpool,away,2024,8,0.1375971838532132,0.49251939476586004,5.843654018402478,6.1804319999046875,6.338602322912993
2024-10-05,Arsenal,Southampton,home,2024,13,0.1375971838532132,0.7921733813438413,6.33177837767579,6.92891621884006,7.450479248249193
2024-10-05,Arsenal,Southampton,away,2024,1,0.1375971838532132,-0.7921733813438413,3.8825603150669594,3.547959114604289,3.246783599937256
2024-10-05,Brentford,Wolves,home,2024,10,0.1375971838532132,0.18272361198514414,5.586140109670258,5.70347851619789,5.541756209670128
2024-10-05,Brentford,Wolves,away,2024,3,0.1375971838532132,-0.18272361198514414,4.26838788493499,4.180573784919057,4.3236981567632595
2024-10-05,Leicester,Bournemouth,home,2024,0,0.1375971838532132,-0.14595585768912545,4.695615067213211,4.618289128757554,4.570554941442036
2024-10-05,Leicester,Bournemouth,away,2024,9,0.1375971838532132,0.14595585768912545,5.719035073219666,5.814791259497355,5.440342771745378
2024-10-05,Man City,Fulham,home,2024,8,0.1375971838532132,0.6872707089990333,7.49426346988299,8.103740836342993,7.512606306147313
2024-10-05,Man City,Fulham,away,2024,3,0.1375971838532132,-0.6872707089990333,3.359381262052832,3.106724262541109,3.2439229058491517
2024-10-05,Everton,Newcastle,home,2024,0,0.1375971838532132,-0.12567499745283983,5.221146490909922,5.14702815277467,4.764747014755444
2024-10-05,Everton,Newcastle,away,2024,10,0.1375971838532132,0.12567499745283983,5.5276855127942435,5.607285400687173,5.337126245131433
2024-10-06,Aston Villa,Man United,home,2024,6,0.13817738069694377,0.12073324905183314,6.295688126983239,6.382758012318904,5.603784183626289
2024-10-06,Aston Villa,Man United,away,2024,3,0.13817738069694377,-0.12073324905183314,4.17237487000791,4.115457750354016,4.406823601041102
2024-10-06,Chelsea,Nott'm Forest,home,2024,11,0.13817738069694377,0.4950137953104594,6.742300900520796,7.132893030810861,6.703187869803736
2024-10-06,Chelsea,Nott'm Forest,away,2024,3,0.13817738069694377,-0.4950137953104594,3.889849054182512,3.676843696886803,3.682239294237812
2024-10-06,Brighton,Tottenham,home,2024,4,0.13817738069694377,-0.09936645425193152,7.2878428462809515,7.205921281438022,5.345530166366249
2024-10-06,Brighton,Tottenham,away,2024,7,0.13817738069694377,0.09936645425193152,4.452943821376499,4.503567761294423,4.934350782223024
2024-10-19,Tottenham,West Ham,home,2024,13,0.13809736521608937,0.4710200638177724,6.984125176094492,7.368585307015008,6.708998491323452
2024-10-19,Tottenham,West Ham,away,2024,5,0.13809736521608937,-0.4710200638177724,4.350584099487099,4.12358989873093,3.851719644275819
2024-10-19,Fulham,Aston Villa,home,2024,6,0.13809736521608937,0.06126831241782271,5.1969091717163,5.2332594190638915,5.14797273983895
2024-10-19,Fulham,Aston Villa,away,2024,11,0.13809736521608937,-0.06126831241782271,4.642414184408541,4.610167951156951,4.671539271968142
2024-10-19,Man United,Brentford,home,2024,9,0.13809736521608937,0.3471218598114423,7.464977320884703,7.765672061025642,6.501076657680778
2024-10-19,Man United,Brentford,away,2024,2,0.13809736521608937,-0.3471218598114423,5.29742498991574,5.092303293011576,4.315071709912908
2024-10-19,Newcastle,Brighton,home,2024,9,0.13809736521608937,0.20440632605969933,5.3633628083924,5.489546379194787,5.522162796515914
2024-10-19,Newcastle,Brighton,away,2024,4,0.13809736521608937,-0.20440632605969933,4.8685021987837525,4.756594046549156,4.46364349517388
2024-10-19,Southampton,Leicester,home,2024,10,0.13809736521608937,0.09518212511955382,5.4791712295731445,5.538824690154312,5.308885156988696
2024-10-19,Southampton,Leicester,away,2024,6,0.13809736521608937,-0.09518212511955382,4.855566491360999,4.803271760891098,4.670103484219558
2024-10-19,Bournemouth,Arsenal,home,2024,7,0.13809736521608937,-0.37691590106007067,5.352652103795417,5.1279809479909275,4.3192517587136
2024-10-19,Bournemouth,Arsenal,away,2024,4,0.13809736521608937,0.37691590106007067,5.564971859649253,5.808788806788399,5.94586754429247
2024-10-20,Wolves,Man City,home,2024,1,0.1379797046154986,-0.6215865690307856,4.084366823194096,3.805515256173073,3.58108303552088
2024-10-20,Wolves,Man City,away,2024,18,0.1379797046154986,0.6215865690307856,6.696483452284697,7.187172564927426,6.9832923324273475
2024-10-20,Liverpool,Chelsea,home,2024,1,0.1379797046154986,0.39109131403118036,6.672988136911216,6.976592297284911,6.395234010128739
2024-10-20,Liverpool,Chelsea,away,2024,6,0.1379797046154986,-0.39109131403118036,3.754902045956254,3.591497931974751,3.8050455746537892
2024-10-21,Nott'm Forest,Crystal Palace,home,2024,6,0.13899591330181177,0.09756222170695578,4.711555219855609,4.7641412329507915,5.0700422578353095
2024-10-21,Nott'm Forest,Crystal Palace,away,2024,6,0.13899591330181177,-0.09756222170695578,5.275398097539112,5.217168893182029,4.787559613208383
2024-10-25,Leicester,Nott'm Forest,home,2024,6,0.1388575881877576,-0.08782077963503954,4.946214970959921,4.897043359545744,4.76046333111677
2024-10-25,Leicester,Nott'm Forest,away,2024,7,0.1388575881877576,0.08782077963503954,4.703658787303743,4.750888608469882,4.994930340986077
2024-10-26,Aston Villa,Bournemouth,home,2024,9,0.13872024273224637,0.2743823146944083,5.532361653214735,5.707779797206499,5.742742156969945
2024-10-26,Aston Villa,Bournemouth,away,2024,7,0.13872024273224637,-0.2743823146944083,4.4971352923719055,4.358924086912677,4.228044209360343
2024-10-26,Brighton,Wolves,home,2024,9,0.13872024273224637,0.39028450031757156,7.304414735913486,7.636046288506082,6.575743844309459
2024-10-26,Brighton,Wolves,away,2024,6,0.13872024273224637,-0.39028450031757156,3.0955873368498446,2.9611467643443135,3.5840635434776336
2024-10-26,Man City,Southampton,home,2024,12,0.13872024273224637,0.8206789187105767,8.081844962876865,8.872755571404552,8.136377572143857
2024-10-26,Man City,Southampton,away,2024,1,0.13872024273224637,-0.8206789187105767,3.2072522671059387,2.9213602663780285,3.0225525025003335
2024-10-26,Everton,Fulham,home,2024,4,0.13872024273224637,-0.02136359314082842,4.86250365639116,4.850699948342441,4.869745575257615
2024-10-26,Everton,Fulham,away,2024,2,0.13872024273224637,0.02136359314082842,6.16918813467523,6.1842002558979035,5.285301988712256
2024-10-27,Chelsea,Newcastle,home,2024,7,0.13871419316113545,0.31346095823353026,5.932672720217272,6.148056234085849,5.966624921211336
2024-10-27,Chelsea,Newcastle,away,2024,4,0.13871419316113545,-0.31346095823353026,4.7413735028036035,4.575269998425191,4.2280728951945505
2024-10-27,Crystal Palace,Tottenham,home,2024,8,0.13871419316113545,-0.27640156453715764,5.5526862580285465,5.3807984016214245,4.558023036367128
2024-10-27,Crystal Palace,Tottenham,away,2024,8,0.13871419316113545,0.27640156453715764,5.550589182522439,5.727900950250596,5.6945910353918405
2024-10-27,West Ham,Man United,home,2024,6,0.13871419316113545,-0.07960183755493316,5.672859409373741,5.621718081902158,4.985457098547388
2024-10-27,West Ham,Man United,away,2024,5,0.13871419316113545,0.07960183755493316,5.2150155263797355,5.262457040329459,5.140340237437105
2024-10-27,Arsenal,Liverpool,home,2024,1,0.13871419316113545,0.053224462721159826,5.533477442970026,5.567084990780627,5.231863391047193
2024-10-27,Arsenal,Liverpool,away,2024,3,0.13871419316113545,-0.053224462721159826,4.268419640073137,4.242651914707524,4.566310619685864
2024-11-02,Newcastle,Arsenal,home,2024,4,0.13851977164601464,-0.2302864852991935,5.2652720310513015,5.129119856996861,4.571158300060239
2024-11-02,Newcastle,Arsenal,away,2024,6,0.13851977164601464,0.2302864852991935,5.490423719041426,5.636166682097322,5.566018511307237
2024-11-02,Bournemouth,Man City,home,2024,3,0.13851977164601464,-0.42313588422859943,4.907767654446715,4.677111769993922,4.122898668183229
2024-11-02,Bournemouth,Man City,away,2024,10,0.13851977164601464,0.42313588422859943,6.927439177503324,7.2690719391428935,6.491070634991304
2024-11-02,Liverpool,Brighton,home,2024,10,0.13851977164601464,0.5540117599031705,6.3627290931311125,6.776664377989005,6.749021976384984
2024-11-02,Liverpool,Brighton,away,2024,7,0.13851977164601464,-0.5540117599031705,3.6787287207649033,3.4540229457687666,3.5298654484151797
2024-11-02,Nott'm Forest,West Ham,home,2024,11,0.13851977164601464,0.1667746269816887,5.203021207588755,5.3026819128244815,5.384082612892408
2024-11-02,Nott'm Forest,West Ham,away,2024,6,0.13851977164601464,-0.1667746269816887,4.931937748585067,4.839244956091903,4.553352466229164
2024-11-02,Southampton,Everton,home,2024,3,0.13851977164601464,0.001363219705575902,5.810204539025938,5.811105700946101,5.197158284565812
2024-11-02,Southampton,Everton,away,2024,6,0.13851977164601464,-0.001363219705575902,5.548219280861833,5.547358886266048,5.064665512754393
2024-11-02,Wolves,Crystal Palace,home,2024,3,0.13851977164601464,0.042662484070189244,4.857727090167992,4.881361539438755,5.00144315726605
2024-11-02,Wolves,Crystal Palace,away,2024,6,0.13851977164601464,-0.042662484070189244,6.125399391754932,6.095741592385241,5.133146629294943
2024-11-03,Tottenham,Aston Villa,home,2024,6,0.1381739700755586,0.22614911284818096,6.782084476350086,6.958838257433882,5.9958824109299815
2024-11-03,Tottenham,Aston Villa,away,2024,4,0.1381739700755586,-0.22614911284818096,5.095885314936705,4.96645034834264,4.486282327600778
2024-11-03,Man United,Chelsea,home,2024,4,0.1381739700755586,-0.002903894906660598,5.827968515706943,5.826043482462087,5.192755319281915
2024-11-03,Man United,Chelsea,away,2024,8,0.1381739700755586,0.002903894906660598,5.2318164332821615,5.233545122845734,4.981786358178008
2024-11-04,Fulham,Brentford,home,2024,11,0.1379918178082022,0.19957913032236752,6.579422945716853,6.7305194887152275,5.873307730694619
2024-11-04,Fulham,Brentford,away,2024,3,0.1379918178082022,-0.19957913032236752,4.547330941123924,4.445245806948861,4.378616872399708
2024-11-09,Brentford,Bournemouth,home,2024,6,0.13806973995455096,0.026510837922818997,5.29744299930372,5.313444352502362,5.103473478987118
2024-11-09,Brentford,Bournemouth,away,2024,4,0.13806973995455096,-0.026510837922818997,5.934527755265773,5.916656019273199,5.117482885527414
2024-11-09,Crystal Palace,Fulham,home,2024,1,0.13806973995455096,-0.012269938650306789,5.190149209914458,5.182909335514618,4.98880450064801
2024-11-09,Crystal Palace,Fulham,away,2024,8,0.13806973995455096,0.012269938650306789,5.083683878583515,5.0907851474629915,4.956927936415508
2024-11-09,West Ham,Everton,home,2024,7,0.13806973995455096,0.15617967413808614,5.871211144323624,5.976462586415706,5.565751648987989
2024-11-09,West Ham,Everton,away,2024,6,0.13806973995455096,-0.15617967413808614,4.945156396216188,4.858067280447994,4.577551891697741
2024-11-09,Wolves,Southampton,home,2024,1,0.13806973995455096,0.2279018755813469,5.435777517467119,5.578556304615744,5.600488687954581
2024-11-09,Wolves,Southampton,away,2024,9,0.13806973995455096,-0.2279018755813469,5.983671452583886,5.830524059953128,4.713041610189049
2024-11-09,Brighton,Man City,home,2024,0,0.13806973995455096,-0.3273780474866855,4.951196763167646,4.770184002604142,4.304538886327594
2024-11-09,Brighton,Man City,away,2024,4,0.13806973995455096,0.3273780474866855,5.7401142586793785,5.95793267560968,5.879487533642376
2024-11-09,Liverpool,Aston Villa,home,2024,2,0.13806973995455096,0.5317892511661038,6.584021887204334,6.994647673633266,6.757706205078252
2024-11-09,Liverpool,Aston Villa,away,2024,9,0.13806973995455096,-0.5317892511661038,4.407293097527379,4.1485598090707025,3.76948127328578
2024-11-10,Man United,Leicester,home,2024,1,0.1382215271505761,0.5626514937565947,7.705456520018949,8.214815042857937,7.190120599043909
2024-11-10,Man United,Leicester,away,2024,5,0.1382215271505761,-0.5626514937565947,4.910029202626983,4.605583489765712,3.848136389578257
2024-11-10,Nott'm Forest,Newcastle,home,2024,4,0.1382215271505761,0.003936742533866722,5.039017559344331,5.041274873571106,4.97696062618217
2024-11-10,Nott'm Forest,Newcastle,away,2024,5,0.1382215271505761,-0.003936742533866722,5.62292222718919,5.6204044707371414,5.080303857647825
2024-11-10,Tottenham,Ipswich,home,2024,12,0.1382215271505761,0.6656398350444684,7.336979251594303,7.914165751144893,7.395367487286805
2024-11-10,Tottenham,Ipswich,away,2024,2,0.1382215271505761,-0.6656398350444684,4.673522572404141,4.332678796956756,3.6283886466081454
2024-11-10,Chelsea,Arsenal,home,2024,4,0.1382215271505761,-0.030246565844780582,5.357328441867217,5.338925416369436,5.000298414121773
2024-11-10,Chelsea,Arsenal,away,2024,3,0.1382215271505761,0.030246565844780582,4.7245152254604115,4.740800407847905,4.881882948264723
2024-11-23,Leicester,Chelsea,home,2024,2,0.13838264464761305,-0.5156520100273381,3.932803689807804,3.7087281255285105,3.7007646380960986
2024-11-23,Leicester,Chelsea,away,2024,9,0.13838264464761305,0.5156520100273381,5.747010922758546,6.094236352029632,6.367540588353298
2024-11-23,Arsenal,Nott'm Forest,home,2024,8,0.13838264464761305,0.5918266653382862,7.7820089461183555,8.324010599275892,7.301558761209596
2024-11-23,Arsenal,Nott'm Forest,away,2024,1,0.13838264464761305,-0.5918266653382862,2.910777775656238,2.7212481796082537,3.2295772115927597
2024-11-23,Aston Villa,Crystal Palace,home,2024,10,0.13838264464761305,0.41335569462618116,5.755909886154204,6.033051230192731,6.164871941930091
2024-11-23,Aston Villa,Crystal Palace,away,2024,1,0.13838264464761305,-0.41335569462618116,4.242656152990925,4.0477605050559635,3.9157254228354206
2024-11-23,Bournemouth,Brighton,home,2024,7,0.13838264464761305,0.06272622256449739,6.102582258341901,6.146286658187899,5.415581485989414
2024-11-23,Bournemouth,Brighton,away,2024,0,0.13838264464761305,-0.06272622256449739,5.02645341533319,4.990711813600645,4.785748243615904
2024-11-23,Everton,Brentford,home,2024,10,0.13838264464761305,0.06382182294591054,5.951452198363304,5.994821420891241,5.375907876639553
2024-11-23,Everton,Brentford,away,2024,4,0.13838264464761305,-0.06382182294591054,4.884827371882457,4.849488343339679,4.741122516894432
2024-11-23,Fulham,Wolves,home,2024,7,0.13838264464761305,0.3982245768819675,6.819957292310796,7.136036878453784,6.458190345805073
2024-11-23,Fulham,Wolves,away,2024,2,0.13838264464761305,-0.3982245768819675,3.936948692391342,3.762567711105429,3.8500054683183222
2024-11-23,Man City,Tottenham,home,2024,9,0.13838264464761305,0.4830634085611244,8.608747874372344,9.09509261886188,7.197262025659389
2024-11-23,Man City,Tottenham,away,2024,3,0.13838264464761305,-0.4830634085611244,3.5679082226091126,3.377120345497413,3.602532134064771
2024-11-24,Southampton,Liverpool,home,2024,3,0.1387313719803102,-0.6554758045843946,3.708729569750537,3.4422269407713424,3.4257266283296977
2024-11-24,Southampton,Liverpool,away,2024,10,0.1387313719803102,0.6554758045843946,7.367112189861308,7.937485613916479,7.297632027768135
2024-11-24,Ipswich,Man United,home,2024,4,0.1387313719803102,-0.39678614897093173,6.268130007984194,5.9914733866655965,4.499235682653798
2024-11-24,Ipswich,Man United,away,2024,3,0.1387313719803102,0.39678614897093173,5.30005292776445,5.54478317042369,5.905435825245487
2024-11-25,Newcastle,West Ham,home,2024,8,0.1387336118823384,0.4831615027710624,6.746065826050563,7.127259285551604,6.670939354032896
2024-11-25,Newcastle,West Ham,away,2024,3,0.1387336118823384,-0.4831615027710624,4.868386329687309,4.608006153682886,3.9687247668300825
2024-11-29,Brighton,Southampton,home,2024,7,0.13868924850896835,0.5644303331969399,6.551406821203054,6.985892088379515,6.840742435322227
2024-11-29,Brighton,Southampton,away,2024,6,0.13868924850896835,-0.5644303331969399,4.333954286184728,4.064405420822804,3.698575875479751
2024-11-30,Brentford,Leicester,home,2024,5,0.13855400672272203,0.38048273201496174,5.9835837130980964,6.248276146877217,6.153975007041695
2024-11-30,Brentford,Leicester,away,2024,4,0.13855400672272203,-0.38048273201496174,4.703724349891883,4.504462950950473,4.100086040077314
2024-11-30,Crystal Palace,Newcastle,home,2024,8,0.13855400672272203,-0.10131372488693352,4.885320986508793,4.8293358397928685,4.715224399410064
2024-11-30,Crystal Palace,Newcastle,away,2024,9,0.13855400672272203,0.10131372488693352,5.266010521440546,5.32705791624403,5.2033605949255755
2024-11-30,Nott'm Forest,Ipswich,home,2024,8,0.13855400672272203,0.3480502198391742,5.772239430762738,6.005383681091918,6.002762486026436
2024-11-30,Nott'm Forest,Ipswich,away,2024,7,0.13855400672272203,-0.3480502198391742,5.028875363929781,4.833641647154318,4.244016931449187
2024-11-30,Wolves,Bournemouth,home,2024,3,0.13855400672272203,-0.05175346489001853,4.61114471735681,4.584075096421699,4.728887397646911
2024-11-30,Wolves,Bournemouth,away,2024,4,0.13855400672272203,0.05175346489001853,6.937191542987528,6.978156654045485,5.552811998214221
2024-11-30,West Ham,Arsenal,home,2024,2,0.13855400672272203,-0.5231448573822506,4.551870372873696,4.28886532657406,3.86103979151048
2024-11-30,West Ham,Arsenal,away,2024,10,0.13855400672272203,0.5231448573822506,5.46173153463645,5.796659970426409,6.2871363770314534
2024-12-01,Chelsea,Aston Villa,home,2024,3,0.1383239266173404,0.34774605216190774,5.625684825704146,5.8527071167335984,5.9540832016798495
2024-12-01,Chelsea,Aston Villa,away,2024,4,0.1383239266173404,-0.34774605216190774,4.787317022939581,4.60162044582492,4.179944967055667
2024-12-01,Man United,Everton,home,2024,2,0.1383239266173404,0.46409870201001935,6.842513894054365,7.213496398708958,6.646884805623455
2024-12-01,Man United,Everton,away,2024,2,0.1383239266173404,-0.46409870201001935,5.275736031588712,5.004410496963706,4.102195109245443
2024-12-01,Tottenham,Fulham,home,2024,7,0.1383239266173404,0.32999385889917765,6.875494972334364,7.138521381570797,6.290955637840215
2024-12-01,Tottenham,Fulham,away,2024,11,0.1383239266173404,-0.32999385889917765,4.929158386099066,4.7475383051954205,4.249837582489102
2024-12-01,Liverpool,Man City,home,2024,7,0.1383239266173404,0.17382814650600292,4.830039923167866,4.926508087443421,5.276378434340576
2024-12-01,Liverpool,Man City,away,2024,4,0.1383239266173404,-0.17382814650600292,6.048576880563827,5.930136984030469,4.837950022552225
2024-12-03,Ipswich,Crystal Palace,home,2024,4,0.13832896661932256,-0.09278310538581747,5.674066071977722,5.614488187427238,4.958159614935614
2024-12-03,Ipswich,Crystal Palace,away,2024,7,0.13832896661932256,0.09278310538581747,4.892133700132154,4.944046353086825,5.067049374533587
2024-12-03,Leicester,West Ham,home,2024,3,0.13832896661932256,-0.05770055937400037,4.856629004811005,4.824852788796544,4.793911213145173
2024-12-03,Leicester,West Ham,away,2024,9,0.13832896661932256,0.05770055937400037,5.428678304271173,5.464431282034576,5.157229649140059
2024-12-04,Everton,Wolves,home,2024,3,0.13821546275268318,0.17517109872729153,5.997132525886131,6.1178451192907986,5.647715230202412
2024-12-04,Everton,Wolves,away,2024,4,0.13821546275268318,-0.17517109872729153,4.217722228059482,4.134501391558705,4.321375665384323
2024-12-04,Man City,Nott'm Forest,home,2024,8,0.13821546275268318,0.5835757789872474,9.245637108589092,9.880298906733334,7.677661248623366
2024-12-04,Man City,Nott'm Forest,away,2024,2,0.13821546275268318,-0.5835757789872474,2.5243206560944755,2.3621707149021334,3.1001124441727512
2024-12-04,Newcastle,Liverpool,home,2024,5,0.13821546275268318,-0.31394456130276566,4.57608551300578,4.415529568621351,4.223994458419881
2024-12-04,Newcastle,Liverpool,away,2024,6,0.13821546275268318,0.31394456130276566,6.529872596521128,6.76730954381164,6.085921693382828
2024-12-04,Southampton,Chelsea,home,2024,5,0.13821546275268318,-0.6013629805292817,4.063690136138052,3.7949714839743165,3.6060363799199595
2024-12-04,Southampton,Chelsea,away,2024,7,0.13821546275268318,0.6013629805292817,6.566133322353827,7.03107555018382,6.881723442527883
2024-12-04,Arsenal,Man United,home,2024,13,0.13821546275268318,0.5192096597145993,7.222886574583255,7.662382744650882,6.918784385484783
2024-12-04,Arsenal,Man United,away,2024,0,0.13821546275268318,-0.5192096597145993,3.1239775228266202,2.9447935532424685,3.4041389107911133
2024-12-04,Aston Villa,Brentford,home,2024,10,0.13821546275268318,0.3071793648202334,7.656780981185285,7.929089218911826,6.443264388641653
2024-12-04,Aston Villa,Brentford,away,2024,5,0.13821546275268318,-0.3071793648202334,3.5964973111644354,3.4729830186961976,3.889460344975044
2024-12-05,Fulham,Brighton,home,2024,5,0.13833461494209043,0.0829350576328367,5.924291004910856,5.9804522652297765,5.411679283537991
2024-12-05,Fulham,Brighton,away,2024,6,0.13833461494209043,-0.0829350576328367,4.202449777718133,4.162985391836181,4.487638928859098
2024-12-05,Bournemouth,Tottenham,home,2024,5,0.13833461494209043,-0.03429780046714398,6.966280241833735,6.9391513487844,5.41746862685177
2024-12-05,Bournemouth,Tottenham,away,2024,9,0.13833461494209043,0.03429780046714398,5.822946293684118,5.845711337893889,5.219399471121306
2024-12-07,Aston Villa,Southampton,home,2024,14,0.13813122308730558,0.5764302253486946,6.779144332943415,7.238608256802802,6.949041331241076
2024-12-07,Aston Villa,Southampton,away,2024,1,0.13813122308730558,-0.5764302253486946,4.3492327541677325,4.073169251887487,3.6839508631713764
2024-12-07,Brentford,Newcastle,home,2024,3,0.13813122308730558,-0.07117735722659524,5.244182329699666,5.201888759746015,4.882173816229658
2024-12-07,Brentford,Newcastle,away,2024,4,0.13813122308730558,0.07117735722659524,5.515734099965791,5.560579366132927,5.212390659579469
2024-12-07,Crystal Palace,Man City,home,2024,6,0.13813122308730558,-0.42196977683610737,3.9567451034330583,3.771285774625359,3.857131744445061
2024-12-07,Crystal Palace,Man City,away,2024,8,0.13813122308730558,0.42196977683610737,6.9456388302141185,7.287202316136944,6.4931873668719575
2024-12-07,Man United,Nott'm Forest,home,2024,5,0.13813122308730558,0.387587760298919,6.932846531269583,7.245385118860983,6.46227328671505
2024-12-07,Man United,Nott'm Forest,away,2024,3,0.13813122308730558,-0.387587760298919,4.288398950266374,4.103413593524509,3.9717441547722183
2024-12-08,Fulham,Arsenal,home,2024,0,0.13837530131208572,-0.4183005174873231,4.84543075649141,4.620245485513896,4.114886776775382
2024-12-08,Fulham,Arsenal,away,2024,6,0.13837530131208572,0.4183005174873231,5.233335939138743,5.4884025097931035,5.93576101843159
2024-12-08,Ipswich,Bournemouth,home,2024,6,0.13837530131208572,-0.206025208377135,5.304489641928431,5.181605411879397,4.628842490758724
2024-12-08,Ipswich,Bournemouth,away,2024,13,0.13837530131208572,0.206025208377135,5.734475185929922,5.870470984904259,5.584558253344193
2024-12-08,Leicester,Brighton,home,2024,5,0.13837530131208572,-0.33373068244710286,4.12771599419019,3.973936139935495,4.05643682765726
2024-12-08,Leicester,Brighton,away,2024,5,0.13837530131208572,0.33373068244710286,5.611731461718141,5.8288892659483595,5.853844608759636
2024-12-08,Tottenham,Chelsea,home,2024,5,0.13837530131208572,-0.16462741145057003,6.27201370656207,6.155638509830027,4.9628010007059045
2024-12-08,Tottenham,Chelsea,away,2024,10,0.13837530131208572,0.16462741145057003,5.327776167809059,5.428500243578446,5.363567434280125
2024-12-09,West Ham,Wolves,home,2024,11,0.13850537695877177,0.2496663720046008,5.822829672340396,5.990589648606452,5.774571466413656
2024-12-09,West Ham,Wolves,away,2024,0,0.13850537695877177,-0.2496663720046008,4.314733821230393,4.193904372728217,4.217556201811337
2024-12-14,Arsenal,Everton,home,2024,8,0.13877505120457728,0.7058062736987245,7.6512590821519515,8.29096911333689,7.6206159070044155
2024-12-14,Arsenal,Everton,away,2024,2,0.13877505120457728,-0.7058062736987245,2.853030474833008,2.632897919871354,3.058904774460924
2024-12-14,Liverpool,Fulham,home,2024,5,0.13877505120457728,0.61791707539362,6.354355854292842,6.817128854780661,6.93046843629587
2024-12-14,Liverpool,Fulham,away,2024,4,0.13877505120457728,-0.61791707539362,5.031310377193215,4.689765622907633,3.7882150488989725
2024-12-14,Newcastle,Leicester,home,2024,5,0.13877505120457728,0.6250867618344521,6.60697560808332,7.093930233644455,7.036415743229256
2024-12-14,Newcastle,Leicester,away,2024,2,0.13877505120457728,-0.6250867618344521,4.621969798541001,4.304700034323552,3.678215559958695
2024-12-14,Wolves,Ipswich,home,2024,7,0.13877505120457728,0.25457179377929273,5.199920695079528,5.3527205650274166,5.586054892834403
2024-12-14,Wolves,Ipswich,away,2024,3,0.13877505120457728,-0.25457179377929273,5.955533207749937,5.785525323243478,4.653508753791613
2024-12-14,Nott'm Forest,Aston Villa,home,2024,4,0.13877505120457728,0.005400238948626068,4.750785350816109,4.7537049529828295,4.889455696890916
2024-12-14,Nott'm Forest,Aston Villa,away,2024,3,0.13877505120457728,-0.005400238948626068,5.851126812992729,5.847533202810791,5.1405064476518785
2024-12-15,Brighton,Crystal Palace,home,2024,8,0.1386256062853175,0.2603768210303573,6.210775763576447,6.397503253280884,5.918476891199218
2024-12-15,Brighton,Crystal Palace,away,2024,5,0.1386256062853175,-0.2603768210303573,4.1842665758198425,4.062138057392543,4.158574653660827
2024-12-15,Man City,Man United,home,2024,8,0.1386256062853175,0.4141281389345224,8.872719802715206,9.300749741793933,7.057225973437355
2024-12-15,Man City,Man United,away,2024,2,0.1386256062853175,-0.4141281389345224,2.7436798522207404,2.6174129218548607,3.417259387902678
2024-12-15,Chelsea,Brentford,home,2024,8,0.1386256062853175,0.600826944611939,7.553467293640737,8.087828555321195,7.261548121062936
2024-12-15,Chelsea,Brentford,away,2024,5,0.1386256062853175,-0.600826944611939,3.933240164426886,3.6733717507508077,3.533790315399881
2024-12-15,Southampton,Tottenham,home,2024,2,0.1386256062853175,-0.34201767473889594,5.270378805622612,5.069247130129463,4.3621580365052655
2024-12-15,Southampton,Tottenham,away,2024,5,0.1386256062853175,0.34201767473889594,7.470860481535184,7.767280570643832,6.422228889054508
2024-12-16,Bournemouth,West Ham,home,2024,12,0.13842406879048408,0.34222671979676833,6.784448140369427,7.053801313975208,6.2972667214488744
2024-12-16,Bournemouth,West Ham,away,2024,6,0.13842406879048408,-0.34222671979676833,5.06751015516039,4.87400457117581,4.26460755272648
2024-12-21,Aston Villa,Man City,home,2024,5,0.1384897857250592,-0.16049382716049382,5.162171599578462,5.0687722500767,4.678727037730229
2024-12-21,Aston Villa,Man City,away,2024,4,0.1384897857250592,0.16049382716049382,5.273036993916347,5.370200212311701,5.3370251604088645
2024-12-21,Brentford,Nott'm Forest,home,2024,9,0.1384897857250592,0.087239043809273,6.053935425112572,6.114318814838285,5.458204362512232
2024-12-21,Brentford,Nott'm Forest,away,2024,5,0.1384897857250592,-0.087239043809273,4.072180975273629,4.031965196818171,4.4357620535342575
2024-12-21,Ipswich,Newcastle,home,2024,2,0.1384897857250592,-0.34245209778908225,5.249300738880527,5.0487239317453225,4.35591611160371
2024-12-21,Ipswich,Newcastle,away,2024,1,0.1384897857250592,0.34245209778908225,6.292548122917124,6.5425398492032985,6.088848519103114
2024-12-21,West Ham,Brighton,home,2024,8,0.1384897857250592,-0.06037027099543868,5.388530883536265,5.351648850747498,4.946143946104896
2024-12-21,West Ham,Brighton,away,2024,4,0.1384897857250592,0.06037027099543868,4.766734390852796,4.79958536052623,4.9580002031037615
2024-12-21,Crystal Palace,Arsenal,home,2024,3,0.1384897857250592,-0.4522422908671265,4.1498646061794515,3.941754720065739,3.865196128065686
2024-12-21,Crystal Palace,Arsenal,away,2024,3,0.1384897857250592,0.4522422908671265,5.931775660140804,6.2449511986388995,6.2610204123839575
2024-12-22,Everton,Chelsea,home,2024,2,0.13844592771512204,-0.40093030378438393,4.345353733181144,4.151604948926273,4.0067821929840255
2024-12-22,Everton,Chelsea,away,2024,5,0.13844592771512204,0.40093030378438393,5.9848680913122285,6.2641723437357175,6.14407825407153
2024-12-22,Fulham,Southampton,home,2024,6,0.13844592771512204,0.5414173406481534,6.495281688794155,6.907935462633285,6.756558254267936
2024-12-22,Fulham,Southampton,away,2024,5,0.13844592771512204,-0.5414173406481534,4.864118182701493,4.573554274664321,3.8713873852836675
2024-12-22,Leicester,Wolves,home,2024,6,0.13844592771512204,0.0195344498489059,4.944352770445044,4.955353086898462,4.980273169329635
2024-12-22,Leicester,Wolves,away,2024,1,0.13844592771512204,-0.0195344498489059,4.559283588956375,4.549162501437506,4.72775883655914
2024-12-22,Man United,Bournemouth,home,2024,13,0.13844592771512204,0.282421448501759,5.690953729331687,5.876772768904903,5.813213062285103
2024-12-22,Man United,Bournemouth,away,2024,1,0.13844592771512204,-0.282421448501759,6.067981683018617,5.876116764495231,4.626081698664528
2024-12-22,Tottenham,Liverpool,home,2024,7,0.13844592771512204,-0.33315569979133053,5.4463398268388925,5.243777070298869,4.423526317445668
2024-12-22,Tottenham,Liverpool,away,2024,5,0.13844592771512204,0.33315569979133053,6.674318426640879,6.932141808604215,6.177386324583916
2024-12-26,Man City,Everton,home,2024,8,0.13860198898300244,0.6022510817241862,8.556802929896632,9.163628558565106,7.553868667433003
2024-12-26,Man City,Everton,away,2024,5,0.13860198898300244,-0.6022510817241862,2.6883531586344094,2.5103274360568184,3.1367422486520806
2024-12-26,Bournemouth,Crystal Palace,home,2024,5,0.13860198898300244,0.2551681961389271,6.553627229671691,6.746663565336077,6.005214160827409
2024-12-26,Bournemouth,Crystal Palace,away,2024,2,0.13860198898300244,-0.2551681961389271,5.264768991565986,5.114132798667168,4.476991585001119
2024-12-26,Chelsea,Fulham,home,2024,3,0.13860198898300244,0.4940585513378805,5.72129780331936,6.052083872373775,6.366241039384597
2024-12-26,Chelsea,Fulham,away,2024,1,0.13860198898300244,-0.4940585513378805,4.954890636451534,4.684073372383535,3.972277549813184
2024-12-26,Newcastle,Aston Villa,home,2024,9,0.13860198898300244,0.23389129585383484,5.292659304364429,5.43538123929265,5.568156114143392
2024-12-26,Newcastle,Aston Villa,away,2024,6,0.13860198898300244,-0.23389129585383484,5.241154639995957,5.103532696189934,4.511004965454052
2024-12-26,Nott'm Forest,Tottenham,home,2024,2,0.13860198898300244,0.06770456191165819,5.537631558919658,5.580449670543519,5.265129020950092
2024-12-26,Nott'm Forest,Tottenham,away,2024,7,0.13860198898300244,-0.06770456191165819,6.335961557860605,6.2873464954112475,5.133020902360908
2024-12-26,Southampton,West Ham,home,2024,2,0.13860198898300244,-0.14316498725264049,5.284816999562861,5.199438855214462,4.747644270438706
2024-12-26,Southampton,West Ham,away,2024,2,0.13860198898300244,0.14316498725264049,6.047724265685285,6.147031804385765,5.5294038696141845
2024-12-26,Wolves,Man United,home,2024,4,0.13860198898300244,-0.24054526389374353,5.32120885996723,5.177563986867689,4.566445473425861
2024-12-26,Wolves,Man United,away,2024,4,0.13860198898300244,0.24054526389374353,5.317964467618291,5.465504572006462,5.53482038533161
2024-12-26,Liverpool,Leicester,home,2024,14,0.13860198898300244,0.8474782461772409,7.063331542026569,7.778246324065375,7.890544432653952
2024-12-26,Liverpool,Leicester,away,2024,1,0.13860198898300244,-0.8474782461772409,3.8519593067221622,3.49791772286701,3.164149889625908
2024-12-27,Brighton,Brentford,home,2024,5,0.13902181480296893,0.3898651277395928,8.000420819867298,8.363253085977782,6.763726207236197
2024-12-27,Brighton,Brentford,away,2024,3,0.13902181480296893,-0.3898651277395928,3.916956307615184,3.747022656350867,3.857472125573164
2024-12-27,Arsenal,Ipswich,home,2024,5,0.13902181480296893,0.7738752586969403,8.154202092881773,8.904653074352593,7.99960328572409
2024-12-27,Arsenal,Ipswich,away,2024,1,0.13902181480296893,-0.7738752586969403,2.8777530773331175,2.6352267707737425,2.98037838217816
2024-12-29,Leicester,Man City,home,2024,4,0.13904528146935566,-0.590219299645673,3.4100582518171847,3.18860201007483,3.4303385578321737
2024-12-29,Leicester,Man City,away,2024,4,0.13904528146935566,0.590219299645673,7.525370473454627,8.04802593735526,7.14679198518791
2024-12-29,Crystal Palace,Southampton,home,2024,8,0.13904528146935566,0.41624955142944486,5.9881875422099435,6.278579531284333,6.24896527479263
2024-12-29,Crystal Palace,Southampton,away,2024,7,0.13904528146935566,-0.41624955142944486,5.3256188662632935,5.079302474487025,4.198076134506485
2024-12-29,Everton,Nott'm Forest,home,2024,5,0.13904528146935566,0.024252314553004473,5.769244852052389,5.785184668163402,5.235993256776151
2024-12-29,Everton,Nott'm Forest,away,2024,4,0.13904528146935566,-0.024252314553004473,4.3662932686297005,4.354262898679417,4.655196265283345
2024-12-29,Fulham,Bournemouth,home,2024,1,0.13904528146935566,0.07810107794135407,5.840952606053859,5.893082089437548,5.376871627916305
2024-12-29,Fulham,Bournemouth,away,2024,7,0.13904528146935566,-0.07810107794135407,5.524135388658086,5.475269562663835,4.896802835838837
2024-12-29,Tottenham,Wolves,home,2024,5,0.13904528146935566,0.3826636753008361,8.233161694148368,8.599500862597505,6.803752926458063
2024-12-29,Tottenham,Wolves,away,2024,5,0.13904528146935566,-0.3826636753008361,3.7932225992554174,3.6316311261040357,3.830690086906903
2024-12-29,West Ham,Liverpool,home,2024,3,0.13904528146935566,-0.545890273535903,4.409801156004337,4.144267000829881,3.7865924723392435
2024-12-29,West Ham,Liverpool,away,2024,6,0.13904528146935566,0.545890273535903,6.562894109086266,6.983396104350246,6.721625796054984
2024-12-30,Aston Villa,Brighton,home,2024,12,0.13867583824641574,0.22676807474741795,6.648700175767217,6.822458111209921,5.960437960650548
2024-12-30,Aston Villa,Brighton,away,2024,3,0.13867583824641574,-0.22676807474741795,3.641283157604031,3.548545051555717,4.039114807199045
2024-12-30,Ipswich,Chelsea,home,2024,4,0.13867583824641574,-0.5347896582202165,4.3536991060513195,4.096713464582308,3.789204575552855
2024-12-30,Ipswich,Chelsea,away,2024,7,0.13867583824641574,0.5347896582202165,6.207604666155736,6.597005897388957,6.575207915745417
2024-12-30,Man United,Newcastle,home,2024,2,0.13867583824641574,-0.029777405936627255,5.731953678063109,5.712568669384469,5.107748675465242
2024-12-30,Man United,Newcastle,away,2024,3,0.13867583824641574,0.029777405936627255,5.096231031735636,5.113524562631465,4.997485518776778
2025-01-01,Brentford,Arsenal,home,2024,4,0.1387896668826783,-0.5172584314113342,4.1900259065648875,3.9505727836490987,3.7719998996352
2025-01-01,Brentford,Arsenal,away,2024,3,0.1387896668826783,0.5172584314113342,5.466966147846002,5.798331291248685,6.273426674215326
2025-01-04,Tottenham,Newcastle,home,2024,9,0.1387690497147532,-0.09471153846153846,6.323242330471241,6.255475535241322,5.124225031701464
2025-01-04,Tottenham,Newcastle,away,2024,10,0.1387690497147532,0.09471153846153846,5.253803593945922,5.310719080278396,5.1851471798141855
2025-01-04,Aston Villa,Leicester,home,2024,7,0.1387690497147532,0.6185692193138209,8.057704364152402,8.645169662428454,7.4648898702615725
2025-01-04,Aston Villa,Leicester,away,2024,2,0.1387690497147532,-0.6185692193138209,3.238025298499837,3.017991733852099,3.301178760121451
2025-01-04,Bournemouth,Everton,home,2024,9,0.1387690497147532,0.34347822124745975,7.071175974998525,7.352959516861843,6.38239119464129
2025-01-04,Bournemouth,Everton,away,2024,3,0.1387690497147532,-0.34347822124745975,4.724353274380376,4.543304406150427,4.170231030152775
2025-01-04,Crystal Palace,Chelsea,home,2024,6,0.1387690497147532,-0.2286665164410394,4.4189200845691,4.30544673269349,4.3311814592668
2025-01-04,Crystal Palace,Chelsea,away,2024,6,0.1387690497147532,0.2286665164410394,6.163214041444666,6.325650276063236,5.766234482165444
2025-01-04,Man City,West Ham,home,2024,7,0.1387690497147532,0.6134061693509457,8.706018690341745,9.33526587472819,7.630473195063302
2025-01-04,Man City,West Ham,away,2024,1,0.1387690497147532,-0.6134061693509457,2.941838774279682,2.743543000974965,3.210934083886201
2025-01-04,Southampton,Brentford,home,2024,2,0.1387690497147532,-0.04162290121811657,5.515796289914588,5.489739278651636,5.021787436273252
2025-01-04,Southampton,Brentford,away,2024,2,0.1387690497147532,0.04162290121811657,5.26178957858396,5.286764628099629,5.072791733852736
2025-01-04,Brighton,Arsenal,home,2024,2,0.1387690497147532,-0.31184957125772883,4.799403591523855,4.63211621708465,4.290970143346375
2025-01-04,Brighton,Arsenal,away,2024,5,0.1387690497147532,0.31184957125772883,4.474824180465821,4.636431004030868,5.404996589816122
2025-01-05,Fulham,Ipswich,home,2024,9,0.1387838041030111,0.44388616368438816,6.0285472355969665,6.340801253881489,6.335443335923849
2025-01-05,Fulham,Ipswich,away,2024,2,0.1387838041030111,-0.44388616368438816,4.460079964539488,4.240442440031804,3.926327184654119
2025-01-05,Liverpool,Man United,home,2024,6,0.1387838041030111,0.6404504970882159,7.756541348419123,8.34279190462328,7.4451617106785895
2025-01-05,Liverpool,Man United,away,2024,9,0.1387838041030111,-0.6404504970882159,3.831993060206967,3.5627177278482804,3.4471242883380415
2025-01-06,Wolves,Nott'm Forest,home,2024,5,0.13872631277694047,-0.11294416243654826,5.410186342749968,5.341114552465035,4.843777478807291
2025-01-06,Wolves,Nott'm Forest,away,2024,3,0.13872631277694047,0.11294416243654826,4.822467843608668,4.884832446404136,5.0875084836012565
2025-01-14,Brentford,Man City,home,2024,4,0.13868083839463835,-0.3829913440836592,4.156208710369764,3.9790056804567846,3.98159369091721
2025-01-14,Brentford,Man City,away,2024,5,0.13868083839463835,0.3829913440836592,6.395672875662894,6.680500971653353,6.225256094582525
2025-01-14,Chelsea,Bournemouth,home,2024,9,0.13868083839463835,0.47700481487630747,5.901217217927545,6.230306264395614,6.38191961028241
2025-01-14,Chelsea,Bournemouth,away,2024,3,0.13868083839463835,-0.47700481487630747,4.880392709346203,4.622607021941596,3.9820941755499986
2025-01-14,West Ham,Fulham,home,2024,0,0.13868083839463835,-0.07499873101897225,5.0823491720416,5.039169549125546,4.826933395767592
2025-01-14,West Ham,Fulham,away,2024,3,0.13868083839463835,0.07499873101897225,5.591898166393483,5.639814008846481,5.243154207330462
2025-01-14,Nott'm Forest,Liverpool,home,2024,0,0.13868083839463835,-0.3974406568689538,3.9322755391824606,3.7584367228188977,3.889696922612468
2025-01-14,Nott'm Forest,Liverpool,away,2024,9,0.13868083839463835,0.3974406568689538,6.884511288743324,7.202940301106503,6.408711214578661
2025-01-15,Everton,Aston Villa,home,2024,8,0.13896233921502266,-0.10799153007607248,4.558365584467598,4.50270527193417,4.601556119831744
2025-01-15,Everton,Aston Villa,away,2024,5,0.13896233921502266,0.10799153007607248,5.571218909752809,5.640087682408625,5.310453689215824
2025-01-15,Leicester,Crystal Palace,home,2024,4,0.13896233921502266,-0.2513719071916819,4.446437480446314,4.321081305729547,4.298229277343193
2025-01-15,Leicester,Crystal Palace,away,2024,3,0.13896233921502266,0.2513719071916819,5.404800207343272,5.56159547018699,5.58827505817474
2025-01-15,Newcastle,Wolves,home,2024,4,0.13896233921502266,0.590405097687735,6.983382701001376,7.468553647486705,7.055059171594163
2025-01-15,Newcastle,Wolves,away,2024,2,0.13896233921502266,-0.590405097687735,3.767528333186,3.5227827808878964,3.502057338667359
2025-01-15,Arsenal,Tottenham,home,2024,10,0.13896233921502266,0.5419085393081349,7.168561407591181,7.624415578817645,6.968893154250933
2025-01-15,Arsenal,Tottenham,away,2024,4,0.13896233921502266,-0.5419085393081349,3.555175924563243,3.3426164492955825,3.5103506334544465
2025-01-16,Ipswich,Brighton,home,2024,1,0.1388508551590692,-0.24104481241878667,5.437393430410914,5.290311514974617,4.596317751650393
2025-01-16,Ipswich,Brighton,away,2024,9,0.1388508551590692,0.24104481241878667,5.078908895877633,5.220113368736678,5.457203961106526
2025-01-16,Man United,Southampton,home,2024,5,0.1388508551590692,0.6322920739352594,6.983961160618469,7.504850135344667,7.18092942861852
2025-01-16,Man United,Southampton,away,2024,4,0.1388508551590692,-0.6322920739352594,5.042045065767166,4.692091950452873,3.7678296350576304
2025-01-18,Newcastle,Bournemouth,home,2024,7,0.13886494950170258,0.3893362542037968,6.21096968914963,6.4922567619029,6.249200306844384
2025-01-18,Newcastle,Bournemouth,away,2024,6,0.13886494950170258,-0.3893362542037968,5.462289423262592,5.225627279612201,4.2796380660920725
2025-01-18,Brentford,Liverpool,home,2024,2,0.13886494950170258,-0.5183808801000124,3.903505562095222,3.6799566610093795,3.6879060562005925
2025-01-18,Brentford,Liverpool,away,2024,15,0.13886494950170258,0.5183808801000124,6.449057351475829,6.840822748942916,6.607995053946029
2025-01-18,Leicester,Fulham,home,2024,5,0.13886494950170258,-0.29038399262043313,3.8406505936961537,3.7158445923101313,4.0394774149248205
2025-01-18,Leicester,Fulham,away,2024,2,0.13886494950170258,0.29038399262043313,5.690368612975545,5.881493977708971,5.772826342146049
2025-01-18,West Ham,Crystal Palace,home,2024,2,0.13886494950170258,0.00948920488652305,5.198016642002404,5.203631177203807,5.037153768383678
2025-01-18,West Ham,Crystal Palace,away,2024,4,0.13886494950170258,-0.00948920488652305,4.837764359022954,4.832544581262991,4.836356430210996
2025-01-18,Arsenal,Aston Villa,home,2024,10,0.13886494950170258,0.48436284951144476,6.795555640454277,7.180526884841396,6.689538769588035
2025-01-18,Arsenal,Aston Villa,away,2024,1,0.13886494950170258,-0.48436284951144476,3.2159643181052764,3.0435460812124964,3.4858981702981624
2025-01-19,Everton,Tottenham,home,2024,3,0.13936613044827226,-0.06832435967811629,5.410942268693862,5.369046172218709,4.935966617741676
2025-01-19,Everton,Tottenham,away,2024,8,0.13936613044827226,0.06832435967811629,6.159276830322195,6.207339306975049,5.3882769627291305
2025-01-19,Man United,Brighton,home,2024,4,0.13936613044827226,0.172957833337616,6.023412290775293,6.143106861230687,5.650141796308333
2025-01-19,Man United,Brighton,away,2024,2,0.13936613044827226,-0.172957833337616,4.59522548211953,4.505690406033,4.442514429350485
2025-01-19,Nott'm Forest,Southampton,home,2024,2,0.13936613044827226,0.566715077735767,5.52657298486105,5.894623869122697,6.493797714473542
2025-01-19,Nott'm Forest,Southampton,away,2024,8,0.13936613044827226,-0.566715077735767,5.74310992988368,5.384519333598504,4.033824035346478
2025-01-19,Ipswich,Man City,home,2024,4,0.13936613044827226,-0.5761492698756085,3.7469164463256495,3.5091965743866664,3.553549948925585
2025-01-19,Ipswich,Man City,away,2024,7,0.13936613044827226,0.5761492698756085,7.457058036536152,7.962213801940022,7.084366064387377
2025-01-20,Chelsea,Wolves,home,2024,3,0.1392657717003352,0.5655664353578767,6.793920581152091,7.245425619558407,6.921984035427772
2025-01-20,Chelsea,Wolves,away,2024,6,0.1392657717003352,-0.5655664353578767,3.0667881010269764,2.875678516574074,3.319094250973729
2025-01-25,Bournemouth,Nott'm Forest,home,2024,3,0.13920836307485335,0.17795781533733768,7.501647527447103,7.655070104668859,6.062858693483793
2025-01-25,Bournemouth,Nott'm Forest,away,2024,9,0.13920836307485335,-0.17795781533733768,4.102762895621512,4.0205355027211995,4.279290616939538
2025-01-25,Brighton,Everton,home,2024,9,0.13920836307485335,0.3960841753349387,6.851884504363451,7.167698217852334,6.4617637136340225
2025-01-25,Brighton,Everton,away,2024,1,0.13920836307485335,-0.3960841753349387,3.8847668233501547,3.7136013251341553,3.837491142683212
2025-01-25,Liverpool,Ipswich,home,2024,3,0.13920836307485335,0.8220566179721874,7.983357438765594,8.766003632007882,8.110057209222884
2025-01-25,Liverpool,Ipswich,away,2024,4,0.13920836307485335,-0.8220566179721874,3.878930025334742,3.5326114581034296,3.20520366213504
2025-01-25,Southampton,Newcastle,home,2024,3,0.13920836307485335,-0.5324061519389455,4.017016218767303,3.7809290498062826,3.6990608217362557
2025-01-25,Southampton,Newcastle,away,2024,8,0.13920836307485335,0.5324061519389455,5.896473764325456,6.264658879553644,6.464186790233657
2025-01-25,Wolves,Arsenal,home,2024,1,0.13920836307485335,-0.5152592897157835,3.554843673136656,3.352452550394394,3.5866459495033047
2025-01-25,Wolves,Arsenal,away,2024,5,0.13920836307485335,0.5152592897157835,5.972585014599606,6.33315631832655,6.443329906352173
2025-01-25,Man City,Chelsea,home,2024,2,0.13920836307485335,0.1805870198411711,6.575323251129364,6.711808075558815,5.8253398731336965
2025-01-25,Man City,Chelsea,away,2024,4,0.13920836307485335,-0.1805870198411711,3.4481498245333158,3.3780315913970553,4.049164365701186
2025-01-26,Crystal Palace,Brentford,home,2024,4,0.13932231308106327,0.18869324256507602,6.513773070629653,6.655114882703405,5.828174322461623
2025-01-26,Crystal Palace,Brentford,away,2024,7,0.13932231308106327,-0.18869324256507602,4.723594775356212,4.623274727270169,4.451197489805253
2025-01-26,Tottenham,Leicester,home,2024,6,0.13932231308106327,0.4921917816982954,8.398976924236838,8.882690676200797,7.169681893270498
2025-01-26,Tottenham,Leicester,away,2024,4,0.13932231308106327,-0.4921917816982954,4.349889636089435,4.11301305069404,3.8173052039414572
2025-01-26,Aston Villa,West Ham,home,2024,4,0.13932231308106327,0.4526441394233212,7.745527502322745,8.154835148148607,6.875395689552439
2025-01-26,Aston Villa,West Ham,away,2024,3,0.13932231308106327,-0.4526441394233212,3.5381148362039534,3.3605297068961,3.6395042703503258
2025-01-26,Fulham,Man United,home,2024,3,0.13932231308106327,0.10545022777187119,6.2284874400920724,6.303658319883584,5.549207396926718
2025-01-26,Fulham,Man United,away,2024,0,0.13932231308106327,-0.10545022777187119,4.584518894117245,4.5298486849778055,4.567437717885998
2025-02-01,Nott'm Forest,Brighton,home,2024,4,0.13931840222300115,0.06107463108098571,4.716536924123458,4.749422513249094,4.994296819872348
2025-02-01,Nott'm Forest,Brighton,away,2024,6,0.13931840222300115,-0.06107463108098571,5.318983868672781,5.2821545662506235,4.874252642832238
2025-02-01,Bournemouth,Liverpool,home,2024,3,0.13931840222300115,-0.3594009983361064,4.5942929869917295,4.410232114604994,4.1489525453777345
2025-02-01,Bournemouth,Liverpool,away,2024,3,0.13931840222300115,0.3594009983361064,7.223841823439587,7.525328591812359,6.402031820647217
2025-02-01,Everton,Leicester,home,2024,5,0.13931840222300115,0.32960474000155926,5.838231240065209,6.061308138521944,5.977404001692275
2025-02-01,Everton,Leicester,away,2024,6,0.13931840222300115,-0.32960474000155926,4.3088535209090955,4.150272954242315,4.076063686703344
2025-02-01,Ipswich,Southampton,home,2024,1,0.13931840222300115,0.22745584133870478,5.291905826721277,5.4306300338215365,5.552824057369379
2025-02-01,Ipswich,Southampton,away,2024,2,0.13931840222300115,-0.22745584133870478,6.272332057999334,6.112106764433682,4.783648756755328
2025-02-01,Newcastle,Fulham,home,2024,4,0.13931840222300115,0.35423151248727675,5.38117715148279,5.602464539149371,5.888279454807913
2025-02-01,Newcastle,Fulham,away,2024,7,0.13931840222300115,-0.35423151248727675,5.014191393855536,4.816139749431382,4.229116611068255
2025-02-01,Wolves,Aston Villa,home,2024,5,0.13931840222300115,-0.16248270115028052,4.514494375714882,4.431810591495768,4.4835236703310635
2025-02-01,Wolves,Aston Villa,away,2024,8,0.13931840222300115,0.16248270115028052,5.743232459824091,5.850383292113617,5.4855914619157335
2025-02-02,Brentford,Tottenham,home,2024,10,0.13910191332797542,0.1443652271650377,5.395445682431589,5.484791262318635,5.394160643269618
2025-02-02,Brentford,Tottenham,away,2024,3,0.13910191332797542,-0.1443652271650377,6.540616069059712,6.434071424503514,5.019265575990637
2025-02-02,Man United,Crystal Palace,home,2024,11,0.13910191332797542,0.2107301366286659,5.695234612863568,5.833421365325843,5.641473555672158
2025-02-02,Man United,Crystal Palace,away,2024,0,0.13910191332797542,-0.2107301366286659,4.412742490576885,4.308209915945865,4.317469232383809
2025-02-02,Arsenal,Man City,home,2024,5,0.13910191332797542,0.23521765086138377,5.691893598904307,5.846263391045809,5.698970166502405
2025-02-02,Arsenal,Man City,away,2024,2,0.13910191332797542,-0.23521765086138377,3.761245244235086,3.66193007355101,4.065613573668903
2025-02-03,Chelsea,West Ham,home,2024,4,0.1393918184410307,0.5758835758835757,6.531892899148595,6.974165349499971,6.8674643094590495
2025-02-03,Chelsea,West Ham,away,2024,3,0.1393918184410307,-0.5758835758835757,3.8952359159344114,3.6482163161825194,3.5603560490873827
2025-02-12,Everton,Liverpool,home,2024,2,0.13937100450208045,-0.5357373420640044,3.6006490129125215,3.387748365809519,3.57003173002165
2025-02-12,Everton,Liverpool,away,2024,3,0.13937100450208045,0.5357373420640044,7.235898723550886,7.690633654918098,6.899660013181461
2025-02-14,Brighton,Chelsea,home,2024,2,0.13943749700617453,-0.05830296720458089,5.13397028522052,5.100029931078113,4.876359447581776
2025-02-14,Brighton,Chelsea,away,2024,9,0.13943749700617453,0.05830296720458089,4.677495741348763,4.708624159045601,4.9245929118487615
2025-02-15,Leicester,Arsenal,home,2024,3,0.13947095120142952,-0.615150676564084,3.282542891927451,3.06067432860206,3.354397869275547
2025-02-15,Leicester,Arsenal,away,2024,7,0.13947095120142952,0.615150676564084,5.467737739253932,5.86409455040227,6.538021126414234
2025-02-15,Aston Villa,Ipswich,home,2024,16,0.13947095120142952,0.550199173187928,7.4994752963366285,7.983899320020913,7.0923354386001005
2025-02-15,Aston Villa,Ipswich,away,2024,1,0.13947095120142952,-0.550199173187928,3.3033131032674636,3.1028841949317743,3.418913401787826
2025-02-15,Fulham,Nott'm Forest,home,2024,8,0.13947095120142952,0.14892113392073497,6.137938508010265,6.242814209316442,5.626103944311797
2025-02-15,Fulham,Nott'm Forest,away,2024,4,0.13947095120142952,-0.14892113392073497,4.037449631507158,3.9696227913361386,4.310384967389454
2025-02-15,Man City,Newcastle,home,2024,7,0.13947095120142952,0.20777204771578894,6.89670019588949,7.0616619414276265,5.980764050602617
2025-02-15,Man City,Newcastle,away,2024,4,0.13947095120142952,-0.20777204771578894,3.373821268317721,3.2950081716031443,3.9759325915327666
2025-02-15,Southampton,Bournemouth,home,2024,4,0.13947095120142952,-0.46545143091217156,4.454167199700035,4.2244439147519595,3.929437216034567
2025-02-15,Southampton,Bournemouth,away,2024,6,0.13947095120142952,0.46545143091217156,6.409228381301033,6.757759224045424,6.449719041636749
2025-02-15,West Ham,Brentford,home,2024,9,0.13947095120142952,0.057770173496326405,6.039271346365929,6.079093800901527,5.3867438638590315
2025-02-15,West Ham,Brentford,away,2024,2,0.13947095120142952,-0.057770173496326405,4.574321258328071,4.544356150648045,4.656940152569846
2025-02-15,Crystal Palace,Everton,home,2024,6,0.13947095120142952,0.33505642451340256,6.2054039150029086,6.446507344738016,6.106120969117925
2025-02-15,Crystal Palace,Everton,away,2024,2,0.13947095120142952,-0.33505642451340256,4.788499788636856,4.60940688443524,4.202688972314281
2025-02-16,Liverpool,Wolves,home,2024,4,0.13980751041647901,0.7291984776952696,7.317727452126543,7.9506819093894485,7.589980674945269
2025-02-16,Liverpool,Wolves,away,2024,3,0.13980751041647901,-0.7291984776952696,3.4442355298329197,3.1700396488611933,3.211961437042497
2025-02-16,Tottenham,Man United,home,2024,10,0.13980751041647901,0.03474791073916933,7.6820110041726615,7.712439059201928,5.750076790886061
2025-02-16,Tottenham,Man United,away,2024,5,0.13980751041647901,-0.03474791073916933,4.8386995727979825,4.819609345213556,4.785419601898001
2025-02-19,Aston Villa,Liverpool,home,2024,6,0.1397471450918216,-0.27376976357743366,5.048764182185353,4.893940708569139,4.429782716171353
2025-02-19,Aston Villa,Liverpool,away,2024,8,0.1397471450918216,0.27376976357743366,4.8454288169869795,4.998717580639648,5.452459057659168
2025-02-21,Leicester,Brentford,home,2024,5,0.1396307845833883,-0.2308072963202244,5.244496942629383,5.108579286879241,4.564527717308449
2025-02-21,Leicester,Brentford,away,2024,6,0.1396307845833883,0.2308072963202244,4.696838914753501,4.821801903263623,5.302875690586978
2025-02-22,Everton,Man United,home,2024,7,0.13951206526839724,0.05210484511517083,5.457828765477925,5.490277496971912,5.207010058585517
2025-02-22,Everton,Man United,away,2024,9,0.13951206526839724,-0.05210484511517083,4.792655737118923,4.764330101621871,4.736398646466108
2025-02-22,Arsenal,West Ham,home,2024,2,0.13951206526839724,0.6817842330245197,7.719377444545558,8.34195394462218,7.564698547582861
2025-02-22,Arsenal,West Ham,away,2024,0,0.13951206526839724,-0.6817842330245197,2.6265385384330266,2.43051477931983,3.0114067809933536
2025-02-22,Bournemouth,Wolves,home,2024,6,0.13951206526839724,0.4383578768407631,6.606482309528417,6.944302138991202,6.5036105339846015
2025-02-22,Bournemouth,Wolves,away,2024,7,0.13951206526839724,-0.4383578768407631,3.8784025614662756,3.6897297091509955,3.767783092360749
2025-02-22,Fulham,Crystal Palace,home,2024,7,0.13951206526839724,0.2114307489879999,5.670217628341285,5.80826031263776,5.635403596022761
2025-02-22,Fulham,Crystal Palace,away,2024,7,0.13951206526839724,-0.2114307489879999,4.128811068980924,4.0306832075841115,4.227659515703298
2025-02-22,Ipswich,Tottenham,home,2024,4,0.13951206526839724,-0.2591527117463587,4.924026457995594,4.780971916471321,4.4225504002111355
2025-02-22,Ipswich,Tottenham,away,2024,4,0.13951206526839724,0.2591527117463587,6.6111094588710495,6.808924725124195,5.969916404752346
2025-02-22,Southampton,Brighton,home,2024,5,0.13951206526839724,-0.43556743855832986,4.207819137602834,4.004392158656991,3.909321641413511
2025-02-22,Southampton,Brighton,away,2024,6,0.13951206526839724,0.43556743855832986,5.426139690686078,5.701792813776951,6.046918578287901
2025-02-22,Aston Villa,Chelsea,home,2024,2,0.13951206526839724,-0.00858030703585183,5.743491285066472,5.737887535439832,5.156826144697305
2025-02-22,Aston Villa,Chelsea,away,2024,3,0.13951206526839724,0.00858030703585183,4.565477545665569,4.569936293407476,4.786150863493974
2025-02-23,Newcastle,Nott'm Forest,home,2024,7,0.13930821489862727,0.2949262198735198,6.795038835895151,7.026897546260198,6.175943010830382
2025-02-23,Newcastle,Nott'm Forest,away,2024,6,0.13930821489862727,-0.2949262198735198,4.408483360097587,4.263021545718068,4.1656588461136215
2025-02-23,Man City,Liverpool,home,2024,7,0.13930821489862727,-0.09332265522295591,5.351894623367922,5.295374497404779,4.867550106723907
2025-02-23,Man City,Liverpool,away,2024,5,0.13930821489862727,0.09332265522295591,4.181385288867586,4.226015262317634,4.826225295939805
2025-02-25,Brighton,Bournemouth,home,2024,1,0.13906165971914317,0.18653310795598715,6.150707306576336,6.282626842968343,5.71972454537038
2025-02-25,Brighton,Bournemouth,away,2024,9,0.13906165971914317,-0.18653310795598715,4.950011446265904,4.846073518477405,4.520733336943349
2025-02-25,Crystal Palace,Aston Villa,home,2024,3,0.13906165971914317,0.037258522335822775,5.332040404791413,5.3546895436190916,5.137059542965866
2025-02-25,Crystal Palace,Aston Villa,away,2024,8,0.13906165971914317,-0.037258522335822775,5.572568622002736,5.548997903417022,4.995415453818908
2025-02-25,Wolves,Fulham,home,2024,7,0.13906165971914317,-0.002637616037337309,4.019043928173658,4.017838112158297,4.625421519117581
2025-02-25,Wolves,Fulham,away,2024,5,0.13906165971914317,0.002637616037337309,5.960154457764624,5.961943193273266,5.187715483720603
2025-02-25,Chelsea,Southampton,home,2024,4,0.13906165971914317,0.7565663527069454,6.094189508916188,6.641960555807145,7.25252244810919
2025-02-25,Chelsea,Southampton,away,2024,2,0.13906165971914317,-0.7565663527069454,4.3400879204377025,3.9821552763333363,3.412315050224763
2025-02-26,Brentford,Everton,home,2024,2,0.13902665634025016,0.20710767620426868,6.23867549688592,6.387415193474233,5.7951394363128585
2025-02-26,Brentford,Everton,away,2024,5,0.13902665634025016,-0.20710767620426868,4.531906213774177,4.426374580901441,4.3601230168645415
2025-02-26,Man United,Ipswich,home,2024,5,0.13902665634025016,0.46356026957198004,7.5132465512515765,7.920109194577398,6.841880161648408
2025-02-26,Man United,Ipswich,away,2024,6,0.13902665634025016,-0.46356026957198004,3.645521619010863,3.458248119899551,3.6567144324967176
2025-02-26,Nott'm Forest,Arsenal,home,2024,3,0.13902665634025016,-0.24014533778359887,3.4105436114571317,3.318627717453804,3.97602213023808
2025-02-26,Nott'm Forest,Arsenal,away,2024,11,0.13902665634025016,0.24014533778359887,6.137798987716784,6.307797351257712,5.786748759332035
2025-02-26,Tottenham,Man City,home,2024,8,0.13902665634025016,-0.1718597545776328,5.682530816078344,5.572506375440591,4.797828015068858
2025-02-26,Tottenham,Man City,away,2024,3,0.13902665634025016,0.1718597545776328,6.56469015440537,6.694304427326055,5.741598000369317
2025-02-26,Liverpool,Newcastle,home,2024,4,0.13902665634025016,0.45996348827411887,6.149923722064958,6.480306518209918,6.418274549442726
2025-02-26,Liverpool,Newcastle,away,2024,2,0.13902665634025016,-0.45996348827411887,4.756312664593818,4.5138235364866075,3.9787451235824682
2025-02-27,West Ham,Leicester,home,2024,3,0.138973771209737,0.40087755920659485,6.088764627730414,6.372879325095161,6.240911543035505
2025-02-27,West Ham,Leicester,away,2024,3,0.138973771209737,-0.40087755920659485,4.091469023437151,3.909063799036683,3.8921173542334526
2025-03-08,Nott'm Forest,Man City,home,2024,3,0.13899009342727361,-0.2599560085296439,3.786732012453849,3.6763825559299796,4.073639096082216
2025-03-08,Nott'm Forest,Man City,away,2024,2,0.13899009342727361,0.2599560085296439,7.186957037383336,7.40267909325492,6.129405384666576
2025-03-08,Brighton,Fulham,home,2024,3,0.13899009342727361,0.2272594212354735,5.159116385151492,5.294241289035311,5.508566078229955
2025-03-08,Brighton,Fulham,away,2024,7,0.13899009342727361,-0.2272594212354735,4.802937917785018,4.680352548311065,4.402207316971543
2025-03-08,Crystal Palace,Ipswich,home,2024,5,0.13899009342727361,0.505169262203385,6.3557035439363245,6.731672393791502,6.609203092062098
2025-03-08,Crystal Palace,Ipswich,away,2024,4,0.13899009342727361,-0.505169262203385,4.600103146634403,4.343184005582559,3.863226805433946
2025-03-08,Liverpool,Southampton,home,2024,6,0.13899009342727361,0.805766739629604,6.603244280230367,7.237166886874257,7.591969344473458
2025-03-08,Liverpool,Southampton,away,2024,4,0.13899009342727361,-0.805766739629604,4.241380264666949,3.8698665390373774,3.3183927291541755
2025-03-08,Brentford,Aston Villa,home,2024,6,0.13899009342727361,0.09907424900812395,5.1002052141028775,5.158016168714194,5.200148509420615
2025-03-08,Brentford,Aston Villa,away,2024,5,0.13899009342727361,-0.09907424900812395,5.729812917655004,5.665593275125954,4.9093077982493725
2025-03-08,Wolves,Everton,home,2024,5,0.13899009342727361,0.030364935269017457,5.255241767427977,5.273427352900907,5.099046908235917
2025-03-08,Wolves,Everton,away,2024,5,0.13899009342727361,-0.030364935269017457,4.907527847451753,4.8906040783053895,4.815418576882517
2025-03-09,Chelsea,Leicester,home,2024,12,0.13860161824752346,0.720073689657323,6.366694726629677,6.910211477466277,7.239828231416139
2025-03-09,Chelsea,Leicester,away,2024,2,0.13860161824752346,-0.720073689657323,3.4284445678719853,3.1587832039571984,3.219726576089567
2025-03-09,Tottenham,Bournemouth,home,2024,3,0.13860161824752346,-0.0456803439318213,7.187277480401149,7.1500230730217975,5.444264742160529
2025-03-09,Tottenham,Bournemouth,away,2024,6,0.13860161824752346,0.0456803439318213,6.051960499511681,6.083493572844445,5.3079315179665265
2025-03-09,Man United,Arsenal,home,2024,2,0.13860161824752346,-0.37926995228333704,4.380057311548168,4.195086017273729,4.053572528020485
2025-03-09,Man United,Arsenal,away,2024,9,0.13860161824752346,0.37926995228333704,5.139122553456406,5.365718658097319,5.805931850431381
2025-03-10,West Ham,Newcastle,home,2024,3,0.13876531457778157,-0.13841469672607848,4.8412701482173555,4.765632415932743,4.628965338373861
2025-03-10,West Ham,Newcastle,away,2024,4,0.13876531457778157,0.13841469672607848,4.9827000545521605,5.061782975744473,5.195078015295254
2025-03-15,Everton,West Ham,home,2024,6,0.1387447613019227,0.20290172460990968,5.239098800425403,5.361441009616602,5.478493693735689
2025-03-15,Everton,West Ham,away,2024,5,0.1387447613019227,-0.20290172460990968,4.619677804697659,4.514261819076532,4.394049007383245
2025-03-15,Ipswich,Nott'm Forest,home,2024,6,0.1387447613019227,-0.22921818393472576,5.226227509709268,5.091703758161267,4.562622159002501
2025-03-15,Ipswich,Nott'm Forest,away,2024,3,0.1387447613019227,0.22921818393472576,4.923780258926595,5.053867440681251,5.377825830431071
2025-03-15,Man City,Brighton,home,2024,4,0.1387447613019227,0.37045601701970216,7.3406604509195,7.656646224882636,6.53107311017798
2025-03-15,Man City,Brighton,away,2024,5,0.1387447613019227,-0.37045601701970216,3.1531963520211446,3.023065592353401,3.634975369469606
2025-03-15,Southampton,Wolves,home,2024,5,0.1387447613019227,-0.20075629241849635,4.657913002607269,4.552735613639001,4.454970799134383
2025-03-15,Southampton,Wolves,away,2024,1,0.1387447613019227,0.20075629241849635,4.551455494300444,4.656603309926216,5.18506500839976
2025-03-15,Bournemouth,Brentford,home,2024,4,0.1387447613019227,0.31890054677109514,7.308236081451136,7.578247187026198,6.381848537171101
2025-03-15,Bournemouth,Brentford,away,2024,3,0.1387447613019227,-0.31890054677109514,4.696952519528146,4.529601242731244,4.206032549839302
2025-03-16,Arsenal,Chelsea,home,2024,5,0.13853545392936503,0.3131410889040285,5.456534548516084,5.654426270693937,5.812294149856774
2025-03-16,Arsenal,Chelsea,away,2024,4,0.13853545392936503,-0.3131410889040285,3.220188239173584,3.107489166645271,3.74834976471454
2025-03-16,Fulham,Tottenham,home,2024,6,0.13853545392936503,0.20105141684831396,6.023873363547172,6.163243934087447,5.717591985928774
2025-03-16,Fulham,Tottenham,away,2024,5,0.13853545392936503,-0.20105141684831396,5.421598661182802,5.29899905183255,4.622392314343954
2025-03-16,Leicester,Man United,home,2024,6,0.13853545392936503,-0.2922241460727215,5.033529776380186,4.8689405019825145,4.391316569554649
2025-03-16,Leicester,Man United,away,2024,4,0.13853545392936503,0.2922241460727215,5.115389990650673,5.288310223806016,5.588675478278282
2025-04-01,Arsenal,Fulham,home,2024,5,0.13824423700314498,0.5237179384865848,6.0081490290643575,6.377001040218192,6.545368944994471
2025-04-01,Arsenal,Fulham,away,2024,4,0.13824423700314498,-0.5237179384865848,3.09657827409244,2.9174691416192253,3.388360736483858
2025-04-01,Wolves,West Ham,home,2024,1,0.13824423700314498,0.04467063384438663,4.989065479824379,5.014484406277312,5.047467889953715
2025-04-01,Wolves,West Ham,away,2024,2,0.13824423700314498,-0.04467063384438663,4.8777601884809645,4.8530343308572315,4.777398707685739
2025-04-01,Nott'm Forest,Man United,home,2024,3,0.13824423700314498,0.10695505123433435,5.131003956008391,5.193818529829678,5.227251599717793
2025-04-01,Nott'm Forest,Man United,away,2024,10,0.13824423700314498,-0.10695505123433435,5.506898360473603,5.440297367080474,4.832890879051229
2025-04-02,Bournemouth,Ipswich,home,2024,8,0.1383616853541398,0.5692727129137151,7.156521079966224,7.635342284038812,7.046057951068566
2025-04-02,Bournemouth,Ipswich,away,2024,3,0.1383616853541398,-0.5692727129137151,4.337721924304991,4.0656983322429046,3.6920330413019045
2025-04-02,Brighton,Aston Villa,home,2024,4,0.1383616853541398,0.16494777277580275,5.500292039892779,5.604481866322932,5.473900771436455
2025-04-02,Brighton,Aston Villa,away,2024,0,0.1383616853541398,-0.16494777277580275,5.130744873643449,5.035362029949276,4.613326403569133
2025-04-02,Man City,Leicester,home,2024,5,0.1383616853541398,0.7200108130026357,8.427924023312812,9.147339903195679,7.900876879599497
2025-04-02,Man City,Leicester,away,2024,0,0.1383616853541398,-0.7200108130026357,2.7490095814855358,2.5328067107274554,3.005652128570708
2025-04-02,Newcastle,Brentford,home,2024,4,0.1383616853541398,0.32503869580686456,7.016412437897681,7.280724226600076,6.317645166835961
2025-04-02,Newcastle,Brentford,away,2024,5,0.1383616853541398,-0.32503869580686456,4.535344262039772,4.3706978728933095,4.149638137919643
2025-04-02,Southampton,Crystal Palace,home,2024,2,0.1383616853541398,-0.415331062539374,4.548726056725996,4.338795256974908,4.039704662676675
2025-04-02,Southampton,Crystal Palace,away,2024,2,0.1383616853541398,0.415331062539374,5.042752547611147,5.286744027403843,5.860195428462155
2025-04-02,Liverpool,Everton,home,2024,11,0.1383616853541398,0.5927158851498003,7.07704993062664,7.5707184082613495,7.0913177410258
2025-04-02,Liverpool,Everton,away,2024,5,0.1383616853541398,-0.5927158851498003,3.7770965174677498,3.530801068726328,3.501414002696492
2025-04-03,Chelsea,Tottenham,home,2024,4,0.13866990497441678,0.372039345594501,6.448118437001282,6.726895481248861,6.276665906933003
2025-04-03,Chelsea,Tottenham,away,2024,6,0.13866990497441678,-0.372039345594501,4.658075704260452,4.465035009584145,4.102220101954031
2025-04-05,Everton,Arsenal,home,2024,3,0.13857713941601274,-0.35123098084602294,3.6204047710633427,3.4785924627014935,3.865383322330626
2025-04-05,Everton,Arsenal,away,2024,8,0.13857713941601274,0.35123098084602294,6.315899839675184,6.573381089706695,6.118482860804232
2025-04-05,Crystal Palace,Brighton,home,2024,2,0.13857713941601274,0.0601451479727087,5.179777072367505,5.215341040606164,5.140243723596461
2025-04-05,Crystal Palace,Brighton,away,2024,4,0.13857713941601274,-0.0601451479727087,5.186669680167095,5.151301225001134,4.838034422922155
2025-04-05,Ipswich,Wolves,home,2024,4,0.13857713941601274,-0.01183631245940292,5.013077699602868,5.00633179237425,4.936031595018251
2025-04-05,Ipswich,Wolves,away,2024,8,0.13857713941601274,0.01183631245940292,4.1330027073997435,4.13857182546783,4.646369102979287
2025-04-05,West Ham,Bournemouth,home,2024,4,0.13857713941601274,-0.09421228599576453,4.981385597478633,4.928279517565253,4.758148447296299
2025-04-05,West Ham,Bournemouth,away,2024,7,0.13857713941601274,0.09421228599576453,5.552506602581995,5.612339219280239,5.27416300075502
2025-04-05,Aston Villa,Nott'm Forest,home,2024,4,0.13857713941601274,0.22324485160024315,7.85427537074898,8.056310157167069,6.268816724737599
2025-04-05,Aston Villa,Nott'm Forest,away,2024,4,0.13857713941601274,-0.22324485160024315,3.465273588426045,3.378372042226874,3.9831432717854467
2025-04-06,Brentford,Chelsea,home,2024,3,0.13833679191426684,-0.1459447373814537,4.263565686462431,4.19335990881231,4.43514273970133
2025-04-06,Brentford,Chelsea,away,2024,6,0.13833679191426684,0.1459447373814537,5.923695109411341,6.022870384313091,5.5002545989305105
2025-04-06,Fulham,Liverpool,home,2024,4,0.13833679191426684,-0.28913463180152615,4.322171779846297,4.1823126474713135,4.1931428403087185
2025-04-06,Fulham,Liverpool,away,2024,4,0.13833679191426684,0.28913463180152615,6.146844712415391,6.352399017123327,5.910211737820039
2025-04-06,Tottenham,Southampton,home,2024,4,0.13833679191426684,0.5525394235997826,7.268515257445758,7.7400810077174045,7.030467177362408
2025-04-06,Tottenham,Southampton,away,2024,1,0.13833679191426684,-0.5525394235997826,5.13227526633098,4.819590523864478,3.918259120401371
2025-04-06,Man United,Man City,home,2024,5,0.13833679191426684,-0.161620683865913,4.798330001240077,4.710909683407235,4.571192928345231
2025-04-06,Man United,Man City,away,2024,3,0.13833679191426684,0.161620683865913,5.539835056346183,5.642637736489487,5.422326398308743
2025-04-07,Leicester,Newcastle,home,2024,12,0.13826841401590376,-0.48697287134031686,4.2047909504419545,3.978177102399609,3.824657206857865
2025-04-07,Leicester,Newcastle,away,2024,2,0.13826841401590376,0.48697287134031686,5.430125827716262,5.739448836093807,6.180803846409109
2025-04-12,Man City,Crystal Palace,home,2024,1,0.1384544658168578,0.4759899863450159,7.101409074454881,7.496562830100615,6.75805105442255
2025-04-12,Man City,Crystal Palace,away,2024,4,0.1384544658168578,-0.4759899863450159,2.9413108742255796,2.786270482406936,3.402245524580394
2025-04-12,Brighton,Leicester,home,2024,3,0.1384544658168578,0.6642720834964244,6.378810492272527,6.879549074666716,7.075697349021849
2025-04-12,Brighton,Leicester,away,2024,6,0.1384544658168578,-0.6642720834964244,3.4502955975612286,3.1991605147800333,3.302897911957827
2025-04-12,Nott'm Forest,Everton,home,2024,1,0.1384544658168578,0.1924634416529893,5.169282759179096,5.283716394434346,5.431683393089465
2025-04-12,Nott'm Forest,Everton,away,2024,7,0.1384544658168578,-0.1924634416529893,5.320075576482516,5.20485448159354,4.6119094328349854
2025-04-12,Southampton,Aston Villa,home,2024,2,0.1384544658168578,-0.4465581607382674,4.139339352903364,3.934300625254552,3.871404119268748
2025-04-12,Southampton,Aston Villa,away,2024,14,0.1384544658168578,0.4465581607382674,5.351782218648535,5.630693954503554,6.048934494049169
2025-04-12,Arsenal,Brentford,home,2024,13,0.1384544658168578,0.41414961495563934,7.641133498806715,8.009769905184275,6.736177300281684
2025-04-12,Arsenal,Brentford,away,2024,5,0.1384544658168578,-0.41414961495563934,2.710722613290004,2.5859660903588217,3.4043834474317873
2025-04-13,Chelsea,Ipswich,home,2024,15,0.13904439836764906,0.6603879071925202,7.16216014460562,7.720979364162666,7.323765703254109
2025-04-13,Chelsea,Ipswich,away,2024,4,0.13904439836764906,-0.6603879071925202,3.498643739366784,3.245423354785026,3.322688165365219
2025-04-13,Liverpool,West Ham,home,2024,10,0.13904439836764906,0.6349459343275684,6.715370700369213,7.218406273857032,7.101644262691225
2025-04-13,Liverpool,West Ham,away,2024,3,0.13904439836764906,-0.6349459343275684,3.672881053884481,3.4169256868411004,3.4097707859677193
2025-04-13,Wolves,Tottenham,home,2024,1,0.13904439836764906,0.12393682118646349,4.815119941650986,4.8834929462969034,5.161583774531802
2025-04-13,Wolves,Tottenham,away,2024,4,0.13904439836764906,-0.12393682118646349,6.255682220349825,6.168097412873099,4.992891281913982
2025-04-13,Newcastle,Man United,home,2024,7,0.13904439836764906,0.37406784501634244,6.540800120969287,6.825159039205455,6.310035998606046
2025-04-13,Newcastle,Man United,away,2024,2,0.13904439836764906,-0.37406784501634244,5.129566195969556,4.91585133802589,4.223736190035768
2025-04-14,Bournemouth,Fulham,home,2024,6,0.13951331067237002,0.15473953243629257,5.479515566346587,5.576831422286684,5.443970672705304
2025-04-14,Bournemouth,Fulham,away,2024,9,0.13951331067237002,-0.15473953243629257,5.222079272371688,5.130953850838052,4.658768899214588
2025-04-16,Newcastle,Crystal Palace,home,2024,5,0.13942556122565927,0.3571790969051243,5.735687788667683,5.973556338627745,6.013990896536608
2025-04-16,Newcastle,Crystal Palace,away,2024,4,0.13942556122565927,-0.3571790969051243,4.432521908578533,4.256017746017643,4.0646413905872
2025-04-19,Brentford,Brighton,home,2024,4,0.139344693671052,0.028289319018885706,4.952968186558339,4.968934290584054,5.001400704899077
2025-04-19,Brentford,Brighton,away,2024,8,0.139344693671052,-0.028289319018885706,5.104638857941705,5.088236710065841,4.879143840740904
2025-04-19,Crystal Palace,Bournemouth,home,2024,5,0.139344693671052,0.020949390061072715,4.93289440867184,4.944665120173755,4.97964300020567
2025-04-19,Crystal Palace,Bournemouth,away,2024,4,0.139344693671052,-0.020949390061072715,6.204213299457896,6.18944424977113,5.201028456442993
2025-04-19,Everton,Man City,home,2024,2,0.139344693671052,-0.2358808654116325,4.0964445035481285,3.9879775329874296,4.217257440206649
2025-04-19,Everton,Man City,away,2024,5,0.139344693671052,0.2358808654116325,6.2587886376064255,6.429018243286361,5.811600526182364
2025-04-19,West Ham,Southampton,home,2024,2,0.139344693671052,0.49170045994252387,5.1472277189615445,5.443362511193849,6.153765648181827
2025-04-19,West Ham,Southampton,away,2024,5,0.139344693671052,-0.49170045994252387,4.540433861485578,4.293421020534691,3.8694488079225757
2025-04-19,Aston Villa,Newcastle,home,2024,7,0.139344693671052,0.06937667474052495,6.591305638863677,6.643534651111515,5.562744637949159
2025-04-19,Aston Villa,Newcastle,away,2024,7,0.139344693671052,-0.06937667474052495,3.9345685216699993,3.903636399193017,4.421665833495577
2025-04-20,Fulham,Chelsea,home,2024,6,0.13906871893821435,-0.054191042372279175,4.455136202689354,4.4277543818765865,4.673632147828864
2025-04-20,Fulham,Chelsea,away,2024,4,0.13906871893821435,0.054191042372279175,5.2761288542348455,5.3087571353931375,5.104066971688205
2025-04-20,Ipswich,Arsenal,home,2024,0,0.13906871893821435,-0.5586930957056123,3.320502813088026,3.1160183964271058,3.44752238251415
2025-04-20,Ipswich,Arsenal,away,2024,12,0.13906871893821435,0.5586930957056123,6.513625900856802,6.941073631656912,6.742150982903747
2025-04-20,Man United,Wolves,home,2024,9,0.13906871893821435,0.2205633722096455,6.144486429748733,6.300618111573197,5.800541261484145
2025-04-20,Man United,Wolves,away,2024,2,0.13906871893821435,-0.2205633722096455,3.8338720888408,3.7388672993851313,4.115261439752325
2025-04-20,Leicester,Liverpool,home,2024,1,0.13906871893821435,-0.6940544893302913,3.8321685118869278,3.541219438834875,3.405028908468248
2025-04-20,Leicester,Liverpool,away,2024,13,0.13906871893821435,0.6940544893302913,6.412357613023929,6.939201412402096,7.10330009316565
2025-04-21,Tottenham,Nott'm Forest,home,2024,7,0.1396479544462888,0.02753246753246752,7.712892579698584,7.737089195811468,5.739784550257933
2025-04-21,Tottenham,Nott'm Forest,away,2024,1,0.1396479544462888,-0.02753246753246752,4.427005272002114,4.413160459775529,4.668811517350284
2025-04-22,Man City,Aston Villa,home,2024,10,0.13970246949134588,0.2747411125895897,6.396336790257459,6.599418924604155,6.009303581890181
2025-04-22,Man City,Aston Villa,away,2024,2,0.13970246949134588,-0.2747411125895897,3.6732092824511278,3.5601746062918154,3.9690321145379186
2025-04-23,Arsenal,Crystal Palace,home,2024,3,0.1397729542624446,0.5600030043079631,6.699295264829585,7.139991234565336,6.875650302253873
2025-04-23,Arsenal,Crystal Palace,away,2024,6,0.1397729542624446,-0.5600030043079631,2.797407030758711,2.6247449134443794,3.232923081538614
2025-04-26,Chelsea,Everton,home,2024,10,0.1397170524999564,0.442800210542146,7.074405330727982,7.439911292386333,6.656246076516915
2025-04-26,Chelsea,Everton,away,2024,2,0.1397170524999564,-0.442800210542146,3.802740916454954,3.615920883126222,3.737715387952454
2025-04-26,Brighton,West Ham,home,2024,8,0.1397170524999564,0.37005559830370205,5.681006222541377,5.925280661254067,6.02870147926385
2025-04-26,Brighton,West Ham,away,2024,1,0.1397170524999564,-0.37005559830370205,3.827120050034662,3.669343962191012,3.861796652383909
2025-04-26,Newcastle,Ipswich,home,2024,11,0.1397170524999564,0.7473046079025295,7.677003114303357,8.358232555734391,7.763227534761646
2025-04-26,Newcastle,Ipswich,away,2024,2,0.1397170524999564,-0.7473046079025295,4.094814626482511,3.7610708281182865,3.364121629573744
2025-04-26,Southampton,Fulham,home,2024,0,0.1397170524999564,-0.39783755028394835,3.7532062600688834,3.5871218012311976,3.832968448607603
2025-04-26,Southampton,Fulham,away,2024,13,0.1397170524999564,0.39783755028394835,6.204323638343949,6.491585067151451,6.205322433279775
2025-04-26,Wolves,Leicester,home,2024,4,0.1397170524999564,0.47771828608586175,4.93431872850313,5.209910288507038,6.0375931174783535
2025-04-26,Wolves,Leicester,away,2024,2,0.1397170524999564,-0.47771828608586175,4.257372048768477,4.032167440730331,3.8150230090294466
2025-04-27,Bournemouth,Man United,home,2024,5,0.1403956001026271,0.37042394924066413,6.800514545056538,7.0932233424512,6.377267563755939
2025-04-27,Bournemouth,Man United,away,2024,10,0.1403956001026271,-0.37042394924066413,5.075274934145935,4.865838751087901,4.216225774125169
2025-04-27,Liverpool,Tottenham,home,2024,8,0.1403956001026271,0.6649512324345758,6.833872027664587,7.370902563365877,7.231356521053746
2025-04-27,Liverpool,Tottenham,away,2024,2,0.1403956001026271,-0.6649512324345758,4.846965997299865,4.49382488280557,3.6708919852109463
2025-05-01,Nott'm Forest,Brentford,home,2024,4,0.14036378297993193,0.14787241696613512,5.194824799649365,5.282955679654396,5.338726517036189
2025-05-01,Nott'm Forest,Brentford,away,2024,5,0.14036378297993193,-0.14787241696613512,5.457656318511554,5.366611062166169,4.736964080365618
2025-05-02,Man City,Wolves,home,2024,4,0.14028325982705359,0.5571781006254828,7.490956439033703,7.981164431009336,7.110713278888937
2025-05-02,Man City,Wolves,away,2024,5,0.14028325982705359,-0.5571781006254828,2.601504546527398,2.4417185490213424,3.164364810203964
2025-05-03,Aston Villa,Fulham,home,2024,5,0.1402027712942547,0.3122304355017239,5.785136727644545,5.994324788276078,5.916913637560763
2025-05-03,Aston Villa,Fulham,away,2024,3,0.1402027712942547,-0.3122304355017239,4.7623111833220495,4.59611754588161,4.236079371973849
2025-05-03,Everton,Ipswich,home,2024,3,0.1402027712942547,0.5136661461905527,6.440446275712741,6.828025201206333,6.660354233443732
2025-05-03,Everton,Ipswich,away,2024,3,0.1402027712942547,-0.5136661461905527,4.480330596530806,4.226013767390707,3.8178958107736176
2025-05-03,Leicester,Southampton,home,2024,7,0.1402027712942547,0.08396441949737327,4.70458239626145,4.749737219833888,5.038736090470445
2025-05-03,Leicester,Southampton,away,2024,7,0.1402027712942547,-0.08396441949737327,5.162520702829004,5.113441627348391,4.78273642213718
2025-05-03,Arsenal,Bournemouth,home,2024,2,0.1402027712942547,0.1839868223666794,6.532412435626179,6.670586114453747,5.821804159787483
2025-05-03,Arsenal,Bournemouth,away,2024,3,0.1402027712942547,-0.1839868223666794,3.7799292548532555,3.701632277362876,4.160794034827023
2025-05-04,Brentford,Man United,home,2024,7,0.14011240124283755,0.36890042144125945,5.652336704095455,5.8946036803173465,6.016273363537535
2025-05-04,Brentford,Man United,away,2024,4,0.14011240124283755,-0.36890042144125945,5.62212035561786,5.391052386950329,4.355638102659338
2025-05-04,Brighton,Newcastle,home,2024,1,0.14011240124283755,-0.0794520547945205,5.517335438089609,5.467689342439945,4.942767881916966
2025-05-04,Brighton,Newcastle,away,2024,4,0.14011240124283755,0.0794520547945205,4.522116461104728,4.563176845538848,4.916660804111452
2025-05-04,West Ham,Tottenham,home,2024,1,0.14011240124283755,0.16635643542459905,5.075654005036643,5.172628970605361,5.341717282348974
2025-05-04,West Ham,Tottenham,away,2024,3,0.14011240124283755,-0.16635643542459905,5.329126980541076,5.22921803513129,4.665418225936999
2025-05-04,Chelsea,Liverpool,home,2024,3,0.14011240124283755,0.13398338750451427,4.8531114006962355,4.92765274381593,5.196201377660396
2025-05-04,Chelsea,Liverpool,away,2024,6,0.14011240124283755,-0.13398338750451427,5.430050507222763,5.3479093176829515,4.757257160430928
2025-05-05,Crystal Palace,Nott'm Forest,home,2024,7,0.14017829013051186,0.11354377028753126,5.803112607228832,5.878559990989506,5.446769358837711
2025-05-05,Crystal Palace,Nott'm Forest,away,2024,4,0.14017829013051186,-0.11354377028753126,4.432910878812583,4.37601743402963,4.5044271411739825
2025-05-10,Fulham,Everton,home,2024,5,0.14008742815758035,0.289406346808461,6.4157386639914735,6.630489907218212,6.052279799457887
2025-05-10,Fulham,Everton,away,2024,5,0.14008742815758035,-0.289406346808461,4.159593344681784,4.024870593484225,4.100428861375539
2025-05-10,Ipswich,Brentford,home,2024,5,0.14008742815758035,-0.3856652432387172,5.176437886560558,4.954229333942991,4.258691580375845
2025-05-10,Ipswich,Brentford,away,2024,6,0.14008742815758035,0.3856652432387172,5.3948395176467,5.636810447939958,5.910373585759671
2025-05-10,Southampton,Man City,home,2024,1,0.14008742815758035,-0.7311370175117661,3.181486838679803,2.92756268843203,3.1633514406178427
2025-05-10,Southampton,Man City,away,2024,15,0.14008742815758035,0.7311370175117661,6.889455461853017,7.487017089050098,7.37839583163035
2025-05-10,Wolves,Brighton,home,2024,7,0.14008742815758035,-0.02614081067043067,4.184147741321727,4.171722857988057,4.637638549031248
2025-05-10,Wolves,Brighton,away,2024,4,0.14008742815758035,0.02614081067043067,5.173931167437118,5.189340985711299,5.01341472558274
2025-05-10,Bournemouth,Aston Villa,home,2024,10,0.14008742815758035,0.037333728729568416,6.004590450756342,6.030148002760447,5.330958842284089
2025-05-10,Bournemouth,Aston Villa,away,2024,0,0.14008742815758035,-0.037333728729568416,5.855838413716821,5.831019637342228,5.073040981057857
2025-05-11,Newcastle,Chelsea,home,2024,2,0.14048408703100101,0.14764950072927185,5.037527139370208,5.122859525400108,5.2873190004891155
2025-05-11,Newcastle,Chelsea,away,2024,8,0.14048408703100101,-0.14764950072927185,5.233190771559481,5.146020578257733,4.675810461854979
2025-05-11,Man United,West Ham,home,2024,8,0.14048408703100101,0.24719241848620224,6.401462691314618,6.584040159408794,5.941401002381973
2025-05-11,Man United,West Ham,away,2024,5,0.14048408703100101,-0.24719241848620224,3.66916590212411,3.567418797882958,4.014017364964209
2025-05-11,Nott'm Forest,Leicester,home,2024,4,0.14048408703100101,0.6068338123860766,4.746296646082902,5.085542036031131,6.298610719412075
2025-05-11,Nott'm Forest,Leicester,away,2024,4,0.14048408703100101,-0.6068338123860766,4.609331958563631,4.301853501674483,3.703466458061211
2025-05-11,Tottenham,Crystal Palace,home,2024,4,0.14048408703100101,-0.021581889979278235,6.444075502592921,6.428272888894991,5.3159247297027985
2025-05-11,Tottenham,Crystal Palace,away,2024,8,0.14048408703100101,0.021581889979278235,4.422929146758198,4.433802026912412,4.7651181089164805
2025-05-11,Liverpool,Arsenal,home,2024,3,0.14048408703100101,0.19591414874433744,4.690898575605602,4.79662476087167,5.277441980666536
2025-05-11,Liverpool,Arsenal,away,2024,1,0.14048408703100101,-0.19591414874433744,5.206423565659469,5.091664682086407,4.574318991173985
2025-05-16,Aston Villa,Tottenham,home,2024,9,0.140379186870449,0.61229983185515,6.59892218271704,7.074983665411388,6.995928377529975
2025-05-16,Aston Villa,Tottenham,away,2024,1,0.140379186870449,-0.61229983185515,4.3211261701545824,4.030366243523215,3.6213396674372684
2025-05-16,Chelsea,Man United,home,2024,7,0.140379186870449,0.5096009687463959,7.112198798430614,7.536716672683472,6.857732469895867
2025-05-16,Chelsea,Man United,away,2024,2,0.140379186870449,-0.5096009687463959,4.262202247710434,4.022126745815582,3.765420218889586
2025-05-18,Everton,Southampton,home,2024,4,0.1404649161002858,0.5606235224321461,4.753670382912062,5.066736073481727,6.180086471982106
2025-05-18,Everton,Southampton,away,2024,5,0.1404649161002858,-0.5606235224321461,5.197283281307336,4.876151283123235,3.9202756067057147
2025-05-18,West Ham,Nott'm Forest,home,2024,8,0.1404649161002858,-0.03641990002380391,5.399317477941123,5.376992548889842,4.999450822375474
2025-05-18,West Ham,Nott'm Forest,away,2024,7,0.1404649161002858,0.03641990002380391,4.0789474206166645,4.095882949342286,4.675550717324915
2025-05-18,Brentford,Fulham,home,2024,5,0.1404649161002858,0.2319797413403275,4.5414045070697995,4.662853953917521,5.304483732303548
2025-05-18,Brentford,Fulham,away,2024,3,0.1404649161002858,-0.2319797413403275,6.104687474716508,5.945683799218665,4.734395372450681
2025-05-18,Leicester,Ipswich,home,2024,2,0.1404649161002858,0.08498030617590563,6.352846221275777,6.414562474414344,5.535525282384452
2025-05-18,Leicester,Ipswich,away,2024,2,0.1404649161002858,-0.08498030617590563,4.516564032192181,4.473108939153622,4.58563224153833
2025-05-18,Arsenal,Newcastle,home,2024,10,0.1404649161002858,0.2171793283910668,6.2870156160299775,6.444287516226628,5.8338124633977575
2025-05-18,Arsenal,Newcastle,away,2024,7,0.1404649161002858,-0.2171793283910668,3.3312450653988748,3.249946513753437,3.944554046645929
2025-05-19,Brighton,Liverpool,home,2024,3,0.14029221161923258,-0.025060200049394854,3.9042605511022126,3.893145377107632,4.54071862004475
2025-05-19,Brighton,Liverpool,away,2024,3,0.14029221161923258,0.025060200049394854,5.8537414223346635,5.8704542208885355,5.207666406913068
2025-05-20,Crystal Palace,Wolves,home,2024,0,0.14030736709102226,0.12759415833973864,5.581405775536407,5.663015546285144,5.413017204835971
2025-05-20,Crystal Palace,Wolves,away,2024,10,0.14030736709102226,-0.12759415833973864,4.199882085142461,4.139357544579431,4.4031032856183
2025-05-20,Man City,Bournemouth,home,2024,3,0.14030736709102226,0.44136721651072164,6.350538698534158,6.677556691242654,6.432177345621519
2025-05-20,Man City,Bournemouth,away,2024,1,0.14030736709102226,-0.44136721651072164,3.787942099341693,3.6024363404093487,3.7354322999664156
2025-05-25,Bournemouth,Leicester,home,2024,6,0.1406329183822905,0.6020794890101406,6.74694578403556,7.22528012491396,7.0141732933380405
2025-05-25,Bournemouth,Leicester,away,2024,1,0.1406329183822905,-0.6020794890101406,4.025247002055543,3.758764064603492,3.5574668634922695
2025-05-25,Fulham,Man City,home,2024,1,0.1406329183822905,-0.4070244437101571,4.384275851134809,4.185888520563797,4.007623010848198
2025-05-25,Fulham,Man City,away,2024,6,0.1406329183822905,0.4070244437101571,5.714291283485021,5.9851162202377814,6.071711718183071
2025-05-25,Ipswich,West Ham,home,2024,4,0.1406329183822905,-0.11277644876238829,4.859980535951904,4.798024763083947,4.6848953994933655
2025-05-25,Ipswich,West Ham,away,2024,0,0.1406329183822905,0.11277644876238829,4.817699752671397,4.879909584083495,5.085580834556961
2025-05-25,Liverpool,Crystal Palace,home,2024,11,0.1406329183822905,0.5279917871568787,6.205870954091076,6.590064929886981,6.62367095655209
2025-05-25,Liverpool,Crystal Palace,away,2024,0,0.1406329183822905,-0.5279917871568787,3.858937365875291,3.633965304944713,3.6223841091659006
2025-05-25,Man United,Aston Villa,home,2024,4,0.1406329183822905,-0.3334456720741072,6.256834819591043,6.02392903705864,4.618396319841379
2025-05-25,Man United,Aston Villa,away,2024,3,0.1406329183822905,0.3334456720741072,4.710699954598936,4.892831791221123,5.542447547447367
2025-05-25,Newcastle,Everton,home,2024,12,0.1406329183822905,0.6128048601359569,6.753976575527906,7.241640096366417,7.0482464704387535
2025-05-25,Newcastle,Everton,away,2024,3,0.1406329183822905,-0.6128048601359569,4.406094786501409,4.109381380678933,3.642606154251063
2025-05-25,Nott'm Forest,Chelsea,home,2024,7,0.1406329183822905,-0.12504532269760688,3.454386655469831,3.405592834663728,4.190350491010114
2025-05-25,Nott'm Forest,Chelsea,away,2024,4,0.1406329183822905,0.12504532269760688,6.622730224428599,6.717617760169449,5.644859918600402
2025-05-25,Southampton,Arsenal,home,2024,5,0.1406329183822905,-0.6359600399440142,2.5962495839986577,2.4150437619376266,3.0907288245674343
2025-05-25,Southampton,Arsenal,away,2024,8,0.1406329183822905,0.6359600399440142,7.867151852506996,8.457440832433694,7.3874867340799515
2025-05-25,Tottenham,Brighton,home,2024,2,0.1406329183822905,-0.33276995305164314,6.47367315654241,6.233174885573658,4.669020792272352
2025-05-25,Tottenham,Brighton,away,2024,11,0.1406329183822905,0.33276995305164314,4.9239008308816326,5.113882607101223,5.617830119240768
2025-05-25,Wolves,Brentford,home,2024,8,0.1406329183822905,-0.04063029442298266,5.312524987639246,5.288025359570158,4.965445711019599
2025-05-25,Wolves,Brentford,away,2024,3,0.1406329183822905,0.04063029442298266,4.801264535111137,4.823508981265058,4.92798467297799
2025-08-15,Liverpool,Bournemouth,home,2025,6,0.14114746919752297,0.6115392113606747,6.25277791831848,6.703287676350841,6.877236561210683
2025-08-15,Liverpool,Bournemouth,away,2025,7,0.14114746919752297,-0.6115392113606747,4.234504216573315,3.949914689448325,3.5997134407410414
2025-08-16,Aston Villa,Newcastle,home,2025,3,0.14102232379342475,0.08964290772886802,6.659217006262311,6.727477180980774,5.6284240619560775
2025-08-16,Aston Villa,Newcastle,away,2025,6,0.14102232379342475,-0.08964290772886802,4.117284221112946,4.075508302334167,4.446506196599327
2025-08-16,Brighton,Fulham,home,2025,4,0.14102232379342475,0.25177723876162983,4.618669586243308,4.7528780714579195,5.37713479940159
2025-08-16,Brighton,Fulham,away,2025,3,0.14102232379342475,-0.25177723876162983,4.85071596813272,4.713744804029255,4.370401684980999
2025-08-16,Tottenham,Burnley,home,2025,6,0.14102232379342475,0.5756311973281187,7.0173150840007,7.492240199804354,7.021854638763455
2025-08-16,Tottenham,Burnley,away,2025,5,0.14102232379342475,-0.5756311973281187,4.906954941498812,4.595908301016638,3.826390856644444
2025-08-16,Wolves,Man City,home,2025,4,0.14102232379342475,-0.5176692810430473,3.705134692199959,3.4932290289600774,3.6295390192697434
2025-08-16,Wolves,Man City,away,2025,6,0.14102232379342475,0.5176692810430473,6.054328920818946,6.421595588650475,6.477260377906841
2025-08-17,Chelsea,Crystal Palace,home,2025,11,0.1406269899524241,0.4019596243640576,6.27290179068821,6.5664170090578615,6.302000087612961
2025-08-17,Chelsea,Crystal Palace,away,2025,2,0.1406269899524241,-0.4019596243640576,3.7864514698892835,3.6171991777339767,3.797540864263639
2025-08-17,Nott'm Forest,Brentford,home,2025,5,0.1406269899524241,0.16463463651223242,5.313535719648913,5.4139950232647385,5.414576293482169
2025-08-17,Nott'm Forest,Brentford,away,2025,5,0.1406269899524241,-0.16463463651223242,5.2581250747468395,5.160558013627629,4.649331601074204
2025-08-17,Man United,Arsenal,home,2025,3,0.1406269899524241,-0.20538081766239535,4.2801062108924155,4.1812594445307605,4.330618292155325
2025-08-17,Man United,Arsenal,away,2025,4,0.1406269899524241,0.20538081766239535,5.426643742960274,5.554931928207896,5.487865573825044
2025-08-18,Leeds,Everton,home,2025,7,0.1406219060690911,0.07599722806462988,6.445489862677135,6.501458449721063,5.5395385552090906
2025-08-18,Leeds,Everton,away,2025,2,0.1406219060690911,-0.07599722806462988,4.226868489020025,4.190480983234903,4.508916868109071
2025-08-22,West Ham,Chelsea,home,2025,7,0.14061523950901872,-0.3513721185510427,4.1512891526296025,3.9886179042089114,4.0335327476261815
2025-08-22,West Ham,Chelsea,away,2025,5,0.14061523950901872,0.3513721185510427,5.434054323068048,5.655676053188285,5.838706748552589
2025-08-23,Man City,Tottenham,home,2025,7,0.14050198576607334,0.485511021684063,6.630557369883312,7.007096615585589,6.641707712034397
2025-08-23,Man City,Tottenham,away,2025,2,0.14050198576607334,-0.485511021684063,3.492423489316468,3.304751679081232,3.574914942982519
2025-08-23,Bournemouth,Wolves,home,2025,8,0.14050198576607334,0.30678370877170336,6.2898098801932525,6.513209535006684,6.059232669333533
2025-08-23,Bournemouth,Wolves,away,2025,3,0.14050198576607334,-0.30678370877170336,4.3962764321094285,4.245486467174473,4.141307968659037
2025-08-23,Brentford,Aston Villa,home,2025,2,0.14050198576607334,-0.12384661263726626,5.328279041838011,5.25373257506827,4.798698931714506
2025-08-23,Brentford,Aston Villa,away,2025,9,0.14050198576607334,0.12384661263726626,5.258157221950107,5.332766471091626,5.250580547595005
2025-08-23,Arsenal,Leeds,home,2025,2,0.14050198576607334,0.6599637048679087,6.503960033833067,7.011085593589618,7.105751905001249
2025-08-23,Arsenal,Leeds,away,2025,2,0.14050198576607334,-0.6599637048679087,3.536561940802127,3.2807554854533567,3.334464958427646
2025-08-24,Crystal Palace,Nott'm Forest,home,2025,1,0.14057521573217696,0.09432680831226864,5.726963115111383,5.788751057228673,5.380628289693785
2025-08-24,Crystal Palace,Nott'm Forest,away,2025,3,0.14057521573217696,-0.09432680831226864,4.781055015221043,4.7300230140830495,4.649327531232558
2025-08-24,Everton,Brighton,home,2025,2,0.14057521573217696,-0.1004582305252027,4.530999764330967,4.4795110448311615,4.607538727154841
2025-08-24,Everton,Brighton,away,2025,2,0.14057521573217696,0.1004582305252027,5.5642887235500975,5.628246173020701,5.291562756825195
2025-08-24,Fulham,Man United,home,2025,9,0.14057521573217696,-0.15461576587479975,5.9655993559876075,5.8615820221920725,4.906603547743253
2025-08-24,Fulham,Man United,away,2025,6,0.14057521573217696,0.15461576587479975,4.760958497487711,4.845444598227229,5.157000638626976
2025-08-25,Newcastle,Liverpool,home,2025,7,0.14072121241682164,-0.18129104786699007,4.6725381300059015,4.5771553039636235,4.496068222764237
2025-08-25,Newcastle,Liverpool,away,2025,1,0.14072121241682164,0.18129104786699007,6.115727333248306,6.243172289254952,5.638607382012184
2025-08-30,Chelsea,Fulham,home,2025,6,0.14077417578555335,0.4428454722553886,5.792339737939774,6.091637913759117,6.254275541486019
2025-08-30,Chelsea,Fulham,away,2025,4,0.14077417578555335,-0.4428454722553886,4.353104782314002,4.139225307049354,3.898444403119099
2025-08-30,Man United,Burnley,home,2025,7,0.14077417578555335,0.5872639763050722,6.311431745402273,6.747507189370786,6.8270519289250515
2025-08-30,Man United,Burnley,away,2025,1,0.14077417578555335,-0.5872639763050722,4.283770885636385,4.006920896686989,3.6498736663652167
2025-08-30,Tottenham,Bournemouth,home,2025,0,0.14077417578555335,0.32619755263959027,5.96566772005344,6.1912136116782355,6.009124509970416
2025-08-30,Tottenham,Bournemouth,away,2025,8,0.14077417578555335,-0.32619755263959027,5.7798618543546265,5.569301505903787,4.473164868288194
2025-08-30,Wolves,Everton,home,2025,2,0.14077417578555335,0.010410207877818711,5.574215948080536,5.580821548021541,5.1500397427596365
2025-08-30,Wolves,Everton,away,2025,2,0.14077417578555335,-0.010410207877818711,4.449491893460741,4.444225363589459,4.710064320696197
2025-08-30,Leeds,Newcastle,home,2025,5,0.14077417578555335,-0.16584614799749087,5.623093720591145,5.517993899318415,4.794271390142676
2025-08-30,Leeds,Newcastle,away,2025,5,0.14077417578555335,0.16584614799749087,4.513229028635207,4.599191349893127,5.095904487637063
2025-08-31,Brighton,Man City,home,2025,3,0.14086008189663846,-0.25902237507077386,4.025551297148152,3.9086575273313526,4.153656834478531
2025-08-31,Brighton,Man City,away,2025,2,0.14086008189663846,0.25902237507077386,5.235589236854527,5.392166721279477,5.551029910722349
2025-08-31,Nott'm Forest,West Ham,home,2025,9,0.14086008189663846,0.3714035113800229,4.886856992602408,5.097765913055328,5.755609764634738
2025-08-31,Nott'm Forest,West Ham,away,2025,7,0.14086008189663846,-0.3714035113800229,4.761081817293346,4.564102465279214,4.131384070680957
2025-08-31,Liverpool,Arsenal,home,2025,3,0.14086008189663846,0.13164536287735318,4.800385657800027,4.872820879072374,5.173441107458435
2025-08-31,Liverpool,Arsenal,away,2025,8,0.14086008189663846,-0.13164536287735318,4.872535793476163,4.8001048100444335,4.603868072132441
2025-08-31,Aston Villa,Crystal Palace,home,2025,10,0.14086008189663846,0.27039287497919096,6.735680855904056,6.946100128519007,6.09570860374656
2025-08-31,Aston Villa,Crystal Palace,away,2025,1,0.14086008189663846,-0.27039287497919096,3.6812899944716038,3.5697721141374243,3.979038183984145
2025-09-13,Arsenal,Nott'm Forest,home,2025,8,0.14092444170924906,0.5715820322684939,6.848368545921484,7.308492041866186,6.9568439146021905
2025-09-13,Arsenal,Nott'm Forest,away,2025,4,0.14092444170924906,-0.5715820322684939,3.1259263505365324,2.9291262237476867,3.3304520974153546
2025-09-13,Bournemouth,Brighton,home,2025,4,0.14092444170924906,0.06804043545878696,5.743906136588618,5.788540387197605,5.326233609822159
2025-09-13,Bournemouth,Brighton,away,2025,4,0.14092444170924906,-0.06804043545878696,4.900454621434024,4.862668218465355,4.737411391706731
2025-09-13,Everton,Aston Villa,home,2025,10,0.14092444170924906,0.06718284837229538,4.558687880579643,4.593663940723697,4.954339002390932
2025-09-13,Everton,Aston Villa,away,2025,3,0.14092444170924906,-0.06718284837229538,5.435521359141068,5.394135414408319,4.89466474227309
2025-09-13,Fulham,Leeds,home,2025,3,0.14092444170924906,0.24058257185372492,5.020921241398102,5.1602421643413,5.492917716399109
2025-09-13,Fulham,Leeds,away,2025,3,0.14092444170924906,-0.24058257185372492,4.365769640928683,4.247898611554382,4.249280491244774
2025-09-13,Newcastle,Wolves,home,2025,10,0.14092444170924906,0.53817500691769,6.524221122071915,6.936154466925803,6.7566833667379385
2025-09-13,Newcastle,Wolves,away,2025,4,0.14092444170924906,-0.53817500691769,4.049657751750733,3.8091514205917725,3.6614992742438175
2025-09-13,West Ham,Tottenham,home,2025,2,0.14092444170924906,-0.16930881420418514,5.303481660315972,5.202305862815157,4.7007680866838975
2025-09-13,West Ham,Tottenham,away,2025,13,0.14092444170924906,0.16930881420418514,4.893751033979976,4.988925976916804,5.2337192018935
2025-09-13,Brentford,Chelsea,home,2025,5,0.14092444170924906,-0.3396335785598441,4.402115310925942,4.23526745048037,4.128331344782261
2025-09-13,Brentford,Chelsea,away,2025,6,0.14092444170924906,0.3396335785598441,6.033030671720254,6.270701201704108,6.002319726050196
2025-09-14,Burnley,Liverpool,home,2025,1,0.14090876084075882,-0.6039989044935654,4.176035682236003,3.8987186677105767,3.6327736034411187
2025-09-14,Burnley,Liverpool,away,2025,13,0.14090876084075882,0.6039989044935654,5.662042137763599,6.064784873413158,6.578556608861731
2025-09-14,Man City,Man United,home,2025,2,0.14090876084075882,0.3116095504083254,7.400480405692106,7.667536980742251,6.387180514198509
2025-09-14,Man City,Man United,away,2025,4,0.14090876084075882,-0.3116095504083254,3.4059045732952287,3.2872785774146323,3.8168849392492326
2025-09-20,Liverpool,Everton,home,2025,5,0.14124686387834307,0.5127330007876083,7.28506109072146,7.722648120168762,6.918374105938021
2025-09-20,Liverpool,Everton,away,2025,4,0.14124686387834307,-0.5127330007876083,3.711645216573392,3.50133292739361,3.6018131947344645
2025-09-20,Brighton,Tottenham,home,2025,2,0.14124686387834307,0.10533994747592645,5.073021542641404,5.134182826359664,5.205226278997548
2025-09-20,Brighton,Tottenham,away,2025,10,0.14124686387834307,-0.10533994747592645,4.606158721050463,4.5512875585076875,4.574357975681231
2025-09-20,Burnley,Nott'm Forest,home,2025,4,0.14124686387834307,-0.1529779261846691,5.324140727968202,5.232282831283921,4.738980309358933
2025-09-20,Burnley,Nott'm Forest,away,2025,5,0.14124686387834307,0.1529779261846691,4.980909934923448,5.068354731955498,5.226485141917557
2025-09-20,West Ham,Crystal Palace,home,2025,8,0.14124686387834307,-0.08185761184730772,5.3736242674066395,5.323814145054493,4.897313114663496
2025-09-20,West Ham,Crystal Palace,away,2025,8,0.14124686387834307,0.08185761184730772,4.6124608688653765,4.655615500857197,4.95208236421098
2025-09-20,Wolves,Leeds,home,2025,4,0.14124686387834307,0.009061340193516176,3.939430409299753,3.9434935477070083,4.619397609862789
2025-09-20,Wolves,Leeds,away,2025,0,0.14124686387834307,-0.009061340193516176,4.267170127889994,4.262773492615414,4.651696140364667
2025-09-20,Man United,Chelsea,home,2025,5,0.14124686387834307,-0.034822271154451134,5.086182922498402,5.066073435908062,4.910536904339606
2025-09-20,Man United,Chelsea,away,2025,5,0.14124686387834307,0.034822271154451134,4.821041954764589,4.840178803009552,4.922234995202767
2025-09-20,Fulham,Brentford,home,2025,2,0.14124686387834307,0.21268746843503655,6.094852016667877,6.2441251873706,5.766720273706475
2025-09-20,Fulham,Brentford,away,2025,10,0.14124686387834307,-0.21268746843503655,4.416880640582605,4.311289904002116,4.315168463832896
2025-09-21,Bournemouth,Newcastle,home,2025,5,0.1411833700251058,0.04731326788264051,6.028068956101393,6.060603324735596,5.35994790334872
2025-09-21,Bournemouth,Newcastle,away,2025,2,0.1411833700251058,-0.04731326788264051,4.9889572979233225,4.962175710821511,4.805718366620565
2025-09-21,Arsenal,Man City,home,2025,11,0.1411833700251058,0.2523609653725079,4.9504767346179825,5.0946651293988445,5.496006477559368
2025-09-21,Arsenal,Man City,away,2025,2,0.1411833700251058,-0.2523609653725079,4.131030927151726,4.014115152896237,4.156034338105666
2025-09-27,Brentford,Man United,home,2025,4,0.14119072591536494,-0.190561656178804,5.562796811524808,5.443496528234014,4.7286649094244595
2025-09-27,Brentford,Man United,away,2025,2,0.14119072591536494,0.190561656178804,5.476935607605596,5.5969687455278425,5.4693890814016575
2025-09-27,Chelsea,Brighton,home,2025,5,0.14119072591536494,0.26385224274406327,5.937053258109992,6.117969728784605,5.8444833498031485
2025-09-27,Chelsea,Brighton,away,2025,7,0.14119072591536494,-0.26385224274406327,4.053710940704478,3.933837337362375,4.1116689590908875
2025-09-27,Crystal Palace,Liverpool,home,2025,2,0.14119072591536494,-0.24833110814419224,3.6604378619698394,3.558471780502817,4.050606805022339
2025-09-27,Crystal Palace,Liverpool,away,2025,6,0.14119072591536494,0.24833110814419224,6.51038857001609,6.696940228216519,5.914380050781323
2025-09-27,Leeds,Bournemouth,home,2025,7,0.14119072591536494,-0.0752682129970419,5.018905242748262,4.9761120800556835,4.807528553322264
2025-09-27,Leeds,Bournemouth,away,2025,4,0.14119072591536494,0.0752682129970419,5.006729206465052,5.049785667823443,5.066197779002366
2025-09-27,Man City,Burnley,home,2025,10,0.14119072591536494,0.7507553819655437,6.917754360618347,7.534568160334546,7.526276157623418
2025-09-27,Man City,Burnley,away,2025,2,0.14119072591536494,-0.7507553819655437,2.9839411037595127,2.7396622000223765,3.0437451501195367
2025-09-27,Tottenham,Wolves,home,2025,10,0.14119072591536494,0.4958489031690646,6.527382184587139,6.90617983704181,6.638193997062859
2025-09-27,Tottenham,Wolves,away,2025,9,0.14119072591536494,-0.4958489031690646,4.726957777931276,4.467688463812215,3.9114541547032387
2025-09-28,Aston Villa,Fulham,home,2025,2,0.14097827472916677,0.12690091417182964,5.891909305073508,5.977587716487113,5.503508792067099
2025-09-28,Aston Villa,Fulham,away,2025,8,0.14097827472916677,-0.12690091417182964,4.211084105427934,4.150725476898401,4.408047776314272
2025-09-28,Newcastle,Arsenal,home,2025,7,0.14097827472916677,-0.17659033857833828,4.619304480457139,4.527428870931208,4.488929247960273
2025-09-28,Newcastle,Arsenal,away,2025,12,0.14097827472916677,0.17659033857833828,5.464647374205303,5.5755420613803945,5.433465553133313
2025-09-29,Everton,West Ham,home,2025,3,0.141046935833924,0.35335359376299,5.446421048288056,5.669825112938593,5.908248139789583
2025-09-29,Everton,West Ham,away,2025,5,0.141046935833924,-0.35335359376299,4.364513739944242,4.192541925945678,4.051632239871809
2025-10-03,Bournemouth,Fulham,home,2025,4,0.14100337435354426,0.235382496556905,5.254712406242711,5.397326630901244,5.559177971787951
2025-10-03,Bournemouth,Fulham,away,2025,3,0.14100337435354426,-0.235382496556905,5.054774358285856,4.921211434411005,4.4575872577580515
2025-10-04,Leeds,Tottenham,home,2025,4,0.14098282505058815,-0.03601583800079261,5.612478382274576,5.589529018292579,5.061002882045099
2025-10-04,Leeds,Tottenham,away,2025,1,0.14098282505058815,0.03601583800079261,5.049336029688266,5.0700674813067295,4.996231497732435
2025-10-04,Arsenal,West Ham,home,2025,8,0.14098282505058815,0.7362402219688774,7.080247115172374,7.6988255993620935,7.534681885333948
2025-10-04,Arsenal,West Ham,away,2025,3,0.14098282505058815,-0.7362402219688774,3.1157451204343425,2.8654039653003065,3.1039561317270365
2025-10-04,Chelsea,Liverpool,home,2025,7,0.14098282505058815,-0.08527810114615653,4.768239763840875,4.72220324428438,4.71145654255964
2025-10-04,Chelsea,Liverpool,away,2025,2,0.14098282505058815,0.08527810114615653,5.4090383921677,5.461770832691996,5.211646231104355
2025-10-05,Aston Villa,Burnley,home,2025,6,0.14108183026365845,0.43259056392381434,7.476447147448138,7.853597662335394,6.7428101162867025
2025-10-05,Aston Villa,Burnley,away,2025,4,0.14108183026365845,-0.43259056392381434,3.4975310054017417,3.3295703234014935,3.6572304363760506
2025-10-05,Everton,Crystal Palace,home,2025,2,0.14108183026365845,0.04676668056123262,5.419799584823833,5.448712207196448,5.18399735216735
2025-10-05,Everton,Crystal Palace,away,2025,4,0.14108183026365845,-0.04676668056123262,4.497292499403667,4.473428416517676,4.653897080338508
2025-10-05,Newcastle,Nott'm Forest,home,2025,8,0.14108183026365845,0.42688395722484135,7.034028962297507,7.384066207390703,6.599951297526072
2025-10-05,Newcastle,Nott'm Forest,away,2025,1,0.14108183026365845,-0.42688395722484135,4.456794392366221,4.245522718029224,3.953662230167137
2025-10-05,Wolves,Brighton,home,2025,2,0.14108183026365845,-0.2185026355435289,4.178608904687436,4.076016882786392,4.274639218033934
2025-10-05,Wolves,Brighton,away,2025,8,0.14108183026365845,0.2185026355435289,4.761072992511762,4.880907654331496,5.297817962226555
2025-10-05,Brentford,Man City,home,2025,3,0.14108183026365845,-0.37744263683200263,4.240085974416862,4.061870035277554,4.015844809019006
2025-10-05,Brentford,Man City,away,2025,2,0.14108183026365845,0.37744263683200263,5.848741264558992,6.105356790952854,6.040080009050127
2025-10-18,Nott'm Forest,Chelsea,home,2025,5,0.14115066623335334,-0.23899693476635064,4.414425199618079,4.296015417170135,4.310993032842884
2025-10-18,Nott'm Forest,Chelsea,away,2025,2,0.14115066623335334,0.23899693476635064,6.179120098230007,6.349433329329419,5.796054431184656
2025-10-18,Brighton,Newcastle,home,2025,8,0.14115066623335334,0.0013898540653231595,4.796257357906934,4.797015792080658,4.895708105697952
2025-10-18,Brighton,Newcastle,away,2025,4,0.14115066623335334,-0.0013898540653231595,4.595685332108943,4.594958729371193,4.775881564707369
2025-10-18,Burnley,Leeds,home,2025,1,0.14115066623335334,-0.13240363522406767,4.035695116406495,3.9753609452823047,4.3848318341163095
2025-10-18,Burnley,Leeds,away,2025,5,0.14115066623335334,0.13240363522406767,4.326425957451695,4.392088252691276,4.958811512018611
2025-10-18,Crystal Palace,Bournemouth,home,2025,6,0.14115066623335334,0.12708500361759129,4.2936475660047035,4.356175756326512,4.987078584552378
2025-10-18,Crystal Palace,Bournemouth,away,2025,5,0.14115066623335334,-0.12708500361759129,5.674192852589159,5.592745952726577,4.836952251800963
2025-10-18,Man City,Everton,home,2025,11,0.14115066623335334,0.5673988831314706,7.168889277712392,7.64690767565893,7.0442837481215905
2025-10-18,Man City,Everton,away,2025,3,0.14115066623335334,-0.5673988831314706,2.8787935922906924,2.698836365216288,3.2517909530472315
2025-10-18,Fulham,Arsenal,home,2025,6,0.14115066623335334,-0.4614076844610677,3.9804927358550795,3.776936313051067,3.8006153568247134
2025-10-18,Fulham,Arsenal,away,2025,10,0.14115066623335334,0.4614076844610677,6.396820784007963,6.741574798422136,6.434846621690525
2025-10-19,Tottenham,Aston Villa,home,2025,6,0.14111079532538984,0.18233034571062745,6.412941752488998,6.547354417555374,5.784371828704935
2025-10-19,Tottenham,Aston Villa,away,2025,6,0.14111079532538984,-0.18233034571062745,5.784304693025651,5.665556911897314,4.7539927889477775
2025-10-19,Liverpool,Man United,home,2025,9,0.14111079532538984,0.39791094007696537,6.822373396393669,7.13831025225465,6.458049322633627
2025-10-19,Liverpool,Man United,away,2025,4,0.14111079532538984,-0.39791094007696537,4.237316149669219,4.049775359999478,3.939757124043685
2025-10-20,West Ham,Brentford,home,2025,6,0.14093716791413327,0.04905623756611188,5.4907757537481245,5.521505025443513,5.210084977400472
2025-10-20,West Ham,Brentford,away,2025,10,0.14093716791413327,-0.04905623756611188,5.513464609830061,5.48278008610009,4.954143114897864
2025-10-24,Leeds,West Ham,home,2025,3,0.14088959782277494,0.31854640694057945,6.074055333301049,6.298214471523292,6.023476972062952
2025-10-24,Leeds,West Ham,away,2025,4,0.14088959782277494,-0.31854640694057945,3.570353962793318,3.4432818424222638,3.8620762981093657
2025-10-25,Newcastle,Fulham,home,2025,4,0.14086903253315022,0.4116446350533373,5.639608545191504,5.909999541920884,6.12136377426318
2025-10-25,Newcastle,Fulham,away,2025,3,0.14086903253315022,-0.4116446350533373,5.112905430779532,4.878982638433224,4.153142410931856
2025-10-25,Man United,Brighton,home,2025,1,0.14086903253315022,0.19995679334617528,4.90151219375779,5.014290927236814,5.359294764937516
2025-10-25,Man United,Brighton,away,2025,6,0.14086903253315022,-0.19995679334617528,4.5811053781966615,4.478069621001042,4.388027018335237
2025-10-25,Brentford,Liverpool,home,2025,5,0.14086903253315022,-0.32680438283730073,3.811517848267973,3.6724107262133074,3.968503110040436
2025-10-25,Brentford,Liverpool,away,2025,4,0.14086903253315022,0.32680438283730073,6.234996215009427,6.471171426376925,6.031520791564309
2025-10-26,Arsenal,Crystal Palace,home,2025,4,0.14091059258098046,0.5498497842766681,7.1855992119736785,7.649444541639575,6.9974369825957
2025-10-26,Arsenal,Crystal Palace,away,2025,3,0.14091059258098046,-0.5498497842766681,3.1707534994764432,2.9784860486506988,3.376051245990892
2025-10-26,Aston Villa,Man City,home,2025,5,0.14091059258098046,-0.28572001443637973,5.237128935432005,5.069632134337947,4.458122508023124
2025-10-26,Aston Villa,Man City,away,2025,6,0.14091059258098046,0.28572001443637973,4.533225445085641,4.682999775958111,5.367430664119923
2025-10-26,Bournemouth,Nott'm Forest,home,2025,6,0.14091059258098046,0.30840789914817573,6.584165866156772,6.819280304414278,6.150422730647659
2025-10-26,Bournemouth,Nott'm Forest,away,2025,4,0.14091059258098046,-0.30840789914817573,3.9004367452437703,3.765957892142029,3.986981563274807
2025-10-26,Wolves,Burnley,home,2025,5,0.14091059258098046,0.2472291125991138,5.23746660719017,5.386867985002447,5.58128990521238
2025-10-26,Wolves,Burnley,away,2025,3,0.14091059258098046,-0.2472291125991138,4.042495109735754,3.9303790636630866,4.137010049180724
2025-10-26,Everton,Tottenham,home,2025,9,0.14091059258098046,0.08626678417751049,4.526804402700412,4.5714501491547,4.983446204583641
2025-10-26,Everton,Tottenham,away,2025,8,0.14091059258098046,-0.08626678417751049,5.40412928054382,5.351351414047787,4.846688536082207
2025-11-01,Brighton,Leeds,home,2025,4,0.140575971765858,0.2827466473093173,3.982760453304459,4.112956323061425,5.202030724503675
2025-11-01,Brighton,Leeds,away,2025,7,0.140575971765858,-0.2827466473093173,3.6869105883756133,3.570201220936371,3.960251988705209
2025-11-01,Burnley,Arsenal,home,2025,1,0.140575971765858,-0.6576072529761298,3.451527246834238,3.2027300022559135,3.346842747027088
2025-11-01,Burnley,Arsenal,away,2025,6,0.140575971765858,0.6576072529761298,7.203285312022776,7.762857157379841,7.253182578280234
2025-11-01,Crystal Palace,Brentford,home,2025,6,0.140575971765858,0.24758808540550048,5.127408743615913,5.273886040339568,5.545312698000338
2025-11-01,Crystal Palace,Brentford,away,2025,5,0.140575971765858,-0.24758808540550048,5.420548114307593,5.269997414411703,4.532319404872764
2025-11-01,Fulham,Wolves,home,2025,10,0.140575971765858,0.3051993101944538,5.830807607413854,6.036816314930059,5.913875715413701
2025-11-01,Fulham,Wolves,away,2025,1,0.140575971765858,-0.3051993101944538,4.8486623778012925,4.683199886063234,4.27251287041721
2025-11-01,Nott'm Forest,Man United,home,2025,8,0.140575971765858,-0.18466296936219656,5.5509531931875875,5.43555331731727,4.737290677634146
2025-11-01,Nott'm Forest,Man United,away,2025,5,0.140575971765858,0.18466296936219656,5.179334564508229,5.2892947711225,5.361639278142977
2025-11-01,Tottenham,Chelsea,home,2025,6,0.140575971765858,-0.029433547554769846,5.460836378135788,5.4425811724773805,5.03193118747455
2025-11-01,Tottenham,Chelsea,away,2025,5,0.140575971765858,0.029433547554769846,5.977837574126512,5.997888107292665,5.2514951294599825
2025-11-01,Liverpool,Aston Villa,home,2025,1,0.140575971765858,0.3852264792729333,6.743384718162837,7.045489300907716,6.400338864613175
2025-11-01,Liverpool,Aston Villa,away,2025,4,0.140575971765858,-0.3852264792729333,4.5552582913735105,4.359932694152995,4.051201335403258
2025-11-02,West Ham,Newcastle,home,2025,7,0.14042883315120222,-0.38792075835840384,5.202264776401797,4.977670117973343,4.261248028645818
2025-11-02,West Ham,Newcastle,away,2025,6,0.14042883315120222,0.38792075835840384,5.781146479636888,6.041994343827527,6.0448818067743595
2025-11-02,Man City,Bournemouth,home,2025,10,0.14042883315120222,0.47497945711062517,6.209349686066976,6.554111790344443,6.4784176701997565
2025-11-02,Man City,Bournemouth,away,2025,4,0.14042883315120222,-0.47497945711062517,3.7252900759335175,3.5293308236798553,3.663783791230248
2025-11-08,Tottenham,Man United,home,2025,5,0.1403785914079234,-0.018478079613762854,6.9303098772489875,6.915756460556793,5.44492737921609
2025-11-08,Tottenham,Man United,away,2025,3,0.1403785914079234,0.018478079613762854,5.407709369778922,5.419089274241657,5.066542974646645
2025-11-08,Everton,Fulham,home,2025,7,0.1403785914079234,0.15227483751160625,4.268174873794275,4.342759522106878,5.030981600990236
2025-11-08,Everton,Fulham,away,2025,5,0.1403785914079234,-0.15227483751160625,5.342523259177292,5.250768185851399,4.696869215001177
2025-11-08,West Ham,Burnley,home,2025,7,0.1403785914079234,0.2510442597358762,6.036735228272832,6.211631617517365,5.843252513044444
2025-11-08,West Ham,Burnley,away,2025,4,0.1403785914079234,-0.2510442597358762,4.762527554474199,4.628432533351868,4.346827226335488
2025-11-08,Sunderland,Arsenal,home,2025,2,0.1403785914079234,-0.5701608275616686,3.658868574118144,3.4290701851594068,3.536230325539669
2025-11-08,Sunderland,Arsenal,away,2025,2,0.1403785914079234,0.5701608275616686,5.545930726559248,5.917590062012841,6.443638914980467
2025-11-08,Chelsea,Wolves,home,2025,10,0.1403785914079234,0.5829862442684451,7.507693774106329,8.02251730507388,7.193500070564525
2025-11-08,Chelsea,Wolves,away,2025,1,0.1403785914079234,-0.5829862442684451,3.4603775165453174,3.2383170704529323,3.4211497577527368
2025-11-09,Aston Villa,Bournemouth,home,2025,6,0.14037031721199864,0.14127600394043,6.079847396332592,6.178354535564289,5.591406592574657
2025-11-09,Aston Villa,Bournemouth,away,2025,9,0.14037031721199864,-0.14127600394043,4.7364521013075045,4.660934527182867,4.544917784831512
2025-11-09,Brentford,Newcastle,home,2025,6,0.14037031721199864,-0.053159076330981325,5.03032719275127,4.999997154252011,4.855984917723445
2025-11-09,Brentford,Newcastle,away,2025,2,0.14037031721199864,0.053159076330981325,5.110842829427808,5.1418452590288695,5.051493674308444
2025-11-09,Crystal Palace,Brighton,home,2025,4,0.14037031721199864,0.10590809628008752,4.089337084594731,4.138906400393658,4.868226743156551
2025-11-09,Crystal Palace,Brighton,away,2025,8,0.14037031721199864,-0.10590809628008752,5.502402350547952,5.436503223246804,4.833793892235986
2025-11-09,Nott'm Forest,Leeds,home,2025,6,0.14037031721199864,0.13878188850255885,4.055702861170943,4.120245061946681,4.923474336585205
2025-11-09,Nott'm Forest,Leeds,away,2025,4,0.14037031721199864,-0.13878188850255885,4.730962494033787,4.656853617847634,4.548055027993893
2025-11-09,Man City,Liverpool,home,2025,7,0.14037031721199864,0.2491846774639324,5.383822520099414,5.5386308522131795,5.634075374543187
2025-11-09,Man City,Liverpool,away,2025,7,0.14037031721199864,-0.2491846774639324,4.143584280703421,4.027768406964121,4.165539863424451
2025-11-22,Burnley,Chelsea,home,2025,1,0.13999762722824652,-0.49697934345788225,3.7415862614843705,3.535908907967979,3.672522099665211
2025-11-22,Burnley,Chelsea,away,2025,9,0.13999762722824652,0.49697934345788225,5.873907577666409,6.215582037280413,6.36075855400779
2025-11-22,Bournemouth,West Ham,home,2025,9,0.13999762722824652,0.4001867953479063,6.24035877863049,6.5310339176169565,6.287092949078384
2025-11-22,Bournemouth,West Ham,away,2025,2,0.13999762722824652,-0.4001867953479063,3.996008063318659,3.818158703807139,3.864713305375524
2025-11-22,Brighton,Brentford,home,2025,7,0.13999762722824652,0.24341957097010308,5.412375376289178,5.564354025215645,5.6296711694866435
2025-11-22,Brighton,Brentford,away,2025,4,0.13999762722824652,-0.24341957097010308,4.958244755643096,4.822820709007211,4.4158963834602565
2025-11-22,Fulham,Sunderland,home,2025,7,0.13999762722824652,0.19844933446869545,5.546638019687981,5.673287395110636,5.566293273103083
2025-11-22,Fulham,Sunderland,away,2025,4,0.13999762722824652,-0.19844933446869545,4.078459544964141,3.9874127993856545,4.234635652695825
2025-11-22,Liverpool,Nott'm Forest,home,2025,8,0.13999762722824652,0.5322974061034718,6.780053294000064,7.203321390780005,6.8212360209649034
2025-11-22,Liverpool,Nott'm Forest,away,2025,6,0.13999762722824652,-0.5322974061034718,3.74215955353448,3.5222697740643043,3.581355091906073
2025-11-22,Wolves,Crystal Palace,home,2025,1,0.13999762722824652,-0.23617240049697952,4.754622509945842,4.628574573925062,4.417148199578665
2025-11-22,Wolves,Crystal Palace,away,2025,4,0.13999762722824652,0.23617240049697952,4.220899461649503,4.33584536060711,5.140837598548234
2025-11-22,Newcastle,Man City,home,2025,5,0.13999762722824652,-0.21112121605820455,5.356046838011086,5.228935867016168,4.632852706195581
2025-11-22,Newcastle,Man City,away,2025,9,0.13999762722824652,0.21112121605820455,5.081677469648495,5.205208714604961,5.38971055205669
2025-11-23,Leeds,Aston Villa,home,2025,3,0.13984810462044212,-0.0878474057279332,5.2944594687873465,5.241809989910259,4.862421262670582
2025-11-23,Leeds,Aston Villa,away,2025,3,0.13984810462044212,0.0878474057279332,4.242489274038514,4.285101434694797,4.836916724854946
2025-11-23,Arsenal,Tottenham,home,2025,4,0.13984810462044212,0.5619872536501819,6.476499753952711,6.904098045763131,6.809255139991736
2025-11-23,Arsenal,Tottenham,away,2025,1,0.13984810462044212,-0.5619872536501819,3.9634272498505236,3.717956413469371,3.600695545578195
2025-11-24,Man United,Everton,home,2025,9,0.13994565664075886,0.33253350592766817,6.020853372240337,6.252991311496437,6.042510466842841
2025-11-24,Man United,Everton,away,2025,1,0.13994565664075886,-0.33253350592766817,3.60271807937405,3.4689696845651596,3.8501826198648956
2025-11-29,Brentford,Burnley,home,2025,5,0.14003442906332725,0.5182025711882734,5.748869023639812,6.097975889517231,6.441011484534326
2025-11-29,Brentford,Burnley,away,2025,6,0.14003442906332725,-0.5182025711882734,4.024824993214878,3.7944052499191088,3.6853870100463935
2025-11-29,Man City,Leeds,home,2025,8,0.14003442906332725,0.6910367540831068,5.58440596185338,6.041150298116149,6.8654471090805815
2025-11-29,Man City,Leeds,away,2025,1,0.14003442906332725,-0.6910367540831068,3.222974063851162,2.9792994196290397,3.19720819865433
2025-11-29,Sunderland,Bournemouth,home,2025,6,0.14003442906332725,-0.09133207653122616,4.587597811181727,4.5401772992381275,4.643227092269871
2025-11-29,Sunderland,Bournemouth,away,2025,3,0.14003442906332725,0.09133207653122616,4.583326537760565,4.631197727914694,4.962092998133357
2025-11-29,Everton,Newcastle,home,2025,8,0.14003442906332725,-0.032045308774944714,5.222029240289414,5.203026149952778,4.956837926674151
2025-11-29,Everton,Newcastle,away,2025,7,0.14003442906332725,0.032045308774944714,5.026399870404672,5.044757865935066,4.980803987846786
2025-11-29,Tottenham,Fulham,home,2025,8,0.14003442906332725,0.15029897873029452,5.366285278673773,5.45883176428204,5.398545955527347
2025-11-29,Tottenham,Fulham,away,2025,2,0.14003442906332725,-0.15029897873029452,5.678286274131675,5.582019259202397,4.790924410832379
2025-11-30,Crystal Palace,Man United,home,2025,4,0.13983517650546987,0.08487974279586608,5.329070464703263,5.3807794418158625,5.240320202229663
2025-11-30,Crystal Palace,Man United,away,2025,4,0.13983517650546987,-0.08487974279586608,5.033382766516261,4.985012251224353,4.743297508423886
2025-11-30,Aston Villa,Wolves,home,2025,7,0.13983517650546987,0.4958624684054137,7.21218279944572,7.630732641326929,6.847855929449226
2025-11-30,Aston Villa,Wolves,away,2025,3,0.13983517650546987,-0.4958624684054137,3.8769595003340114,3.664306159938314,3.6771167688310995
2025-11-30,Nott'm Forest,Brighton,home,2025,9,0.13983517650546987,-0.024602967977089274,4.405825295137009,4.393510732197806,4.715907391398844
2025-11-30,Nott'm Forest,Brighton,away,2025,2,0.13983517650546987,0.024602967977089274,5.845432515618835,5.8618166673845105,5.204358509151793
2025-11-30,West Ham,Liverpool,home,2025,7,0.13983517650546987,-0.3233903237540924,4.3857190833436945,4.227297194097877,4.1518664986082925
2025-11-30,West Ham,Liverpool,away,2025,2,0.13983517650546987,0.3233903237540924,6.93887141053253,7.198912062423563,6.22698464755805
2025-11-30,Chelsea,Arsenal,home,2025,3,0.13983517650546987,-0.14979838944859414,4.935942455350306,4.852537134934009,4.634691326015955
2025-11-30,Chelsea,Arsenal,away,2025,3,0.13983517650546987,0.14979838944859414,4.820970871490029,4.903833631541782,5.1666674133540464
2025-12-02,Bournemouth,Everton,home,2025,1,0.13976675146144432,0.15050670305727643,7.065811703120053,7.187837932989889,5.882350946723499
2025-12-02,Bournemouth,Everton,away,2025,6,0.13976675146144432,-0.15050670305727643,3.451126695492773,3.3925377312756915,4.101940798193205
2025-12-02,Fulham,Man City,home,2025,7,0.13976675146144432,-0.357859072933008,4.778813415565784,4.588164890931139,4.202909772814402
2025-12-02,Fulham,Man City,away,2025,2,0.13976675146144432,0.357859072933008,5.699603972052159,5.936435279144304,5.942394763797417
2025-12-02,Newcastle,Tottenham,home,2025,11,0.13976675146144432,0.3027653037107067,6.132603968039612,6.3475175516493305,6.001451607647617
2025-12-02,Newcastle,Tottenham,away,2025,8,0.13976675146144432,-0.3027653037107067,5.338449895726347,5.157701218991555,4.407101096244443
2025-12-03,Arsenal,Brentford,home,2025,4,0.13982643247636575,0.5967745762953189,6.874524497856617,7.357462013695826,7.0394786841160775
2025-12-03,Arsenal,Brentford,away,2025,8,0.13982643247636575,-0.5967745762953189,3.576200874381352,3.3414621066920605,3.436398261898399
2025-12-03,Brighton,Aston Villa,home,2025,5,0.13982643247636575,0.15655416147221296,4.960190909970069,5.049325881651244,5.281678510506489
2025-12-03,Brighton,Aston Villa,away,2025,6,0.13982643247636575,-0.15655416147221296,4.729597309496002,4.646106457028499,4.513701680611682
2025-12-03,Burnley,Crystal Palace,home,2025,3,0.13982643247636575,-0.32862706143250775,3.917786936189791,3.7740187064374564,3.999583534117297
2025-12-03,Burnley,Crystal Palace,away,2025,4,0.13982643247636575,0.32862706143250775,5.191404620343778,5.389167034960809,5.70124864684605
2025-12-03,Wolves,Nott'm Forest,home,2025,3,0.13982643247636575,-0.13425549227013833,4.8556326852588585,4.782032764397176,4.641371403774246
2025-12-03,Wolves,Nott'm Forest,away,2025,9,0.13982643247636575,0.13425549227013833,4.1821155436118636,4.24648218186158,4.910495609736022
2025-12-03,Leeds,Chelsea,home,2025,4,0.13982643247636575,-0.31341448971034025,4.4070208448568255,4.252653125981957,4.175663999628979
2025-12-03,Leeds,Chelsea,away,2025,2,0.13982643247636575,0.31341448971034025,4.465480168300569,4.627573329167612,5.405041504021527
2025-12-03,Liverpool,Sunderland,home,2025,7,0.13982643247636575,0.5849307268931486,6.390156993494754,6.82985861099802,6.846738318623626
2025-12-03,Liverpool,Sunderland,away,2025,3,0.13982643247636575,-0.5849307268931486,3.6112191355326404,3.3787313220227766,3.4641021814102007
2025-12-04,Man United,West Ham,home,2025,6,0.13958147787218111,0.5170760772418277,5.974834007415486,6.336850703155506,6.515767527801717
2025-12-04,Man United,West Ham,away,2025,6,0.13958147787218111,-0.5170760772418277,3.646089020423241,3.437792318894466,3.5753147540515027
2025-12-06,Aston Villa,Arsenal,home,2025,3,0.13946134268485103,-0.26661978744216974,4.499466842006397,4.365037088830014,4.286496677653508
2025-12-06,Aston Villa,Arsenal,away,2025,3,0.13946134268485103,0.26661978744216974,5.535728941478474,5.7062124127778615,5.66642107068788
2025-12-06,Bournemouth,Chelsea,home,2025,5,0.13946134268485103,-0.13710003278263588,4.957714381465031,4.880987343798431,4.665963319235205
2025-12-06,Bournemouth,Chelsea,away,2025,0,0.13946134268485103,0.13710003278263588,4.8353124081237695,4.911321455297241,5.143842550569664
2025-12-06,Everton,Nott'm Forest,home,2025,6,0.13946134268485103,0.16790466459249387,5.719267181596919,5.829565663245763,5.547813385547142
2025-12-06,Everton,Nott'm Forest,away,2025,3,0.13946134268485103,-0.16790466459249387,4.925172613937997,4.831985729604428,4.549237465006476
2025-12-06,Man City,Sunderland,home,2025,6,0.13946134268485103,0.6810542547263939,7.206070305328209,7.786601327929349,7.401935685139367
2025-12-06,Man City,Sunderland,away,2025,5,0.13946134268485103,-0.6810542547263939,2.797807684669357,2.5892167875861043,3.0722202232190594
2025-12-06,Newcastle,Burnley,home,2025,9,0.13946134268485103,0.650945140384452,7.370516140927746,7.937061012118721,7.360149396425166
2025-12-06,Newcastle,Burnley,away,2025,9,0.13946134268485103,-0.650945140384452,4.442520803220348,4.125415092128952,3.5937152176589295
2025-12-06,Tottenham,Brentford,home,2025,7,0.13946134268485103,0.09763135177323418,6.5734403879339,6.646859312788738,5.6246402018051675
2025-12-06,Tottenham,Brentford,away,2025,6,0.13946134268485103,-0.09763135177323418,5.686412379117335,5.623602221190151,4.90066935905261
2025-12-06,Leeds,Liverpool,home,2025,5,0.13946134268485103,-0.275687627726222,4.248889647050835,4.117696292775684,4.1945679404524885
2025-12-06,Leeds,Liverpool,away,2025,4,0.13946134268485103,0.275687627726222,4.510645568454428,4.654358625464025,5.336467638813654
2025-12-07,Brighton,West Ham,home,2025,10,0.1392039383782884,0.44347714503536373,5.575550046308691,5.8640677931341125,6.182015740092847
2025-12-07,Brighton,West Ham,away,2025,6,0.1392039383782884,-0.44347714503536373,4.177257086823001,3.9717320408793286,3.847645561810182
2025-12-07,Fulham,Crystal Palace,home,2025,6,0.1392039383782884,0.026606239854845448,5.574037893585143,5.590935404718516,5.185271171633177
2025-12-07,Fulham,Crystal Palace,away,2025,4,0.1392039383782884,-0.026606239854845448,4.327560250755634,4.314481044464721,4.6376833678867095
2025-12-08,Wolves,Man United,home,2025,1,0.13907189115409438,-0.30992137630390776,4.643750724544079,4.482872032918841,4.250563245249891
2025-12-08,Wolves,Man United,away,2025,9,0.13907189115409438,0.30992137630390776,4.706279141606233,4.875175336983859,5.486149345560554
2025-12-13,Chelsea,Everton,home,2025,4,0.13916008802011215,0.3846795343701113,7.199013666409634,7.5210624875545,6.530577305096474
2025-12-13,Chelsea,Everton,away,2025,7,0.13916008802011215,-0.3846795343701113,3.0849728905652922,2.952875612512565,3.588698831188558
2025-12-13,Liverpool,Brighton,home,2025,2,0.13916008802011215,0.3623982536301691,5.568143870359232,5.802508379144586,5.9718110168154945
2025-12-13,Liverpool,Brighton,away,2025,2,0.13916008802011215,-0.3623982536301691,4.6810782628695415,4.492008547501901,4.125254675049285
2025-12-13,Burnley,Fulham,home,2025,10,0.13916008802011215,-0.24498416050686386,3.5462591181363132,3.4487865672436087,4.016465407360404
2025-12-13,Burnley,Fulham,away,2025,4,0.13916008802011215,0.24498416050686386,5.730543823278332,5.892505346140502,5.675821471925186
2025-12-13,Arsenal,Wolves,home,2025,8,0.13916008802011215,0.8048237130200067,7.296011380778762,7.995582953607656,7.828600414423872
2025-12-13,Arsenal,Wolves,away,2025,0,0.13916008802011215,-0.8048237130200067,3.0559376737346264,2.788559155209345,2.9973398735342833
2025-12-14,Crystal Palace,Man City,home,2025,2,0.13929939381097756,-0.2784377708662622,4.160887751178867,4.031150206752601,4.162470670517405
2025-12-14,Crystal Palace,Man City,away,2025,2,0.13929939381097756,0.2784377708662622,5.673685756740819,5.856286260362046,5.738573901596018
2025-12-14,Nott'm Forest,Tottenham,home,2025,3,0.13929939381097756,0.028166249570636404,5.628391044750621,5.646455346008993,5.204396783671319
2025-12-14,Nott'm Forest,Tottenham,away,2025,3,0.13929939381097756,-0.028166249570636404,5.652157109007227,5.634074566505776,5.036809403010319
2025-12-14,Sunderland,Newcastle,home,2025,3,0.13929939381097756,-0.13588850174216022,5.014270576796514,4.937348730969918,4.684878156456835
2025-12-14,Sunderland,Newcastle,away,2025,6,0.13929939381097756,0.13588850174216022,4.027205291910658,4.0899474803717,4.856417209273123
2025-12-14,West Ham,Aston Villa,home,2025,5,0.13929939381097756,-0.21173296621554105,5.248441657478586,5.123527807255518,4.602457538285408
2025-12-14,West Ham,Aston Villa,away,2025,3,0.13929939381097756,0.21173296621554105,5.640944988254262,5.778473695794703,5.569397523698668
2025-12-14,Brentford,Leeds,home,2025,0,0.13929939381097756,0.24177561003518616,4.394226699866083,4.516771058844714,5.27202990856099
2025-12-14,Brentford,Leeds,away,2025,3,0.13929939381097756,-0.24177561003518616,4.0779896191967175,3.9673498242424445,4.157843665132379
2025-12-15,Man United,Bournemouth,home,2025,5,0.13950742585981596,0.27238477279811346,5.518153414080668,5.691827421979081,5.733311999404465
2025-12-15,Man United,Bournemouth,away,2025,4,0.13950742585981596,-0.27238477279811346,4.822666345352568,4.675512939098563,4.324775708065028
2025-12-20,Newcastle,Chelsea,home,2025,6,0.13943117331866278,-0.0365111561866126,5.720944143396344,5.697230214461709,5.090219212429771
2025-12-20,Newcastle,Chelsea,away,2025,4,0.13943117331866278,0.0365111561866126,5.447741483557544,5.470416950325135,5.116953541385878
2025-12-20,Bournemouth,Burnley,home,2025,5,0.13943117331866278,0.4999109375309244,6.735478431430252,7.129646341066387,6.714921759851585
2025-12-20,Bournemouth,Burnley,away,2025,3,0.13943117331866278,-0.4999109375309244,4.051886424145748,3.8278748076523446,3.7216789799523204
2025-12-20,Brighton,Sunderland,home,2025,3,0.13943117331866278,0.39150324028972006,5.694844032754802,5.954224126038092,6.088071354084298
2025-12-20,Brighton,Sunderland,away,2025,4,0.13943117331866278,-0.39150324028972006,3.9550942779022433,3.7828010116376594,3.866466564619111
2025-12-20,Man City,West Ham,home,2025,6,0.13943117331866278,0.7111960392599671,7.6703795155247825,8.31678622750066,7.643893648055986
2025-12-20,Man City,West Ham,away,2025,0,0.13943117331866278,-0.7111960392599671,3.2776474779398015,3.0228984353077646,3.186813785138589
2025-12-20,Wolves,Brentford,home,2025,3,0.13943117331866278,-0.19858671123182908,4.441023261635923,4.341814855645897,4.393278619623943
2025-12-20,Wolves,Brentford,away,2025,4,0.13943117331866278,0.19858671123182908,5.674534228380713,5.80419463865856,5.5488738983129915
2025-12-20,Tottenham,Liverpool,home,2025,2,0.13943117331866278,-0.1858675739335252,5.289789661512609,5.179109357975406,4.664309323078021
2025-12-20,Tottenham,Liverpool,away,2025,6,0.13943117331866278,0.1858675739335252,6.128876841350763,6.25985417784941,5.653279023198622
2025-12-20,Everton,Arsenal,home,2025,2,0.13943117331866278,-0.4445019484462391,3.8240253717597446,3.6354557903591047,3.7802603016897236
2025-12-20,Everton,Arsenal,away,2025,3,0.13943117331866278,0.4445019484462391,6.084416774073886,6.400012944214856,6.290230948832552
2025-12-20,Leeds,Crystal Palace,home,2025,9,0.13943117331866278,0.0211416490486257,4.963560099336226,4.975512810047233,4.9896737279718675
2025-12-20,Leeds,Crystal Palace,away,2025,5,0.13943117331866278,-0.0211416490486257,3.450169519610321,3.44188115221057,4.331480583816398
2025-12-21,Aston Villa,Man United,home,2025,5,0.13936047313206817,0.1602039732285137,6.303040754919826,6.418971587784856,5.699880919803897
2025-12-21,Aston Villa,Man United,away,2025,5,0.13936047313206817,-0.1602039732285137,4.481978284456702,4.401030819852119,4.431866863943342
2025-12-22,Fulham,Nott'm Forest,home,2025,1,0.13926225383970384,0.06783376923421103,6.269264765559664,6.31783288387819,5.473021968887549
2025-12-22,Fulham,Nott'm Forest,away,2025,5,0.13926225383970384,-0.06783376923421103,4.502601009052308,4.467987421993555,4.614444307697631
2025-12-26,Man United,Newcastle,home,2025,2,0.1393220857742341,0.02864446853709174,5.658659940729342,5.677130245672383,5.21415386303619
2025-12-26,Man United,Newcastle,away,2025,11,0.1393220857742341,-0.02864446853709174,4.483394126263981,4.4688075916754775,4.685066328939697
2025-12-27,Nott'm Forest,Man City,home,2025,5,0.13943663546818616,-0.4135370555476225,4.5370033151121,4.328496880000353,4.039511311266576
2025-12-27,Nott'm Forest,Man City,away,2025,5,0.13943663546818616,0.4135370555476225,5.268408023148651,5.522190573090274,5.93619653065741
2025-12-27,Arsenal,Brighton,home,2025,7,0.13943663546818616,0.5421449680982046,5.472220693532126,5.820359843575695,6.407118849026387
2025-12-27,Arsenal,Brighton,away,2025,2,0.13943663546818616,-0.5421449680982046,3.6262042815506415,3.409306407468713,3.5317054508344863
2025-12-27,Brentford,Bournemouth,home,2025,2,0.13943663546818616,0.10269899629966772,4.723506175338355,4.779017565611803,5.085046048734922
2025-12-27,Brentford,Bournemouth,away,2025,15,0.13943663546818616,-0.10269899629966772,5.272000335579138,5.210762630521106,4.776244410298764
2025-12-27,Burnley,Everton,home,2025,6,0.13943663546818616,-0.24754807778635687,4.771143159029804,4.638650192642635,4.4007704878493
2025-12-27,Burnley,Everton,away,2025,5,0.13943663546818616,0.24754807778635687,4.703120460611037,4.837454880156379,5.342656815016232
2025-12-27,Liverpool,Wolves,home,2025,6,0.13943663546818616,0.6809164107246618,7.240327890780538,7.823496063452669,7.412452890318417
2025-12-27,Liverpool,Wolves,away,2025,4,0.13943663546818616,-0.6809164107246618,3.3787580124143246,3.1269033274985105,3.258459098403101
2025-12-27,West Ham,Fulham,home,2025,5,0.13943663546818616,-0.008252389652772918,5.289987492596439,5.285023371145358,5.027021044299121
2025-12-27,West Ham,Fulham,away,2025,4,0.13943663546818616,0.008252389652772918,5.381469571003853,5.386524282527291,5.037108186760918
2025-12-27,Chelsea,Aston Villa,home,2025,6,0.13943663546818616,0.27582629919658297,6.16523621004567,6.3617663144476175,5.943502948413565
2025-12-27,Chelsea,Aston Villa,away,2025,7,0.13943663546818616,-0.27582629919658297,4.03826114098177,3.913509642040805,4.086100998168497
2025-12-28,Sunderland,Leeds,home,2025,3,0.139364236718375,0.03152051807308531,3.7686698989143657,3.782208451535371,4.5993855811065645
2025-12-28,Sunderland,Leeds,away,2025,9,0.139364236718375,-0.03152051807308531,3.4067115725049706,3.394517124610323,4.295568374967964
2025-12-28,Crystal Palace,Tottenham,home,2025,3,0.139364236718375,0.12375902928512966,4.710417034203285,4.777206666656656,5.125958285755167
2025-12-28,Crystal Palace,Tottenham,away,2025,2,0.139364236718375,-0.12375902928512966,5.433864208509022,5.357893914860028,4.778851694811114
2025-12-30,Burnley,Newcastle,home,2025,3,0.13940829152438083,-0.4241821939611824,4.464821314439498,4.2544766192400365,4.001376168586875
2025-12-30,Burnley,Newcastle,away,2025,4,0.13940829152438083,0.4241821939611824,6.009616668179994,6.306736878129514,6.212583804601184
2025-12-30,Chelsea,Bournemouth,home,2025,12,0.13940829152438083,0.46517034657658063,6.131936648367585,6.465181750756801,6.426509627706878
2025-12-30,Chelsea,Bournemouth,away,2025,3,0.13940829152438083,-0.46517034657658063,4.996657138138873,4.739106525674191,4.031480466675399
2025-12-30,Nott'm Forest,Everton,home,2025,9,0.13940829152438083,0.19119964412543072,5.816406233898591,5.944310678069692,5.6320450862939015
2025-12-30,Nott'm Forest,Everton,away,2025,2,0.13940829152438083,-0.19119964412543072,4.2930649681447735,4.200690575506317,4.316022914938046
2025-12-30,West Ham,Brighton,home,2025,5,0.13940829152438083,-0.18650933492594007,4.833259140034224,4.731785517643218,4.533717850000708
2025-12-30,West Ham,Brighton,away,2025,5,0.13940829152438083,0.18650933492594007,5.277429110263619,5.390604115075951,5.397279718031532
2025-12-30,Arsenal,Aston Villa,home,2025,3,0.13940829152438083,0.5276073619631902,6.202992598169685,6.5867203073592995,6.6216402463450486
2025-12-30,Arsenal,Aston Villa,away,2025,3,0.13940829152438083,-0.5276073619631902,3.5344631449539334,3.3285531650944664,3.5251531979890034
2025-12-30,Man United,Wolves,home,2025,8,0.13940829152438083,0.5768054431738955,6.365089091945587,6.796780096613917,6.814973392632014
2025-12-30,Man United,Wolves,away,2025,4,0.13940829152438083,-0.5768054431738955,3.736337853571788,3.499027918740696,3.513079780653283
2026-01-01,Crystal Palace,Fulham,home,2025,6,0.13938984446814362,0.15811837517031152,4.413372705361578,4.493480878445209,5.096242213149932
2026-01-01,Crystal Palace,Fulham,away,2025,3,0.13938984446814362,-0.15811837517031152,4.8555323667670125,4.768969668989442,4.5478172389501
2026-01-01,Liverpool,Leeds,home,2025,8,0.13938984446814362,0.4582925502990756,4.792719939279869,5.049231857164643,5.9342620409506965
2026-01-01,Liverpool,Leeds,away,2025,3,0.13938984446814362,-0.4582925502990756,3.8500541646831925,3.6544630716851936,3.727720391683799
2026-01-01,Brentford,Tottenham,home,2025,3,0.13938984446814362,0.16565673578600443,4.560501975422633,4.647264549124396,5.164977673780662
2026-01-01,Brentford,Tottenham,away,2025,1,0.13938984446814362,-0.16565673578600443,5.640081302831926,5.5347832367226735,4.750003214066331
2026-01-01,Sunderland,Man City,home,2025,3,0.13938984446814362,-0.5605879720796596,3.8722062377497886,3.632963369011062,3.6137898704756264
2026-01-01,Sunderland,Man City,away,2025,5,0.13938984446814362,0.5605879720796596,4.842641914899135,5.16154618843995,6.152137741330213
2026-01-03,Aston Villa,Nott'm Forest,home,2025,4,0.13937123529289858,0.32952168456282255,6.250213707831442,6.488971007345398,6.105565178210308
2026-01-03,Aston Villa,Nott'm Forest,away,2025,4,0.13937123529289858,-0.32952168456282255,4.2224498817452245,4.06708769412606,4.05055646165865
2026-01-03,Brighton,Burnley,home,2025,4,0.13937123529289858,0.49237696994322633,6.083259193926183,6.433741710659148,6.484516111681912
2026-01-03,Brighton,Burnley,away,2025,4,0.13937123529289858,-0.49237696994322633,4.4271086369145785,4.185938840752976,3.837995267972414
2026-01-03,Wolves,West Ham,home,2025,6,0.13937123529289858,0.046100118287962843,4.599940072748877,4.624128378162187,4.924305934688965
2026-01-03,Wolves,West Ham,away,2025,7,0.13937123529289858,-0.046100118287962843,4.406016864772651,4.382969476623867,4.625553998804637
2026-01-03,Bournemouth,Arsenal,home,2025,7,0.13937123529289858,-0.48461691079381797,4.063665074440894,3.8456877059160126,3.787943346225962
2026-01-03,Bournemouth,Arsenal,away,2025,5,0.13937123529289858,0.48461691079381797,4.8962200345960785,5.173742610653989,5.978692187466028
2026-01-04,Leeds,Man United,home,2025,6,0.1390400252393167,-0.016587373023016605,5.575186237002037,5.564675355025108,5.092034552049235
2026-01-04,Leeds,Man United,away,2025,4,0.1390400252393167,0.016587373023016605,4.011314831329157,4.01889163573812,4.612527005691092
2026-01-04,Everton,Brentford,home,2025,4,0.1390400252393167,0.09544179126201824,5.416716955038031,5.475852216798346,5.2905320680097
2026-01-04,Everton,Brentford,away,2025,5,0.1390400252393167,-0.09544179126201824,5.403051262265065,5.344702198402772,4.827678323601471
2026-01-04,Newcastle,Crystal Palace,home,2025,8,0.1390400252393167,0.3725454894263832,6.7584783761309195,7.051079480981201,6.370652053493791
2026-01-04,Newcastle,Crystal Palace,away,2025,6,0.1390400252393167,-0.3725454894263832,4.7413265603794414,4.544574078186465,4.124048467584565
2026-01-04,Tottenham,Sunderland,home,2025,3,0.1390400252393167,0.30870616885788105,6.077497084610831,6.2947324469287835,5.999600614810966
2026-01-04,Tottenham,Sunderland,away,2025,5,0.1390400252393167,-0.30870616885788105,4.409592240339979,4.257414308063913,4.141854754697732
2026-01-04,Fulham,Liverpool,home,2025,3,0.1390400252393167,-0.2391180166799955,4.567948377902422,4.445359350492463,4.356943480117778
2026-01-04,Fulham,Liverpool,away,2025,8,0.1390400252393167,0.2391180166799955,5.625355351119806,5.780484956390701,5.629209379152323
2026-01-04,Man City,Chelsea,home,2025,8,0.1390400252393167,0.3777936828472346,5.937767807702161,6.19853695047606,6.132296420931738
2026-01-04,Man City,Chelsea,away,2025,2,0.1390400252393167,-0.3777936828472346,3.49182245974535,3.3449233516458965,3.7407925086581164
2026-01-06,West Ham,Nott'm Forest,home,2025,6,0.13870087371646053,-0.10608474036317306,5.569145929150217,5.502336875747794,4.901840744350707
2026-01-06,West Ham,Nott'm Forest,away,2025,5,0.13870087371646053,0.10608474036317306,4.916552637388458,4.976249132736621,5.103455097897682
2026-01-07,Bournemouth,Tottenham,home,2025,3,0.1385934571888261,0.15920956349311666,5.623342280541504,5.726123694535304,5.498455697024534
2026-01-07,Bournemouth,Tottenham,away,2025,7,0.1385934571888261,-0.15920956349311666,4.2883016376261756,4.211328500219489,4.373109279983855
2026-01-07,Brentford,Sunderland,home,2025,7,0.1385934571888261,0.3000746288547136,4.433454842930229,4.587418266147069,5.418190305348331
2026-01-07,Brentford,Sunderland,away,2025,4,0.1385934571888261,-0.3000746288547136,4.369205230170834,4.222565496240705,4.1450510561763485
2026-01-07,Crystal Palace,Aston Villa,home,2025,3,0.1385934571888261,-0.10256410256410259,4.422414896941864,4.371112757964493,4.568783359418209
2026-01-07,Crystal Palace,Aston Villa,away,2025,5,0.1385934571888261,0.10256410256410259,4.847351027330012,4.904242599304007,5.073425275149356
2026-01-07,Everton,Wolves,home,2025,2,0.1385934571888261,0.34278080714966486,6.118885955208921,6.362216309298158,6.099291404441561
2026-01-07,Everton,Wolves,away,2025,7,0.1385934571888261,-0.34278080714966486,3.995377125538046,3.8425692857202804,3.959186545046017
2026-01-07,Fulham,Chelsea,home,2025,2,0.1385934571888261,-0.1770530191513472,4.877400616938769,4.780139986911606,4.564741626449423
2026-01-07,Fulham,Chelsea,away,2025,11,0.1385934571888261,0.1770530191513472,4.916074299054766,5.016100759555001,5.25828603076137
2026-01-07,Man City,Brighton,home,2025,6,0.1385934571888261,0.5595398488769128,6.09218119590222,6.492597610348241,6.6737862953944616
2026-01-07,Man City,Brighton,away,2025,2,0.1385934571888261,-0.5595398488769128,3.4046100159139616,3.1946383193796746,3.4376829966155915
2026-01-07,Burnley,Man United,home,2025,2,0.1385934571888261,-0.35500799227915675,4.599367902651746,4.417310819868158,4.158073543818493
2026-01-07,Burnley,Man United,away,2025,6,0.1385934571888261,0.35500799227915675,5.373223875060206,5.594678398802727,5.82718437518444
2026-01-07,Newcastle,Leeds,home,2025,8,0.1385934571888261,0.3782637999398957,5.644573548082103,5.8927816257577526,6.037481699964492
2026-01-07,Newcastle,Leeds,away,2025,4,0.1385934571888261,-0.3782637999398957,4.696138632012483,4.4983339929851045,4.101859503236292
2026-01-08,Arsenal,Liverpool,home,2025,3,0.13843780458087818,0.4103984570560959,5.0688058223933785,5.311076668194239,5.918042602807794
2026-01-08,Arsenal,Liverpool,away,2025,0,0.13843780458087818,-0.4103984570560959,4.053050452452934,3.868165913491234,3.8651467377770437
2026-01-17,Man United,Man City,home,2025,1,0.1386195479549829,-0.22147064155289287,4.634734395649005,4.519417436181245,4.4093773484201435
2026-01-17,Man United,Man City,away,2025,6,0.1386195479549829,0.22147064155289287,4.929578518768549,5.055361103420059,5.362256352711578
2026-01-17,Chelsea,Brentford,home,2025,3,0.1386195479549829,0.36161491681624564,6.9082065395100125,7.198333084692498,6.384814335215532
2026-01-17,Chelsea,Brentford,away,2025,9,0.1386195479549829,-0.36161491681624564,4.442061493949304,4.263025606117403,4.059766668891627
2026-01-17,Leeds,Fulham,home,2025,7,0.1386195479549829,0.15893091516525482,5.30315004215818,5.399907914996293,5.3982803524295555
2026-01-17,Leeds,Fulham,away,2025,3,0.1386195479549829,-0.15893091516525482,3.9248454002310407,3.8545183320434218,4.2545654198222636
2026-01-17,Liverpool,Burnley,home,2025,9,0.1386195479549829,0.6998775838005161,6.8960613140348315,7.4675919604298,7.359363022502503
2026-01-17,Liverpool,Burnley,away,2025,1,0.1386195479549829,-0.6998775838005161,3.8793478353059734,3.582442730199543,3.374730493355522
2026-01-17,Sunderland,Crystal Palace,home,2025,3,0.1386195479549829,0.006435111603221244,4.64011992880273,4.643518185244556,4.855792035358308
2026-01-17,Sunderland,Crystal Palace,away,2025,4,0.1386195479549829,-0.006435111603221244,4.26105761505033,4.257939253947461,4.654769176359862
2026-01-17,Tottenham,West Ham,home,2025,11,0.1386195479549829,0.34907832340162714,6.583937327073478,6.850667775813816,6.2567143400020715
2026-01-17,Tottenham,West Ham,away,2025,5,0.1386195479549829,-0.34907832340162714,4.732447621233797,4.548189981108798,4.162617578319418
2026-01-17,Nott'm Forest,Arsenal,home,2025,4,0.1386195479549829,-0.46069107547041505,4.096691093851679,3.887509380170769,3.836006733286244
2026-01-17,Nott'm Forest,Arsenal,away,2025,9,0.1386195479549829,0.46069107547041505,5.572824692102492,5.8726909831224985,6.162314717127927
2026-01-18,Wolves,Newcastle,home,2025,4,0.13863703939529762,-0.3508846598163799,4.086910928025292,3.92698015576739,4.01475963582387
2026-01-18,Wolves,Newcastle,away,2025,7,0.13863703939529762,0.3508846598163799,5.624616700440092,5.85368566867385,5.900545837271439
2026-01-18,Aston Villa,Everton,home,2025,6,0.13863703939529762,0.3839563344797364,6.596376287543947,6.890899071359221,6.353124217133956
2026-01-18,Aston Villa,Everton,away,2025,4,0.13863703939529762,-0.3839563344797364,3.76430289301443,3.6034134422049564,3.8194828950902715
2026-01-19,Brighton,Bournemouth,home,2025,11,0.1384679557528977,0.2578099309437684,5.383850409333245,5.544097071433141,5.654607828231586
2026-01-19,Brighton,Bournemouth,away,2025,6,0.1384679557528977,-0.2578099309437684,5.520106501428354,5.360553263111559,4.538499197249153
2026-01-24,West Ham,Sunderland,home,2025,3,0.13847173828111609,0.04492677376335141,5.457021041571202,5.48498399759843,5.19103795031093
2026-01-24,West Ham,Sunderland,away,2025,3,0.13847173828111609,-0.04492677376335141,4.451352232163365,4.428658826533705,4.6426294235133225
2026-01-24,Burnley,Tottenham,home,2025,1,0.13847173828111609,-0.20149077981840008,4.066588234330833,3.974431060493626,4.269100119287698
2026-01-24,Burnley,Tottenham,away,2025,3,0.13847173828111609,0.20149077981840008,5.558251751034602,5.6871337885022335,5.519940096397608
2026-01-24,Fulham,Brighton,home,2025,6,0.13847173828111609,0.023407304818345742,4.715643738197705,4.728218004583778,4.915327680298912
2026-01-24,Fulham,Brighton,away,2025,6,0.13847173828111609,-0.023407304818345742,5.168388523306962,5.154643663400803,4.908142457640512
2026-01-24,Man City,Wolves,home,2025,4,0.13847173828111609,0.7013938896176438,7.87222169618435,8.526125065904463,7.674239649756563
2026-01-24,Man City,Wolves,away,2025,6,0.13847173828111609,-0.7013938896176438,2.7836808204680223,2.570188964008116,3.0411890038007554
2026-01-24,Bournemouth,Liverpool,home,2025,3,0.13847173828111609,-0.24725772680396269,4.582105873332433,4.455009561389648,4.346207869336352
2026-01-24,Bournemouth,Liverpool,away,2025,11,0.13847173828111609,0.24725772680396269,4.952657792352131,5.0939514374158925,5.428763182363532
2026-01-25,Brentford,Nott'm Forest,home,2025,6,0.13846526188828082,0.26145278245013925,4.84605319202092,4.9923612499784555,5.48057923170502
2026-01-25,Brentford,Nott'm Forest,away,2025,5,0.13846526188828082,-0.26145278245013925,4.766884107183925,4.6271839690511465,4.329029068633004
2026-01-25,Crystal Palace,Chelsea,home,2025,4,0.13846526188828082,-0.20235901216365648,4.061971431882204,3.969526774098913,4.2660274312541615
2026-01-25,Crystal Palace,Chelsea,away,2025,5,0.13846526188828082,0.20235901216365648,4.987127537204644,5.103270675854507,5.338501728522061
2026-01-25,Newcastle,Aston Villa,home,2025,6,0.13846526188828082,0.20981611324249239,6.325929661870571,6.478745605942277,5.82692591813876
2026-01-25,Newcastle,Aston Villa,away,2025,5,0.13846526188828082,-0.20981611324249239,5.285604200025132,5.160931208531937,4.569030024326931
2026-01-25,Arsenal,Man United,home,2025,9,0.13846526188828082,0.4484572505299521,6.108257109125187,6.427981668899962,6.373700232930263
2026-01-25,Arsenal,Man United,away,2025,2,0.13846526188828082,-0.4484572505299521,3.2921753285379207,3.1284241914258115,3.5649891352818983
2026-01-26,Everton,Leeds,home,2025,4,0.13820834014457,0.057150868396312005,4.417037258950217,4.445849589646083,4.885139490706565
2026-01-26,Everton,Leeds,away,2025,4,0.13820834014457,-0.057150868396312005,4.495144305306489,4.466012509091035,4.6328788743016
2026-01-31,Brighton,Everton,home,2025,5,0.13815533745959385,0.2794247379110847,6.2078266821799595,6.408337353472532,5.965310099413987
2026-01-31,Brighton,Everton,away,2025,2,0.13815533745959385,-0.2794247379110847,4.04198565557252,3.9155158378257027,4.081079464106192
2026-01-31,Leeds,Arsenal,home,2025,4,0.13815533745959385,-0.46136534133533375,4.138895598268469,3.9272576092274165,3.847184877788898
2026-01-31,Leeds,Arsenal,away,2025,12,0.13815533745959385,0.46136534133533375,4.687454138282884,4.940058745940263,5.840526294707486
2026-01-31,Wolves,Bournemouth,home,2025,5,0.13815533745959385,-0.0888025530734009,4.550298282333337,4.50455942923777,4.636370816847131
2026-01-31,Wolves,Bournemouth,away,2025,6,0.13815533745959385,0.0888025530734009,6.185729311281272,6.248538597894571,5.442257899023924
2026-01-31,Chelsea,West Ham,home,2025,9,0.13815533745959385,0.478491198891841,7.551148498561336,7.973596325849494,6.895886212730224
2026-01-31,Chelsea,West Ham,away,2025,3,0.13815533745959385,-0.478491198891841,3.942206613843249,3.7333451979047316,3.723458619596875
2026-01-31,Liverpool,Newcastle,home,2025,7,0.13815533745959385,0.3044960787179113,6.048142158913557,6.261328580400949,5.979932206629236
2026-01-31,Liverpool,Newcastle,away,2025,11,0.13815533745959385,-0.3044960787179113,4.448857717590624,4.297382508401238,4.160690977309917
2026-02-01,Aston Villa,Brentford,home,2025,12,0.13813753592573577,0.18124493766227862,5.9704865440704875,6.094872871198711,5.6543428580414945
2026-02-01,Aston Villa,Brentford,away,2025,1,0.13813753592573577,-0.18124493766227862,4.948161940754502,4.847178096980732,4.530295037284502
2026-02-01,Man United,Fulham,home,2025,3,0.13813753592573577,0.41696173371443196,5.22788712585421,5.481853134919382,5.991864054477878
2026-02-01,Man United,Fulham,away,2025,7,0.13813753592573577,-0.41696173371443196,4.5353870157728995,4.325269358182864,3.9919212798588557
2026-02-01,Nott'm Forest,Crystal Palace,home,2025,5,0.13813753592573577,0.24112528002757194,5.55388542972248,5.708347517380323,5.669647285959343
2026-02-01,Nott'm Forest,Crystal Palace,away,2025,7,0.13813753592573577,-0.24112528002757194,4.602334347679362,4.4777998533659895,4.318747013367812
2026-02-01,Tottenham,Man City,home,2025,3,0.13813753592573577,-0.33845555339428124,4.968855680841746,4.78116809486283,4.2892402703183325
2026-02-01,Tottenham,Man City,away,2025,4,0.13813753592573577,0.33845555339428124,5.572267064429213,5.7910097091139425,5.8526304307555765
2026-02-02,Sunderland,Burnley,home,2025,1,0.1381892655638439,0.32485265799148044,5.021506039621125,5.2105584187101,5.691768988636782
2026-02-02,Sunderland,Burnley,away,2025,2,0.1381892655638439,-0.32485265799148044,4.013973541275366,3.8683363203484444,3.9949999087731
2026-02-06,Leeds,Nott'm Forest,home,2025,5,0.138346577038054,0.1474969284474521,5.650442541593139,5.746057572001908,5.47957672852535
2026-02-06,Leeds,Nott'm Forest,away,2025,10,0.138346577038054,-0.1474969284474521,4.273705024100406,4.202590102135727,4.390088317426385
2026-02-07,Man United,Tottenham,home,2025,7,0.13831378060740349,0.4116870474336235,4.713704473318644,4.939726839583404,5.788741781972556
2026-02-07,Man United,Tottenham,away,2025,0,0.13831378060740349,-0.4116870474336235,4.870898787667879,4.648025720881519,4.0907840804345215
2026-02-07,Arsenal,Sunderland,home,2025,5,0.13831378060740349,0.7140226282019886,6.000149441332716,6.507893077866238,7.089169211951707
2026-02-07,Arsenal,Sunderland,away,2025,2,0.13831378060740349,-0.7140226282019886,2.699314727089128,2.488715096873615,2.9961675150106077
2026-02-07,Bournemouth,Aston Villa,home,2025,11,0.13831378060740349,-0.03155780816677828,5.243504072980768,5.2247125945221775,4.964201401189323
2026-02-07,Bournemouth,Aston Villa,away,2025,4,0.13831378060740349,0.03155780816677828,4.783973102577155,4.8011793940003065,4.903656465505443
2026-02-07,Burnley,West Ham,home,2025,5,0.13831378060740349,-0.15352531051359797,4.886872987583804,4.802260248490352,4.613030301227772
2026-02-07,Burnley,West Ham,away,2025,2,0.13831378060740349,0.15352531051359797,4.646879064341048,4.7287540868356155,5.115818621713739
2026-02-07,Fulham,Everton,home,2025,6,0.13831378060740349,0.1906503418667515,5.839697184008812,5.967740856147311,5.63775784832929
2026-02-07,Fulham,Everton,away,2025,6,0.13831378060740349,-0.1906503418667515,4.365466650960563,4.271801327002779,4.339580434648164
2026-02-07,Wolves,Chelsea,home,2025,3,0.13831378060740349,-0.3802816901408451,3.757265745581081,3.598180969914424,3.8627422145286534
2026-02-07,Wolves,Chelsea,away,2025,4,0.13831378060740349,0.3802816901408451,5.53082570747758,5.775357645777053,5.942900547917917
2026-02-07,Newcastle,Brentford,home,2025,9,0.13831378060740349,0.19214608739742678,7.203601294133488,7.362803288033942,6.0226582006566876
2026-02-07,Newcastle,Brentford,away,2025,3,0.13831378060740349,-0.19214608739742678,5.546064695900202,5.426145077876018,4.672713196150312
2026-02-08,Brighton,Crystal Palace,home,2025,3,0.13832191194500548,0.2245315859526979,5.598531130051974,5.743382311199918,5.644189849279631
2026-02-08,Brighton,Crystal Palace,away,2025,4,0.13832191194500548,-0.2245315859526979,4.394509747826111,4.2836778559115745,4.286887482252983
2026-02-08,Liverpool,Man City,home,2025,5,0.13832191194500548,0.06126914660831506,5.068808358604589,5.104263077731343,5.108090206091668
2026-02-08,Liverpool,Man City,away,2025,4,0.13832191194500548,-0.06126914660831506,4.626140407023634,4.5940067755328275,4.666428253733896
2026-02-10,Chelsea,Leeds,home,2025,4,0.13822787676275747,0.4438556916415606,5.805416873846616,6.106092486761272,6.261338307676825
2026-02-10,Chelsea,Leeds,away,2025,1,0.13822787676275747,-0.4438556916415606,3.8115780523149803,3.6238886962273305,3.7387561084671503
2026-02-10,Everton,Bournemouth,home,2025,7,0.13822787676275747,0.06744486633836783,5.250688727650149,5.291131811928919,5.177980392689624
2026-02-10,Everton,Bournemouth,away,2025,2,0.13822787676275747,-0.06744486633836783,5.898621486320711,5.853535018173765,5.020427927968179
2026-02-10,Tottenham,Newcastle,home,2025,2,0.13822787676275747,-0.13260544979469951,5.803703894331283,5.716806503046261,4.910063046856483
2026-02-10,Tottenham,Newcastle,away,2025,12,0.13822787676275747,0.13260544979469951,6.031860591756946,6.1235469116873675,5.500340430159264
2026-02-10,West Ham,Man United,home,2025,5,0.13822787676275747,-0.34049107602176376,5.55606317983289,5.34495723233699,4.437364521850044
2026-02-10,West Ham,Man United,away,2025,3,0.13822787676275747,0.34049107602176376,5.010338423602056,5.208228171679078,5.666794070879279
2026-02-11,Aston Villa,Brighton,home,2025,7,0.1384305965128756,0.2430850969627203,5.682830900393946,5.842181588614361,5.715064260853177
2026-02-11,Aston Villa,Brighton,away,2025,5,0.1384305965128756,-0.2430850969627203,4.238373535403525,4.1227681353389345,4.205805436179309
2026-02-11,Crystal Palace,Burnley,home,2025,8,0.1384305965128756,0.45675236216178694,4.974083203853074,5.239383764118734,5.999452697713704
2026-02-11,Crystal Palace,Burnley,away,2025,2,0.1384305965128756,-0.45675236216178694,4.063863564812435,3.858086448814274,3.7934989633268206
2026-02-11,Man City,Fulham,home,2025,4,0.1384305965128756,0.588575884972426,6.4471277482502725,6.893607626348111,6.876260944376824
2026-02-11,Man City,Fulham,away,2025,4,0.1384305965128756,-0.588575884972426,3.4441119381989886,3.221046344438612,3.4080899929883364
2026-02-11,Nott'm Forest,Wolves,home,2025,8,0.1384305965128756,0.37393898361208266,6.169638214685596,6.4377666248470735,6.1958633768987585
2026-02-11,Nott'm Forest,Wolves,away,2025,2,0.1384305965128756,-0.37393898361208266,4.413687881361646,4.22986091410084,4.030672376023372
2026-02-11,Sunderland,Liverpool,home,2025,3,0.1384305965128756,-0.3464073270340269,3.304234863402163,3.176549729863682,3.7645086059232584
2026-02-11,Sunderland,Liverpool,away,2025,11,0.1384305965128756,0.3464073270340269,5.2091280561603535,5.4185150540142875,5.750247056069053
2026-02-12,Brentford,Arsenal,home,2025,6,0.13835481560556795,-0.36364945589395714,3.561409376386617,3.4170768827294182,3.8255634454799776
2026-02-12,Brentford,Arsenal,away,2025,4,0.13835481560556795,0.36364945589395714,6.34400898317276,6.611970948252576,6.159115563766985
2026-02-18,Wolves,Arsenal,home,2025,1,0.13827076951211978,-0.6537925719536415,3.2409500549090526,3.008637301544164,3.2871087856939294
2026-02-18,Wolves,Arsenal,away,2025,3,0.13827076951211978,0.6537925719536415,6.461467959391747,6.960391977801969,7.0003776205984
2026-02-21,Aston Villa,Leeds,home,2025,7,0.13838297597617494,0.2914340918849292,5.465631449347428,5.649883375697021,5.762339595867097
2026-02-21,Aston Villa,Leeds,away,2025,2,0.13838297597617494,-0.2914340918849292,3.6422718451172464,3.5234914103496084,3.9308249142686758
2026-02-21,Brentford,Brighton,home,2025,6,0.13838297597617494,0.1963407219059201,4.523549033299931,4.625727876389668,5.218973185725012
2026-02-21,Brentford,Brighton,away,2025,4,0.13838297597617494,-0.1963407219059201,4.994642747190669,4.88431485259934,4.514691581189846
2026-02-21,Chelsea,Burnley,home,2025,9,0.13838297597617494,0.7127659574468086,7.162545327073774,7.7675424572384655,7.487403609309031
2026-02-21,Chelsea,Burnley,away,2025,5,0.13838297597617494,-0.7127659574468086,3.421437310872114,3.1549489375530775,3.227602297777551
2026-02-21,West Ham,Bournemouth,home,2025,9,0.13838297597617494,0.0434194717495866,5.749088886318923,5.777557643620387,5.272718622599547
2026-02-21,West Ham,Bournemouth,away,2025,5,0.13838297597617494,-0.0434194717495866,5.694272447341346,5.666214075567112,5.016116480347332
2026-02-21,Man City,Newcastle,home,2025,5,0.13838297597617494,0.48406401473097016,6.156913559089788,6.505484274055091,6.486111640346916
2026-02-21,Man City,Newcastle,away,2025,5,0.13838297597617494,-0.48406401473097016,4.327831299821693,4.095941530070896,3.824343448602745
2026-02-22,Crystal Palace,Wolves,home,2025,7,0.13806257781703107,0.40374286953330885,5.469524132409536,5.726610176557196,6.043061561530324
2026-02-22,Crystal Palace,Wolves,away,2025,3,0.13806257781703107,-0.40374286953330885,3.9105182075463323,3.734962403056443,3.833005009288302
2026-02-22,Nott'm Forest,Liverpool,home,2025,7,0.13806257781703107,-0.2933312112048385,4.374260842818728,4.230695852567375,4.2013865064542255
2026-02-22,Nott'm Forest,Liverpool,away,2025,2,0.13806257781703107,0.2933312112048385,6.169993314551466,6.379366680286786,5.9276162817991205
2026-02-22,Sunderland,Fulham,home,2025,6,0.13806257781703107,0.0026724528949529924,3.9147023581895053,3.915892741162215,4.5979414891168515
2026-02-22,Sunderland,Fulham,away,2025,4,0.13806257781703107,-0.0026724528949529924,4.778833684490764,4.777380978141677,4.8317848752488715
2026-02-22,Tottenham,Arsenal,home,2025,2,0.13806257781703107,-0.44133793855662606,4.253511345589212,4.0452188767032355,3.9129710295746363
2026-02-22,Tottenham,Arsenal,away,2025,5,0.13806257781703107,0.44133793855662606,6.658015169267905,7.000843199037538,6.460707542717668
2026-02-23,Everton,Man United,home,2025,10,0.13792575982469493,-0.22126347891593673,5.197260353814522,5.068066612788481,4.57002580070797
2026-02-23,Everton,Man United,away,2025,1,0.13792575982469493,0.22126347891593673,4.711255068359734,4.831353068980605,5.286629817955783
2026-02-27,Wolves,Aston Villa,home,2025,0,0.1380465180006384,-0.2870196147442232,4.058351447250768,3.9279741759148084,4.115314884470255
2026-02-27,Wolves,Aston Villa,away,2025,5,0.1380465180006384,0.2870196147442232,5.209278456577188,5.382184764098814,5.608123111991389
2026-02-28,Bournemouth,Sunderland,home,2025,7,0.1381708656895668,0.3160538255911042,5.616941303187801,5.822579593084174,5.872216861091115
2026-02-28,Bournemouth,Sunderland,away,2025,3,0.1381708656895668,-0.3160538255911042,3.84163520397268,3.7059586913340277,3.9553829037589288
2026-02-28,Burnley,Brentford,home,2025,4,0.1381708656895668,-0.3397049852179762,4.601085472927403,4.4266603350220555,4.18547175943592
2026-02-28,Burnley,Brentford,away,2025,8,0.1381708656895668,0.3397049852179762,5.303682922136804,5.51266566648268,5.76625750194936
2026-02-28,Liverpool,West Ham,home,2025,10,0.1381708656895668,0.5287843839570183,7.335176969621762,7.789986583910884,6.980244278672359
2026-02-28,Liverpool,West Ham,away,2025,5,0.1381708656895668,-0.5287843839570183,3.8333088622163722,3.6095054311967996,3.6136622502639195
2026-02-28,Newcastle,Everton,home,2025,7,0.1381708656895668,0.35589135832559,7.4910797563036065,7.800604464862291,6.53225665869013
2026-02-28,Newcastle,Everton,away,2025,2,0.1381708656895668,-0.35589135832559,4.338813772700082,4.166651464697569,4.039858113056566
2026-02-28,Leeds,Man City,home,2025,5,0.1381708656895668,-0.4008321775312066,4.38903376006661,4.193384201578693,4.019456681890469
2026-02-28,Leeds,Man City,away,2025,3,0.1381708656895668,0.4008321775312066,5.111287038886776,5.349762934342939,5.849039656600199
2026-03-01,Brighton,Nott'm Forest,home,2025,4,0.1379719723616166,0.18388006733700357,5.542843166685368,5.6600167208041565,5.531030767262463
2026-03-01,Brighton,Nott'm Forest,away,2025,4,0.1379719723616166,-0.18388006733700357,4.662127145514435,4.565611881630905,4.4420696291948785
2026-03-01,Fulham,Tottenham,home,2025,5,0.1379719723616166,0.16706174771581778,4.93450503886288,5.029186753622705,5.296549807936792
2026-03-01,Fulham,Tottenham,away,2025,8,0.1379719723616166,-0.16706174771581778,5.153753954672955,5.0567270821816575,4.615648500815298
2026-03-01,Man United,Crystal Palace,home,2025,7,0.1379719723616166,0.4468057535311649,5.1960466823967195,5.466996145863078,6.056184223557536
2026-03-01,Man United,Crystal Palace,away,2025,1,0.1379719723616166,-0.4468057535311649,4.372633219259088,4.155921410235782,3.897373888586509
2026-03-01,Arsenal,Chelsea,home,2025,5,0.1379719723616166,0.4087702063052603,5.265752136011313,5.516414361939144,5.98465246964585
2026-03-01,Arsenal,Chelsea,away,2025,10,0.1379719723616166,-0.4087702063052603,3.3225456678868666,3.171571386729598,3.635523938359836
2026-03-03,Bournemouth,Brentford,home,2025,4,0.13784585395492044,0.02442303921372463,6.330860514317447,6.348475318291461,5.390172343252151
2026-03-03,Bournemouth,Brentford,away,2025,3,0.13784585395492044,-0.02442303921372463,5.007470173502602,4.993576190917865,4.85792054511614
2026-03-03,Everton,Burnley,home,2025,6,0.13784585395492044,0.4496729651162791,6.015534456225108,6.331281231938856,6.346642366951473
2026-03-03,Everton,Burnley,away,2025,3,0.13784585395492044,-0.4496729651162791,3.9465757419332714,3.7497564063240203,3.770271014233946
2026-03-03,Leeds,Sunderland,home,2025,9,0.13784585395492044,0.28799130902648074,5.331222845299585,5.508785667944767,5.709508518466864
2026-03-03,Leeds,Sunderland,away,2025,2,0.13784585395492044,-0.28799130902648074,3.8472455042914877,3.7232385429885544,4.004274138908273
2026-03-03,Wolves,Liverpool,home,2025,2,0.13784585395492044,-0.48360319270239455,3.167751701383735,2.998177398907711,3.5065585571227627
2026-03-03,Wolves,Liverpool,away,2025,11,0.13784585395492044,0.48360319270239455,6.166193578745028,6.514948117228564,6.421437354898762
2026-03-04,Aston Villa,Chelsea,home,2025,3,0.13791724817559253,-0.030129851340109204,5.4316100488949,5.413023732047169,5.022048863717817
2026-03-04,Aston Villa,Chelsea,away,2025,8,0.13791724817559253,0.030129851340109204,4.601224954171449,4.617023854955793,4.841582153209355
2026-03-04,Brighton,Arsenal,home,2025,4,0.13791724817559253,-0.38635174266475947,3.8609240988806777,3.6948979223763114,3.8856856490603597
2026-03-04,Brighton,Arsenal,away,2025,3,0.13791724817559253,0.38635174266475947,5.503278458733597,5.750562226766559,5.9488637354862615
2026-03-04,Fulham,West Ham,home,2025,7,0.13791724817559253,0.1971632049242481,6.371165458415686,6.515688283575415,5.808811875413876
2026-03-04,Fulham,West Ham,away,2025,5,0.13791724817559253,-0.1971632049242481,4.834630831078026,4.7273951138518004,4.467563299242304
2026-03-04,Man City,Nott'm Forest,home,2025,6,0.13791724817559253,0.5638723369520855,6.49734403478916,6.927804093975133,6.8214957997078525
2026-03-04,Man City,Nott'm Forest,away,2025,1,0.13791724817559253,-0.5638723369520855,3.6087539784715656,3.3845235542147014,3.4942478397835943
2026-03-04,Newcastle,Man United,home,2025,2,0.13791724817559253,-0.004373421704598868,7.278688502453192,7.275067920925554,5.561760382070238
2026-03-04,Newcastle,Man United,away,2025,4,0.13791724817559253,0.004373421704598868,4.599149041773622,4.6014378993134395,4.788623255667574
2026-03-05,Tottenham,Crystal Palace,home,2025,6,0.13782885849976645,0.08509703405346031,5.603593080778928,5.65810567114665,5.3234827062811005
2026-03-05,Tottenham,Crystal Palace,away,2025,3,0.13782885849976645,-0.08509703405346031,5.008922859585847,4.960664771826806,4.735668509654868
2026-03-14,Burnley,Bournemouth,home,2025,5,0.1377780252350503,-0.2838604481936152,4.637146799896445,4.489788701979264,4.295613396511132
2026-03-14,Burnley,Bournemouth,away,2025,8,0.1377780252350503,0.2838604481936152,5.921858110049084,6.11621775705153,5.828956586169804
2026-03-14,Sunderland,Brighton,home,2025,7,0.1377780252350503,-0.13353765150403812,4.003877964879448,3.943510670083132,4.37193897040138
2026-03-14,Sunderland,Brighton,away,2025,3,0.1377780252350503,0.13353765150403812,4.769966559175484,4.842985247734083,5.114391531476992
2026-03-14,Arsenal,Everton,home,2025,8,0.1377780252350503,0.5804149867512042,6.716492093882957,7.174961579934143,6.94061300197091
2026-03-14,Arsenal,Everton,away,2025,3,0.1377780252350503,-0.5804149867512042,2.9634556082050922,2.7740951559583555,3.263340232574752
2026-03-14,Chelsea,Newcastle,home,2025,8,0.1377780252350503,0.2825152215825145,6.184529161497537,6.3865323864891455,5.966092279872401
2026-03-14,Chelsea,Newcastle,away,2025,1,0.1377780252350503,-0.2825152215825145,5.128964009370021,4.966737121904381,4.389778559228385
2026-03-14,West Ham,Man City,home,2025,1,0.1377780252350503,-0.3457839055852722,4.50130166011093,4.327665349169873,4.146332018737658
2026-03-14,West Ham,Man City,away,2025,15,0.1377780252350503,0.3457839055852722,5.133070882120929,5.339021994293085,5.722446581209963
2026-03-15,Crystal Palace,Leeds,home,2025,8,0.1381252126828757,0.04780700136486038,4.406180573445597,4.43021021151878,4.862204335951602
2026-03-15,Crystal Palace,Leeds,away,2025,3,0.1381252126828757,-0.04780700136486038,3.7630302773033084,3.7426194499825365,4.40049966603341
2026-03-15,Man United,Aston Villa,home,2025,6,0.1381252126828757,0.33571669856998076,5.05855126885955,5.2554898922979,5.731008579345524
2026-03-15,Man United,Aston Villa,away,2025,6,0.1381252126828757,-0.33571669856998076,4.502256137995063,4.3335433929695135,4.121585051309128
2026-03-15,Nott'm Forest,Fulham,home,2025,5,0.1381252126828757,0.13968447741571982,5.4296322275183195,5.516605490849754,5.39413409847614
2026-03-15,Nott'm Forest,Fulham,away,2025,4,0.1381252126828757,-0.13968447741571982,4.725569463600046,4.651067453617569,4.544709155748899
2026-03-15,Liverpool,Tottenham,home,2025,3,0.1381252126828757,0.6216117803623059,5.987234691175621,6.4259715775948765,6.813729382425457
2026-03-15,Liverpool,Tottenham,away,2025,4,0.1381252126828757,-0.6216117803623059,4.420281295033929,4.118484060318128,3.632744702610921
2026-03-16,Brentford,Wolves,home,2025,1,0.13788130861851985,0.44383650820713916,5.653036688967948,5.945807212708103,6.209602990497844
2026-03-16,Brentford,Wolves,away,2025,5,0.13788130861851985,-0.44383650820713916,4.145433895856263,3.9413134443512003,3.8379055084186415
2026-03-20,Bournemouth,Man United,home,2025,6,0.1379386842801094,-0.1628269530573359,6.006412733462999,5.896173270738807,4.900048783207261
2026-03-20,Bournemouth,Man United,away,2025,8,0.1379386842801094,0.1628269530573359,4.216133453018553,4.294961578531902,4.982561702484665
2026-03-21,Brighton,Liverpool,home,2025,4,0.13783850031327957,-0.11222457560142879,4.199961312054518,4.1466799031644905,4.477617287860612
2026-03-21,Brighton,Liverpool,away,2025,8,0.13783850031327957,0.11222457560142879,5.644396739579432,5.716922571725183,5.341616754472835
2026-03-21,Fulham,Burnley,home,2025,6,0.13783850031327957,0.46542566742935065,6.1156028467917425,6.44814757067823,6.421861282523179
2026-03-21,Fulham,Burnley,away,2025,6,0.13783850031327957,-0.46542566742935065,4.535002456194183,4.301122706531287,3.9110878968187643
2026-03-21,Everton,Chelsea,home,2025,3,0.13783850031327957,-0.1740600755918042,4.548787991326497,4.459598462884989,4.472229104253812
2026-03-21,Everton,Chelsea,away,2025,9,0.13783850031327957,0.1740600755918042,5.148155294839045,5.251115583060445,5.3276929721462665
2026-03-21,Leeds,Brentford,home,2025,6,0.13783850031327957,0.04292168674698793,5.97894174483083,6.00820844420706,5.336408261569721
2026-03-21,Leeds,Brentford,away,2025,2,0.13783850031327957,-0.04292168674698793,4.8843419407228295,4.8605497290249025,4.782931765328376
2026-03-22,Newcastle,Sunderland,home,2025,9,0.13763529111294792,0.38401460682991606,6.756709170734248,7.05843747917751,6.401006256304296
2026-03-22,Newcastle,Sunderland,away,2025,5,0.13763529111294792,-0.38401460682991606,3.8430906657768995,3.678809371340319,3.8441235956207787
2026-03-22,Aston Villa,West Ham,home,2025,6,0.13763529111294792,0.22796296973910507,7.369061368081305,7.562673296715512,6.1577084663952455
2026-03-22,Aston Villa,West Ham,away,2025,6,0.13763529111294792,-0.22796296973910507,3.9183949944146095,3.818080200656598,4.130418042173358
2026-03-22,Tottenham,Nott'm Forest,home,2025,13,0.13763529111294792,0.1174884176728585,5.699491735006183,5.776183497793212,5.425287051384152
2026-03-22,Tottenham,Nott'm Forest,away,2025,3,0.13763529111294792,-0.1174884176728585,5.151301113890389,5.082906063209958,4.712423664687896
2026-04-10,West Ham,Wolves,home,2025,5,0.13764819137516848,0.3127458025739858,5.821803506364926,6.032671114158786,5.929863149969339
2026-04-10,West Ham,Wolves,away,2025,2,0.13764819137516848,-0.3127458025739858,4.6465877905380735,4.484169711837367,4.202816226458693
2026-04-11,Arsenal,Bournemouth,home,2025,10,0.13765099243314788,0.5257330380726235,6.671781584216859,7.08299888274889,6.7683461422748925
2026-04-11,Arsenal,Bournemouth,away,2025,1,0.13765099243314788,-0.5257330380726235,4.110513778016352,3.871869892939447,3.6979031643253157
2026-04-11,Brentford,Everton,home,2025,2,0.13765099243314788,0.16922880282590252,5.312055619954239,5.415316565799689,5.424602082211215
2026-04-11,Brentford,Everton,away,2025,3,0.13765099243314788,-0.16922880282590252,4.101716032289795,4.023503231258257,4.294725160821515
2026-04-11,Burnley,Brighton,home,2025,8,0.13765099243314788,-0.33820576460170376,4.121896570695327,3.9663137116374303,4.047011746033208
2026-04-11,Burnley,Brighton,away,2025,2,0.13765099243314788,0.33820576460170376,5.218025175784432,5.422707743656622,5.733448273976047
2026-04-11,Liverpool,Fulham,home,2025,6,0.13765099243314788,0.38572857734234856,6.009774245081911,6.279371653134379,6.175999434532544
2026-04-11,Liverpool,Fulham,away,2025,9,0.13765099243314788,-0.38572857734234856,4.284629654947026,4.100674139451799,3.9737692140709475
2026-04-12,Crystal Palace,Newcastle,home,2025,2,0.13775667393791996,-0.11744780974639163,4.888484644834036,4.823601354949743,4.684207297345227
2026-04-12,Crystal Palace,Newcastle,away,2025,4,0.13775667393791996,0.11744780974639163,5.240551202330158,5.311042973476493,5.230965968209313
2026-04-12,Nott'm Forest,Aston Villa,home,2025,7,0.13775667393791996,0.005451799462187323,5.329036809002945,5.332343054959078,5.067748736163087
2026-04-12,Nott'm Forest,Aston Villa,away,2025,3,0.13775667393791996,-0.005451799462187323,4.91357137300701,4.910524780671382,4.868125627517698
2026-04-12,Sunderland,Tottenham,home,2025,2,0.13775667393791996,0.0013674177911698338,4.081641093440706,4.082276105099039,4.65560629510546
2026-04-12,Sunderland,Tottenham,away,2025,6,0.13775667393791996,-0.0013674177911698338,4.653157828650999,4.652434014437265,4.794459745955477
2026-04-12,Chelsea,Man City,home,2025,4,0.13775667393791996,-0.14239828693790152,5.204763562356867,5.121125377580185,4.726642589628071
2026-04-12,Chelsea,Man City,away,2025,12,0.13775667393791996,0.14239828693790152,4.574537171624686,4.6492484815455795,5.0670415016398564
2026-04-13,Man United,Leeds,home,2025,11,0.13781633373374386,0.41403865717192273,5.060318146244083,5.304379561545492,5.924036577908502
2026-04-13,Man United,Leeds,away,2025,4,0.13781633373374386,-0.41403865717192273,3.6944604949300888,3.524473553628877,3.7494050579846574
2026-04-18,Brentford,Fulham,home,2025,9,0.1378514292802336,0.1618935804436245,4.45996978105951,4.542874446182669,5.121093157746172
2026-04-18,Brentford,Fulham,away,2025,3,0.1378514292802336,-0.1618935804436245,4.946400137931459,4.856131377071263,4.566896742080393
2026-04-18,Leeds,Wolves,home,2025,5,0.1378514292802336,0.41759529193798867,6.15563451685225,6.455134903494426,6.306479909408641
2026-04-18,Leeds,Wolves,away,2025,6,0.1378514292802336,-0.41759529193798867,3.6893107936331333,3.5181369877165247,3.7421605972209697
2026-04-18,Newcastle,Bournemouth,home,2025,2,0.1378514292802336,0.21022826276354767,7.472481580477149,7.653353708984429,6.138445396895184
2026-04-18,Newcastle,Bournemouth,away,2025,3,0.1378514292802336,-0.21022826276354767,5.412388269641535,5.284477000430407,4.602105444814527
2026-04-18,Tottenham,Brighton,home,2025,7,0.1378514292802336,-0.03936127298071279,5.844497276771272,5.818384313475029,5.1180724688502295
2026-04-18,Tottenham,Brighton,away,2025,5,0.1378514292802336,0.03936127298071279,4.955423484149662,4.9776634711610495,4.974096113382773
2026-04-18,Chelsea,Man United,home,2025,7,0.1378514292802336,0.11950117562088086,6.694480180989697,6.786114131456518,5.709106322091419
2026-04-18,Chelsea,Man United,away,2025,1,0.1378514292802336,-0.11950117562088086,4.311425866693829,4.253208015261201,4.454388548543451
2026-04-19,Aston Villa,Sunderland,home,2025,4,0.13773717731590782,0.39165911151405264,6.465444618365626,6.760042728485308,6.334089942325054
2026-04-19,Aston Villa,Sunderland,away,2025,5,0.13773717731590782,-0.39165911151405264,3.6387216264062388,3.4801485881214522,3.767057356177777
2026-04-19,Everton,Liverpool,home,2025,1,0.13773717731590782,-0.1155511834638962,4.151655697314652,4.097436115558539,4.4552523793272965
2026-04-19,Everton,Liverpool,away,2025,6,0.13773717731590782,0.1155511834638962,6.082999349027123,6.163493021466478,5.4753238049627315
2026-04-19,Nott'm Forest,Burnley,home,2025,4,0.13773717731590782,0.48176102400180254,6.376476739547921,6.735712919638013,6.550961924579194
2026-04-19,Nott'm Forest,Burnley,away,2025,4,0.13773717731590782,-0.48176102400180254,4.062952582662745,3.8462628895157014,3.7534528972619112
2026-04-19,Man City,Arsenal,home,2025,8,0.13773717731590782,0.2956703957819312,4.665218778538483,4.82481273193578,5.494702633291658
2026-04-19,Man City,Arsenal,away,2025,5,0.13773717731590782,-0.2956703957819312,4.117800310845211,3.9815927381536307,4.076765780242156
2026-04-20,Crystal Palace,West Ham,home,2025,4,0.1375709362304951,0.10446540803749038,5.842757009903763,5.912610075548672,5.43748820661345
2026-04-20,Crystal Palace,West Ham,away,2025,6,0.1375709362304951,-0.10446540803749038,4.0903173607341134,4.041993320512104,4.409768735250838
2026-04-21,Brighton,Chelsea,home,2025,6,0.13748878027894548,0.03191676952918354,4.404369504532948,4.420391007732338,4.829123778809477
2026-04-21,Brighton,Chelsea,away,2025,5,0.13748878027894548,-0.03191676952918354,5.39674727177526,5.377187010357254,4.95690584310689
2026-04-22,Bournemouth,Leeds,home,2025,12,0.13738578028974147,0.20275936091948876,5.834932181254132,5.971091442798549,5.665169324407209
2026-04-22,Bournemouth,Leeds,away,2025,1,0.13738578028974147,-0.20275936091948876,3.864674621057,3.776548145762904,4.156617405705367
2026-04-22,Burnley,Man City,home,2025,3,0.13738578028974147,-0.7718005234880838,3.5906665478994317,3.288834735619229,3.229068178767185
2026-04-22,Burnley,Man City,away,2025,11,0.13738578028974147,0.7718005234880838,6.155875138195963,6.720828715525075,7.247188885292931
2026-04-24,Sunderland,Nott'm Forest,home,2025,3,0.13767397607195633,-0.0013221573616724047,4.666251027836954,4.665549200206959,4.848416122758656
2026-04-24,Sunderland,Nott'm Forest,away,2025,6,0.13767397607195633,0.0013221573616724047,4.524006303972667,4.524686839636562,4.757979314644741
2026-04-25,Fulham,Aston Villa,home,2025,2,0.13762388847190796,-0.028472761735862218,5.255274274845082,5.238278786063254,4.974136166319086
2026-04-25,Fulham,Aston Villa,away,2025,5,0.13762388847190796,0.028472761735862218,5.464405323211691,5.482134474935554,5.104499103406646
2026-04-25,Liverpool,Crystal Palace,home,2025,5,0.13762388847190796,0.5041978058308174,6.2659163784378835,6.635840483981115,6.577269984838417
2026-04-25,Liverpool,Crystal Palace,away,2025,8,0.13762388847190796,-0.5041978058308174,4.179193841912501,3.9462189011204103,3.7509465899022363
2026-04-25,West Ham,Everton,home,2025,3,0.13762388847190796,0.07078232235136855,5.717915011752617,5.764145039798917,5.324862595590352
2026-04-25,West Ham,Everton,away,2025,4,0.13762388847190796,-0.07078232235136855,4.338043912493835,4.303251607588948,4.55554852731768
2026-04-25,Wolves,Tottenham,home,2025,5,0.13762388847190796,-0.34368628811868307,3.452975104110028,3.3205699808999505,3.820899543800432
2026-04-25,Wolves,Tottenham,away,2025,5,0.13762388847190796,0.34368628811868307,5.388473321534021,5.603334468311768,5.804562658617289
2026-04-25,Arsenal,Newcastle,home,2025,7,0.13762388847190796,0.49659526554247874,5.929843109997802,6.274497067409174,6.444554886982715
2026-04-25,Arsenal,Newcastle,away,2025,2,0.13762388847190796,-0.49659526554247874,3.9419179980157355,3.725391059966147,3.6950649653706065
2026-04-27,Man United,Brentford,home,2025,7,0.1374192796067889,0.2656171775045892,6.01308497611908,6.197562597636864,5.872072974019986
2026-04-27,Man United,Brentford,away,2025,8,0.1374192796067889,-0.2656171775045892,4.631913298859579,4.494039040231513,4.282927775741835
2026-05-01,Leeds,Burnley,home,2025,5,0.13732173105228626,0.5942718451305354,6.186239816755398,6.618940268337491,6.804632803071175
2026-05-01,Leeds,Burnley,away,2025,0,0.13732173105228626,-0.5942718451305354,3.9292512968970335,3.672384073199619,3.542448782724024
2026-05-02,Brentford,West Ham,home,2025,2,0.13744357380021138,0.23221058773948844,5.6467507890659405,5.797912452171429,5.677644277492398
2026-05-02,Brentford,West Ham,away,2025,6,0.13744357380021138,-0.23221058773948844,4.435419713163206,4.319780605821818,4.28538928309732
2026-05-02,Newcastle,Brighton,home,2025,2,0.13744357380021138,0.014481094127111904,6.404900707991285,6.415461182800319,5.3871128610542165
2026-05-02,Newcastle,Brighton,away,2025,10,0.13744357380021138,-0.014481094127111904,4.565417858182207,4.557902735120858,4.739826741563976
2026-05-02,Wolves,Sunderland,home,2025,6,0.13744357380021138,-0.14079983505285448,4.1329232582662625,4.067248618751645,4.401874720096433
2026-05-02,Wolves,Sunderland,away,2025,3,0.13744357380021138,0.14079983505285448,4.430698440528078,4.502241773664415,5.013464691369819
2026-05-02,Arsenal,Fulham,home,2025,3,0.13744357380021138,0.5178776022880616,6.374040700439001,6.76086189914367,6.650674423684183
2026-05-02,Arsenal,Fulham,away,2025,4,0.13744357380021138,-0.5178776022880616,3.382467433638015,3.188940317306134,3.4914866816544254
2026-05-03,Bournemouth,Crystal Palace,home,2025,7,0.13743167476642865,0.4134780125642491,6.131843588805802,6.4271752046320145,6.287950693825306
2026-05-03,Bournemouth,Crystal Palace,away,2025,1,0.13743167476642865,-0.4134780125642491,4.254102023728535,4.058624106205476,3.9188123090862086
2026-05-03,Man United,Liverpool,home,2025,3,0.13743167476642865,0.06968664660590129,4.4306043931605945,4.465869653143125,4.915719784194254
2026-05-03,Man United,Liverpool,away,2025,2,0.13743167476642865,-0.06968664660590129,5.881333737434778,5.834891100411395,5.011100001793452
2026-05-03,Aston Villa,Tottenham,home,2025,5,0.13743167476642865,0.15443014428051577,5.337671149932872,5.432276650281493,5.398953190306939
2026-05-03,Aston Villa,Tottenham,away,2025,5,0.13743167476642865,-0.15443014428051577,4.542203284131601,4.463098805099194,4.461185225879633
2026-05-04,Chelsea,Nott'm Forest,home,2025,10,0.13744234530757743,0.3570661600726852,6.83341455882698,7.116716232238865,6.351001718917246
2026-05-04,Chelsea,Nott'm Forest,away,2025,1,0.13744234530757743,-0.3570661600726852,4.152238988063222,3.9869469888690494,3.982927775471526
2026-05-04,Everton,Man City,home,2025,5,0.13744234530757743,-0.5038617608572096,3.927951833043861,3.7091245242660813,3.717774026274771
2026-05-04,Everton,Man City,away,2025,9,0.13744234530757743,0.5038617608572096,6.081164500905455,6.439935109242315,6.448548856641868
2026-05-09,Liverpool,Chelsea,home,2025,5,0.13749515875428836,0.269447120081446,5.295731012181824,5.460579417487836,5.653268200458525
2026-05-09,Liverpool,Chelsea,away,2025,2,0.13749515875428836,-0.269447120081446,5.505916422465558,5.339699346840789,4.5126675516266905
2026-05-09,Brighton,Wolves,home,2025,7,0.13749515875428836,0.6497311752929922,5.7070655450075085,6.144898279105885,6.792771115816542
2026-05-09,Brighton,Wolves,away,2025,1,0.13749515875428836,-0.6497311752929922,4.018261417099714,3.7319545813050654,3.484829854843695
2026-05-09,Fulham,Bournemouth,home,2025,11,0.13749515875428836,-0.04252165343290043,5.716710681826396,5.6891228095951965,5.076166745081988
2026-05-09,Fulham,Bournemouth,away,2025,2,0.13749515875428836,0.04252165343290043,5.860119335181555,5.888536409111811,5.247922671723141
2026-05-09,Sunderland,Man United,home,2025,7,0.13749515875428836,-0.26655947210157027,4.486324967694997,4.35231771665096,4.282700089835785
2026-05-09,Sunderland,Man United,away,2025,8,0.13749515875428836,0.26655947210157027,4.513602805888806,4.652576002171736,5.317057686418563
2026-05-09,Man City,Brentford,home,2025,10,0.13749515875428836,0.5680382493254296,6.893798167073122,7.3540085068714,6.960785957349817
2026-05-09,Man City,Brentford,away,2025,2,0.13749515875428836,-0.5680382493254296,3.863959789269924,3.622155031235546,3.5631877653494133
2026-05-10,Burnley,Aston Villa,home,2025,2,0.13762259375753924,-0.4185737615677735,4.210924981727596,4.01510274998226,3.9383337163386445
2026-05-10,Burnley,Aston Villa,away,2025,8,0.13762259375753924,0.4185737615677735,5.54730186205529,5.817851608459047,6.045213678641492
2026-05-10,Crystal Palace,Everton,home,2025,5,0.13762259375753924,-0.020275481179875487,5.137139849708527,5.125303885358537,4.956115523804207
2026-05-10,Crystal Palace,Everton,away,2025,10,0.13762259375753924,0.020275481179875487,3.7686241213152165,3.777327078592701,4.530725644102719
2026-05-10,Nott'm Forest,Newcastle,home,2025,2,0.13762259375753924,-0.002841744243018196,5.337563599369868,5.335838279082072,5.052578224423757
2026-05-10,Nott'm Forest,Newcastle,away,2025,1,0.13762259375753924,0.002841744243018196,5.185868470219364,5.18754529841646,4.967980323877957
2026-05-10,West Ham,Arsenal,home,2025,4,0.13762259375753924,-0.41621932988630284,4.007781901900507,3.82243022509798,3.881966773063172
2026-05-10,West Ham,Arsenal,away,2025,3,0.13762259375753924,0.41621932988630284,6.048472694332705,6.341766355686621,6.204212052910721
2026-05-11,Tottenham,Leeds,home,2025,14,0.13773031643439854,0.2760381539647364,6.472002144209795,6.678472031066375,6.034665551020981
2026-05-11,Tottenham,Leeds,away,2025,2,0.13773031643439854,-0.2760381539647364,4.120542900562195,3.9931532787281543,4.111499089036329
2026-05-13,Man City,Crystal Palace,home,2025,9,0.13804152234951436,0.7180904598098271,6.713997927938036,7.28551954574489,7.354507295046516
2026-05-13,Man City,Crystal Palace,away,2025,4,0.13804152234951436,-0.7180904598098271,3.2316424376030835,2.978132238019457,3.163598502573504
2026-05-15,Aston Villa,Liverpool,home,2025,4,0.13799671620879053,-0.046220745590462575,4.5044132323921335,4.480789652207405,4.705464284000959
2026-05-15,Aston Villa,Liverpool,away,2025,9,0.13799671620879053,0.046220745590462575,5.541034488333924,5.5702478821108485,5.165200727198883
2026-05-17,Man United,Nott'm Forest,home,2025,7,0.13795193696866856,0.4016639913183061,6.093513010336263,6.378419923349103,6.24449775261113
2026-05-17,Man United,Nott'm Forest,away,2025,6,0.13795193696866856,-0.4016639913183061,4.23273791225776,4.043672860620243,3.93220384081501
2026-05-17,Brentford,Crystal Palace,home,2025,9,0.13795193696866856,0.32268865519132517,4.9234507000466765,5.1075538571856995,5.651739727132993
2026-05-17,Brentford,Crystal Palace,away,2025,4,0.13795193696866856,-0.32268865519132517,4.37167413520336,4.214095961232343,4.10644582574589
2026-05-17,Everton,Sunderland,home,2025,3,0.13795193696866856,0.29352598986676676,5.243002070547739,5.421038917650054,5.6931642103471045
2026-05-17,Everton,Sunderland,away,2025,2,0.13795193696866856,-0.29352598986676676,4.16915764333156,4.032234870194002,4.096244565198715
2026-05-17,Leeds,Brighton,home,2025,7,0.13795193696866856,-0.1341378041979615,5.3913787641635835,5.30972928922422,4.795486672452064
2026-05-17,Leeds,Brighton,away,2025,8,0.13795193696866856,0.1341378041979615,4.33032181335033,4.396910613479194,4.963830149175478
2026-05-17,Wolves,Fulham,home,2025,3,0.13795193696866856,-0.2455726007336525,4.001145419494957,3.8909093710892595,4.169365933034656
2026-05-17,Wolves,Fulham,away,2025,6,0.13795193696866856,0.2455726007336525,5.195600728700665,5.342800891644933,5.5064725756719035
2026-05-17,Newcastle,West Ham,home,2025,9,0.13795193696866856,0.1592279855247286,6.951795208627609,7.07887244007916,5.874162511736397
2026-05-17,Newcastle,West Ham,away,2025,1,0.13795193696866856,-0.1592279855247286,4.7943561675557556,4.708289705202771,4.527764663951339
2026-05-18,Arsenal,Burnley,home,2025,3,0.13778826159418384,0.8231756326472569,6.706026328626512,7.3643871953916875,7.684791579667052
2026-05-18,Arsenal,Burnley,away,2025,3,0.13778826159418384,-0.8231756326472569,2.812669498736295,2.5612227075802374,2.8983402301328587
2026-05-19,Bournemouth,Man City,home,2025,7,0.13780065962479454,-0.35392266387977944,4.8322159888898595,4.641515132760945,4.224494633262668
2026-05-19,Bournemouth,Man City,away,2025,6,0.13780065962479454,0.35392266387977944,5.573751773312871,5.802754416764032,5.89140555434475
2026-05-19,Chelsea,Tottenham,home,2025,3,0.13780065962479454,0.244010033734106,5.902246805982737,6.06838859480543,5.785189458752359
2026-05-19,Chelsea,Tottenham,away,2025,4,0.13780065962479454,-0.244010033734106,4.20743010894348,4.0922380849447695,4.194576632088331
2026-05-24,Brighton,Man United,home,2025,0,0.13767104444036232,0.2418085482161781,5.663650901323403,5.821618247222372,5.705974827518072
2026-05-24,Brighton,Man United,away,2025,3,0.13767104444036232,-0.2418085482161781,4.388686309761795,4.269601014420247,4.254019768763564
2026-05-24,Burnley,Wolves,home,2025,7,0.13767104444036232,0.05859008174030916,4.728645151275631,4.760269450910201,4.993056339777299
2026-05-24,Burnley,Wolves,away,2025,7,0.13767104444036232,-0.05859008174030916,4.650322426553246,4.619428547261065,4.679297881422174
2026-05-24,Crystal Palace,Arsenal,home,2025,3,0.13767104444036232,-0.30489731437598744,3.7890551161453208,3.6598778743894087,3.9979519459528365
2026-05-24,Crystal Palace,Arsenal,away,2025,4,0.13767104444036232,0.30489731437598744,5.459970642525113,5.65268306951759,5.733922950731256
2026-05-24,Fulham,Newcastle,home,2025,6,0.13767104444036232,-0.08042092142480456,5.132570226183545,5.085825714842082,4.830692350685303
2026-05-24,Fulham,Newcastle,away,2025,6,0.13767104444036232,0.08042092142480456,5.576949843218596,5.628208342784618,5.2507708671559925
2026-05-24,Liverpool,Brentford,home,2025,14,0.13767104444036232,0.2691183940923983,6.720013083606566,6.92893818678256,6.088014602880269
2026-05-24,Liverpool,Brentford,away,2025,2,0.13767104444036232,-0.2691183940923983,4.8329374402719045,4.6872120886909014,4.333607152430379
2026-05-24,Man City,Aston Villa,home,2025,9,0.13767104444036232,0.6192843073750446,6.132713204162444,6.580367943545423,6.858164967346266
2026-05-24,Man City,Aston Villa,away,2025,4,0.13767104444036232,-0.6192843073750446,3.7493844171141686,3.494318177887198,3.454479457797638
2026-05-24,Nott'm Forest,Bournemouth,home,2025,6,0.13767104444036232,-0.16290531378326156,6.099895699572375,5.987887104401057,4.92352595060555
2026-05-24,Nott'm Forest,Bournemouth,away,2025,3,0.13767104444036232,0.16290531378326156,4.722695818836826,4.811037919291687,5.162056786882667
2026-05-24,Sunderland,Chelsea,home,2025,7,0.13767104444036232,-0.20044743404497728,3.844081960222731,3.757413199459751,4.196738318087135
2026-05-24,Sunderland,Chelsea,away,2025,7,0.13767104444036232,0.20044743404497728,5.599300431541986,5.728454294527068,5.530178840657242
2026-05-24,Tottenham,Everton,home,2025,6,0.13767104444036232,0.2474437627811861,6.672421737906546,6.862923524478912,6.019293864534774
2026-05-24,Tottenham,Everton,away,2025,2,0.13767104444036232,-0.2474437627811861,4.505946603223776,4.380870041456465,4.278942196810395
2026-05-24,West Ham,Leeds,home,2025,6,0.13767104444036232,0.2636612021857923,5.969822951838708,6.151604295140497,5.8540456156053
2026-05-24,West Ham,Leeds,away,2025,4,0.13767104444036232,-0.2636612021857923,3.939706337045554,3.8232870948767346,4.075607575623333
