league,date,home,away,venue,season,actual,mean,current_alpha,baseline_mean,z
E1,2021-08-06,Bournemouth,West Brom,home,2021,4,5.167662053274845,0.08253815153494651,5.126451110080329,-0.3912866802906807
E1,2021-08-06,Bournemouth,West Brom,away,2021,8,4.659762355774391,0.08253815153494651,4.836092347942997,-0.3912866802906807
E1,2021-08-07,Blackburn,Swansea,home,2021,7,5.25902574493194,0.08246692950994237,5.100660805965531,-0.325510807562432
E1,2021-08-07,Blackburn,Swansea,away,2021,5,4.434779228176488,0.08246692950994237,4.519750793694941,-0.325510807562432
E1,2021-08-07,Cardiff,Barnsley,home,2021,2,4.848570831480577,0.08246692950994237,4.372629429882408,-0.37065513564743513
E1,2021-08-07,Cardiff,Barnsley,away,2021,4,4.539046866246829,0.08246692950994237,4.620457686474322,-0.37065513564743513
E1,2021-08-07,Derby,Huddersfield,home,2021,4,4.283376678836243,0.08246692950994237,4.536087545935964,-0.16265682356586053
E1,2021-08-07,Derby,Huddersfield,away,2021,6,4.9700132086321585,0.08246692950994237,4.129673033404762,-0.16265682356586053
E1,2021-08-07,Preston,Hull,home,2021,2,5.081391459590395,0.08246692950994237,4.962221422844447,-0.3996808625079187
E1,2021-08-07,Preston,Hull,away,2021,7,4.717999815878875,0.08246692950994237,4.94623207354242,-0.3996808625079187
E1,2021-08-07,QPR,Millwall,home,2021,7,5.28242837869524,0.08246692950994237,5.104431977432025,-0.3118006103763988
E1,2021-08-07,QPR,Millwall,away,2021,5,4.544246408012462,0.08246692950994237,4.8224233262362874,-0.3118006103763988
E1,2021-08-07,Stoke,Reading,home,2021,6,5.391644042685102,0.08246692950994237,5.300474286454369,-0.2988253938659457
E1,2021-08-07,Stoke,Reading,away,2021,9,4.069795751266649,0.08246692950994237,3.7860926054888817,-0.2988253938659457
E1,2021-08-07,Sheffield United,Birmingham,home,2021,8,5.641298211026678,0.08246692950994237,5.430127249236172,-0.18342238332932015
E1,2021-08-07,Sheffield United,Birmingham,away,2021,2,4.03542434978381,0.08246692950994237,4.018174591533245,-0.18342238332932015
E1,2021-08-08,Fulham,Middlesbrough,home,2021,4,5.367164373338764,0.08217103360319727,5.02318764019874,-0.23527971918714258
E1,2021-08-08,Fulham,Middlesbrough,away,2021,2,4.682087899823038,0.08217103360319727,5.43837983662016,-0.23527971918714258
E1,2021-08-08,Coventry,Nott'm Forest,home,2021,0,4.858501561233461,0.08217103360319727,4.59747493328861,-0.43728799065020946
E1,2021-08-08,Coventry,Nott'm Forest,away,2021,5,4.6410383066161165,0.08217103360319727,4.643856408252944,-0.43728799065020946
E1,2021-08-14,Barnsley,Coventry,home,2021,1,5.013144413768371,0.08238793280763637,4.426398787092265,-0.27735041342068945
E1,2021-08-14,Barnsley,Coventry,away,2021,5,4.338796676453334,0.08238793280763637,4.444061062750357,-0.27735041342068945
E1,2021-08-14,Birmingham,Stoke,home,2021,7,4.9541243972812365,0.08238793280763637,4.9949220643305985,-0.493807735255304
E1,2021-08-14,Birmingham,Stoke,away,2021,6,4.45608449034054,0.08238793280763637,4.073343632994071,-0.493807735255304
E1,2021-08-14,Huddersfield,Fulham,home,2021,5,4.532707480046731,0.08238793280763637,4.976542287634947,-0.21540779979906843
E1,2021-08-14,Huddersfield,Fulham,away,2021,7,5.259325737525595,0.08238793280763637,4.869049270415024,-0.21540779979906843
E1,2021-08-14,Hull,QPR,home,2021,7,5.14335288239861,0.08238793280763637,5.506321464305515,-0.4882946870277257
E1,2021-08-14,Hull,QPR,away,2021,2,4.8454340888230485,0.08238793280763637,4.868408579099723,-0.4882946870277257
E1,2021-08-14,Middlesbrough,Bristol City,home,2021,1,6.232970129143205,0.08238793280763637,6.735517408869606,-0.16669813547321216
E1,2021-08-14,Middlesbrough,Bristol City,away,2021,1,3.6803431770499047,0.08238793280763637,3.296156445017495,-0.16669813547321216
E1,2021-08-14,Millwall,Blackburn,home,2021,7,4.907163195723337,0.08238793280763637,4.6873349906851605,-0.432439551071453
E1,2021-08-14,Millwall,Blackburn,away,2021,3,4.145759788524626,0.08238793280763637,3.60449018422234,-0.432439551071453
E1,2021-08-14,Nott'm Forest,Bournemouth,home,2021,6,4.451246301627395,0.08238793280763637,4.3795694116404595,-0.34216868857051846
E1,2021-08-14,Nott'm Forest,Bournemouth,away,2021,4,5.131826878254195,0.08238793280763637,5.0209481927727495,-0.34216868857051846
E1,2021-08-14,Reading,Preston,home,2021,2,4.94651244302266,0.08238793280763637,4.4980009338451765,-0.3454348508393873
E1,2021-08-14,Reading,Preston,away,2021,12,4.177072977616096,0.08238793280763637,3.8910974762465584,-0.3454348508393873
E1,2021-08-14,West Brom,Luton,home,2021,8,6.310588160091926,0.08238793280763637,6.618525946963627,-0.09979989994997496
E1,2021-08-14,West Brom,Luton,away,2021,4,3.953078288046672,0.08238793280763637,4.0593524855998435,-0.09979989994997496
E1,2021-08-14,Swansea,Sheffield United,home,2021,1,4.887471328578774,0.08238793280763637,5.1065306776404995,-0.4286941271156919
E1,2021-08-14,Swansea,Sheffield United,away,2021,6,4.9618463946246285,0.08238793280763637,4.933637276665335,-0.4286941271156919
E1,2021-08-17,Barnsley,Luton,home,2021,4,5.253242900385564,0.08263784188783782,5.288362495581146,-0.38211246850786706
E1,2021-08-17,Barnsley,Luton,away,2021,4,4.340603954004381,0.08263784188783782,4.141245939012336,-0.38211246850786706
E1,2021-08-17,Huddersfield,Preston,home,2021,4,4.850868131402723,0.08263784188783782,4.535625832173454,-0.42268694550063374
E1,2021-08-17,Huddersfield,Preston,away,2021,4,4.65181981358691,0.08263784188783782,4.7151964356270675,-0.42268694550063374
E1,2021-08-17,Millwall,Fulham,home,2021,2,4.838595037076642,0.08263784188783782,5.3802857514087155,-0.318714827106956
E1,2021-08-17,Millwall,Fulham,away,2021,5,4.732772210777543,0.08263784188783782,4.110276683933615,-0.318714827106956
E1,2021-08-17,Swansea,Stoke,home,2021,5,4.9398806658801435,0.08263784188783782,5.256616869000906,-0.4217977962809218
E1,2021-08-17,Swansea,Stoke,away,2021,5,4.929883125707373,0.08263784188783782,4.838813883331767,-0.4217977962809218
E1,2021-08-17,Reading,Bristol City,home,2021,5,5.137394696579969,0.08263784188783782,4.98684686713848,-0.37041440818203614
E1,2021-08-17,Reading,Bristol City,away,2021,2,4.001119750762379,0.08263784188783782,3.4686116292686453,-0.37041440818203614
E1,2021-08-18,Birmingham,Bournemouth,home,2021,5,4.479336934507929,0.08263953105661577,4.229477564041189,-0.4142084287017623
E1,2021-08-18,Birmingham,Bournemouth,away,2021,3,4.780674637994895,0.08263953105661577,4.488806633438258,-0.4142084287017623
E1,2021-08-18,Hull,Derby,home,2021,5,5.21870828667354,0.08263953105661577,4.653093393045622,-0.21662534542416567
E1,2021-08-18,Hull,Derby,away,2021,3,4.343534332411302,0.08263953105661577,4.643677683394293,-0.21662534542416567
E1,2021-08-18,Middlesbrough,QPR,home,2021,7,5.65103144460367,0.08263953105661577,6.437214231279695,-0.4268924238513165
E1,2021-08-18,Middlesbrough,QPR,away,2021,1,4.394622299068194,0.08263953105661577,4.131153553945474,-0.4268924238513165
E1,2021-08-18,Nott'm Forest,Blackburn,home,2021,3,5.056701083855288,0.08263953105661577,5.008623554190091,-0.4295425257731959
E1,2021-08-18,Nott'm Forest,Blackburn,away,2021,1,4.467210558184853,0.08263953105661577,4.280238162278223,-0.4295425257731959
E1,2021-08-18,West Brom,Sheffield United,home,2021,5,5.395149815628832,0.08263953105661577,5.346801724197127,-0.30940698819819246
E1,2021-08-18,West Brom,Sheffield United,away,2021,4,4.570819947986492,0.08263953105661577,4.894794067766216,-0.30940698819819246
E1,2021-08-20,Bristol City,Swansea,home,2021,1,4.921015502102863,0.0826773432364876,4.475291337990455,-0.35523789576569975
E1,2021-08-20,Bristol City,Swansea,away,2021,2,4.919367738427975,0.0826773432364876,5.607060988449989,-0.35523789576569975
E1,2021-08-21,QPR,Barnsley,home,2021,6,5.080435238537707,0.08289209196457008,4.684228637114103,-0.31585815858158584
E1,2021-08-21,QPR,Barnsley,away,2021,9,4.598656628883326,0.08289209196457008,4.941048772681963,-0.31585815858158584
E1,2021-08-21,Blackburn,West Brom,home,2021,5,4.606210742384721,0.08289209196457008,4.926262576150363,-0.28387541053077653
E1,2021-08-21,Blackburn,West Brom,away,2021,6,5.098922354799533,0.08289209196457008,4.754981256861946,-0.28387541053077653
E1,2021-08-21,Cardiff,Millwall,home,2021,2,5.041664195614756,0.08289209196457008,4.739686045929462,-0.35862105374300496
E1,2021-08-21,Cardiff,Millwall,away,2021,3,4.465676139728729,0.08289209196457008,4.489063291001232,-0.35862105374300496
E1,2021-08-21,Coventry,Reading,home,2021,10,4.87918568733434,0.08289209196457008,4.2550138614944535,-0.3097444328202063
E1,2021-08-21,Coventry,Reading,away,2021,2,4.476029523115495,0.08289209196457008,4.66588838283649,-0.3097444328202063
E1,2021-08-21,Derby,Middlesbrough,home,2021,7,4.5110310727351495,0.08289209196457008,4.238167407634718,-0.4346922452343153
E1,2021-08-21,Derby,Middlesbrough,away,2021,3,5.041109127279268,0.08289209196457008,5.135704388700922,-0.4346922452343153
E1,2021-08-21,Fulham,Hull,home,2021,9,5.886044444994454,0.08289209196457008,5.090213658285512,0.05276100574131992
E1,2021-08-21,Fulham,Hull,away,2021,1,3.915755095910632,0.08289209196457008,4.408778880421435,0.05276100574131992
E1,2021-08-21,Luton,Birmingham,home,2021,5,5.7281467588372195,0.08289209196457008,6.129168531229621,-0.30990609133254454
E1,2021-08-21,Luton,Birmingham,away,2021,5,4.360479022477379,0.08289209196457008,4.395939300501192,-0.30990609133254454
E1,2021-08-21,Sheffield United,Huddersfield,home,2021,6,5.842773578288055,0.08289209196457008,5.536281806187434,-0.09487072388578527
E1,2021-08-21,Sheffield United,Huddersfield,away,2021,4,3.949508864144291,0.08289209196457008,4.0646754780600745,-0.09487072388578527
E1,2021-08-21,Stoke,Nott'm Forest,home,2021,6,5.522685227075822,0.08289209196457008,5.282293262596235,-0.2137873219638593
E1,2021-08-21,Stoke,Nott'm Forest,away,2021,2,4.1886205246836115,0.08289209196457008,4.283813383894438,-0.2137873219638593
E1,2021-08-28,Cardiff,Bristol City,home,2021,4,5.294541685415475,0.08274166198692319,4.941904021682933,-0.2567704018687269
E1,2021-08-28,Cardiff,Bristol City,away,2021,3,3.671093404434424,0.08274166198692319,3.081889539985238,-0.2567704018687269
E1,2021-08-28,Derby,Nott'm Forest,home,2021,8,4.9563156282791105,0.08274166198692319,4.810331327341886,-0.437175736613276
E1,2021-08-28,Derby,Nott'm Forest,away,2021,4,4.494669303917947,0.08274166198692319,4.317753132906396,-0.437175736613276
E1,2021-08-28,Barnsley,Birmingham,home,2021,2,5.07635301368021,0.08274166198692319,4.849085866355798,-0.36920256323145234
E1,2021-08-28,Barnsley,Birmingham,away,2021,2,4.328905568759148,0.08274166198692319,4.15233956901965,-0.36920256323145234
E1,2021-08-28,Fulham,Stoke,home,2021,8,5.838441152681502,0.08274166198692319,5.960635356765575,-0.20552420750046574
E1,2021-08-28,Fulham,Stoke,away,2021,7,4.016039014541334,0.08274166198692319,3.9148889740311237,-0.20552420750046574
E1,2021-08-28,Huddersfield,Reading,home,2021,5,5.186367714175448,0.08274166198692319,5.179565364281526,-0.3943473840989148
E1,2021-08-28,Huddersfield,Reading,away,2021,3,4.652260208619996,0.08274166198692319,4.808344202566476,-0.3943473840989148
E1,2021-08-28,Hull,Bournemouth,home,2021,2,4.469331141445351,0.08274166198692319,4.409894109181784,-0.34556962025316457
E1,2021-08-28,Hull,Bournemouth,away,2021,6,4.917676522483017,0.08274166198692319,4.56761633056342,-0.34556962025316457
E1,2021-08-28,Luton,Sheffield United,home,2021,2,4.949018634257582,0.08274166198692319,5.111289989844041,-0.46902226524685386
E1,2021-08-28,Luton,Sheffield United,away,2021,6,5.04657305314199,0.08274166198692319,5.2704584037265745,-0.46902226524685386
E1,2021-08-28,Middlesbrough,Blackburn,home,2021,11,5.316865587643457,0.08274166198692319,5.254965229708378,-0.3327251995438997
E1,2021-08-28,Middlesbrough,Blackburn,away,2021,5,4.047202138551562,0.08274166198692319,3.652931348821046,-0.3327251995438997
E1,2021-08-28,Preston,Swansea,home,2021,3,5.016353524885955,0.08274166198692319,4.759865169428831,-0.3816120906801007
E1,2021-08-28,Preston,Swansea,away,2021,1,4.766496599855931,0.08274166198692319,5.125464294001699,-0.3816120906801007
E1,2021-08-28,QPR,Coventry,home,2021,5,5.001508756850459,0.08274166198692319,4.686992539884643,-0.368886455250833
E1,2021-08-28,QPR,Coventry,away,2021,11,4.771578398026335,0.08274166198692319,5.182731673244896,-0.368886455250833
E1,2021-09-10,Birmingham,Derby,home,2021,2,5.175724524858038,0.08344846690227094,4.519529621951901,-0.2015181365163981
E1,2021-09-10,Birmingham,Derby,away,2021,2,4.150174778183949,0.08344846690227094,4.230190213499443,-0.2015181365163981
E1,2021-09-11,Blackburn,Luton,home,2021,1,5.471790191047964,0.08358393836226408,5.6339830588631985,-0.3390490723636655
E1,2021-09-11,Blackburn,Luton,away,2021,4,4.148717571586534,0.08358393836226408,3.8480187368197623,-0.3390490723636655
E1,2021-09-11,Bournemouth,Barnsley,home,2021,6,5.234157654385039,0.08358393836226408,4.683906294537322,-0.21644509196867595
E1,2021-09-11,Bournemouth,Barnsley,away,2021,0,4.586702276680157,0.08358393836226408,5.256812748053699,-0.21644509196867595
E1,2021-09-11,Bristol City,Preston,home,2021,8,4.5502898461358585,0.08358393836226408,3.83263139539838,-0.38910880115269214
E1,2021-09-11,Bristol City,Preston,away,2021,6,4.676621547869035,0.08358393836226408,4.883235287418781,-0.38910880115269214
E1,2021-09-11,Coventry,Middlesbrough,home,2021,7,4.7661838372879455,0.08358393836226408,4.198831653120093,-0.36834241518720334
E1,2021-09-11,Coventry,Middlesbrough,away,2021,7,4.730425735314387,0.08358393836226408,5.083513382264631,-0.36834241518720334
E1,2021-09-11,Reading,QPR,home,2021,3,4.933329201151559,0.08358393836226408,5.240950279719855,-0.42174851592012946
E1,2021-09-11,Reading,QPR,away,2021,6,4.738423979900659,0.08358393836226408,4.421787356546104,-0.42174851592012946
E1,2021-09-11,Stoke,Huddersfield,home,2021,3,5.5819752454786205,0.08358393836226408,5.175462086866883,-0.14828198223934935
E1,2021-09-11,Stoke,Huddersfield,away,2021,5,3.9823102802071246,0.08358393836226408,3.9935583151879976,-0.14828198223934935
E1,2021-09-11,Swansea,Hull,home,2021,7,5.288373346593599,0.08358393836226408,5.196190316757382,-0.33415112855740925
E1,2021-09-11,Swansea,Hull,away,2021,2,4.521811874788688,0.08358393836226408,4.696238121623914,-0.33415112855740925
E1,2021-09-11,West Brom,Millwall,home,2021,4,6.123298643300797,0.08358393836226408,5.943456119154667,-0.04258754987017921
E1,2021-09-11,West Brom,Millwall,away,2021,5,4.076184542709279,0.08358393836226408,4.52596566365284,-0.04258754987017921
E1,2021-09-12,Nott'm Forest,Cardiff,home,2021,4,5.0819783099119675,0.0835183030228745,5.49012366183926,-0.45261538461538464
E1,2021-09-12,Nott'm Forest,Cardiff,away,2021,4,4.734547961361864,0.0835183030228745,4.507555497689794,-0.45261538461538464
E1,2021-09-14,Blackburn,Hull,home,2021,6,5.593993059178352,0.08344854968812027,5.2063753712047,-0.1498401851647746
E1,2021-09-14,Blackburn,Hull,away,2021,6,3.9810364142016392,0.08344854968812027,3.9864105718465543,-0.1498401851647746
E1,2021-09-14,Bournemouth,QPR,home,2021,3,5.71218401797173,0.08344854968812027,5.824759042808246,-0.24458367086644023
E1,2021-09-14,Bournemouth,QPR,away,2021,6,4.272411617322089,0.08344854968812027,4.387981156471584,-0.24458367086644023
E1,2021-09-14,Sheffield United,Preston,home,2021,2,5.92550340350468,0.08344854968812027,6.106384231302716,-0.19159672967286884
E1,2021-09-14,Sheffield United,Preston,away,2021,6,4.0149982959403205,0.08344854968812027,3.949960290056888,-0.19159672967286884
E1,2021-09-14,West Brom,Derby,home,2021,5,5.78688364999271,0.08344854968812027,5.183165505675925,-0.030351664247862065
E1,2021-09-14,West Brom,Derby,away,2021,4,4.038597333791091,0.08344854968812027,4.4687731391105405,-0.030351664247862065
E1,2021-09-15,Birmingham,Fulham,home,2021,10,4.4573268126477705,0.08307369236963857,4.566645262596845,-0.28544584899214204
E1,2021-09-15,Birmingham,Fulham,away,2021,2,4.8932481757267094,0.08307369236963857,4.334558574356022,-0.28544584899214204
E1,2021-09-15,Bristol City,Luton,home,2021,7,4.863133594297517,0.08307369236963857,4.6018173862552905,-0.43549608481294105
E1,2021-09-15,Bristol City,Luton,away,2021,9,4.582718480681591,0.08307369236963857,4.517715853985711,-0.43549608481294105
E1,2021-09-15,Coventry,Cardiff,home,2021,7,5.068910752573481,0.08307369236963857,4.824537089373384,-0.36665598862397786
E1,2021-09-15,Coventry,Cardiff,away,2021,6,4.517683167204778,0.08307369236963857,4.583641030919114,-0.36665598862397786
E1,2021-09-15,Nott'm Forest,Middlesbrough,home,2021,6,4.868529721617244,0.08307369236963857,4.954745782425105,-0.45995700080623486
E1,2021-09-15,Nott'm Forest,Middlesbrough,away,2021,7,5.030053167581968,0.08307369236963857,5.199024998241479,-0.45995700080623486
E1,2021-09-15,Stoke,Barnsley,home,2021,12,5.3487575350956424,0.08307369236963857,4.766836425947401,-0.16999566744989897
E1,2021-09-15,Stoke,Barnsley,away,2021,4,4.124496059363364,0.08307369236963857,4.261623717210828,-0.16999566744989897
E1,2021-09-15,Swansea,Millwall,home,2021,7,4.9823623530841195,0.08307369236963857,4.982782380076119,-0.47130736191083783
E1,2021-09-15,Swansea,Millwall,away,2021,3,4.74128291514504,0.08307369236963857,4.763223442707273,-0.47130736191083783
E1,2021-09-18,Hull,Sheffield United,home,2021,6,4.345828465896472,0.08305147043234153,4.053925868598393,-0.3754955357668011
E1,2021-09-18,Hull,Sheffield United,away,2021,4,5.020433306178379,0.08305147043234153,4.8864050061482,-0.3754955357668011
E1,2021-09-18,Barnsley,Blackburn,home,2021,8,4.654075699685055,0.08305147043234153,4.419983305839633,-0.4771680401348127
E1,2021-09-18,Barnsley,Blackburn,away,2021,1,4.514616951713131,0.08305147043234153,4.113733508119387,-0.4771680401348127
E1,2021-09-18,Cardiff,Bournemouth,home,2021,2,4.315722810764884,0.08305147043234153,3.7686255863403617,-0.45923070426273815
E1,2021-09-18,Cardiff,Bournemouth,away,2021,5,4.7228963343512,0.08305147043234153,4.502653566656026,-0.45923070426273815
E1,2021-09-18,Derby,Stoke,home,2021,7,4.922498482541492,0.08305147043234153,5.2353893867530035,-0.4159812338991743
E1,2021-09-18,Derby,Stoke,away,2021,6,4.759720358072809,0.08305147043234153,4.449563947854086,-0.4159812338991743
E1,2021-09-18,Fulham,Reading,home,2021,9,6.512354482691473,0.08305147043234153,6.283091295827735,0.08123919524966805
E1,2021-09-18,Fulham,Reading,away,2021,0,3.764058018143323,0.08305147043234153,4.108981029210761,0.08123919524966805
E1,2021-09-18,Huddersfield,Nott'm Forest,home,2021,6,5.248836164388262,0.08305147043234153,4.9892034348703,-0.29960890627083236
E1,2021-09-18,Huddersfield,Nott'm Forest,away,2021,5,4.484423896236413,0.08305147043234153,4.71834963244357,-0.29960890627083236
E1,2021-09-18,Luton,Swansea,home,2021,5,5.454103104548617,0.08305147043234153,5.489605506196227,-0.31180878098438947
E1,2021-09-18,Luton,Swansea,away,2021,7,4.661735519619331,0.08305147043234153,5.1106572495603055,-0.31180878098438947
E1,2021-09-18,Millwall,Coventry,home,2021,8,4.994871090801353,0.08305147043234153,4.913835311678984,-0.4425432320341491
E1,2021-09-18,Millwall,Coventry,away,2021,4,4.446653685323632,0.08305147043234153,4.19814528335481,-0.4425432320341491
E1,2021-09-18,Preston,West Brom,home,2021,3,4.469098224385445,0.08305147043234153,4.6077542589872555,-0.28110551451790117
E1,2021-09-18,Preston,West Brom,away,2021,10,5.358663112201116,0.08305147043234153,5.313803428494007,-0.28110551451790117
E1,2021-09-18,QPR,Bristol City,home,2021,9,5.691175605191052,0.08305147043234153,5.632115290094753,-0.20759402424426787
E1,2021-09-18,QPR,Bristol City,away,2021,4,3.9438460887158278,0.08305147043234153,3.7513523110855895,-0.20759402424426787
E1,2021-09-24,West Brom,QPR,home,2021,8,6.093123851514972,0.0826755268188984,6.267730988569059,-0.13686200880323784
E1,2021-09-24,West Brom,QPR,away,2021,5,4.146832890319897,0.0826755268188984,4.412998073469649,-0.13686200880323784
E1,2021-09-25,Reading,Middlesbrough,home,2021,2,4.532972626806525,0.08269020331784857,4.278362845973944,-0.43703085404081055
E1,2021-09-25,Reading,Middlesbrough,away,2021,4,5.2434069177543465,0.08269020331784857,5.625455873365763,-0.43703085404081055
E1,2021-09-25,Birmingham,Preston,home,2021,5,5.117630080518883,0.08269020331784857,4.712528161756685,-0.3003785348474728
E1,2021-09-25,Birmingham,Preston,away,2021,8,4.168209285262225,0.08269020331784857,3.9933037918847814,-0.3003785348474728
E1,2021-09-25,Blackburn,Cardiff,home,2021,2,5.179586229704121,0.08269020331784857,5.165898230048486,-0.3948362720403022
E1,2021-09-25,Blackburn,Cardiff,away,2021,6,4.5094973061260175,0.08269020331784857,4.4777943167487955,-0.3948362720403022
E1,2021-09-25,Bournemouth,Luton,home,2021,4,5.795147155341141,0.08269020331784857,5.4570049349914855,-0.101012157524286
E1,2021-09-25,Bournemouth,Luton,away,2021,7,4.079057550382205,0.08269020331784857,4.355973342973559,-0.101012157524286
E1,2021-09-25,Bristol City,Fulham,home,2021,3,4.31030521714643,0.08269020331784857,4.60544084455139,-0.16130997525768076
E1,2021-09-25,Bristol City,Fulham,away,2021,7,5.550521939352942,0.08269020331784857,5.304388530455322,-0.16130997525768076
E1,2021-09-25,Nott'm Forest,Millwall,home,2021,3,5.107427343247437,0.08269020331784857,5.1293414768914865,-0.4311740890688259
E1,2021-09-25,Nott'm Forest,Millwall,away,2021,4,4.5907441149835675,0.08269020331784857,4.549133459694953,-0.4311740890688259
E1,2021-09-25,Sheffield United,Derby,home,2021,11,5.720124532937728,0.08269020331784857,5.2164214965347995,-0.07837803643724695
E1,2021-09-25,Sheffield United,Derby,away,2021,1,3.9610396667169567,0.08269020331784857,4.138046520413821,-0.07837803643724695
E1,2021-09-25,Stoke,Hull,home,2021,1,6.066756682887439,0.08269020331784857,5.895217591674089,-0.06155706317516957
E1,2021-09-25,Stoke,Hull,away,2021,5,3.8566139565880286,0.08269020331784857,3.9390563928474633,-0.06155706317516957
E1,2021-09-25,Swansea,Huddersfield,home,2021,3,4.9909110779698524,0.08269020331784857,4.920264520694145,-0.4471009331578883
E1,2021-09-25,Swansea,Huddersfield,away,2021,2,4.584346245707525,0.08269020331784857,4.485687790861838,-0.4471009331578883
E1,2021-09-28,Cardiff,West Brom,home,2021,4,4.227508005411433,0.08279633179202435,4.199518998451351,-0.23184564172111943
E1,2021-09-28,Cardiff,West Brom,away,2021,6,5.412950303208576,0.08279633179202435,5.257232921299274,-0.23184564172111943
E1,2021-09-28,Huddersfield,Blackburn,home,2021,5,4.95293908676535,0.08279633179202435,4.91159864693067,-0.4699633935137003
E1,2021-09-28,Huddersfield,Blackburn,away,2021,3,4.459494067836536,0.08279633179202435,4.147401132760075,-0.4699633935137003
E1,2021-09-28,Middlesbrough,Sheffield United,home,2021,4,4.949274621315227,0.08279633179202435,5.189487782352823,-0.4469540798935186
E1,2021-09-28,Middlesbrough,Sheffield United,away,2021,7,4.7233098251343595,0.08279633179202435,4.465963584486327,-0.4469540798935186
E1,2021-09-28,Preston,Stoke,home,2021,1,4.928941766502684,0.08279633179202435,4.945631876657395,-0.49625945796662346
E1,2021-09-28,Preston,Stoke,away,2021,6,4.958321658219551,0.08279633179202435,5.184601774890517,-0.49625945796662346
E1,2021-09-28,QPR,Birmingham,home,2021,1,5.489279446424897,0.08279633179202435,5.4223865111848255,-0.272343407481942
E1,2021-09-28,QPR,Birmingham,away,2021,4,4.40438521628018,0.08279633179202435,4.614075937529477,-0.272343407481942
E1,2021-09-29,Barnsley,Nott'm Forest,home,2021,2,5.032244495418361,0.08274713245874238,4.900413051538996,-0.413701010361027
E1,2021-09-29,Barnsley,Nott'm Forest,away,2021,6,4.48479461077444,0.08274713245874238,4.365612649052043,-0.413701010361027
E1,2021-09-29,Derby,Reading,home,2021,2,5.361163519924093,0.08274713245874238,5.516560005020538,-0.3762446657183499
E1,2021-09-29,Derby,Reading,away,2021,4,4.307173418703817,0.08274713245874238,4.085390999150338,-0.3762446657183499
E1,2021-09-29,Fulham,Swansea,home,2021,3,6.36512891071687,0.08274713245874238,6.056166698926903,0.05893962158445587
E1,2021-09-29,Fulham,Swansea,away,2021,4,3.7285108570791365,0.08274713245874238,3.960499252785729,0.05893962158445587
E1,2021-09-29,Luton,Coventry,home,2021,5,5.032601544870064,0.08274713245874238,5.1804201952056,-0.4948593645784191
E1,2021-09-29,Luton,Coventry,away,2021,7,5.162249479122566,0.08274713245874238,5.687781475727344,-0.4948593645784191
E1,2021-09-29,Millwall,Bristol City,home,2021,4,5.789496047268261,0.08274713245874238,6.211396404645187,-0.29393468118195953
E1,2021-09-29,Millwall,Bristol City,away,2021,6,3.52411899034505,0.08274713245874238,2.7380341002105855,-0.29393468118195953
E1,2021-10-01,Stoke,West Brom,home,2021,1,4.718481347513901,0.08243036054798542,4.988951423237879,-0.34558289632916495
E1,2021-10-01,Stoke,West Brom,away,2021,5,5.166001572171134,0.08243036054798542,5.109214625360848,-0.34558289632916495
E1,2021-10-02,Coventry,Fulham,home,2021,7,4.521284551082626,0.08251219174343564,4.740800190017608,-0.2780875822943135
E1,2021-10-02,Coventry,Fulham,away,2021,7,5.070554690985135,0.08251219174343564,4.676511571306578,-0.2780875822943135
E1,2021-10-02,Barnsley,Millwall,home,2021,5,4.649912294969836,0.08251219174343564,4.464936672674867,-0.4593637350087987
E1,2021-10-02,Barnsley,Millwall,away,2021,8,4.67091806408683,0.08251219174343564,4.391133723329348,-0.4593637350087987
E1,2021-10-02,Birmingham,Nott'm Forest,home,2021,6,5.274032407111733,0.08251219174343564,5.145907171838511,-0.32895413949126895
E1,2021-10-02,Birmingham,Nott'm Forest,away,2021,4,4.314471373357628,0.08251219174343564,4.235715590928754,-0.32895413949126895
E1,2021-10-02,Blackpool,Blackburn,home,2021,2,4.895626100198964,0.08251219174343564,5.088538974538692,-0.43941836844646825
E1,2021-10-02,Blackpool,Blackburn,away,2021,9,4.5497602840206,0.08251219174343564,4.080405818978796,-0.43941836844646825
E1,2021-10-02,Bournemouth,Sheffield United,home,2021,4,4.994033220975278,0.08251219174343564,4.372314228048924,-0.2720672966121226
E1,2021-10-02,Bournemouth,Sheffield United,away,2021,7,4.655430674208767,0.08251219174343564,5.235072052680309,-0.2720672966121226
E1,2021-10-02,Cardiff,Reading,home,2021,7,5.128863049046425,0.08251219174343564,4.688212903552535,-0.285496224870372
E1,2021-10-02,Cardiff,Reading,away,2021,2,4.1845704623480025,0.08251219174343564,4.070187186397895,-0.285496224870372
E1,2021-10-02,Derby,Swansea,home,2021,0,4.915581676481443,0.08251219174343564,4.718440709061027,-0.43641744435164675
E1,2021-10-02,Derby,Swansea,away,2021,4,4.565804692985915,0.08251219174343564,4.477064409307203,-0.43641744435164675
E1,2021-10-02,Hull,Middlesbrough,home,2021,1,4.839704401418876,0.08251219174343564,4.997274967703216,-0.42765310003803736
E1,2021-10-02,Hull,Middlesbrough,away,2021,1,5.036616487822853,0.08251219174343564,5.100729821133,-0.42765310003803736
E1,2021-10-02,Luton,Huddersfield,home,2021,6,5.296000863946905,0.08251219174343564,5.183049998576425,-0.3256403701044067
E1,2021-10-02,Luton,Huddersfield,away,2021,4,4.613459519771454,0.08251219174343564,4.944169661589878,-0.3256403701044067
E1,2021-10-02,Peterboro,Bristol City,home,2021,5,4.826743067426839,0.08251219174343564,4.61433595620422,-0.4644995396078021
E1,2021-10-02,Peterboro,Bristol City,away,2021,10,4.296652556403453,0.08251219174343564,3.825178204783033,-0.4644995396078021
E1,2021-10-02,QPR,Preston,home,2021,7,5.182038760478311,0.08251219174343564,4.915621229745387,-0.32051530848348236
E1,2021-10-02,QPR,Preston,away,2021,3,4.744401522002874,0.08251219174343564,5.287592841535208,-0.32051530848348236
E1,2021-10-15,West Brom,Birmingham,home,2021,8,5.909561738814953,0.08252638667676945,5.719996118843078,-0.10482211114378126
E1,2021-10-15,West Brom,Birmingham,away,2021,2,3.953988713660763,0.08252638667676945,4.047577947967985,-0.10482211114378126
E1,2021-10-16,Fulham,QPR,home,2021,7,6.24943614515434,0.08255869406733712,6.533310441814831,-0.11325966850828728
E1,2021-10-16,Fulham,QPR,away,2021,2,3.8588272483763446,0.08255869406733712,3.8074120407298904,-0.11325966850828728
E1,2021-10-16,Blackburn,Coventry,home,2021,4,4.694447950508347,0.08255869406733712,4.505917206804424,-0.47773813626320166
E1,2021-10-16,Blackburn,Coventry,away,2021,5,4.931129445885378,0.08255869406733712,5.030070418282885,-0.47773813626320166
E1,2021-10-16,Bristol City,Bournemouth,home,2021,5,3.94135517791725,0.08255869406733712,3.600871664128877,-0.22361809045226122
E1,2021-10-16,Bristol City,Bournemouth,away,2021,11,5.618444135507453,0.08255869406733712,5.690138797791366,-0.22361809045226122
E1,2021-10-16,Huddersfield,Hull,home,2021,4,5.267931140089801,0.08255869406733712,4.9393711352216645,-0.2728065078442766
E1,2021-10-16,Huddersfield,Hull,away,2021,5,4.358905229045773,0.08255869406733712,4.5049977139553,-0.2728065078442766
E1,2021-10-16,Middlesbrough,Peterboro,home,2021,4,6.01696239609357,0.08255869406733712,6.296990447983656,-0.18559053666331338
E1,2021-10-16,Middlesbrough,Peterboro,away,2021,3,3.759365417193608,0.08255869406733712,3.415002025070196,-0.18559053666331338
E1,2021-10-16,Millwall,Luton,home,2021,12,5.478505784238837,0.08255869406733712,5.904575061637243,-0.4036781774236007
E1,2021-10-16,Millwall,Luton,away,2021,3,4.1878138088053865,0.08255869406733712,3.761322158895145,-0.4036781774236007
E1,2021-10-16,Nott'm Forest,Blackpool,home,2021,4,5.808708481142368,0.08255869406733712,6.214389129321454,-0.28360259933732307
E1,2021-10-16,Nott'm Forest,Blackpool,away,2021,3,4.234361089354533,0.08255869406733712,4.186582010036001,-0.28360259933732307
E1,2021-10-16,Preston,Derby,home,2021,4,4.906424549379185,0.08255869406733712,4.216714724282192,-0.27795244501637817
E1,2021-10-16,Preston,Derby,away,2021,10,4.4442491404040245,0.08255869406733712,4.691609326327537,-0.27795244501637817
E1,2021-10-16,Reading,Barnsley,home,2021,4,4.894970988277662,0.08255869406733712,4.353997048393174,-0.3326684669203388
E1,2021-10-16,Reading,Barnsley,away,2021,6,4.553959745283099,0.08255869406733712,4.777354262258395,-0.3326684669203388
E1,2021-10-16,Sheffield United,Stoke,home,2021,8,5.834120025162386,0.08255869406733712,6.6015526153865025,-0.3575889194349285
E1,2021-10-16,Sheffield United,Stoke,away,2021,4,4.321661497854488,0.08255869406733712,4.169478944497548,-0.3575889194349285
E1,2021-10-17,Swansea,Cardiff,home,2021,8,5.1479914202317465,0.08251746137406216,5.219032394099039,-0.4302104261393677
E1,2021-10-17,Swansea,Cardiff,away,2021,5,4.612703377128732,0.08251746137406216,4.601803029005429,-0.4302104261393677
E1,2021-10-19,Bristol City,Nott'm Forest,home,2021,1,4.689573930947087,0.08242606723866551,4.526914142301962,-0.46746731529340224
E1,2021-10-19,Bristol City,Nott'm Forest,away,2021,9,5.193993550297346,0.08242606723866551,5.6211973509915225,-0.46746731529340224
E1,2021-10-19,Derby,Luton,home,2021,5,4.90526243580261,0.08242606723866551,5.244356872045263,-0.4017882757961174
E1,2021-10-19,Derby,Luton,away,2021,5,4.6317614094145725,0.08242606723866551,4.14181712969946,-0.4017882757961174
E1,2021-10-19,QPR,Blackburn,home,2021,4,5.2749052257617475,0.08242606723866551,5.204811288585241,-0.3450749778357831
E1,2021-10-19,QPR,Blackburn,away,2021,2,4.480652914329651,0.08242606723866551,4.565403260279823,-0.3450749778357831
E1,2021-10-19,Sheffield United,Millwall,home,2021,5,6.033135944474472,0.08242606723866551,6.326527558771214,-0.18350206601510644
E1,2021-10-19,Sheffield United,Millwall,away,2021,4,4.044716613494955,0.08242606723866551,4.03903007294605,-0.18350206601510644
E1,2021-10-19,Stoke,Bournemouth,home,2021,9,4.602966244134355,0.08242606723866551,4.2030264406817945,-0.4858954902899621
E1,2021-10-19,Stoke,Bournemouth,away,2021,7,4.772551599037932,0.08242606723866551,4.78705888398771,-0.4858954902899621
E1,2021-10-20,Fulham,Cardiff,home,2021,6,6.3601927456976135,0.08234739900037821,6.260501832476179,0.0077476391658065635
E1,2021-10-20,Fulham,Cardiff,away,2021,2,3.731563165548027,0.08234739900037821,3.831603780187418,0.0077476391658065635
E1,2021-10-20,Huddersfield,Birmingham,home,2021,2,4.966135150190234,0.08234739900037821,4.818880853087475,-0.4331827493827809
E1,2021-10-20,Huddersfield,Birmingham,away,2021,2,4.3675751659553335,0.08234739900037821,4.056095847275866,-0.4331827493827809
E1,2021-10-20,Hull,Peterboro,home,2021,8,5.321098522628753,0.08234739900037821,5.215251200360538,-0.31896158270939023
E1,2021-10-20,Hull,Peterboro,away,2021,4,3.7988199309379573,0.08234739900037821,3.192722327956125,-0.31896158270939023
E1,2021-10-20,Middlesbrough,Barnsley,home,2021,8,5.70155801051957,0.08234739900037821,5.698419551686687,-0.2186655197837306
E1,2021-10-20,Middlesbrough,Barnsley,away,2021,4,4.250028370881705,0.08234739900037821,4.41327018081515,-0.2186655197837306
E1,2021-10-20,Preston,Coventry,home,2021,9,4.529403020631245,0.08234739900037821,4.0983287455258255,-0.4973802120314375
E1,2021-10-20,Preston,Coventry,away,2021,3,5.235571299310586,0.08234739900037821,5.842156386583977,-0.4973802120314375
E1,2021-10-20,Swansea,West Brom,home,2021,5,4.5041534796427705,0.08234739900037821,4.663783599842811,-0.2894321417506381
E1,2021-10-20,Swansea,West Brom,away,2021,3,5.4062342192678505,0.08234739900037821,5.452609595789298,-0.2894321417506381
E1,2021-10-20,Reading,Blackpool,home,2021,0,5.200313720844349,0.08234739900037821,5.084279612880331,-0.35820243480962277
E1,2021-10-20,Reading,Blackpool,away,2021,8,4.369958293007939,0.08234739900037821,4.27442356032901,-0.35820243480962277
E1,2021-10-23,Cardiff,Middlesbrough,home,2021,4,4.5478371692359065,0.0825047124781945,4.11101184923075,-0.49361414712022594
E1,2021-10-23,Cardiff,Middlesbrough,away,2021,14,4.779371354160285,0.0825047124781945,4.77739094970162,-0.49361414712022594
E1,2021-10-23,Birmingham,Swansea,home,2021,6,4.936175665012172,0.0825047124781945,4.72452209383764,-0.42437538111141176
E1,2021-10-23,Birmingham,Swansea,away,2021,12,4.44168292401937,0.0825047124781945,4.239739155595549,-0.42437538111141176
E1,2021-10-23,Blackburn,Reading,home,2021,2,5.447962538041363,0.0825047124781945,5.14583883285913,-0.22083537281775167
E1,2021-10-23,Blackburn,Reading,away,2021,2,4.107475907164794,0.0825047124781945,4.0777191807561515,-0.22083537281775167
E1,2021-10-23,Blackpool,Preston,home,2021,3,4.706667842552877,0.0825047124781945,4.571831973973981,-0.4651264804796023
E1,2021-10-23,Blackpool,Preston,away,2021,5,5.021898462176191,0.0825047124781945,5.198187022942805,-0.4651264804796023
E1,2021-10-23,Bournemouth,Huddersfield,home,2021,7,5.471002009289905,0.0825047124781945,4.72481182601859,-0.0817383118920616
E1,2021-10-23,Bournemouth,Huddersfield,away,2021,2,4.141276043726119,0.0825047124781945,4.568278241231086,-0.0817383118920616
E1,2021-10-23,Coventry,Derby,home,2021,4,5.162822067655342,0.0825047124781945,4.59023646526545,-0.23257301769484962
E1,2021-10-23,Coventry,Derby,away,2021,0,4.338535152847262,0.0825047124781945,4.581379770048259,-0.23257301769484962
E1,2021-10-23,Luton,Hull,home,2021,6,5.658460805026205,0.0825047124781945,5.492248605354089,-0.189964444938719
E1,2021-10-23,Luton,Hull,away,2021,7,4.468876595954668,0.0825047124781945,5.045073659377099,-0.189964444938719
E1,2021-10-23,Millwall,Stoke,home,2021,0,5.528739118947325,0.0825047124781945,6.233642921020013,-0.45271094626909375
E1,2021-10-23,Millwall,Stoke,away,2021,10,4.377978653726687,0.0825047124781945,4.024097184916803,-0.45271094626909375
E1,2021-10-23,Peterboro,QPR,home,2021,1,4.6040304986479015,0.0825047124781945,4.86719554389651,-0.2999676715428756
E1,2021-10-23,Peterboro,QPR,away,2021,4,5.309626884487488,0.0825047124781945,5.271294165982706,-0.2999676715428756
E1,2021-10-23,West Brom,Bristol City,home,2021,11,6.535614673448616,0.0825047124781945,6.596772948193974,0.021754140808022626
E1,2021-10-23,West Brom,Bristol City,away,2021,6,3.6062911275745386,0.0825047124781945,3.5793435942294085,0.021754140808022626
E1,2021-10-24,Barnsley,Sheffield United,home,2021,5,4.223138114190314,0.08372612175239481,3.9891348996776967,-0.3036849289085425
E1,2021-10-24,Barnsley,Sheffield United,away,2021,2,5.2778122148059055,0.08372612175239481,5.212942403815952,-0.3036849289085425
E1,2021-10-24,Nott'm Forest,Fulham,home,2021,5,4.669613049567663,0.08372612175239481,5.197192785597001,-0.2509977073957714
E1,2021-10-24,Nott'm Forest,Fulham,away,2021,1,5.180027232676725,0.08372612175239481,4.819358634879738,-0.2509977073957714
E1,2021-10-29,QPR,Nott'm Forest,home,2021,5,5.253794922725534,0.08381268765949974,5.168219804541762,-0.34810049486105826
E1,2021-10-29,QPR,Nott'm Forest,away,2021,8,4.7036628617078575,0.08381268765949974,5.088163810925256,-0.34810049486105826
E1,2021-10-30,Fulham,West Brom,home,2021,4,5.40197629168543,0.0837214229405003,5.353741080697498,-0.3070940332957928
E1,2021-10-30,Fulham,West Brom,away,2021,7,4.273119071914964,0.0837214229405003,4.206248543933571,-0.3070940332957928
E1,2021-10-30,Bristol City,Barnsley,home,2021,3,4.8030637005384,0.0837214229405003,4.371186547261985,-0.40158889206985404
E1,2021-10-30,Bristol City,Barnsley,away,2021,9,5.076458144011839,0.0837214229405003,5.83502102872012,-0.40158889206985404
E1,2021-10-30,Derby,Blackburn,home,2021,2,4.706574062997962,0.0837214229405003,4.548605204166349,-0.472520908004779
E1,2021-10-30,Derby,Blackburn,away,2021,3,4.414642786936115,0.0837214229405003,3.897074313009052,-0.472520908004779
E1,2021-10-30,Huddersfield,Millwall,home,2021,6,4.841387960919879,0.0837214229405003,4.618591276329396,-0.45575654273061644
E1,2021-10-30,Huddersfield,Millwall,away,2021,3,4.6435894798774875,0.0837214229405003,4.591408853880018,-0.45575654273061644
E1,2021-10-30,Hull,Coventry,home,2021,4,4.878449170081427,0.0837214229405003,5.069088379415436,-0.4333182676631532
E1,2021-10-30,Hull,Coventry,away,2021,8,4.7643021519184865,0.0837214229405003,4.512404383083565,-0.4333182676631532
E1,2021-10-30,Middlesbrough,Birmingham,home,2021,9,5.501990589497479,0.0837214229405003,5.650561402886708,-0.3250154176469245
E1,2021-10-30,Middlesbrough,Birmingham,away,2021,0,4.030085199183407,0.0837214229405003,3.63697956729237,-0.3250154176469245
E1,2021-10-30,Preston,Luton,home,2021,7,5.117186454148518,0.0837214229405003,5.180601961074643,-0.4393802598910135
E1,2021-10-30,Preston,Luton,away,2021,5,4.751498739970227,0.0837214229405003,4.892072433284042,-0.4393802598910135
E1,2021-10-30,Sheffield United,Blackpool,home,2021,4,6.451398673758759,0.0837214229405003,6.772891042265536,-0.0600492009942275
E1,2021-10-30,Sheffield United,Blackpool,away,2021,4,3.826620219064307,0.0837214229405003,3.8737098132998793,-0.0600492009942275
E1,2021-10-30,Stoke,Cardiff,home,2021,7,5.599397427679772,0.0837214229405003,5.57195903352942,-0.24602929242184168
E1,2021-10-30,Stoke,Cardiff,away,2021,5,4.24764131889768,0.0837214229405003,4.326060894130488,-0.24602929242184168
E1,2021-10-30,Swansea,Peterboro,home,2021,7,5.926688723927038,0.0837214229405003,5.732263983338848,-0.09831869823962713
E1,2021-10-30,Swansea,Peterboro,away,2021,3,3.69620178423269,0.0837214229405003,3.487614383163859,-0.09831869823962713
E1,2021-10-30,Reading,Bournemouth,home,2021,6,3.8841900016028093,0.0837214229405003,3.6343788608406014,-0.16137511596742604
E1,2021-10-30,Reading,Bournemouth,away,2021,5,5.7143374844187385,0.0837214229405003,5.667420773295689,-0.16137511596742604
E1,2021-11-02,Birmingham,Bristol City,home,2021,6,5.766124370712276,0.0833552007834449,5.852169374027608,-0.2201476585667076
E1,2021-11-02,Birmingham,Bristol City,away,2021,2,3.9948261242382754,0.0833552007834449,3.829592122600834,-0.2201476585667076
E1,2021-11-02,Coventry,Swansea,home,2021,7,4.9160872326768805,0.0833552007834449,4.516578925119725,-0.3720280241484683
E1,2021-11-02,Coventry,Swansea,away,2021,3,4.583522409124635,0.0833552007834449,4.71964673434262,-0.3720280241484683
E1,2021-11-02,Luton,Middlesbrough,home,2021,5,5.135377896837709,0.0833552007834449,5.04387440260473,-0.3883785025264125
E1,2021-11-02,Luton,Middlesbrough,away,2021,0,5.22771383046655,0.0833552007834449,6.294488287035419,-0.3883785025264125
E1,2021-11-02,Millwall,Reading,home,2021,4,5.742066920622853,0.0833552007834449,5.849332315320806,-0.2333666468867443
E1,2021-11-02,Millwall,Reading,away,2021,1,3.924840315456207,0.0833552007834449,3.6456500095276487,-0.2333666468867443
E1,2021-11-02,Nott'm Forest,Sheffield United,home,2021,6,4.601458632754533,0.0833552007834449,4.433163938025749,-0.4349259144836883
E1,2021-11-02,Nott'm Forest,Sheffield United,away,2021,4,4.807643055806968,0.0833552007834449,4.6113684983802665,-0.4349259144836883
E1,2021-11-02,Peterboro,Huddersfield,home,2021,2,4.267970829112994,0.0833552007834449,3.924617417330013,-0.36275142602738125
E1,2021-11-02,Peterboro,Huddersfield,away,2021,3,5.04565524632496,0.0833552007834449,4.89960469937138,-0.36275142602738125
E1,2021-11-03,Barnsley,Derby,home,2021,7,4.84306881191138,0.08354823192487569,4.345490384741194,-0.3653181169084064
E1,2021-11-03,Barnsley,Derby,away,2021,8,4.379664110131035,0.08354823192487569,4.275228293327395,-0.3653181169084064
E1,2021-11-03,Blackburn,Fulham,home,2021,2,4.501367722583855,0.08354823192487569,4.756458670288977,-0.25854876699111773
E1,2021-11-03,Blackburn,Fulham,away,2021,8,4.997180684691546,0.08354823192487569,4.464069213916029,-0.25854876699111773
E1,2021-11-03,Blackpool,Stoke,home,2021,4,4.659025064843525,0.08354823192487569,4.697031392963558,-0.3916562495055144
E1,2021-11-03,Blackpool,Stoke,away,2021,4,5.30676008956274,0.08354823192487569,5.6049023930075,-0.3916562495055144
E1,2021-11-03,Bournemouth,Preston,home,2021,9,5.539871065769105,0.08354823192487569,4.803584329936658,-0.06428171947124123
E1,2021-11-03,Bournemouth,Preston,away,2021,2,4.2078715642686655,0.08354823192487569,4.793868604441868,-0.06428171947124123
E1,2021-11-03,Cardiff,QPR,home,2021,6,4.894010706527055,0.08354823192487569,4.860752307162147,-0.4945963654895426
E1,2021-11-03,Cardiff,QPR,away,2021,2,4.664934663956217,0.08354823192487569,4.51815006628151,-0.4945963654895426
E1,2021-11-03,West Brom,Hull,home,2021,8,6.559277260183995,0.08354823192487569,6.460104714858804,0.06446061244611812
E1,2021-11-03,West Brom,Hull,away,2021,6,3.9572936466368023,0.08354823192487569,4.552083902708694,0.06446061244611812
E1,2021-11-06,Barnsley,Hull,home,2021,3,5.141412490317922,0.08339492894100546,4.952480797655676,-0.357680406760686
E1,2021-11-06,Barnsley,Hull,away,2021,7,4.608087938155975,0.08339492894100546,4.824398984933325,-0.357680406760686
E1,2021-11-06,Blackburn,Sheffield United,home,2021,4,4.429306641628759,0.08339492894100546,4.081867790042929,-0.4288234452726435
E1,2021-11-06,Blackburn,Sheffield United,away,2021,8,4.907916815555312,0.08339492894100546,4.812943974254267,-0.4288234452726435
E1,2021-11-06,Bournemouth,Swansea,home,2021,7,5.5133569367908155,0.08339492894100546,5.067155876983177,-0.1585116469297837
E1,2021-11-06,Bournemouth,Swansea,away,2021,2,4.3642064699034036,0.08339492894100546,4.884069676868298,-0.1585116469297837
E1,2021-11-06,Cardiff,Huddersfield,home,2021,5,4.763134402429135,0.08339492894100546,4.305136245022303,-0.4070986183897094
E1,2021-11-06,Cardiff,Huddersfield,away,2021,3,4.386486587660423,0.08339492894100546,4.169745506596258,-0.4070986183897094
E1,2021-11-06,Coventry,Bristol City,home,2021,8,5.843932207387905,0.08339492894100546,5.6019621959561166,-0.11148583542108303
E1,2021-11-06,Coventry,Bristol City,away,2021,1,3.7385313972972787,0.08339492894100546,3.547092458607908,-0.11148583542108303
E1,2021-11-06,Luton,Stoke,home,2021,5,5.316392780305422,0.08339492894100546,5.568120239780933,-0.4178108497359578
E1,2021-11-06,Luton,Stoke,away,2021,6,4.945123743915569,0.08339492894100546,5.4367765924338185,-0.4178108497359578
E1,2021-11-06,Millwall,Derby,home,2021,5,5.5431608108629,0.08339492894100546,5.268423165842851,-0.19760671955696402
E1,2021-11-06,Millwall,Derby,away,2021,3,4.0225272212524885,0.08339492894100546,3.950584907728895,-0.19760671955696402
E1,2021-11-06,Nott'm Forest,Preston,home,2021,5,5.164280332491452,0.08339492894100546,4.989004497020943,-0.3536580634899699
E1,2021-11-06,Nott'm Forest,Preston,away,2021,1,4.356448283079459,0.08339492894100546,4.2576150380268345,-0.3536580634899699
E1,2021-11-06,Peterboro,Fulham,home,2021,3,3.80543541260303,0.08339492894100546,3.808850556557503,-0.02444610202678288
E1,2021-11-06,Peterboro,Fulham,away,2021,5,5.882719233333604,0.08339492894100546,5.514089486484424,-0.02444610202678288
E1,2021-11-06,West Brom,Middlesbrough,home,2021,9,5.876932938951924,0.08339492894100546,5.944127177479428,-0.17956904581288824
E1,2021-11-06,West Brom,Middlesbrough,away,2021,3,4.540731726728355,0.08339492894100546,5.268727082246764,-0.17956904581288824
E1,2021-11-06,Birmingham,Reading,home,2021,3,5.602392913740454,0.08339492894100546,5.384172695837232,-0.19402926213668814
E1,2021-11-06,Birmingham,Reading,away,2021,3,3.9407427895646006,0.08339492894100546,3.7794799089769997,-0.19402926213668814
E1,2021-11-06,Blackpool,QPR,home,2021,8,4.837883250565197,0.08339492894100546,4.956928690821546,-0.4382735830162227
E1,2021-11-06,Blackpool,QPR,away,2021,4,4.824859995086539,0.08339492894100546,4.659651351457391,-0.4382735830162227
E1,2021-11-19,QPR,Luton,home,2021,4,5.486172444263928,0.08315923622795143,5.899826309428457,-0.39784059368910063
E1,2021-11-19,QPR,Luton,away,2021,4,4.669968074284882,0.08315923622795143,4.838519427631513,-0.39784059368910063
E1,2021-11-20,Sheffield United,Coventry,home,2021,1,5.684249756093268,0.08309287235951872,5.9030265202881065,-0.28046790876757915
E1,2021-11-20,Sheffield United,Coventry,away,2021,2,4.3690922164564645,0.08309287235951872,4.505353518590697,-0.28046790876757915
E1,2021-11-20,Bristol City,Blackburn,home,2021,5,4.3460682466911935,0.08309287235951872,4.010365524238506,-0.3915042611856122
E1,2021-11-20,Bristol City,Blackburn,away,2021,1,5.131257447903319,0.08309287235951872,5.191625738765562,-0.3915042611856122
E1,2021-11-20,Fulham,Barnsley,home,2021,7,6.403959482318064,0.08309287235951872,5.778113200256021,0.14804842933420992
E1,2021-11-20,Fulham,Barnsley,away,2021,7,3.69675904777625,0.08309287235951872,4.12782690832569,0.14804842933420992
E1,2021-11-20,Huddersfield,West Brom,home,2021,3,4.340729917943769,0.08309287235951872,4.279210247785846,-0.2923635636702872
E1,2021-11-20,Huddersfield,West Brom,away,2021,7,5.344318443830466,0.08309287235951872,5.322253950592975,-0.2923635636702872
E1,2021-11-20,Hull,Birmingham,home,2021,10,5.035344679574987,0.08309287235951872,5.1143371330234695,-0.47423807903562926
E1,2021-11-20,Hull,Birmingham,away,2021,2,4.196124102813897,0.08309287235951872,3.600632462164114,-0.47423807903562926
E1,2021-11-20,Middlesbrough,Millwall,home,2021,10,5.657321765853178,0.08309287235951872,5.880805656806747,-0.290763875573386
E1,2021-11-20,Middlesbrough,Millwall,away,2021,4,4.205235633521803,0.08309287235951872,4.101272707326317,-0.290763875573386
E1,2021-11-20,Preston,Cardiff,home,2021,8,5.227618558350937,0.08309287235951872,5.062318897330419,-0.33441442400553606
E1,2021-11-20,Preston,Cardiff,away,2021,6,4.706059590055904,0.08309287235951872,5.141880560427855,-0.33441442400553606
E1,2021-11-20,Reading,Nott'm Forest,home,2021,5,4.439158083598316,0.08309287235951872,4.162710442931734,-0.4074977359030173
E1,2021-11-20,Reading,Nott'm Forest,away,2021,4,5.159193431321306,0.08309287235951872,5.313838278121489,-0.4074977359030173
E1,2021-11-20,Stoke,Peterboro,home,2021,3,6.155824179936625,0.08309287235951872,5.953057841768316,-0.02730210016155088
E1,2021-11-20,Stoke,Peterboro,away,2021,9,3.588109916068132,0.08309287235951872,3.4218933642834712,-0.02730210016155088
E1,2021-11-20,Swansea,Blackpool,home,2021,3,5.63131013211307,0.08309287235951872,5.527626943557204,-0.21539418189683135
E1,2021-11-20,Swansea,Blackpool,away,2021,4,4.17461232072498,0.08309287235951872,4.246636951141712,-0.21539418189683135
E1,2021-11-21,Derby,Bournemouth,home,2021,3,4.118629879306519,0.08316995031722521,4.076897758759044,-0.1883242368056825
E1,2021-11-21,Derby,Bournemouth,away,2021,4,5.359557404382968,0.08316995031722521,4.989558058937386,-0.1883242368056825
E1,2021-11-23,Blackpool,West Brom,home,2021,1,4.246975571244314,0.08314385026516997,4.237555247764458,-0.2339449541284404
E1,2021-11-23,Blackpool,West Brom,away,2021,8,5.717285686947525,0.08314385026516997,5.962258520049426,-0.2339449541284404
E1,2021-11-23,Coventry,Birmingham,home,2021,9,5.416147418665329,0.08314385026516997,5.31239404780619,-0.28700888103366884
E1,2021-11-23,Coventry,Birmingham,away,2021,1,3.8195399130954217,0.08314385026516997,3.3037535386170305,-0.28700888103366884
E1,2021-11-23,Middlesbrough,Preston,home,2021,11,5.760161380790933,0.08314385026516997,6.0304360289481584,-0.2675492666165884
E1,2021-11-23,Middlesbrough,Preston,away,2021,4,4.102470341306134,0.08314385026516997,3.9387904057865426,-0.2675492666165884
E1,2021-11-23,Nott'm Forest,Luton,home,2021,5,5.249108651958666,0.08314385026516997,5.6477282488397575,-0.481039128897343
E1,2021-11-23,Nott'm Forest,Luton,away,2021,7,4.408094081333261,0.08314385026516997,4.009046293719692,-0.481039128897343
E1,2021-11-23,Reading,Sheffield United,home,2021,5,4.105485275617965,0.08314385026516997,3.836468443832689,-0.2667116162589097
E1,2021-11-23,Reading,Sheffield United,away,2021,5,5.419955356324965,0.08314385026516997,5.399728590741208,-0.2667116162589097
E1,2021-11-24,Barnsley,Swansea,home,2021,0,4.620907755166665,0.08326785047411153,4.545925508515231,-0.41218524108348564
E1,2021-11-24,Barnsley,Swansea,away,2021,2,4.997063616345851,0.08326785047411153,4.957453579223813,-0.41218524108348564
E1,2021-11-24,Blackburn,Peterboro,home,2021,5,5.410967852184061,0.08326785047411153,4.820859323109236,-0.1479773210660551
E1,2021-11-24,Blackburn,Peterboro,away,2021,3,4.046299091716821,0.08326785047411153,4.14186577284848,-0.1479773210660551
E1,2021-11-24,Bristol City,Stoke,home,2021,4,4.431491388521042,0.08326785047411153,4.29154945611147,-0.3570892766691284
E1,2021-11-24,Bristol City,Stoke,away,2021,5,5.601771661276466,0.08326785047411153,6.190981438568427,-0.3570892766691284
E1,2021-11-24,Cardiff,Hull,home,2021,4,5.08346204275965,0.08326785047411153,4.6546587679371845,-0.30459770114942525
E1,2021-11-24,Cardiff,Hull,away,2021,4,4.548404324955792,0.08326785047411153,4.856286164831676,-0.30459770114942525
E1,2021-11-24,Fulham,Derby,home,2021,7,6.310833901509723,0.08326785047411153,5.626338464088115,0.13823553564664093
E1,2021-11-24,Fulham,Derby,away,2021,5,3.6581322920495736,0.08326785047411153,4.00347134671205,0.13823553564664093
E1,2021-11-24,Millwall,Bournemouth,home,2021,6,4.63061749605286,0.08326785047411153,4.80152808506051,-0.3390490723636655
E1,2021-11-24,Millwall,Bournemouth,away,2021,2,4.900099063186257,0.08326785047411153,4.510445118292412,-0.3390490723636655
E1,2021-11-24,QPR,Huddersfield,home,2021,9,5.21650240647706,0.08326785047411153,4.88060231390386,-0.287958718533125
E1,2021-11-24,QPR,Huddersfield,away,2021,4,4.351129389410415,0.08326785047411153,4.440567869157239,-0.287958718533125
E1,2021-11-26,West Brom,Nott'm Forest,home,2021,7,6.318895200202518,0.08320863864659703,6.5310833982416145,-0.07593539024544133
E1,2021-11-26,West Brom,Nott'm Forest,away,2021,7,4.228116057271689,0.08320863864659703,4.8080821531864055,-0.07593539024544133
E1,2021-11-27,Preston,Fulham,home,2021,4,4.397112151882394,0.08309634483027631,4.661156589264553,-0.2101254181716402
E1,2021-11-27,Preston,Fulham,away,2021,4,5.563197526500774,0.08309634483027631,5.512664328277495,-0.2101254181716402
E1,2021-11-27,Birmingham,Blackpool,home,2021,2,5.263444040216289,0.08309634483027631,5.1184746422807885,-0.32781984854523716
E1,2021-11-27,Birmingham,Blackpool,away,2021,1,4.2972263004854225,0.08309634483027631,4.2005582674193676,-0.32781984854523716
E1,2021-11-27,Bournemouth,Coventry,home,2021,4,5.370719495093332,0.08309634483027631,4.968023767110688,-0.2168983174835405
E1,2021-11-27,Bournemouth,Coventry,away,2021,6,4.430602457144633,0.08309634483027631,4.857196736364813,-0.2168983174835405
E1,2021-11-27,Huddersfield,Middlesbrough,home,2021,5,4.705328645364161,0.08309634483027631,4.453615636274366,-0.49744686387068454
E1,2021-11-27,Huddersfield,Middlesbrough,away,2021,1,4.963003668910896,0.08309634483027631,5.191533321596109,-0.49744686387068454
E1,2021-11-27,Hull,Millwall,home,2021,7,5.239410688340154,0.08309634483027631,5.600669255566701,-0.47494364346994056
E1,2021-11-27,Hull,Millwall,away,2021,5,4.500492650605949,0.08309634483027631,4.220259369715045,-0.47494364346994056
E1,2021-11-27,Luton,Cardiff,home,2021,6,5.790969093451896,0.08309634483027631,5.994404393522042,-0.24099941797622026
E1,2021-11-27,Luton,Cardiff,away,2021,1,4.579721520276188,0.08309634483027631,5.1515512950005755,-0.24099941797622026
E1,2021-11-27,Peterboro,Barnsley,home,2021,6,4.560768043785712,0.08309634483027631,3.915173086676909,-0.41265782037984194
E1,2021-11-27,Peterboro,Barnsley,away,2021,3,4.9911605603130536,0.08309634483027631,5.572145788875657,-0.41265782037984194
E1,2021-11-27,Stoke,Blackburn,home,2021,5,5.2060238905329115,0.08309634483027631,4.945274357641678,-0.3139402624322312
E1,2021-11-27,Stoke,Blackburn,away,2021,3,4.154017942314993,0.08309634483027631,3.9259315817711027,-0.3139402624322312
E1,2021-11-27,Swansea,Reading,home,2021,3,5.578741635928825,0.08309634483027631,5.266732770601205,-0.17581975425661522
E1,2021-11-27,Swansea,Reading,away,2021,3,3.8908006098091046,0.08309634483027631,3.7173420307392098,-0.17581975425661522
E1,2021-11-28,Sheffield United,Bristol City,home,2021,7,6.48217179345421,0.08307143627022205,6.56880579335872,0.0006221881879964197
E1,2021-11-28,Sheffield United,Bristol City,away,2021,7,3.413137497643549,0.08307143627022205,3.112885508918098,0.0006221881879964197
E1,2021-11-29,Derby,QPR,home,2021,1,4.827066526141661,0.08295978613025255,4.948281788226898,-0.43337373721157046
E1,2021-11-29,Derby,QPR,away,2021,11,4.534277991904354,0.08295978613025255,4.032219860285019,-0.43337373721157046
E1,2021-12-03,Fulham,Bournemouth,home,2021,11,5.562378919282716,0.08323076699506554,5.316108772732236,-0.1992746635635299
E1,2021-12-03,Fulham,Bournemouth,away,2021,3,4.3047473967779615,0.08323076699506554,4.604113473511714,-0.1992746635635299
E1,2021-12-04,Coventry,West Brom,home,2021,4,4.545326564029632,0.08337434654429768,4.383976624544142,-0.4103777335984095
E1,2021-12-04,Coventry,West Brom,away,2021,2,5.001613360330467,0.08337434654429768,4.961599457755212,-0.4103777335984095
E1,2021-12-04,Barnsley,Huddersfield,home,2021,0,4.657673041395791,0.08337434654429768,4.374720117370956,-0.49482006211054047
E1,2021-12-04,Barnsley,Huddersfield,away,2021,6,4.515426609195398,0.08337434654429768,4.165305341214089,-0.49482006211054047
E1,2021-12-04,Blackburn,Preston,home,2021,2,4.99393738628468,0.08337434654429768,4.667974353626343,-0.36797795301245484
E1,2021-12-04,Blackburn,Preston,away,2021,1,4.458278349792664,0.08337434654429768,4.443691044019074,-0.36797795301245484
E1,2021-12-04,Blackpool,Luton,home,2021,3,4.935878233295973,0.08337434654429768,5.039785057485285,-0.48080136958382585
E1,2021-12-04,Blackpool,Luton,away,2021,2,4.958930425317875,0.08337434654429768,5.105467982419965,-0.48080136958382585
E1,2021-12-04,Bristol City,Derby,home,2021,3,4.653217873277878,0.08337434654429768,4.1744434315307455,-0.43972493698315124
E1,2021-12-04,Bristol City,Derby,away,2021,3,5.011315629326502,0.08337434654429768,5.520497744081772,-0.43972493698315124
E1,2021-12-04,Cardiff,Sheffield United,home,2021,5,4.387484728147631,0.08337434654429768,4.137586689654277,-0.37735657656532867
E1,2021-12-04,Cardiff,Sheffield United,away,2021,3,5.0709527457862595,0.08337434654429768,5.005313689174867,-0.37735657656532867
E1,2021-12-04,Middlesbrough,Swansea,home,2021,5,5.683655451676842,0.08337434654429768,5.916386868032857,-0.28412782723532126
E1,2021-12-04,Middlesbrough,Swansea,away,2021,5,4.231832187945608,0.08337434654429768,4.179398403635688,-0.28412782723532126
E1,2021-12-04,Millwall,Birmingham,home,2021,11,5.604147589222688,0.08337434654429768,5.898842908016171,-0.32671237839548783
E1,2021-12-04,Millwall,Birmingham,away,2021,5,3.716497865121274,0.08337434654429768,3.0214979700069113,-0.32671237839548783
E1,2021-12-04,Nott'm Forest,Peterboro,home,2021,5,5.666372783142163,0.08337434654429768,5.402040264489312,-0.1610504212184085
E1,2021-12-04,Nott'm Forest,Peterboro,away,2021,3,3.8730478080080286,0.08337434654429768,3.7161574621593667,-0.1610504212184085
E1,2021-12-04,Reading,Hull,home,2021,4,4.739606477080021,0.08337434654429768,4.3065747216226455,-0.42408559283364156
E1,2021-12-04,Reading,Hull,away,2021,6,4.844514220834374,0.08337434654429768,5.166273502453082,-0.42408559283364156
E1,2021-12-05,QPR,Stoke,home,2021,17,5.2274922846521,0.08360907513358012,5.318509850090962,-0.4068104764359498
E1,2021-12-05,QPR,Stoke,away,2021,4,4.920593923063333,0.08360907513358012,5.4161536097447325,-0.4068104764359498
E1,2021-12-11,Huddersfield,Coventry,home,2021,5,4.619726360468131,0.08447780644452307,4.338957838625517,-0.4795894246483781
E1,2021-12-11,Huddersfield,Coventry,away,2021,9,4.876980184838455,0.08447780644452307,4.911521910144591,-0.4795894246483781
E1,2021-12-11,Birmingham,Cardiff,home,2021,7,5.240891296480958,0.08447780644452307,5.412532962426303,-0.4239512510063048
E1,2021-12-11,Birmingham,Cardiff,away,2021,5,4.413147626207986,0.08447780644452307,4.179251614779549,-0.4239512510063048
E1,2021-12-11,Bournemouth,Blackburn,home,2021,5,5.519649296620503,0.08447780644452307,5.023318812854612,-0.1419839161427593
E1,2021-12-11,Bournemouth,Blackburn,away,2021,5,3.9144583136318647,0.08447780644452307,3.8570230540275987,-0.1419839161427593
E1,2021-12-11,Derby,Blackpool,home,2021,6,4.693937394230541,0.08447780644452307,4.1648607251561955,-0.40733087143868807
E1,2021-12-11,Derby,Blackpool,away,2021,2,4.4024078528085155,0.08447780644452307,4.2035812257645855,-0.40733087143868807
E1,2021-12-11,Hull,Bristol City,home,2021,1,5.919259737322489,0.08447780644452307,6.412087976471994,-0.2666653557242301
E1,2021-12-11,Hull,Bristol City,away,2021,5,3.9583212654702926,0.08447780644452307,3.633230197625025,-0.2666653557242301
E1,2021-12-11,Luton,Fulham,home,2021,2,4.650555091012348,0.08447780644452307,5.204466260339365,-0.23532406185404448
E1,2021-12-11,Luton,Fulham,away,2021,4,5.360257384501193,0.08447780644452307,5.153779250419643,-0.23532406185404448
E1,2021-12-11,Peterboro,Millwall,home,2021,8,4.456739758457115,0.08447780644452307,4.22370967535311,-0.39935764435081456
E1,2021-12-11,Peterboro,Millwall,away,2021,3,5.020823529656813,0.08447780644452307,4.967535579295528,-0.39935764435081456
E1,2021-12-11,Preston,Barnsley,home,2021,6,5.427213797855183,0.08447780644452307,4.9505836453318395,-0.17688498157248156
E1,2021-12-11,Preston,Barnsley,away,2021,3,4.607087806969088,0.08447780644452307,5.455466615727662,-0.17688498157248156
E1,2021-12-11,Stoke,Middlesbrough,home,2021,5,5.050171383559923,0.08447780644452307,4.947489206303682,-0.41585817604515785
E1,2021-12-11,Stoke,Middlesbrough,away,2021,4,4.735978191529715,0.08447780644452307,4.934407552201842,-0.41585817604515785
E1,2021-12-11,Swansea,Nott'm Forest,home,2021,2,5.220358288387023,0.08447780644452307,5.084808771429297,-0.3455378592401459
E1,2021-12-11,Swansea,Nott'm Forest,away,2021,2,4.552293158317617,0.08447780644452307,4.731624933960451,-0.3455378592401459
E1,2021-12-11,West Brom,Reading,home,2021,6,6.561213503736728,0.08447780644452307,6.612856181718104,0.03121108173654663
E1,2021-12-11,West Brom,Reading,away,2021,1,3.7485457666898303,0.08447780644452307,3.9338915256142086,0.03121108173654663
E1,2021-12-17,Barnsley,West Brom,home,2021,3,3.7854880646888014,0.08432841540018775,3.5498819224746567,-0.11007843558611796
E1,2021-12-17,Barnsley,West Brom,away,2021,11,5.783021708824918,0.08432841540018775,5.62313715615963,-0.11007843558611796
E1,2021-12-18,Middlesbrough,Bournemouth,home,2021,7,5.39882776815272,0.08447046360642249,6.006990421136292,-0.47767770831990725
E1,2021-12-18,Middlesbrough,Bournemouth,away,2021,4,4.636441002827864,0.08447046360642249,4.507387479195523,-0.47767770831990725
E1,2021-12-18,Blackburn,Birmingham,home,2021,8,5.3203064425541555,0.08447046360642249,4.9644507180467405,-0.24726488496787769
E1,2021-12-18,Blackburn,Birmingham,away,2021,4,3.9032982202299324,0.08447046360642249,3.56629994867457,-0.24726488496787769
E1,2021-12-18,Blackpool,Peterboro,home,2021,6,5.109692880147085,0.08447046360642249,4.726042508679673,-0.3097444328202063
E1,2021-12-18,Blackpool,Peterboro,away,2021,7,4.275110803766542,0.08447046360642249,4.2030971651394,-0.3097444328202063
E1,2021-12-18,Bristol City,Huddersfield,home,2021,5,4.4992321302931595,0.08447046360642249,3.9683516245514467,-0.47767770831990725
E1,2021-12-18,Bristol City,Huddersfield,away,2021,5,4.875458971075395,0.08447046360642249,5.053329053394931,-0.47767770831990725
E1,2021-12-18,Nott'm Forest,Hull,home,2021,5,5.3775596986895255,0.08447046360642249,5.005534076588045,-0.2236761272883646
E1,2021-12-18,Nott'm Forest,Hull,away,2021,5,4.31936733689224,0.08447046360642249,4.563104236434253,-0.2236761272883646
E1,2021-12-20,Fulham,Sheffield United,home,2021,7,5.767386059015984,0.08397377577357229,5.6885823489027745,-0.17788933703290527
E1,2021-12-20,Fulham,Sheffield United,away,2021,2,4.198619629055953,0.08397377577357229,4.41396579288246,-0.17788933703290527
E1,2021-12-26,Huddersfield,Blackpool,home,2021,6,5.009574592019388,0.08397985885021124,4.624451511245077,-0.34384060206032946
E1,2021-12-26,Huddersfield,Blackpool,away,2021,0,4.263657603037549,0.08397985885021124,4.081413463425519,-0.34384060206032946
E1,2021-12-26,Middlesbrough,Nott'm Forest,home,2021,6,5.723340196604805,0.08397985885021124,6.121766375890466,-0.3109327587957271
E1,2021-12-26,Middlesbrough,Nott'm Forest,away,2021,8,4.374170844592239,0.08397985885021124,4.424294536598339,-0.3109327587957271
E1,2021-12-27,Derby,West Brom,home,2021,2,3.8919129480665733,0.08403994844332072,3.6198968242644884,-0.1738413593337816
E1,2021-12-27,Derby,West Brom,away,2021,4,5.71335210156413,0.08403994844332072,5.713617488726111,-0.1738413593337816
E1,2021-12-27,QPR,Bournemouth,home,2021,4,5.17760460952427,0.08403994844332072,5.695258402390068,-0.4609891632103237
E1,2021-12-27,QPR,Bournemouth,away,2021,4,5.044959851841418,0.08403994844332072,5.23782389043092,-0.4609891632103237
E1,2021-12-29,Blackburn,Barnsley,home,2021,4,5.438906209389936,0.0840034763878422,4.714078202985766,-0.0980094429543591
E1,2021-12-29,Blackburn,Barnsley,away,2021,1,4.211676818289448,0.0840034763878422,4.694390663073004,-0.0980094429543591
E1,2021-12-29,Blackpool,Middlesbrough,home,2021,5,4.466182918923436,0.0840034763878422,4.361953419253266,-0.35923338442029273
E1,2021-12-29,Blackpool,Middlesbrough,away,2021,4,5.29953348502008,0.0840034763878422,5.465238578021773,-0.35923338442029273
E1,2021-12-29,Coventry,Millwall,home,2021,6,5.533268489433477,0.0840034763878422,5.553026230255378,-0.2806242390783754
E1,2021-12-29,Coventry,Millwall,away,2021,3,4.080541679257058,0.0840034763878422,3.856490725649484,-0.2806242390783754
E1,2021-12-30,Bournemouth,Cardiff,home,2021,6,5.95990968996121,0.08395715019114292,5.8297676005989745,-0.10440241124647698
E1,2021-12-30,Bournemouth,Cardiff,away,2021,1,4.158060538778514,0.08395715019114292,4.539712240063149,-0.10440241124647698
E1,2021-12-30,Bristol City,QPR,home,2021,5,4.6459072578053515,0.08395715019114292,4.5220626687667,-0.43787047464841233
E1,2021-12-30,Bristol City,QPR,away,2021,9,5.183282593629103,0.08395715019114292,5.4829558078435525,-0.43787047464841233
E1,2021-12-30,Nott'm Forest,Huddersfield,home,2021,8,5.161788230846227,0.08395715019114292,4.769334703972051,-0.2893063199988194
E1,2021-12-30,Nott'm Forest,Huddersfield,away,2021,3,4.151016391212225,0.08395715019114292,3.9859543963365347,-0.2893063199988194
E1,2021-12-30,Stoke,Derby,home,2021,5,5.526347800924054,0.08395715019114292,4.998392095996559,-0.13065641209086032
E1,2021-12-30,Stoke,Derby,away,2021,5,4.12934713845642,0.08395715019114292,4.389344753796899,-0.13065641209086032
E1,2022-01-01,Blackpool,Hull,home,2021,1,4.978417597259239,0.08384164326878986,4.54783652361532,-0.3401549327516989
E1,2022-01-01,Blackpool,Hull,away,2021,2,4.807359580430212,0.08384164326878986,5.375968203012524,-0.3401549327516989
E1,2022-01-02,Bristol City,Millwall,home,2021,5,4.677845990599701,0.08403438804612326,4.612179056786093,-0.43179170100560654
E1,2022-01-02,Bristol City,Millwall,away,2021,3,5.191542207288766,0.08403438804612326,5.480059304106011,-0.43179170100560654
E1,2022-01-02,Birmingham,QPR,home,2021,1,5.124567943484714,0.08403438804612326,5.326228846245466,-0.47518569912660197
E1,2022-01-02,Birmingham,QPR,away,2021,3,4.622167918076233,0.08403438804612326,4.483510835276184,-0.47518569912660197
E1,2022-01-02,Blackburn,Huddersfield,home,2021,10,5.113067424317489,0.08403438804612326,4.419655916053757,-0.20936391907169294
E1,2022-01-02,Blackburn,Huddersfield,away,2021,3,4.046019554336731,0.08403438804612326,3.971253269996663,-0.20936391907169294
E1,2022-01-02,West Brom,Cardiff,home,2021,5,6.690224769747195,0.08403438804612326,7.270125610199259,-0.04271844660194174
E1,2022-01-02,West Brom,Cardiff,away,2021,1,3.9651376774734826,0.08403438804612326,4.250003603181443,-0.04271844660194174
E1,2022-01-03,Reading,Derby,home,2021,3,4.75458313935992,0.08426860252536164,4.1538774865244275,-0.3606939815722408
E1,2022-01-03,Reading,Derby,away,2021,10,4.621291989514467,0.08426860252536164,4.845918091914376,-0.3606939815722408
E1,2022-01-03,Stoke,Preston,home,2021,4,5.380787056695973,0.08426860252536164,5.209515002667666,-0.2801857131340374
E1,2022-01-03,Stoke,Preston,away,2021,6,4.249937707134346,0.08426860252536164,4.231551612899392,-0.2801857131340374
E1,2022-01-11,Reading,Fulham,home,2021,2,3.7773661675854227,0.08424287916972723,3.891617620751939,0.03170906201888968
E1,2022-01-11,Reading,Fulham,away,2021,11,5.933389118454247,0.08424287916972723,5.411233463708856,0.03170906201888968
E1,2022-01-15,Cardiff,Blackburn,home,2021,7,4.669202527502034,0.0844386099677834,4.391952459356346,-0.4972982155279804
E1,2022-01-15,Cardiff,Blackburn,away,2021,2,4.368297723930618,0.0844386099677834,3.8695483143400784,-0.4972982155279804
E1,2022-01-15,Luton,Bournemouth,home,2021,4,4.935328750484978,0.0844386099677834,5.184953724339236,-0.43883348443638565
E1,2022-01-15,Luton,Bournemouth,away,2021,6,5.033727427973694,0.0844386099677834,5.13310765439725,-0.43883348443638565
E1,2022-01-15,Derby,Sheffield United,home,2021,1,4.320921945603251,0.0844386099677834,4.099113686503387,-0.3401091847002625
E1,2022-01-15,Derby,Sheffield United,away,2021,0,4.9586303434856465,0.0844386099677834,4.6372732672811585,-0.3401091847002625
E1,2022-01-15,Fulham,Bristol City,home,2021,6,7.067404501186869,0.0844386099677834,6.954984144884152,0.20492025100214806
E1,2022-01-15,Fulham,Bristol City,away,2021,4,3.3530234741473337,0.0844386099677834,3.437020799591348,0.20492025100214806
E1,2022-01-15,Huddersfield,Swansea,home,2021,4,4.751895498307568,0.0844386099677834,4.501838137653432,-0.4804124805144989
E1,2022-01-15,Huddersfield,Swansea,away,2021,7,4.658887835764236,0.0844386099677834,4.54867327868051,-0.4804124805144989
E1,2022-01-15,Middlesbrough,Reading,home,2021,5,6.409236147661388,0.0844386099677834,6.303459935474955,0.023322334261188127
E1,2022-01-15,Middlesbrough,Reading,away,2021,5,3.598410640686018,0.0844386099677834,3.5653936142401856,0.023322334261188127
E1,2022-01-15,Millwall,Nott'm Forest,home,2021,7,5.3735686364183985,0.0844386099677834,5.609167570092488,-0.39293054825295154
E1,2022-01-15,Millwall,Nott'm Forest,away,2021,7,4.446389914024097,0.0844386099677834,4.342184516054097,-0.39293054825295154
E1,2022-01-15,Peterboro,Coventry,home,2021,3,4.320805459718357,0.0844386099677834,4.051400967729619,-0.357169441192206
E1,2022-01-15,Peterboro,Coventry,away,2021,8,5.317017620405469,0.0844386099677834,5.498581731931562,-0.357169441192206
E1,2022-01-15,Preston,Birmingham,home,2021,7,5.611576305584186,0.0844386099677834,5.590844146651095,-0.24374708524582112
E1,2022-01-15,Preston,Birmingham,away,2021,7,4.10917777811455,0.0844386099677834,4.01821827767171,-0.24374708524582112
E1,2022-01-15,QPR,West Brom,home,2021,2,4.558335556820575,0.0844386099677834,4.5934904857064085,-0.3515161674431509
E1,2022-01-15,QPR,West Brom,away,2021,5,5.530369167231614,0.0844386099677834,5.990121632280422,-0.3515161674431509
E1,2022-01-16,Hull,Stoke,home,2021,7,5.1800195589911535,0.08416253743475713,5.744353711305397,-0.44996961717642286
E1,2022-01-16,Hull,Stoke,away,2021,5,4.845184250577473,0.08416253743475713,4.742128152740283,-0.44996961717642286
E1,2022-01-18,Fulham,Birmingham,home,2021,6,7.077140739671702,0.08405225326316082,7.169862382635416,0.16493564352989487
E1,2022-01-18,Fulham,Birmingham,away,2021,5,3.3550868469512256,0.08405225326316082,3.3491530877233666,0.16493564352989487
E1,2022-01-18,Preston,Sheffield United,home,2021,4,4.658234875836033,0.08405225326316082,4.492915207713203,-0.45617118048377087
E1,2022-01-18,Preston,Sheffield United,away,2021,11,4.90329949302316,0.08405225326316082,4.893158308858854,-0.45617118048377087
E1,2022-01-19,Hull,Blackburn,home,2021,4,4.90852655611668,0.0840357682937774,5.218161898142548,-0.41133941245819594
E1,2022-01-19,Hull,Blackburn,away,2021,10,4.40678645525242,0.0840357682937774,3.722544403315624,-0.41133941245819594
E1,2022-01-19,Reading,Luton,home,2021,6,4.426204885096292,0.0840357682937774,4.499978310846281,-0.28364416425882144
E1,2022-01-19,Reading,Luton,away,2021,4,5.32024027615665,0.0840357682937774,5.236608060951536,-0.28364416425882144
E1,2022-01-22,Bristol City,Cardiff,home,2021,3,4.922604997085843,0.0839717295841397,4.794592790967729,-0.45511288180610887
E1,2022-01-22,Bristol City,Cardiff,away,2021,6,4.850871135419911,0.0839717295841397,5.0731017376900285,-0.45511288180610887
E1,2022-01-22,Nott'm Forest,Derby,home,2021,4,5.29077958338929,0.0839717295841397,4.932176654346542,-0.2562524725768746
E1,2022-01-22,Nott'm Forest,Derby,away,2021,2,4.27029477534326,0.0839717295841397,4.348260955063389,-0.2562524725768746
E1,2022-01-22,Birmingham,Barnsley,home,2021,5,5.432266571509066,0.0839717295841397,4.959868784654358,-0.17652943848897562
E1,2022-01-22,Birmingham,Barnsley,away,2021,3,4.130183721753697,0.0839717295841397,4.255975666383127,-0.17652943848897562
E1,2022-01-22,Blackpool,Millwall,home,2021,6,4.944937792018567,0.0839717295841397,4.707905791224121,-0.4133058420906244
E1,2022-01-22,Blackpool,Millwall,away,2021,2,4.5822050598950455,0.0839717295841397,4.585506472480334,-0.4133058420906244
E1,2022-01-22,Bournemouth,Hull,home,2021,4,5.640620445737773,0.0839717295841397,5.007291910640357,-0.06507427151803735
E1,2022-01-22,Bournemouth,Hull,away,2021,7,4.107215721047766,0.0839717295841397,4.5345640327620265,-0.06507427151803735
E1,2022-01-22,Coventry,QPR,home,2021,13,5.218709197130934,0.0839717295841397,5.343573480283671,-0.4192996361278236
E1,2022-01-22,Coventry,QPR,away,2021,2,4.312202152561608,0.0839717295841397,3.977599602439455,-0.4192996361278236
E1,2022-01-22,Reading,Huddersfield,home,2021,4,4.539626091420432,0.0839717295841397,4.310738274837414,-0.43087453331824865
E1,2022-01-22,Reading,Huddersfield,away,2021,4,4.916981253062391,0.0839717295841397,4.839957664922735,-0.43087453331824865
E1,2022-01-22,Sheffield United,Luton,home,2021,8,5.909301897297095,0.0839717295841397,6.225382264121664,-0.2289894362905487
E1,2022-01-22,Sheffield United,Luton,away,2021,1,4.068896113315077,0.0839717295841397,3.9689731165205937,-0.2289894362905487
E1,2022-01-22,Stoke,Fulham,home,2021,3,4.400661878395448,0.0839717295841397,4.532227262270556,-0.25390206335573895
E1,2022-01-22,Stoke,Fulham,away,2021,5,5.349487110723691,0.0839717295841397,5.195737380043914,-0.25390206335573895
E1,2022-01-22,Swansea,Preston,home,2021,2,5.160128191721301,0.0839717295841397,4.936279928875742,-0.3407750631844988
E1,2022-01-22,Swansea,Preston,away,2021,9,4.220231883997725,0.0839717295841397,3.9958329213296446,-0.3407750631844988
E1,2022-01-22,West Brom,Peterboro,home,2021,10,6.8282494183353055,0.0839717295841397,6.847531138825152,0.1130369819736109
E1,2022-01-22,West Brom,Peterboro,away,2021,1,3.6092121305366467,0.0839717295841397,3.816516217496447,0.1130369819736109
E1,2022-01-24,Blackburn,Middlesbrough,home,2021,6,4.872111108409012,0.08443481029886082,4.580935654786648,-0.4226894410688185
E1,2022-01-24,Blackburn,Middlesbrough,away,2021,7,4.580965264147995,0.08443481029886082,4.553422198659344,-0.4226894410688185
E1,2022-01-25,Birmingham,Peterboro,home,2021,3,5.587649972209884,0.08431765964363794,5.488060061761044,-0.2308023919750415
E1,2022-01-25,Birmingham,Peterboro,away,2021,4,3.887471650784993,0.08431765964363794,3.573431874715067,-0.2308023919750415
E1,2022-01-25,Coventry,Stoke,home,2021,5,5.718901382649892,0.08431765964363794,6.235083001322077,-0.3403840742553839
E1,2022-01-25,Coventry,Stoke,away,2021,5,4.273500564877518,0.08431765964363794,4.112568289864957,-0.3403840742553839
E1,2022-01-25,Luton,Bristol City,home,2021,8,5.8770186561344975,0.08431765964363794,5.886212586065222,-0.1651785714285714
E1,2022-01-25,Luton,Bristol City,away,2021,9,4.088931620428795,0.08431765964363794,4.192268018594417,-0.1651785714285714
E1,2022-01-25,Nott'm Forest,Barnsley,home,2021,12,5.799636501820267,0.08431765964363794,5.226281530678162,-0.035152277246290775
E1,2022-01-25,Nott'm Forest,Barnsley,away,2021,0,3.899202306278986,0.08431765964363794,4.112150168457716,-0.035152277246290775
E1,2022-01-25,QPR,Swansea,home,2021,4,5.210713980489864,0.08431765964363794,5.1848158795935335,-0.3802285375315136
E1,2022-01-25,QPR,Swansea,away,2021,3,4.73349524444366,0.08431765964363794,5.049875401488979,-0.3802285375315136
E1,2022-01-26,West Brom,Preston,home,2021,3,6.259764042638814,0.0845662008555279,6.416205866486999,-0.08126454615981388
E1,2022-01-26,West Brom,Preston,away,2021,4,3.9053100355008334,0.0845662008555279,3.9989265251727666,-0.08126454615981388
E1,2022-01-28,Huddersfield,Stoke,home,2021,3,5.096828663673601,0.08454029996259231,5.243160525357801,-0.4702433896660468
E1,2022-01-28,Huddersfield,Stoke,away,2021,5,4.8248692525869865,0.08454029996259231,4.959965365807066,-0.4702433896660468
E1,2022-01-29,Barnsley,Bournemouth,home,2021,2,4.0364993848839426,0.08449147111924489,4.076739059306926,-0.12127332179265249
E1,2022-01-29,Barnsley,Bournemouth,away,2021,9,5.6303931609084685,0.08449147111924489,5.331847419112305,-0.12127332179265249
E1,2022-01-29,Fulham,Blackpool,home,2021,9,6.555875113996015,0.08449147111924489,6.147626833980469,0.13535663115257424
E1,2022-01-29,Fulham,Blackpool,away,2021,3,3.3836879376213145,0.08449147111924489,3.3461858932180486,0.13535663115257424
E1,2022-01-29,Hull,Swansea,home,2021,1,4.840709283390476,0.08449147111924489,4.869426093372992,-0.46630783604825937
E1,2022-01-29,Hull,Swansea,away,2021,2,4.882098070363417,0.08449147111924489,4.878814667831003,-0.46630783604825937
E1,2022-01-29,Luton,Blackburn,home,2021,6,5.161008786118653,0.08449147111924489,5.213778630223276,-0.42032131915012605
E1,2022-01-29,Luton,Blackburn,away,2021,5,4.598821168230046,0.08449147111924489,4.601323254722462,-0.42032131915012605
E1,2022-01-29,Middlesbrough,Coventry,home,2021,6,5.542175708969705,0.08449147111924489,5.638625452295558,-0.2976730829797876
E1,2022-01-29,Middlesbrough,Coventry,away,2021,8,4.638443492257325,0.08449147111924489,5.101760385946931,-0.2976730829797876
E1,2022-01-29,Millwall,West Brom,home,2021,2,4.505046618520807,0.08449147111924489,4.4790127326126745,-0.34930685825037167
E1,2022-01-29,Millwall,West Brom,away,2021,4,5.127228802036928,0.08449147111924489,5.035199282358083,-0.34930685825037167
E1,2022-01-29,Preston,Bristol City,home,2021,3,5.698297037524259,0.08449147111924489,5.631373175120978,-0.20323471163655998
E1,2022-01-29,Preston,Bristol City,away,2021,6,4.42470339377792,0.08449147111924489,4.887881971388449,-0.20323471163655998
E1,2022-01-29,QPR,Reading,home,2021,6,5.9601567626832805,0.08449147111924489,5.51776537017176,-0.023693510825412933
E1,2022-01-29,QPR,Reading,away,2021,8,3.8315765301363207,0.08449147111924489,3.982763789698897,-0.023693510825412933
E1,2022-01-29,Peterboro,Sheffield United,home,2021,0,4.072851188142181,0.08449147111924489,3.821314489522896,-0.24592050905599683
E1,2022-01-29,Peterboro,Sheffield United,away,2021,9,5.410721630686726,0.08449147111924489,5.303021926521203,-0.24592050905599683
E1,2022-01-30,Derby,Birmingham,home,2021,7,5.041219913976101,0.0846534658864834,4.823697424000514,-0.38465116279069766
E1,2022-01-30,Derby,Birmingham,away,2021,6,4.100966625679185,0.0846534658864834,3.6331373455572304,-0.38465116279069766
E1,2022-01-30,Cardiff,Nott'm Forest,home,2021,3,4.785705795475076,0.0846534658864834,4.740640918333872,-0.4674973794762203
E1,2022-01-30,Cardiff,Nott'm Forest,away,2021,2,4.8514494537569925,0.0846534658864834,4.8133389649049185,-0.4674973794762203
E1,2022-02-01,Millwall,Preston,home,2021,2,5.198484752494153,0.08460302750014781,5.312972687728509,-0.4238234121149377
E1,2022-02-01,Millwall,Preston,away,2021,3,4.353720586581762,0.08460302750014781,4.052702878396555,-0.4238234121149377
E1,2022-02-01,Swansea,Luton,home,2021,7,5.328947866915938,0.08460302750014781,5.331282755286708,-0.34628324162119734
E1,2022-02-01,Swansea,Luton,away,2021,4,4.291713185963243,0.08460302750014781,4.135850400774715,-0.34628324162119734
E1,2022-02-02,Barnsley,Cardiff,home,2021,6,4.624023288089115,0.0845827787119569,4.47338376635439,-0.4379940391343786
E1,2022-02-02,Barnsley,Cardiff,away,2021,0,4.914037825859022,0.0845827787119569,4.856919487989029,-0.4379940391343786
E1,2022-02-02,Huddersfield,Derby,home,2021,4,4.988292936290823,0.0845827787119569,4.424166104434683,-0.2931681695605566
E1,2022-02-02,Huddersfield,Derby,away,2021,3,4.420350947913007,0.0845827787119569,4.586534723805458,-0.2931681695605566
E1,2022-02-04,Birmingham,Sheffield United,home,2021,1,4.196875864171353,0.0847078425497934,4.021551454463097,-0.2710467609538455
E1,2022-02-04,Birmingham,Sheffield United,away,2021,6,5.050978876755718,0.0847078425497934,4.613320724602345,-0.2710467609538455
E1,2022-02-05,Blackpool,Bristol City,home,2021,6,5.156984677169358,0.0847743279530065,5.029183097768114,-0.37011753485590543
E1,2022-02-05,Blackpool,Bristol City,away,2021,4,4.398484272892414,0.0847743279530065,4.303005485569766,-0.37011753485590543
E1,2022-02-05,Hull,Preston,home,2021,7,4.841219996078445,0.0847743279530065,4.664393255871768,-0.4703269287903269
E1,2022-02-05,Hull,Preston,away,2021,4,4.609191944921707,0.0847743279530065,4.469735871198714,-0.4703269287903269
E1,2022-02-05,Swansea,Blackburn,home,2021,0,4.955676761823656,0.0847743279530065,4.813507759319151,-0.43857215648530834
E1,2022-02-05,Swansea,Blackburn,away,2021,13,4.3812125391663335,0.0847743279530065,4.069956505797119,-0.43857215648530834
E1,2022-02-08,Coventry,Blackpool,home,2021,9,5.973968472527681,0.08512440005727571,5.877496579111179,-0.10849649037145326
E1,2022-02-08,Coventry,Blackpool,away,2021,4,3.5372704278981817,0.08512440005727571,3.133991465496265,-0.10849649037145326
E1,2022-02-08,Derby,Hull,home,2021,2,4.71085531547703,0.08512440005727571,4.050269092479908,-0.3544770632260861
E1,2022-02-08,Derby,Hull,away,2021,10,4.523624024645404,0.08512440005727571,4.635745208225652,-0.3544770632260861
E1,2022-02-08,Fulham,Millwall,home,2021,6,6.770908723045678,0.08512440005727571,6.832102141524123,0.08824559838451995
E1,2022-02-08,Fulham,Millwall,away,2021,4,3.605582269946304,0.08512440005727571,3.7438886026877496,0.08824559838451995
E1,2022-02-08,Luton,Barnsley,home,2021,9,6.037962161718724,0.08512440005727571,5.870215546601235,-0.07118192786121391
E1,2022-02-08,Luton,Barnsley,away,2021,4,4.215989904914675,0.08512440005727571,4.7923024555675875,-0.07118192786121391
E1,2022-02-08,Stoke,Swansea,home,2021,8,4.939491315804713,0.08512440005727571,4.5218397314771765,-0.35790995135445963
E1,2022-02-08,Stoke,Swansea,away,2021,1,4.512238147429384,0.08512440005727571,4.5984600052310665,-0.35790995135445963
E1,2022-02-09,Blackburn,Nott'm Forest,home,2021,5,5.009385710199272,0.08520143727631857,4.77523213587485,-0.3909644444091158
E1,2022-02-09,Blackburn,Nott'm Forest,away,2021,4,4.611071232756991,0.08520143727631857,4.722960236182056,-0.3909644444091158
E1,2022-02-09,Bournemouth,Birmingham,home,2021,5,6.231961862422398,0.08520143727631857,6.080592346643556,-0.01739780898605281
E1,2022-02-09,Bournemouth,Birmingham,away,2021,8,3.8001028576299722,0.08520143727631857,3.9255792843587933,-0.01739780898605281
E1,2022-02-09,Bristol City,Reading,home,2021,5,5.019094825729802,0.08520143727631857,4.358699978305693,-0.2508218415552498
E1,2022-02-09,Bristol City,Reading,away,2021,6,4.4666350441315466,0.08520143727631857,4.834244758006131,-0.2508218415552498
E1,2022-02-09,Cardiff,Peterboro,home,2021,7,5.464209704859695,0.08520143727631857,5.07286464647759,-0.18999294726118643
E1,2022-02-09,Cardiff,Peterboro,away,2021,6,3.8745015825113898,0.08520143727631857,3.646563557694365,-0.18999294726118643
E1,2022-02-09,Preston,Huddersfield,home,2021,1,5.1672103522646085,0.08520143727631857,4.894936626309618,-0.32388557589051115
E1,2022-02-09,Preston,Huddersfield,away,2021,2,4.574013611315992,0.08520143727631857,4.854356509042217,-0.32388557589051115
E1,2022-02-09,QPR,Middlesbrough,home,2021,3,5.122903116223713,0.08520143727631857,5.342266716810966,-0.48067231002593336
E1,2022-02-09,QPR,Middlesbrough,away,2021,8,4.984638027520971,0.08520143727631857,5.303536034522702,-0.48067231002593336
E1,2022-02-09,Sheffield United,West Brom,home,2021,3,4.837372038813495,0.08520143727631857,4.484014342239223,-0.4152052534610306
E1,2022-02-09,Sheffield United,West Brom,away,2021,2,4.625929504501919,0.08520143727631857,4.679560342912361,-0.4152052534610306
E1,2022-02-12,Huddersfield,Sheffield United,home,2021,9,4.167982433681914,0.08502538424932789,3.748828703632186,-0.35089628977720133
E1,2022-02-12,Huddersfield,Sheffield United,away,2021,2,5.1264315981676205,0.08502538424932789,5.038883418120026,-0.35089628977720133
E1,2022-02-12,Barnsley,QPR,home,2021,2,4.483491081715321,0.08502538424932789,4.615519372456486,-0.28935139082520084
E1,2022-02-12,Barnsley,QPR,away,2021,4,5.156727029030024,0.08502538424932789,4.896744120820855,-0.28935139082520084
E1,2022-02-12,Birmingham,Luton,home,2021,0,4.941439239260326,0.08502538424932789,5.185678316771344,-0.44275116069516446
E1,2022-02-12,Birmingham,Luton,away,2021,7,4.467629005034145,0.08502538424932789,3.923715199314723,-0.44275116069516446
E1,2022-02-12,Blackpool,Bournemouth,home,2021,6,4.300679590530959,0.08502538424932789,4.322984479868136,-0.24657303370786515
E1,2022-02-12,Blackpool,Bournemouth,away,2021,7,5.312945806202423,0.08502538424932789,5.089836089420498,-0.24657303370786515
E1,2022-02-12,Hull,Fulham,home,2021,1,4.146185588813313,0.08502538424932789,4.4540206481535645,-0.08094704847224438
E1,2022-02-12,Hull,Fulham,away,2021,4,5.597621805917705,0.08502538424932789,5.118650841339195,-0.08094704847224438
E1,2022-02-12,Middlesbrough,Derby,home,2021,6,5.976476957894301,0.08502538424932789,5.799969501032965,-0.08764767199444068
E1,2022-02-12,Middlesbrough,Derby,away,2021,7,4.098419925427784,0.08502538424932789,4.443500508270671,-0.08764767199444068
E1,2022-02-12,Millwall,Cardiff,home,2021,6,5.501839260831801,0.08502538424932789,5.878425596354656,-0.3830170293170448
E1,2022-02-12,Millwall,Cardiff,away,2021,5,4.1098116085114,0.08502538424932789,3.6550595329524964,-0.3830170293170448
E1,2022-02-12,Nott'm Forest,Stoke,home,2021,5,5.496421443231117,0.08502538424932789,5.872181492073388,-0.3847426274412151
E1,2022-02-12,Nott'm Forest,Stoke,away,2021,5,4.41222321167204,0.08502538424932789,4.290583419540126,-0.3847426274412151
E1,2022-02-12,Peterboro,Preston,home,2021,3,4.14137760338454,0.08502538424932789,3.7974984705154666,-0.3106671431443058
E1,2022-02-12,Peterboro,Preston,away,2021,5,5.231316283912312,0.08502538424932789,5.133487276656894,-0.3106671431443058
E1,2022-02-12,Reading,Coventry,home,2021,4,4.178016544435452,0.08502538424932789,3.9487702590799683,-0.2827945400991055
E1,2022-02-12,Reading,Coventry,away,2021,5,5.7705616910185,0.08502538424932789,6.295871160923764,-0.2827945400991055
E1,2022-02-13,Swansea,Bristol City,home,2021,6,5.415323238544888,0.08478278337617715,5.261420125751654,-0.27339274347549325
E1,2022-02-13,Swansea,Bristol City,away,2021,5,4.344871879313348,0.08478278337617715,4.470288232795604,-0.27339274347549325
E1,2022-02-14,West Brom,Blackburn,home,2021,3,5.874259918585205,0.08466690629612603,6.001559002494675,-0.19516971710513287
E1,2022-02-14,West Brom,Blackburn,away,2021,7,4.052162951671339,0.08466690629612603,4.0237837391384295,-0.19516971710513287
E1,2022-02-15,Cardiff,Coventry,home,2021,4,4.604634427400182,0.08461939602009091,4.396748143745813,-0.4493067590987868
E1,2022-02-15,Cardiff,Coventry,away,2021,2,5.012927837243143,0.08461939602009091,5.121480838156521,-0.4493067590987868
E1,2022-02-15,Millwall,QPR,home,2021,2,5.392865614603947,0.08461939602009091,5.770343230513522,-0.42248483129685926
E1,2022-02-15,Millwall,QPR,away,2021,5,4.355733223296962,0.08461939602009091,4.0606742971830245,-0.42248483129685926
E1,2022-02-15,Sheffield United,Hull,home,2021,12,5.765986552360462,0.08461939602009091,5.14859686912708,-0.032602153414030666
E1,2022-02-15,Sheffield United,Hull,away,2021,3,3.947430537558974,0.08461939602009091,4.236113945960578,-0.032602153414030666
E1,2022-02-16,Peterboro,Reading,home,2021,8,4.577232331486231,0.08487254557133127,3.9988744035623065,-0.4316381160588193
E1,2022-02-16,Peterboro,Reading,away,2021,3,4.6785496309091315,0.08487254557133127,4.747943174414806,-0.4316381160588193
E1,2022-02-19,Fulham,Huddersfield,home,2021,12,6.4302996145284235,0.08484824680415723,6.137228957690493,0.07340111286666218
E1,2022-02-19,Fulham,Huddersfield,away,2021,2,3.5384944346482508,0.08484824680415723,3.551153324796252,0.07340111286666218
E1,2022-02-19,Bristol City,Middlesbrough,home,2021,0,4.275934323449053,0.08484824680415723,4.1332656085348365,-0.29308632895099745
E1,2022-02-19,Bristol City,Middlesbrough,away,2021,13,5.684647238082583,0.08484824680415723,6.127597374880051,-0.29308632895099745
E1,2022-02-19,Cardiff,Blackpool,home,2021,3,5.353830604927509,0.08484824680415723,5.196435994261385,-0.2932361026155014
E1,2022-02-19,Cardiff,Blackpool,away,2021,2,3.901935651192903,0.08484824680415723,3.4533709110961985,-0.2932361026155014
E1,2022-02-19,Coventry,Barnsley,home,2021,3,6.33546211564774,0.08484824680415723,6.394684318993,-0.03629597124002093
E1,2022-02-19,Coventry,Barnsley,away,2021,3,3.702514805632804,0.08484824680415723,3.6526066991309287,-0.03629597124002093
E1,2022-02-19,Derby,Peterboro,home,2021,8,5.251513004092226,0.08484824680415723,4.696409398819549,-0.20932134506738387
E1,2022-02-19,Derby,Peterboro,away,2021,1,4.1083420229500165,0.08484824680415723,4.111869393693561,-0.20932134506738387
E1,2022-02-19,Luton,West Brom,home,2021,4,4.47770020259334,0.08484824680415723,4.222471496395851,-0.41541929666366095
E1,2022-02-19,Luton,West Brom,away,2021,4,5.336565342114344,0.08484824680415723,5.769600224938854,-0.41541929666366095
E1,2022-02-19,Preston,Reading,home,2021,5,5.506788620524009,0.08484824680415723,4.89868710207296,-0.11295423150251738
E1,2022-02-19,Preston,Reading,away,2021,6,4.2056852025790485,0.08484824680415723,4.6317178637241945,-0.11295423150251738
E1,2022-02-19,QPR,Hull,home,2021,5,5.548400339866256,0.08484824680415723,5.351677676425767,-0.21742584834731438
E1,2022-02-19,QPR,Hull,away,2021,2,4.68363441844928,0.08484824680415723,5.509207773940979,-0.21742584834731438
E1,2022-02-19,Sheffield United,Swansea,home,2021,5,5.923224143951221,0.08484824680415723,5.672468949544498,-0.08490667773826632
E1,2022-02-19,Sheffield United,Swansea,away,2021,2,3.7246719647308635,0.08484824680415723,3.581658331623787,-0.08490667773826632
E1,2022-02-19,Stoke,Birmingham,home,2021,5,5.888266914188271,0.08484824680415723,5.979477715438004,-0.18183566209460333
E1,2022-02-19,Stoke,Birmingham,away,2021,2,4.039060407378441,0.08484824680415723,4.030777825414873,-0.18183566209460333
E1,2022-02-22,Bristol City,Coventry,home,2021,4,4.2326459616795535,0.08565300319404398,3.808213959269986,-0.3791651252896166
E1,2022-02-22,Bristol City,Coventry,away,2021,4,5.767491763877295,0.08565300319404398,6.7158750958092215,-0.3791651252896166
E1,2022-02-22,Hull,Barnsley,home,2021,6,5.410369048268751,0.08565300319404398,5.33834655093816,-0.297703798960113
E1,2022-02-22,Hull,Barnsley,away,2021,4,4.268849200525431,0.08565300319404398,4.223684550986529,-0.297703798960113
E1,2022-02-22,Middlesbrough,West Brom,home,2021,2,4.9827956641319515,0.08565300319404398,4.67576709492546,-0.3778625954198473
E1,2022-02-22,Middlesbrough,West Brom,away,2021,3,4.819567596675184,0.08565300319404398,5.269654740353702,-0.3778625954198473
E1,2022-02-22,Preston,Nott'm Forest,home,2021,11,4.796889719778884,0.08565300319404398,4.661290926862892,-0.5
E1,2022-02-22,Preston,Nott'm Forest,away,2021,3,5.137302240178229,0.08565300319404398,5.60574915322434,-0.5
E1,2022-02-22,Reading,Birmingham,home,2021,0,4.932205051071992,0.08565300319404398,4.88008027220047,-0.4745093471083012
E1,2022-02-22,Reading,Birmingham,away,2021,6,4.706367612302065,0.08565300319404398,4.673590111547489,-0.4745093471083012
E1,2022-02-23,Derby,Millwall,home,2021,9,4.8828505674916345,0.0858446946434897,4.752662947039232,-0.46926146079309505
E1,2022-02-23,Derby,Millwall,away,2021,1,4.464721523515721,0.0858446946434897,4.160460031534424,-0.46926146079309505
E1,2022-02-23,Fulham,Peterboro,home,2021,10,7.403161843903792,0.0858446946434897,7.553169257085544,0.23869400679699626
E1,2022-02-23,Fulham,Peterboro,away,2021,4,3.2738475501090454,0.0858446946434897,3.3311266592783486,0.23869400679699626
E1,2022-02-23,Huddersfield,Cardiff,home,2021,12,5.262185012516028,0.0858446946434897,5.2983436855032435,-0.37920823983872426
E1,2022-02-23,Huddersfield,Cardiff,away,2021,2,4.277031255536066,0.0858446946434897,4.0125281606123755,-0.37920823983872426
E1,2022-02-23,QPR,Blackpool,home,2021,3,5.670524254466842,0.0858446946434897,5.751108547561537,-0.2503309504898067
E1,2022-02-23,QPR,Blackpool,away,2021,1,4.062877198884375,0.0858446946434897,3.898418641005186,-0.2503309504898067
E1,2022-02-23,Sheffield United,Blackburn,home,2021,7,5.672459716198468,0.0858446946434897,5.573416421791225,-0.2032217500222202
E1,2022-02-23,Sheffield United,Blackburn,away,2021,5,3.9141909669833432,0.0858446946434897,3.6985260670746607,-0.2032217500222202
E1,2022-02-23,Stoke,Luton,home,2021,6,5.469229396984729,0.0858446946434897,5.535151781138519,-0.31468486714803073
E1,2022-02-23,Stoke,Luton,away,2021,6,4.25631044882065,0.0858446946434897,4.147164077160376,-0.31468486714803073
E1,2022-02-26,Blackburn,QPR,home,2021,9,5.190045424382059,0.08618170183399962,4.984980414710749,-0.3358956311515231
E1,2022-02-26,Blackburn,QPR,away,2021,1,4.3841094162184175,0.08618170183399962,4.372045784525914,-0.3358956311515231
E1,2022-02-26,Barnsley,Middlesbrough,home,2021,2,3.982326601911744,0.08618170183399962,3.7613162397068893,-0.1942168248540942
E1,2022-02-26,Barnsley,Middlesbrough,away,2021,12,5.728961777570708,0.08618170183399962,5.8297138367439345,-0.1942168248540942
E1,2022-02-26,Birmingham,Huddersfield,home,2021,6,4.784210682144545,0.08618170183399962,4.563827057082925,-0.47786494136676105
E1,2022-02-26,Birmingham,Huddersfield,away,2021,2,4.299004167635412,0.08618170183399962,3.795154912936841,-0.47786494136676105
E1,2022-02-26,Blackpool,Reading,home,2021,7,5.2104970596604145,0.08618170183399962,4.86065391960436,-0.2857969923988121
E1,2022-02-26,Blackpool,Reading,away,2021,2,4.290953634950606,0.08618170183399962,4.308471667792983,-0.2857969923988121
E1,2022-02-26,Bournemouth,Stoke,home,2021,6,5.771242916577929,0.08618170183399962,5.609468889949361,-0.155147376451017
E1,2022-02-26,Bournemouth,Stoke,away,2021,3,4.442383094389075,0.08618170183399962,5.097025927346778,-0.155147376451017
E1,2022-02-26,Cardiff,Fulham,home,2021,8,3.948337220693836,0.08618170183399962,3.854659866353854,-0.12975108063794905
E1,2022-02-26,Cardiff,Fulham,away,2021,9,5.252823695092287,0.08618170183399962,4.579587116862107,-0.12975108063794905
E1,2022-02-26,Coventry,Preston,home,2021,4,5.431678488611742,0.08618170183399962,5.245076339188222,-0.25878851890441457
E1,2022-02-26,Coventry,Preston,away,2021,8,4.003555055921934,0.08618170183399962,3.748453140708218,-0.25878851890441457
E1,2022-02-26,Luton,Derby,home,2021,7,5.518121608633362,0.08618170183399962,5.225243840465684,-0.20063531218728914
E1,2022-02-26,Luton,Derby,away,2021,4,4.474641453625074,0.08618170183399962,5.023161850441125,-0.20063531218728914
E1,2022-02-26,Millwall,Sheffield United,home,2021,4,4.517095834499421,0.08618170183399962,4.54876697062007,-0.33556918359524723
E1,2022-02-26,Millwall,Sheffield United,away,2021,2,4.894944484361976,0.08618170183399962,4.488983903631863,-0.33556918359524723
E1,2022-02-26,Nott'm Forest,Bristol City,home,2021,11,5.97838542427034,0.08618170183399962,6.036968936982514,-0.14524879206577945
E1,2022-02-26,Nott'm Forest,Bristol City,away,2021,5,3.8802693738532272,0.08618170183399962,3.772411936870702,-0.14524879206577945
E1,2022-02-26,Peterboro,Hull,home,2021,5,4.5750207553714555,0.08618170183399962,4.159043763741397,-0.49077472070720374
E1,2022-02-26,Peterboro,Hull,away,2021,1,5.069054215158716,0.08618170183399962,5.472156119400762,-0.49077472070720374
E1,2022-02-28,West Brom,Swansea,home,2021,4,5.822617558239271,0.08653534172187598,5.72140578559136,-0.15456355217033796
E1,2022-02-28,West Brom,Swansea,away,2021,7,3.9831849773008967,0.08653534172187598,3.978456164210436,-0.15456355217033796
E1,2022-03-01,Cardiff,Derby,home,2021,3,5.15002417945349,0.08645040443134037,4.62548837640936,-0.25204830429728764
E1,2022-03-01,Cardiff,Derby,away,2021,6,4.271727712894252,0.08645040443134037,4.364087738287974,-0.25204830429728764
E1,2022-03-04,Huddersfield,Peterboro,home,2021,4,6.163930354610325,0.08639507900306588,6.098851133059704,-0.05835952588328852
E1,2022-03-04,Huddersfield,Peterboro,away,2021,4,3.7401073547208106,0.08639507900306588,3.681628429538357,-0.05835952588328852
E1,2022-03-04,Sheffield United,Nott'm Forest,home,2021,6,5.924973671744202,0.08639507900306588,6.295750942922562,-0.2366301395523086
E1,2022-03-04,Sheffield United,Nott'm Forest,away,2021,12,4.04724419993134,0.08639507900306588,3.9006995432252807,-0.2366301395523086
E1,2022-03-05,Fulham,Blackburn,home,2021,5,6.439799134522513,0.08648212252386452,6.3557144882626035,0.027078719549023633
E1,2022-03-05,Fulham,Blackburn,away,2021,5,3.7926820641250973,0.08648212252386452,4.028650261936399,0.027078719549023633
E1,2022-03-05,Bristol City,Birmingham,home,2021,4,4.896879121284474,0.08648212252386452,4.545133843874517,-0.3943025632776053
E1,2022-03-05,Bristol City,Birmingham,away,2021,5,4.818839533056925,0.08648212252386452,5.2090524797482605,-0.3943025632776053
E1,2022-03-05,Derby,Barnsley,home,2021,4,5.199735056319184,0.08648212252386452,4.989200874705414,-0.3309210476066816
E1,2022-03-05,Derby,Barnsley,away,2021,4,4.219781098917304,0.08648212252386452,4.021826870099369,-0.3309210476066816
E1,2022-03-05,Hull,West Brom,home,2021,5,4.0704254081623965,0.08648212252386452,3.673111587684625,-0.3018767264358927
E1,2022-03-05,Hull,West Brom,away,2021,3,5.19096608839089,0.08648212252386452,5.01369398214646,-0.3018767264358927
E1,2022-03-05,Middlesbrough,Luton,home,2021,4,6.051650806771253,0.08648212252386452,6.382967846576932,-0.18630338733431528
E1,2022-03-05,Middlesbrough,Luton,away,2021,2,4.212470877805573,0.08648212252386452,4.421683288670634,-0.18630338733431528
E1,2022-03-05,Preston,Bournemouth,home,2021,2,4.632338795174769,0.08648212252386452,4.721996961914389,-0.3647531868569221
E1,2022-03-05,Preston,Bournemouth,away,2021,4,5.437072031973458,0.08648212252386452,5.815061694399467,-0.3647531868569221
E1,2022-03-05,QPR,Cardiff,home,2021,8,5.645088226646903,0.08648212252386452,6.020821915048028,-0.3324431044246163
E1,2022-03-05,QPR,Cardiff,away,2021,2,4.311065600930182,0.08648212252386452,4.218055845106919,-0.3324431044246163
E1,2022-03-05,Reading,Millwall,home,2021,6,4.627132798287999,0.08648212252386452,4.50634839398359,-0.42947898835499193
E1,2022-03-05,Reading,Millwall,away,2021,2,4.885277593397161,0.08648212252386452,4.764729149770764,-0.42947898835499193
E1,2022-03-05,Stoke,Blackpool,home,2021,2,5.536504112031372,0.08648212252386452,5.3662876697174315,-0.2285702522438448
E1,2022-03-05,Stoke,Blackpool,away,2021,2,3.7873227226227364,0.08648212252386452,3.372614858510647,-0.2285702522438448
E1,2022-03-05,Swansea,Coventry,home,2021,1,4.604381296377485,0.08648212252386452,4.319063156554645,-0.4752363582072689
E1,2022-03-05,Swansea,Coventry,away,2021,4,5.134630684131894,0.08648212252386452,5.505259686802012,-0.4752363582072689
E1,2022-03-08,Barnsley,Stoke,home,2021,2,4.520211822457612,0.08646547723102109,4.372196661774412,-0.39585947302383945
E1,2022-03-08,Barnsley,Stoke,away,2021,8,5.273571491347441,0.08646547723102109,5.54137167199184,-0.39585947302383945
E1,2022-03-08,Blackburn,Millwall,home,2021,10,5.522666708356461,0.08646547723102109,5.596107646472183,-0.298334200937012
E1,2022-03-08,Blackburn,Millwall,away,2021,2,4.04680151122426,0.08646547723102109,3.738868018616463,-0.298334200937012
E1,2022-03-08,Bournemouth,Peterboro,home,2021,3,6.611524601424487,0.08646547723102109,6.109859642984168,0.17254436216291746
E1,2022-03-08,Bournemouth,Peterboro,away,2021,7,3.601720860131635,0.08646547723102109,3.9560137417639716,0.17254436216291746
E1,2022-03-08,Coventry,Luton,home,2021,2,5.557035415386814,0.08646547723102109,5.865890632888591,-0.34663286802324234
E1,2022-03-08,Coventry,Luton,away,2021,2,4.151466982230793,0.08646547723102109,3.833920409662424,-0.34663286802324234
E1,2022-03-08,Sheffield United,Middlesbrough,home,2021,5,5.4339687770372445,0.08646547723102109,5.386971637548058,-0.296485104220747
E1,2022-03-08,Sheffield United,Middlesbrough,away,2021,3,4.7185644395574995,0.08646547723102109,5.3087058972518655,-0.296485104220747
E1,2022-03-08,Swansea,Fulham,home,2021,2,4.048012480868117,0.08646547723102109,4.019984052580563,-0.15129831176621822
E1,2022-03-08,Swansea,Fulham,away,2021,5,5.692005325192233,0.08646547723102109,5.578660848952849,-0.15129831176621822
E1,2022-03-11,West Brom,Huddersfield,home,2021,6,5.932582781616841,0.0866351681784812,6.268893169690899,-0.22609199290627457
E1,2022-03-11,West Brom,Huddersfield,away,2021,7,3.9579616490973497,0.0866351681784812,3.734500792036719,-0.22609199290627457
E1,2022-03-12,Barnsley,Fulham,home,2021,4,3.550599678383777,0.08652149331775916,3.367797094744604,0.02620919921910636
E1,2022-03-12,Barnsley,Fulham,away,2021,5,6.2682254057017595,0.08652149331775916,6.153943256455015,0.02620919921910636
E1,2022-03-12,Birmingham,Hull,home,2021,5,4.970338390106226,0.08652149331775916,4.456213109146264,-0.3157537347215935
E1,2022-03-12,Birmingham,Hull,away,2021,6,4.355478481056174,0.08652149331775916,4.367013474898602,-0.3157537347215935
E1,2022-03-12,Blackburn,Bristol City,home,2021,7,5.9953422949656625,0.08652149331775916,6.102043172404152,-0.1515176202583014
E1,2022-03-12,Blackburn,Bristol City,away,2021,3,3.950793864768524,0.08652149331775916,3.9133821675441016,-0.1515176202583014
E1,2022-03-12,Blackpool,Swansea,home,2021,7,4.848661124110574,0.08652149331775916,4.464794862424568,-0.40114722829168864
E1,2022-03-12,Blackpool,Swansea,away,2021,3,4.4979516258028385,0.08652149331775916,4.432622960680469,-0.40114722829168864
E1,2022-03-12,Bournemouth,Derby,home,2021,7,5.614331846497404,0.08652149331775916,4.908282420512149,-0.05138387484957885
E1,2022-03-12,Bournemouth,Derby,away,2021,4,4.201800958144539,0.08652149331775916,4.820411015470409,-0.05138387484957885
E1,2022-03-12,Cardiff,Preston,home,2021,5,4.77966878435598,0.08652149331775916,4.396452857860567,-0.42629883205799435
E1,2022-03-12,Cardiff,Preston,away,2021,2,4.540463518557757,0.08652149331775916,4.451390839992385,-0.42629883205799435
E1,2022-03-12,Coventry,Sheffield United,home,2021,5,4.722605288433036,0.08652149331775916,4.624388540866921,-0.45964572916286484
E1,2022-03-12,Coventry,Sheffield United,away,2021,7,4.5424567804483065,0.08652149331775916,4.1220529188353465,-0.45964572916286484
E1,2022-03-12,Millwall,Middlesbrough,home,2021,8,4.729394776338231,0.08652149331775916,4.66708971970509,-0.4509681461801049
E1,2022-03-12,Millwall,Middlesbrough,away,2021,6,4.961413121639874,0.08652149331775916,5.008236942701696,-0.4509681461801049
E1,2022-03-12,Nott'm Forest,Reading,home,2021,2,6.12794044350378,0.08652149331775916,5.929646968888275,-0.03665561811576379
E1,2022-03-12,Nott'm Forest,Reading,away,2021,4,3.694330585486883,0.08652149331775916,3.6333767974063518,-0.03665561811576379
E1,2022-03-12,Peterboro,Stoke,home,2021,3,4.44499604830905,0.08652149331775916,4.488637091356961,-0.30145480562842836
E1,2022-03-12,Peterboro,Stoke,away,2021,3,5.33684599335616,0.08652149331775916,5.338373180488808,-0.30145480562842836
E1,2022-03-13,Luton,QPR,home,2021,4,5.587582352607379,0.08598880737251319,5.90092874927987,-0.33709273182957394
E1,2022-03-13,Luton,QPR,away,2021,4,4.549402137459081,0.08598880737251319,4.752111902333905,-0.33709273182957394
E1,2022-03-15,Barnsley,Bristol City,home,2021,7,4.950218390372357,0.08592612455365564,4.649292996702284,-0.39139878366637704
E1,2022-03-15,Barnsley,Bristol City,away,2021,3,4.711259864992569,0.08592612455365564,4.95812982049285,-0.39139878366637704
E1,2022-03-15,Birmingham,Middlesbrough,home,2021,5,4.308319231455077,0.08592612455365564,4.17633021024308,-0.30304120461372985
E1,2022-03-15,Birmingham,Middlesbrough,away,2021,7,5.348780412634942,0.08592612455365564,5.371377800139452,-0.30304120461372985
E1,2022-03-15,Blackburn,Derby,home,2021,9,5.545823754225729,0.08592612455365564,5.168141285165801,-0.16785582482470168
E1,2022-03-15,Blackburn,Derby,away,2021,1,4.074488734706256,0.08592612455365564,4.151070306803797,-0.16785582482470168
E1,2022-03-15,Bournemouth,Reading,home,2021,5,6.067298734699061,0.08592612455365564,5.359008452279378,0.07842869941183339
E1,2022-03-15,Bournemouth,Reading,away,2021,7,3.8015648722829325,0.08592612455365564,4.194641111596483,0.07842869941183339
E1,2022-03-15,West Brom,Fulham,home,2021,8,4.6923655533970345,0.08592612455365564,5.11022396062842,-0.2919107677351684
E1,2022-03-15,West Brom,Fulham,away,2021,8,5.302570487335737,0.08592612455365564,5.226547423863231,-0.2919107677351684
E1,2022-03-16,Blackpool,Sheffield United,home,2021,2,4.401927737676188,0.08574075068357079,4.288340845437666,-0.33588426901705304
E1,2022-03-16,Blackpool,Sheffield United,away,2021,5,5.0430316227260965,0.08574075068357079,4.804869375761002,-0.33588426901705304
E1,2022-03-16,Cardiff,Stoke,home,2021,9,5.004395938437133,0.08574075068357079,4.87164645065069,-0.4235653480220331
E1,2022-03-16,Cardiff,Stoke,away,2021,8,4.623285390021228,0.08574075068357079,4.646882077606796,-0.4235653480220331
E1,2022-03-16,Coventry,Hull,home,2021,12,5.766793672060582,0.08574075068357079,5.2881144979978005,-0.07130128260240898
E1,2022-03-16,Coventry,Hull,away,2021,5,3.993630155795896,0.08574075068357079,4.236307178024699,-0.07130128260240898
E1,2022-03-16,Luton,Preston,home,2021,4,5.216495599156952,0.08574075068357079,5.1185059668283905,-0.3576792649871514
E1,2022-03-16,Luton,Preston,away,2021,3,4.601883768857749,0.08574075068357079,4.8096420285291845,-0.3576792649871514
E1,2022-03-16,Millwall,Huddersfield,home,2021,7,5.326491641144837,0.08574075068357079,5.563238306823161,-0.41020334568766903
E1,2022-03-16,Millwall,Huddersfield,away,2021,3,4.1463926913655795,0.08574075068357079,3.6608954708924872,-0.41020334568766903
E1,2022-03-16,Nott'm Forest,QPR,home,2021,6,5.65372138136386,0.08574075068357079,5.7322279726392615,-0.2554010429600198
E1,2022-03-16,Nott'm Forest,QPR,away,2021,2,4.076339855644469,0.08574075068357079,3.914289361939828,-0.2554010429600198
E1,2022-03-16,Peterboro,Swansea,home,2021,3,4.212349213657292,0.08574075068357079,3.962456054438045,-0.3049920954777226
E1,2022-03-16,Peterboro,Swansea,away,2021,4,4.969321913938193,0.08574075068357079,4.549655450533642,-0.3049920954777226
E1,2022-03-19,Derby,Coventry,home,2021,7,4.390012469834947,0.08577914312153838,4.006949060177163,-0.4262703955202266
E1,2022-03-19,Derby,Coventry,away,2021,10,4.932785370792564,0.08577914312153838,4.86011238858485,-0.4262703955202266
E1,2022-03-19,Sheffield United,Barnsley,home,2021,7,6.395555082162804,0.08577914312153838,6.43791632490451,-0.014713597558067337
E1,2022-03-19,Sheffield United,Barnsley,away,2021,6,3.774190713590677,0.08577914312153838,3.872051022324759,-0.014713597558067337
E1,2022-03-19,Bristol City,West Brom,home,2021,3,3.796713889775763,0.08577914312153838,3.1418913445165884,-0.2987817004633074
E1,2022-03-19,Bristol City,West Brom,away,2021,5,5.7176604863539895,0.08577914312153838,6.233022057467488,-0.2987817004633074
E1,2022-03-19,Huddersfield,Bournemouth,home,2021,2,4.698647843906091,0.08577914312153838,4.711857327851824,-0.4152539685056852
E1,2022-03-19,Huddersfield,Bournemouth,away,2021,5,4.925246490729015,0.08577914312153838,4.806946815694674,-0.4152539685056852
E1,2022-03-19,Hull,Luton,home,2021,6,4.893450044164334,0.08577914312153838,5.105517104157535,-0.43305789446158677
E1,2022-03-19,Hull,Luton,away,2021,5,4.573406132973643,0.08577914312153838,4.110909430358497,-0.43305789446158677
E1,2022-03-19,Reading,Blackburn,home,2021,3,4.305971150033867,0.08577914312153838,3.921190907980614,-0.3935630420673786
E1,2022-03-19,Reading,Blackburn,away,2021,4,5.178813445542034,0.08577914312153838,5.309164912833873,-0.3935630420673786
E1,2022-03-19,Stoke,Millwall,home,2021,4,5.456130554400306,0.08577914312153838,5.787831600127079,-0.3880610359420636
E1,2022-03-19,Stoke,Millwall,away,2021,4,4.158458252151347,0.08577914312153838,3.7412982671162784,-0.3880610359420636
E1,2022-03-19,Swansea,Birmingham,home,2021,1,5.27447447447625,0.08577914312153838,4.843352039111223,-0.239915162605007
E1,2022-03-19,Swansea,Birmingham,away,2021,6,4.277627405942619,0.08577914312153838,4.414220693974426,-0.239915162605007
E1,2022-03-20,QPR,Peterboro,home,2021,4,6.244059076455905,0.0854952328053636,6.084616389902785,-0.011905948895515883
E1,2022-03-20,QPR,Peterboro,away,2021,2,3.882449357504281,0.0854952328053636,4.137214360053966,-0.011905948895515883
E1,2022-04-01,Hull,Huddersfield,home,2021,4,5.063584118980682,0.0855211128209544,5.294721936837697,-0.4936199767411811
E1,2022-04-01,Hull,Huddersfield,away,2021,9,4.3852472785964345,0.0855211128209544,3.893991585474524,-0.4936199767411811
E1,2022-04-02,Blackpool,Nott'm Forest,home,2021,8,4.803893498671157,0.08549819621631687,5.001389361393945,-0.40170392519815834
E1,2022-04-02,Blackpool,Nott'm Forest,away,2021,4,5.0481122837361285,0.08549819621631687,5.037218118417011,-0.40170392519815834
E1,2022-04-02,Barnsley,Reading,home,2021,1,4.762055590895514,0.08549819621631687,4.195319936482353,-0.3700037442665917
E1,2022-04-02,Barnsley,Reading,away,2021,8,4.603762790126464,0.08549819621631687,4.773775321689155,-0.3700037442665917
E1,2022-04-02,Bournemouth,Bristol City,home,2021,12,6.355390385137638,0.08549819621631687,6.140763528484833,0.03351846227274713
E1,2022-04-02,Bournemouth,Bristol City,away,2021,3,3.9436193991833943,0.08549819621631687,4.421984941431019,0.03351846227274713
E1,2022-04-02,Cardiff,Swansea,home,2021,8,4.928325280589436,0.08549819621631687,4.566947219849293,-0.3799896105122726
E1,2022-04-02,Cardiff,Swansea,away,2021,4,4.38702324512411,0.08549819621631687,4.248814769725184,-0.3799896105122726
E1,2022-04-02,Coventry,Blackburn,home,2021,2,5.335188706306038,0.08549819621631687,5.23449784676717,-0.31554703432320674
E1,2022-04-02,Coventry,Blackburn,away,2021,4,4.290687803091464,0.08549819621631687,4.221255216203966,-0.31554703432320674
E1,2022-04-02,Derby,Preston,home,2021,9,4.679456354444363,0.08549819621631687,4.338099236420627,-0.4773211295540636
E1,2022-04-02,Derby,Preston,away,2021,5,4.5953160140080085,0.08549819621631687,4.4180437605664755,-0.4773211295540636
E1,2022-04-02,Luton,Millwall,home,2021,5,5.6830117959606925,0.08549819621631687,6.136472629852892,-0.33800615893735353
E1,2022-04-02,Luton,Millwall,away,2021,4,4.289509114142531,0.08549819621631687,4.154429886994834,-0.33800615893735353
E1,2022-04-02,Peterboro,Middlesbrough,home,2021,5,3.958456615005709,0.08549819621631687,3.8392665078048185,-0.14414029084687774
E1,2022-04-02,Peterboro,Middlesbrough,away,2021,7,5.822228211158415,0.08549819621631687,5.844557119550264,-0.14414029084687774
E1,2022-04-02,QPR,Fulham,home,2021,4,4.338963590744979,0.08549819621631687,4.731626406359722,-0.14379321422245178
E1,2022-04-02,QPR,Fulham,away,2021,5,5.592123615448897,0.08549819621631687,5.331111087997766,-0.14379321422245178
E1,2022-04-02,Stoke,Sheffield United,home,2021,4,4.514190141868483,0.08549819621631687,4.24056944139613,-0.43619459346840983
E1,2022-04-02,Stoke,Sheffield United,away,2021,7,4.805112489690597,0.08549819621631687,4.609840586211854,-0.43619459346840983
E1,2022-04-03,Birmingham,West Brom,home,2021,3,3.9417766212447805,0.08531264930963012,3.4256063391982923,-0.2970647098065377
E1,2022-04-03,Birmingham,West Brom,away,2021,6,5.121806643321974,0.08531264930963012,4.847105969639415,-0.2970647098065377
E1,2022-04-05,Millwall,Swansea,home,2021,10,5.31656904243151,0.08525881819993558,5.168757269428322,-0.30868141969910984
E1,2022-04-05,Millwall,Swansea,away,2021,5,4.133541520108747,0.08525881819993558,3.896016693979189,-0.30868141969910984
E1,2022-04-05,Peterboro,Luton,home,2021,4,4.195137116479056,0.08525881819993558,4.353734222431129,-0.1534096980317569
E1,2022-04-05,Peterboro,Luton,away,2021,6,5.185272187834274,0.08525881819993558,4.519137292835665,-0.1534096980317569
E1,2022-04-05,Preston,Blackpool,home,2021,3,5.078234738989099,0.08525881819993558,4.839070149960888,-0.36493913490884855
E1,2022-04-05,Preston,Blackpool,away,2021,3,4.171996939899495,0.08525881819993558,3.8290258559633554,-0.36493913490884855
E1,2022-04-05,Sheffield United,QPR,home,2021,5,6.198110826892692,0.08525881819993558,6.346205302187496,-0.09817191070486897
E1,2022-04-05,Sheffield United,QPR,away,2021,5,3.9243410226719684,0.08525881819993558,3.9969847329883033,-0.09817191070486897
E1,2022-04-05,Reading,Stoke,home,2021,5,4.638182554352371,0.08525881819993558,4.37065958313714,-0.48220955973111995
E1,2022-04-05,Reading,Stoke,away,2021,3,5.1603995929061295,0.08525881819993558,5.594872009394489,-0.48220955973111995
E1,2022-04-06,Middlesbrough,Fulham,home,2021,8,4.812183283036258,0.08503592320128202,5.166939773947098,-0.3597467649923473
E1,2022-04-06,Middlesbrough,Fulham,away,2021,4,5.193122257135786,0.08503592320128202,5.22066246195738,-0.3597467649923473
E1,2022-04-06,Nott'm Forest,Coventry,home,2021,7,5.262457774212575,0.08503592320128202,4.953432776099031,-0.28043402576302656
E1,2022-04-06,Nott'm Forest,Coventry,away,2021,2,4.438060853559825,0.08503592320128202,4.668847925052846,-0.28043402576302656
E1,2022-04-06,West Brom,Bournemouth,home,2021,6,5.196061912707364,0.08503592320128202,5.505471130494227,-0.47751042449928227
E1,2022-04-06,West Brom,Bournemouth,away,2021,5,4.952146601633996,0.08503592320128202,5.236526108165256,-0.47751042449928227
E1,2022-04-09,Sheffield United,Bournemouth,home,2021,7,5.267886840649028,0.08486997404307851,5.456169023196983,-0.4185963237049415
E1,2022-04-09,Sheffield United,Bournemouth,away,2021,4,4.67709892647042,0.08486997404307851,4.7870269559310525,-0.4185963237049415
E1,2022-04-09,Blackburn,Blackpool,home,2021,7,5.636946657520371,0.08486997404307851,5.29403723955277,-0.1488142786582355
E1,2022-04-09,Blackburn,Blackpool,away,2021,6,3.500534787320396,0.08486997404307851,2.9773659121871803,-0.1488142786582355
E1,2022-04-09,Bristol City,Peterboro,home,2021,11,5.209026954721172,0.08486997404307851,4.562793486621243,-0.19410542716177615
E1,2022-04-09,Bristol City,Peterboro,away,2021,4,4.430712133113127,0.08486997404307851,4.933644936324231,-0.19410542716177615
E1,2022-04-09,Middlesbrough,Hull,home,2021,7,6.256583888927179,0.08486997404307851,6.259803404175482,-0.04680865254218447
E1,2022-04-09,Middlesbrough,Hull,away,2021,1,4.108581749030157,0.08486997404307851,4.594936233214655,-0.04680865254218447
E1,2022-04-09,Millwall,Barnsley,home,2021,7,5.992221288790413,0.08486997404307851,6.065949535882673,-0.1445623180824176
E1,2022-04-09,Millwall,Barnsley,away,2021,7,3.9498319283911085,0.08486997404307851,3.9298309706757624,-0.1445623180824176
E1,2022-04-09,Nott'm Forest,Birmingham,home,2021,9,6.029474101556428,0.08486997404307851,5.7989111949804855,-0.05796702809178189
E1,2022-04-09,Nott'm Forest,Birmingham,away,2021,4,3.723395861743739,0.08486997404307851,3.6452966208138298,-0.05796702809178189
E1,2022-04-09,Preston,QPR,home,2021,7,5.196409326394468,0.08486997404307851,5.001552411941786,-0.33667450800390153
E1,2022-04-09,Preston,QPR,away,2021,5,4.536162063435107,0.08486997404307851,4.722062750875258,-0.33667450800390153
E1,2022-04-09,Reading,Cardiff,home,2021,5,4.9987338515789785,0.08486997404307851,4.806795654891335,-0.4077065945971688
E1,2022-04-09,Reading,Cardiff,away,2021,5,4.480675526256909,0.08486997404307851,4.374362883229952,-0.4077065945971688
E1,2022-04-09,Swansea,Derby,home,2021,3,4.919097125356984,0.08486997404307851,4.339729158787212,-0.3114800225098481
E1,2022-04-09,Swansea,Derby,away,2021,4,4.515190205083685,0.08486997404307851,4.753617195440088,-0.3114800225098481
E1,2022-04-09,West Brom,Stoke,home,2021,6,6.00617471999953,0.08486997404307851,6.429641385336764,-0.22210595204821093
E1,2022-04-09,West Brom,Stoke,away,2021,4,4.539739430220147,0.08486997404307851,5.115384379262363,-0.22210595204821093
E1,2022-04-10,Fulham,Coventry,home,2021,6,6.2514122118908215,0.08439803753838568,6.086980488933773,-0.008553893193549711
E1,2022-04-10,Fulham,Coventry,away,2021,10,4.043595459423289,0.08439803753838568,4.548547345079495,-0.008553893193549711
E1,2022-04-11,Huddersfield,Luton,home,2021,6,5.124162467066494,0.08439904303433352,5.069348580008502,-0.4030420071501532
E1,2022-04-11,Huddersfield,Luton,away,2021,3,4.354519741845807,0.08439904303433352,4.112325014997186,-0.4030420071501532
E1,2022-04-15,Luton,Nott'm Forest,home,2021,6,5.166540814711891,0.08434600090448816,5.721270620466872,-0.44718727986313783
E1,2022-04-15,Luton,Nott'm Forest,away,2021,1,5.070074401958503,0.08434600090448816,5.247638788742419,-0.44718727986313783
E1,2022-04-15,Birmingham,Coventry,home,2021,8,4.413880525671126,0.08434600090448816,4.186425333872861,-0.3801511935207212
E1,2022-04-15,Birmingham,Coventry,away,2021,7,5.215931283729203,0.08434600090448816,5.346926132064175,-0.3801511935207212
E1,2022-04-15,Bournemouth,Middlesbrough,home,2021,3,5.3281114155667035,0.08434600090448816,5.0919520978336505,-0.2795265268072059
E1,2022-04-15,Bournemouth,Middlesbrough,away,2021,4,4.9118644362936905,0.08434600090448816,5.884028773917276,-0.2795265268072059
E1,2022-04-15,Hull,Cardiff,home,2021,4,5.310262605567197,0.08434600090448816,5.6593086409628715,-0.44544938696929776
E1,2022-04-15,Hull,Cardiff,away,2021,4,4.42829455272531,0.08434600090448816,4.1505830897455205,-0.44544938696929776
E1,2022-04-15,Peterboro,Blackburn,home,2021,7,3.970744992384573,0.08434600090448816,3.7928515548572945,-0.17228355607205104
E1,2022-04-15,Peterboro,Blackburn,away,2021,6,5.379138850204265,0.08434600090448816,4.976323186782748,-0.17228355607205104
E1,2022-04-15,Preston,Millwall,home,2021,10,5.284488910236852,0.08434600090448816,5.431671526185302,-0.4015213987785785
E1,2022-04-15,Preston,Millwall,away,2021,6,4.452404337669031,0.08434600090448816,4.330085103411083,-0.4015213987785785
E1,2022-04-15,Sheffield United,Reading,home,2021,6,6.0684123935558745,0.08434600090448816,5.900862313680098,-0.062049836025377725
E1,2022-04-15,Sheffield United,Reading,away,2021,2,3.9218307886057784,0.08434600090448816,4.090817406727467,-0.062049836025377725
E1,2022-04-15,Stoke,Bristol City,home,2021,6,5.950337448466298,0.08434600090448816,6.039099367884491,-0.16143292305406265
E1,2022-04-15,Stoke,Bristol City,away,2021,0,4.01359232466036,0.08434600090448816,4.028931466520663,-0.16143292305406265
E1,2022-04-15,Swansea,Barnsley,home,2021,6,5.358330995209446,0.08434600090448816,4.679144315044231,-0.13683984951664369
E1,2022-04-15,Swansea,Barnsley,away,2021,8,4.254956699164713,0.08434600090448816,4.679132479896,-0.13683984951664369
E1,2022-04-15,West Brom,Blackpool,home,2021,7,5.9907087957112415,0.08434600090448816,6.030560607828912,-0.1368325748731266
E1,2022-04-15,West Brom,Blackpool,away,2021,3,3.8242895509311112,0.08434600090448816,3.670795385114863,-0.1368325748731266
E1,2022-04-15,Huddersfield,QPR,home,2021,7,5.444373279389324,0.08434600090448816,5.296392757935348,-0.265272692233571
E1,2022-04-15,Huddersfield,QPR,away,2021,4,4.157363515601496,0.08434600090448816,4.06599778288649,-0.265272692233571
E1,2022-04-15,Derby,Fulham,home,2021,3,4.137280669494914,0.08434600090448816,4.439189062132768,-0.07866976862770103
E1,2022-04-15,Derby,Fulham,away,2021,8,5.680908924302485,0.08434600090448816,5.285294395995725,-0.07866976862770103
E1,2022-04-18,Middlesbrough,Huddersfield,home,2021,11,5.95199869752727,0.08403967525542806,6.1855480007767625,-0.19560085379568581
E1,2022-04-18,Middlesbrough,Huddersfield,away,2021,4,4.013418778167977,0.08403967525542806,3.935653868418905,-0.19560085379568581
E1,2022-04-18,Barnsley,Peterboro,home,2021,9,5.092798869821141,0.08403967525542806,4.607148984277121,-0.28345604157643994
E1,2022-04-18,Barnsley,Peterboro,away,2021,3,4.428385493486908,0.08403967525542806,4.636155136175353,-0.28345604157643994
E1,2022-04-18,Blackburn,Stoke,home,2021,1,5.630718095058818,0.08403967525542806,5.792210624669293,-0.2842323651452282
E1,2022-04-18,Blackburn,Stoke,away,2021,3,4.312927022320699,0.08403967525542806,4.363474910198895,-0.2842323651452282
E1,2022-04-18,Blackpool,Birmingham,home,2021,9,5.3432812195399375,0.08403967525542806,5.299425837641684,-0.3285549632617778
E1,2022-04-18,Blackpool,Birmingham,away,2021,7,4.287472583106897,0.08403967525542806,4.176807809136267,-0.3285549632617778
E1,2022-04-18,Cardiff,Luton,home,2021,9,4.9694776976635024,0.08403967525542806,5.1451667781348505,-0.4730901753715102
E1,2022-04-18,Cardiff,Luton,away,2021,4,4.5482182952544585,0.08403967525542806,4.17207115541378,-0.4730901753715102
E1,2022-04-18,Coventry,Bournemouth,home,2021,10,4.8877740299001315,0.08403967525542806,5.074139565743528,-0.43822146899881687
E1,2022-04-18,Coventry,Bournemouth,away,2021,3,4.770358351143659,0.08403967525542806,4.540634677036245,-0.43822146899881687
E1,2022-04-18,Millwall,Hull,home,2021,5,5.881565487045788,0.08403967525542806,5.9834248206326,-0.18659615028627657
E1,2022-04-18,Millwall,Hull,away,2021,7,4.141699908457276,0.08403967525542806,4.25368071807829,-0.18659615028627657
E1,2022-04-18,QPR,Derby,home,2021,6,5.211832062910651,0.08403967525542806,5.142033736077487,-0.3673767997190682
E1,2022-04-18,QPR,Derby,away,2021,5,4.449239025345077,0.08403967525542806,4.425041066537754,-0.3673767997190682
E1,2022-04-18,Reading,Swansea,home,2021,5,4.645472024169021,0.08403967525542806,4.16313366298799,-0.4413014650668627
E1,2022-04-18,Reading,Swansea,away,2021,3,4.702231577650236,0.08403967525542806,4.771201933110109,-0.4413014650668627
E1,2022-04-18,Bristol City,Sheffield United,home,2021,2,3.971464259595884,0.08403967525542806,3.7000182680019416,-0.20918557828208761
E1,2022-04-18,Bristol City,Sheffield United,away,2021,7,5.813723040601492,0.08403967525542806,6.089652893881796,-0.20918557828208761
E1,2022-04-18,Nott'm Forest,West Brom,home,2021,8,4.876709830526916,0.08403967525542806,4.225898604504574,-0.30137789722193353
E1,2022-04-18,Nott'm Forest,West Brom,away,2021,0,4.308182501439368,0.08403967525542806,4.3019154857242885,-0.30137789722193353
E1,2022-04-19,Fulham,Preston,home,2021,6,6.379259247858301,0.08419472766659161,6.232171849172533,0.024363790275646835
E1,2022-04-19,Fulham,Preston,away,2021,5,3.876267619705682,0.08419472766659161,4.22559076417907,0.024363790275646835
E1,2022-04-22,Huddersfield,Barnsley,home,2021,2,5.885211947684262,0.08408534207140834,5.541373685976818,-0.07210591582172293
E1,2022-04-22,Huddersfield,Barnsley,away,2021,7,4.016892650305701,0.08408534207140834,4.290282399629672,-0.07210591582172293
E1,2022-04-23,Luton,Blackpool,home,2021,0,5.572405233180289,0.0840907229892221,5.453731158323954,-0.23071298176873728
E1,2022-04-23,Luton,Blackpool,away,2021,3,3.8910677558313393,0.0840907229892221,3.5811732718492055,-0.23071298176873728
E1,2022-04-23,Birmingham,Millwall,home,2021,4,4.856713642989419,0.0840907229892221,5.298762777092503,-0.353532060358897
E1,2022-04-23,Birmingham,Millwall,away,2021,6,4.681028924432479,0.0840907229892221,4.10520688505644,-0.353532060358897
E1,2022-04-23,Bournemouth,Fulham,home,2021,4,5.016918152424532,0.0840907229892221,4.827780009397524,-0.4019896831245394
E1,2022-04-23,Bournemouth,Fulham,away,2021,3,4.967205553625494,0.0840907229892221,5.551791981416336,-0.4019896831245394
E1,2022-04-23,Derby,Bristol City,home,2021,2,5.563266441774952,0.0840907229892221,5.755260565937171,-0.31500922698380146
E1,2022-04-23,Derby,Bristol City,away,2021,5,4.244029869099667,0.0840907229892221,4.119086755438582,-0.31500922698380146
E1,2022-04-23,Hull,Reading,home,2021,5,4.902515383033478,0.0840907229892221,4.8326060723673,-0.48030512952700094
E1,2022-04-23,Hull,Reading,away,2021,5,4.56352586965675,0.0840907229892221,4.339984548109761,-0.48030512952700094
E1,2022-04-23,Peterboro,Nott'm Forest,home,2021,6,4.250178201526939,0.0840907229892221,4.611394591706554,-0.11261557474163975
E1,2022-04-23,Peterboro,Nott'm Forest,away,2021,5,5.61692068128947,0.0840907229892221,5.271624030216563,-0.11261557474163975
E1,2022-04-23,Sheffield United,Cardiff,home,2021,5,6.431207108266876,0.0840907229892221,6.7078355501705955,-0.05635491606714632
E1,2022-04-23,Sheffield United,Cardiff,away,2021,4,3.7480981604076886,0.0840907229892221,3.7046095234674814,-0.05635491606714632
E1,2022-04-23,Stoke,QPR,home,2021,9,5.412209091954498,0.0840907229892221,5.321006945669249,-0.29180528804062333
E1,2022-04-23,Stoke,QPR,away,2021,7,4.172564453840857,0.0840907229892221,4.0262962749770725,-0.29180528804062333
E1,2022-04-23,Swansea,Middlesbrough,home,2021,8,4.296075064943093,0.0840907229892221,3.9441208807116284,-0.37735657656532867
E1,2022-04-23,Swansea,Middlesbrough,away,2021,2,5.532897994773527,0.0840907229892221,6.103072062687483,-0.37735657656532867
E1,2022-04-23,West Brom,Coventry,home,2021,7,5.526861876156563,0.0840907229892221,5.841269785295969,-0.35861098383190415
E1,2022-04-23,West Brom,Coventry,away,2021,3,4.888463163695205,0.0840907229892221,5.514551691020179,-0.35861098383190415
E1,2022-04-25,Preston,Blackburn,home,2021,4,4.7974126206421195,0.08383603286623666,4.66244669234544,-0.5
E1,2022-04-25,Preston,Blackburn,away,2021,6,4.961355152503767,0.08383603286623666,5.178578035428655,-0.5
E1,2022-04-26,Barnsley,Blackpool,home,2021,6,4.373572008072706,0.08374837221490482,4.010980001545268,-0.41229731329151376
E1,2022-04-26,Barnsley,Blackpool,away,2021,4,4.557047162407904,0.08374837221490482,4.020158064734056,-0.41229731329151376
E1,2022-04-26,Fulham,Nott'm Forest,home,2021,8,6.191163795903752,0.08374837221490482,6.934630361487697,-0.23179410621894103
E1,2022-04-26,Fulham,Nott'm Forest,away,2021,5,4.36471593934103,0.08374837221490482,4.646971628360422,-0.23179410621894103
E1,2022-04-26,Swansea,Bournemouth,home,2021,4,4.343340093935714,0.08374837221490482,4.390055618815647,-0.25690607734806636
E1,2022-04-26,Swansea,Bournemouth,away,2021,7,5.353155310663452,0.08374837221490482,5.214527132333236,-0.25690607734806636
E1,2022-04-27,Middlesbrough,Cardiff,home,2021,9,6.477287469313981,0.08350197264087987,6.860355833449167,-0.06550191381652049
E1,2022-04-27,Middlesbrough,Cardiff,away,2021,4,3.7960187799354044,0.08350197264087987,3.7894785867772374,-0.06550191381652049
E1,2022-04-29,QPR,Sheffield United,home,2021,1,4.172613998019104,0.08348055884574505,4.31273092160838,-0.14933540646987997
E1,2022-04-29,QPR,Sheffield United,away,2021,15,5.4626927263673695,0.08348055884574505,5.073759939901298,-0.14933540646987997
E1,2022-04-30,Barnsley,Preston,home,2021,3,4.355801638984381,0.0841275579543328,4.112544334592901,-0.3621034224331751
E1,2022-04-30,Barnsley,Preston,away,2021,10,5.1094950926272364,0.0841275579543328,5.039509630895332,-0.3621034224331751
E1,2022-04-30,Blackburn,Bournemouth,home,2021,6,4.908891535657211,0.0841275579543328,5.12767697751932,-0.43721033585169194
E1,2022-04-30,Blackburn,Bournemouth,away,2021,2,4.714024896745302,0.0841275579543328,4.416544989174707,-0.43721033585169194
E1,2022-04-30,Blackpool,Derby,home,2021,5,5.410574566343951,0.0841275579543328,5.082098787521912,-0.22552073062093259
E1,2022-04-30,Blackpool,Derby,away,2021,1,4.303890168484591,0.0841275579543328,4.520304993026246,-0.22552073062093259
E1,2022-04-30,Bristol City,Hull,home,2021,1,4.936475957694797,0.0841275579543328,4.548886772189029,-0.36867995353953364
E1,2022-04-30,Bristol City,Hull,away,2021,4,4.989182873794696,0.0841275579543328,5.736800771205248,-0.36867995353953364
E1,2022-04-30,Cardiff,Birmingham,home,2021,7,5.528517292225901,0.0841275579543328,5.655916893372105,-0.31037895927601805
E1,2022-04-30,Cardiff,Birmingham,away,2021,2,4.28379716460714,0.0841275579543328,4.2207173693462785,-0.31037895927601805
E1,2022-04-30,Coventry,Huddersfield,home,2021,10,5.509214688937228,0.0841275579543328,6.076662150772014,-0.4271366679795195
E1,2022-04-30,Coventry,Huddersfield,away,2021,3,4.2061910229384,0.0841275579543328,3.738613562223747,-0.4271366679795195
E1,2022-04-30,Middlesbrough,Stoke,home,2021,7,6.032344074019653,0.0841275579543328,6.3767565650216955,-0.19552322656928778
E1,2022-04-30,Middlesbrough,Stoke,away,2021,1,4.253930198420102,0.0841275579543328,4.492915856703737,-0.19552322656928778
E1,2022-04-30,Millwall,Peterboro,home,2021,8,6.505828030699852,0.0841275579543328,6.613016511419538,0.00293282876064338
E1,2022-04-30,Millwall,Peterboro,away,2021,12,3.714745510658714,0.0841275579543328,3.7799951578327757,0.00293282876064338
E1,2022-04-30,Nott'm Forest,Swansea,home,2021,12,5.992011813434723,0.0841275579543328,5.684091682822274,-0.04943707501950734
E1,2022-04-30,Nott'm Forest,Swansea,away,2021,4,3.668801677556321,0.0841275579543328,3.545450469149063,-0.04943707501950734
E1,2022-04-30,Reading,West Brom,home,2021,6,4.057738867795441,0.0841275579543328,3.3329036081411108,-0.43384944386700597
E1,2022-04-30,Reading,West Brom,away,2021,5,5.031804675752646,0.0841275579543328,5.11122858684359,-0.43384944386700597
E1,2022-05-02,Fulham,Luton,home,2021,5,6.537788931292976,0.08472366393024865,6.887537192137212,-0.04031941067710998
E1,2022-05-02,Fulham,Luton,away,2021,3,3.905828445185415,0.08472366393024865,4.11352506322959,-0.04031941067710998
E1,2022-05-03,Bournemouth,Nott'm Forest,home,2021,4,5.468151921067769,0.08467853245465325,5.762605509759784,-0.3743303336951574
E1,2022-05-03,Bournemouth,Nott'm Forest,away,2021,3,4.661597540791404,0.08467853245465325,4.896782670728302,-0.3743303336951574
E1,2022-05-07,Birmingham,Blackburn,home,2021,8,4.518859211303786,0.08465449480178508,4.20509779494181,-0.45194317908902293
E1,2022-05-07,Birmingham,Blackburn,away,2021,1,4.89529139296038,0.08465449480178508,4.860950173350355,-0.45194317908902293
E1,2022-05-07,Bournemouth,Millwall,home,2021,6,5.72465583252814,0.08465449480178508,5.925473933642738,-0.2624287679308311
E1,2022-05-07,Bournemouth,Millwall,away,2021,5,4.170133341599131,0.08465449480178508,4.102416341454308,-0.2624287679308311
E1,2022-05-07,Derby,Cardiff,home,2021,7,5.250562198399471,0.08465449480178508,5.289908760964712,-0.38424124513618674
E1,2022-05-07,Derby,Cardiff,away,2021,1,4.36226741842861,0.08465449480178508,4.182322181175808,-0.38424124513618674
E1,2022-05-07,Huddersfield,Bristol City,home,2021,7,5.680815275377806,0.08465449480178508,5.796225300990361,-0.2557365483616348
E1,2022-05-07,Huddersfield,Bristol City,away,2021,2,4.056290420332683,0.08465449480178508,3.8697517645576553,-0.2557365483616348
E1,2022-05-07,Hull,Nott'm Forest,home,2021,6,4.62013491533886,0.08465449480178508,5.257534362268703,-0.19859916441386094
E1,2022-05-07,Hull,Nott'm Forest,away,2021,4,5.295385666807384,0.08465449480178508,4.888888269781256,-0.19859916441386094
E1,2022-05-07,Luton,Reading,home,2021,1,5.7991281170306435,0.08465449480178508,5.092153903759096,0.0026395076352587754
E1,2022-05-07,Luton,Reading,away,2021,4,3.9147558117472725,0.08465449480178508,4.258002849075108,0.0026395076352587754
E1,2022-05-07,Peterboro,Blackpool,home,2021,4,4.409612205112855,0.08465449480178508,4.283622809260501,-0.34330770088041906
E1,2022-05-07,Peterboro,Blackpool,away,2021,4,4.571362205809365,0.08465449480178508,3.8626627437965344,-0.34330770088041906
E1,2022-05-07,Preston,Middlesbrough,home,2021,7,4.293383424591034,0.08465449480178508,4.679659461536803,-0.12478677809153843
E1,2022-05-07,Preston,Middlesbrough,away,2021,0,5.951368315441302,0.08465449480178508,6.062943362763089,-0.12478677809153843
E1,2022-05-07,Sheffield United,Fulham,home,2021,2,5.3741478576491435,0.08465449480178508,5.2803945521507485,-0.3040945993646312
E1,2022-05-07,Sheffield United,Fulham,away,2021,7,4.537738952280965,0.08465449480178508,4.832084476301636,-0.3040945993646312
E1,2022-05-07,Stoke,Coventry,home,2021,4,5.049125539232208,0.08465449480178508,5.016700835918558,-0.43689779918063376
E1,2022-05-07,Stoke,Coventry,away,2021,7,4.835462096921033,0.08465449480178508,5.099544139520505,-0.43689779918063376
E1,2022-05-07,Swansea,QPR,home,2021,0,5.184528528889092,0.08465449480178508,4.886502059703105,-0.3102119178122344
E1,2022-05-07,Swansea,QPR,away,2021,5,4.521996491188826,0.08465449480178508,4.7740619408078615,-0.3102119178122344
E1,2022-05-07,West Brom,Barnsley,home,2021,6,6.5844018869579966,0.08465449480178508,6.494291424822995,0.06946635212663488
E1,2022-05-07,West Brom,Barnsley,away,2021,1,3.986351184951617,0.08465449480178508,4.644306785195613,0.06946635212663488
E1,2022-07-30,Blackburn,QPR,home,2022,6,5.520575055155135,0.08500151455382984,5.564127932076322,-0.30037640459804044
E1,2022-07-30,Blackburn,QPR,away,2022,0,4.17646069796527,0.08500151455382984,3.922254221704369,-0.30037640459804044
E1,2022-07-30,Blackpool,Reading,home,2022,3,5.3478426512233,0.08500151455382984,4.934962423478819,-0.2725205354152637
E1,2022-07-30,Blackpool,Reading,away,2022,10,4.232611275146348,0.08500151455382984,4.196153381945485,-0.2725205354152637
E1,2022-07-30,Cardiff,Norwich,home,2022,1,4.796446964659804,0.08500151455382984,5.050390645679941,-0.4127328339128045
E1,2022-07-30,Cardiff,Norwich,away,2022,7,4.806813922681929,0.08500151455382984,4.320788351749684,-0.4127328339128045
E1,2022-07-30,Hull,Bristol City,home,2022,6,5.351635250461828,0.08500151455382984,5.818267962902014,-0.42624521072796934
E1,2022-07-30,Hull,Bristol City,away,2022,3,4.432009284555035,0.08500151455382984,4.06583437903476,-0.42624521072796934
E1,2022-07-30,Luton,Birmingham,home,2022,10,5.690146657286014,0.08500151455382984,5.511551423732872,-0.20997120471439096
E1,2022-07-30,Luton,Birmingham,away,2022,6,4.156840963553145,0.08500151455382984,4.2584493300075446,-0.20997120471439096
E1,2022-07-30,Millwall,Stoke,home,2022,8,5.422627301317266,0.08500151455382984,5.809310183444442,-0.3893183276177502
E1,2022-07-30,Millwall,Stoke,away,2022,2,4.630596669512288,0.08500151455382984,4.789893872040186,-0.3893183276177502
E1,2022-07-30,Rotherham,Swansea,home,2022,5,5.120365579892456,0.08500151455382984,5.546874194177591,-0.5
E1,2022-07-30,Rotherham,Swansea,away,2022,6,4.761984668863727,0.08500151455382984,4.613943368134231,-0.5
E1,2022-07-30,Wigan,Preston,home,2022,7,5.0393206545905045,0.08500151455382984,4.93873595401596,-0.4331827493827809
E1,2022-07-30,Wigan,Preston,away,2022,4,4.669440952932056,0.08500151455382984,4.682764466389613,-0.4331827493827809
E1,2022-07-30,Middlesbrough,West Brom,home,2022,4,5.238800349426819,0.08500151455382984,5.124109167192191,-0.36351943320309316
E1,2022-07-30,Middlesbrough,West Brom,away,2022,3,4.434457124852254,0.08500151455382984,4.3516471061277855,-0.36351943320309316
E1,2022-07-31,Sunderland,Coventry,home,2022,4,4.9093689974984285,0.08503587404132082,4.977052503133432,-0.48919220641591404
E1,2022-07-31,Sunderland,Coventry,away,2022,3,5.033260848629649,0.08503587404132082,5.341034877788457,-0.48919220641591404
E1,2022-08-01,Watford,Sheffield United,home,2022,5,4.8504779141765955,0.08501168431856242,4.193916307193622,-0.3814710277928636
E1,2022-08-01,Watford,Sheffield United,away,2022,4,4.83549521438034,0.08501168431856242,5.463603571139797,-0.3814710277928636
E1,2022-08-05,Birmingham,Huddersfield,home,2022,6,5.217564271292248,0.08493151362227093,5.281360779374855,-0.4030226700251889
E1,2022-08-05,Birmingham,Huddersfield,away,2022,7,4.429301076270582,0.08493151362227093,4.15971895841199,-0.4030226700251889
E1,2022-08-06,Norwich,Wigan,home,2022,9,5.803836081735316,0.08482462284674148,5.3634190843972425,-0.1309719787504784
E1,2022-08-06,Norwich,Wigan,away,2022,0,4.202405743843193,0.08482462284674148,4.775649020251039,-0.1309719787504784
E1,2022-08-06,Bristol City,Sunderland,home,2022,8,4.780392409996094,0.08482462284674148,4.281857390605834,-0.44026061532167826
E1,2022-08-06,Bristol City,Sunderland,away,2022,9,4.93376181481778,0.08482462284674148,5.436850543117159,-0.44026061532167826
E1,2022-08-06,Preston,Hull,home,2022,4,5.4701802350528705,0.08482462284674148,5.176972157102879,-0.256892488902
E1,2022-08-06,Preston,Hull,away,2022,1,4.448635957861696,0.08482462284674148,4.915802691411355,-0.256892488902
E1,2022-08-06,QPR,Middlesbrough,home,2022,5,4.754353470170265,0.08482462284674148,4.884074845455887,-0.42065761258041456
E1,2022-08-06,QPR,Middlesbrough,away,2022,5,5.263263475791312,0.08482462284674148,5.641521647501813,-0.42065761258041456
E1,2022-08-06,Reading,Cardiff,home,2022,1,5.01418422885729,0.08482462284674148,4.9767784934643995,-0.4538949748927012
E1,2022-08-06,Reading,Cardiff,away,2022,2,4.552838887040053,0.08482462284674148,4.262953985527649,-0.4538949748927012
E1,2022-08-06,Sheffield United,Millwall,home,2022,3,6.019034060526948,0.08482462284674148,6.370729024004199,-0.1956561894929198
E1,2022-08-06,Sheffield United,Millwall,away,2022,5,4.045410002950215,0.08482462284674148,4.001510206635125,-0.1956561894929198
E1,2022-08-06,Stoke,Blackpool,home,2022,5,5.294381184640835,0.08482462284674148,4.920763048392187,-0.29683981259267744
E1,2022-08-06,Stoke,Blackpool,away,2022,6,4.051282477449898,0.08482462284674148,3.6101583926352983,-0.29683981259267744
E1,2022-08-06,Swansea,Blackburn,home,2022,5,4.782269563256033,0.08482462284674148,4.140248652970129,-0.40741614183059127
E1,2022-08-06,Swansea,Blackburn,away,2022,4,4.708719115054552,0.08482462284674148,4.928344297011813,-0.40741614183059127
E1,2022-08-08,West Brom,Watford,home,2022,12,5.406186031416195,0.085111529162391,5.887424696993616,-0.4101163271284174
E1,2022-08-08,West Brom,Watford,away,2022,0,4.664917311140504,0.085111529162391,4.785222495065298,-0.4101163271284174
E1,2022-08-13,Cardiff,Birmingham,home,2022,2,5.4127101217135465,0.08545451923169375,5.706660399402932,-0.3773946360153257
E1,2022-08-13,Cardiff,Birmingham,away,2022,2,4.447937286661801,0.08545451923169375,4.32545805767363,-0.3773946360153257
E1,2022-08-13,Blackpool,Swansea,home,2022,3,5.14835802881258,0.08545451923169375,5.192648918017007,-0.42295172215706456
E1,2022-08-13,Blackpool,Swansea,away,2022,6,4.637956007837123,0.08545451923169375,4.643399369190254,-0.42295172215706456
E1,2022-08-13,Huddersfield,Stoke,home,2022,3,4.947661538660516,0.08545451923169375,5.099949471420657,-0.48704905121105585
E1,2022-08-13,Huddersfield,Stoke,away,2022,3,4.679429533985042,0.08545451923169375,4.330053728152531,-0.48704905121105585
E1,2022-08-13,Hull,Norwich,home,2022,2,4.402840693347131,0.08545451923169375,4.438861330497135,-0.30425746689626504
E1,2022-08-13,Hull,Norwich,away,2022,11,5.1880815192182315,0.08545451923169375,4.787621233336668,-0.30425746689626504
E1,2022-08-13,Luton,Preston,home,2022,8,5.180644002357657,0.08545451923169375,5.112274559185619,-0.3913805850653741
E1,2022-08-13,Luton,Preston,away,2022,3,4.607697876225257,0.08545451923169375,4.712457052698957,-0.3913805850653741
E1,2022-08-13,Millwall,Coventry,home,2022,3,5.2579534052371,0.08545451923169375,5.511677994447648,-0.4226130733963371
E1,2022-08-13,Millwall,Coventry,away,2022,6,4.836895970019242,0.08545451923169375,5.23520291543204,-0.4226130733963371
E1,2022-08-13,Rotherham,Reading,home,2022,5,5.239108365681558,0.08545451923169375,4.9633421778447815,-0.3332310039088569
E1,2022-08-13,Rotherham,Reading,away,2022,7,4.61217079706421,0.08545451923169375,5.025344418429005,-0.3332310039088569
E1,2022-08-13,Sunderland,QPR,home,2022,4,5.34555202964895,0.08545451923169375,5.2009194297587475,-0.3232870796327244
E1,2022-08-13,Sunderland,QPR,away,2022,3,4.246639011645949,0.08545451923169375,4.014368481167627,-0.3232870796327244
E1,2022-08-13,Wigan,Bristol City,home,2022,5,5.634205487422946,0.08545451923169375,6.334142751943275,-0.3680477667084516
E1,2022-08-13,Wigan,Bristol City,away,2022,1,4.268246832465179,0.08545451923169375,3.884431496810088,-0.3680477667084516
E1,2022-08-14,Middlesbrough,Sheffield United,home,2022,5,5.026589937900345,0.0855664284248148,5.004664368080589,-0.45252517512693424
E1,2022-08-14,Middlesbrough,Sheffield United,away,2022,4,4.770137071786222,0.0855664284248148,4.875299918587089,-0.45252517512693424
E1,2022-08-14,Blackburn,West Brom,home,2022,1,4.6956624622181,0.0855664284248148,4.413977681755979,-0.48288069322624966
E1,2022-08-14,Blackburn,West Brom,away,2022,5,4.513362258422656,0.0855664284248148,3.8894689090429084,-0.48288069322624966
E1,2022-08-16,Birmingham,Watford,home,2022,3,4.742270518153039,0.08555351493068096,5.480653040017598,-0.30488041057422294
E1,2022-08-16,Birmingham,Watford,away,2022,5,5.078350527478467,0.08555351493068096,4.507833796175009,-0.30488041057422294
E1,2022-08-16,Bristol City,Luton,home,2022,5,4.896586579673523,0.08555351493068096,4.9119383314047225,-0.49462244405087746
E1,2022-08-16,Bristol City,Luton,away,2022,7,4.960684392267318,0.08555351493068096,5.154159196481473,-0.49462244405087746
E1,2022-08-16,Norwich,Huddersfield,home,2022,8,6.259529356766572,0.08555351493068096,6.19751794403894,-0.06415016236479248
E1,2022-08-16,Norwich,Huddersfield,away,2022,1,3.8567212004595466,0.08555351493068096,4.013979105967584,-0.06415016236479248
E1,2022-08-16,Preston,Rotherham,home,2022,10,5.451981734133443,0.08555351493068096,5.0934411077493955,-0.25048681871933043
E1,2022-08-16,Preston,Rotherham,away,2022,3,4.346074798613594,0.08555351493068096,4.6311807240304415,-0.25048681871933043
E1,2022-08-16,Swansea,Millwall,home,2022,6,5.010826774286534,0.08555351493068096,4.8291700984598425,-0.4272398843930636
E1,2022-08-16,Swansea,Millwall,away,2022,7,4.604069198086436,0.08555351493068096,4.526854192083319,-0.4272398843930636
E1,2022-08-16,QPR,Blackpool,home,2022,2,5.341996935581209,0.08555351493068096,4.923122412596199,-0.27319388368696845
E1,2022-08-16,QPR,Blackpool,away,2022,2,4.222214772460336,0.08555351493068096,4.163901728561345,-0.27319388368696845
E1,2022-08-17,Stoke,Middlesbrough,home,2022,4,4.926788578362213,0.08555987548978126,4.895117952759458,-0.48558462359850507
E1,2022-08-17,Stoke,Middlesbrough,away,2022,8,4.939704234466595,0.08555987548978126,5.200087798055212,-0.48558462359850507
E1,2022-08-17,Reading,Blackburn,home,2022,7,4.374678430947238,0.08555987548978126,4.002400698083417,-0.3848163011819457
E1,2022-08-17,Reading,Blackburn,away,2022,3,5.0259663460325825,0.08555987548978126,4.762920546762306,-0.3848163011819457
E1,2022-08-17,Sheffield United,Sunderland,home,2022,13,5.957966994910387,0.08555987548978126,6.037337462733352,-0.17229887134041405
E1,2022-08-17,Sheffield United,Sunderland,away,2022,3,4.350198856806403,0.08555987548978126,5.04417758851712,-0.17229887134041405
E1,2022-08-17,West Brom,Cardiff,home,2022,9,6.419425511677451,0.08555987548978126,6.933394774560671,-0.10230946882217096
E1,2022-08-17,West Brom,Cardiff,away,2022,2,3.737350218826347,0.08555987548978126,3.5249937920685075,-0.10230946882217096
E1,2022-08-19,Norwich,Millwall,home,2022,5,5.909767051001211,0.08581538348596253,6.383064013428245,-0.2467955038453954
E1,2022-08-19,Norwich,Millwall,away,2022,4,4.031739126967955,0.08581538348596253,3.754396323880339,-0.2467955038453954
E1,2022-08-20,Birmingham,Wigan,home,2022,7,5.1356134485168425,0.08573584217081903,5.399608978202208,-0.46656343221321916
E1,2022-08-20,Birmingham,Wigan,away,2022,3,4.48395650201851,0.08573584217081903,4.0275008651610475,-0.46656343221321916
E1,2022-08-20,Preston,Watford,home,2022,7,5.193352723280688,0.08573584217081903,5.674909817521238,-0.4834734989243106
E1,2022-08-20,Preston,Watford,away,2022,5,4.686159269904287,0.08573584217081903,4.485541228479322,-0.4834734989243106
E1,2022-08-20,QPR,Rotherham,home,2022,9,5.482503500640119,0.08573584217081903,5.507925610055995,-0.30940698819819246
E1,2022-08-20,QPR,Rotherham,away,2022,3,4.434844939018874,0.08573584217081903,4.6091973407854745,-0.30940698819819246
E1,2022-08-20,Reading,Middlesbrough,home,2022,5,4.353723231021048,0.08573584217081903,4.123585588897487,-0.3436984543955037
E1,2022-08-20,Reading,Middlesbrough,away,2022,7,5.354039497935489,0.08573584217081903,5.459882981551604,-0.3436984543955037
E1,2022-08-20,Sheffield United,Blackburn,home,2022,11,5.8566069967597905,0.08573584217081903,5.749427084954429,-0.17229887134041405
E1,2022-08-20,Sheffield United,Blackburn,away,2022,4,4.097866589654846,0.08573584217081903,4.254902375332684,-0.17229887134041405
E1,2022-08-20,Stoke,Sunderland,home,2022,7,5.793935782516445,0.08573584217081903,6.551474846695601,-0.324689138917646
E1,2022-08-20,Stoke,Sunderland,away,2022,3,4.626832515417716,0.08573584217081903,5.117005155907793,-0.324689138917646
E1,2022-08-20,Swansea,Luton,home,2022,7,5.033838181781594,0.08573584217081903,4.900713310274265,-0.428807582102711
E1,2022-08-20,Swansea,Luton,away,2022,5,4.662418755216717,0.08573584217081903,4.6843715901995715,-0.428807582102711
E1,2022-08-20,West Brom,Hull,home,2022,12,6.465190643850242,0.08573584217081903,6.556952812731817,-0.03042479908151552
E1,2022-08-20,West Brom,Hull,away,2022,2,3.7282417179548544,0.08573584217081903,3.777200227725536,-0.03042479908151552
E1,2022-08-21,Bristol City,Cardiff,home,2022,7,5.1676980951005635,0.08561938830095707,4.987043193014878,-0.37467311970649075
E1,2022-08-21,Bristol City,Cardiff,away,2022,8,4.602536148379487,0.08561938830095707,4.781210997295348,-0.37467311970649075
E1,2022-08-26,Luton,Sheffield United,home,2022,4,4.559348006819939,0.08554237850432111,4.46542273379117,-0.3926349779191794
E1,2022-08-26,Luton,Sheffield United,away,2022,9,5.1919981740469225,0.08554237850432111,5.2681799987833715,-0.3926349779191794
E1,2022-08-27,Sunderland,Norwich,home,2022,8,4.410291392262016,0.0855205476347281,4.055620793008161,-0.3941536426031589
E1,2022-08-27,Sunderland,Norwich,away,2022,7,5.062417156104566,0.0855205476347281,4.910216479165219,-0.3941536426031589
E1,2022-08-27,Blackburn,Stoke,home,2022,12,5.119813978776125,0.0855205476347281,5.247930553800736,-0.4479256933500465
E1,2022-08-27,Blackburn,Stoke,away,2022,3,4.362059412137332,0.0855205476347281,3.797634566591167,-0.4479256933500465
E1,2022-08-27,Blackpool,Bristol City,home,2022,5,5.4167988884764,0.0855205476347281,5.618386640373239,-0.3606271777003484
E1,2022-08-27,Blackpool,Bristol City,away,2022,3,4.3331388798548645,0.0855205476347281,4.086938391529013,-0.3606271777003484
E1,2022-08-27,Cardiff,Preston,home,2022,8,4.890304606551278,0.0855205476347281,4.85351050267141,-0.497522384398381
E1,2022-08-27,Cardiff,Preston,away,2022,2,4.677133940085685,0.0855205476347281,4.395168399414742,-0.497522384398381
E1,2022-08-27,Huddersfield,West Brom,home,2022,6,4.081071127025281,0.0855205476347281,3.747367717618201,-0.26005383350674155
E1,2022-08-27,Huddersfield,West Brom,away,2022,4,5.119771683944251,0.0855205476347281,4.399642866429194,-0.26005383350674155
E1,2022-08-27,Hull,Coventry,home,2022,3,4.632794228543175,0.0855205476347281,4.557688374285344,-0.41631741097449276
E1,2022-08-27,Hull,Coventry,away,2022,4,5.283242573579177,0.0855205476347281,5.676592316724867,-0.41631741097449276
E1,2022-08-27,Middlesbrough,Swansea,home,2022,8,5.971811404308973,0.0855205476347281,6.055170140571276,-0.16883945019129942
E1,2022-08-27,Middlesbrough,Swansea,away,2022,4,4.027734996519604,0.0855205476347281,4.065653301810486,-0.16883945019129942
E1,2022-08-27,Millwall,Reading,home,2022,3,5.5945003703578,0.0855205476347281,5.242623369910223,-0.2083166981477071
E1,2022-08-27,Millwall,Reading,away,2022,1,4.327692481358932,0.0855205476347281,4.784383336677793,-0.2083166981477071
E1,2022-08-27,Rotherham,Birmingham,home,2022,7,5.631784139522667,0.0855205476347281,5.751477277541644,-0.27799595621049566
E1,2022-08-27,Rotherham,Birmingham,away,2022,2,4.465479407614904,0.0855205476347281,4.859275560139535,-0.27799595621049566
E1,2022-08-27,Watford,QPR,home,2022,1,5.477521250044597,0.0855205476347281,5.1068130748098985,-0.2403858207396058
E1,2022-08-27,Watford,QPR,away,2022,4,4.213353595243904,0.0855205476347281,4.285256306027095,-0.2403858207396058
E1,2022-08-30,Birmingham,Norwich,home,2022,6,4.216145310707156,0.08573340432607282,4.379483883110221,-0.20036319612590803
E1,2022-08-30,Birmingham,Norwich,away,2022,8,5.71637733987487,0.08573340432607282,5.653400768942772,-0.20036319612590803
E1,2022-08-30,Cardiff,Luton,home,2022,5,5.178739681960977,0.08573340432607282,5.50541036862293,-0.4623964075791318
E1,2022-08-30,Cardiff,Luton,away,2022,2,4.491108571314716,0.08573340432607282,4.06369731779551,-0.4623964075791318
E1,2022-08-30,QPR,Hull,home,2022,2,5.722260417594938,0.08573340432607282,5.505267180372288,-0.19374491486379186
E1,2022-08-30,QPR,Hull,away,2022,7,4.155596507391439,0.08573340432607282,4.328493867086809,-0.19374491486379186
E1,2022-08-30,Sheffield United,Reading,home,2022,3,6.117756584939223,0.08573340432607282,5.680457905203222,-0.043471105009960376
E1,2022-08-30,Sheffield United,Reading,away,2022,5,3.917684543764994,0.08573340432607282,4.290153125634298,-0.043471105009960376
E1,2022-08-30,Wigan,West Brom,home,2022,3,4.342543421270878,0.08573340432607282,4.411226401749275,-0.27304397817542814
E1,2022-08-30,Wigan,West Brom,away,2022,2,4.822054843025185,0.08573340432607282,3.7609201276471773,-0.27304397817542814
E1,2022-08-30,Watford,Middlesbrough,home,2022,2,4.784568768895363,0.08573340432607282,4.317401776261279,-0.4457239432524442
E1,2022-08-30,Watford,Middlesbrough,away,2022,7,4.947351783020184,0.08573340432607282,5.44802359984336,-0.4457239432524442
E1,2022-08-31,Bristol City,Huddersfield,home,2022,4,5.539197327683259,0.08563287864991748,5.1653609833413086,-0.2210228845777259
E1,2022-08-31,Bristol City,Huddersfield,away,2022,7,4.523075806179584,0.08563287864991748,5.353020481122814,-0.2210228845777259
E1,2022-08-31,Coventry,Preston,home,2022,9,5.495276947350195,0.08563287864991748,5.867291571836767,-0.3628840963001336
E1,2022-08-31,Coventry,Preston,away,2022,6,4.312687585075633,0.08563287864991748,4.022631327002853,-0.3628840963001336
E1,2022-08-31,Stoke,Swansea,home,2022,12,5.422742533326824,0.08563287864991748,5.309666555682882,-0.30425746689626504
E1,2022-08-31,Stoke,Swansea,away,2022,3,4.417454474472522,0.08563287864991748,4.582814192535667,-0.30425746689626504
E1,2022-08-31,Sunderland,Rotherham,home,2022,2,5.680130798676191,0.08563287864991748,6.147402535568399,-0.3179123987244064
E1,2022-08-31,Sunderland,Rotherham,away,2022,1,4.2974063777194615,0.08563287864991748,4.176224536856542,-0.3179123987244064
E1,2022-08-31,Blackpool,Blackburn,home,2022,7,5.059898928412654,0.08563287864991748,4.999691243756411,-0.4338083088624657
E1,2022-08-31,Blackpool,Blackburn,away,2022,5,4.670363501728225,0.08563287864991748,4.682299628783092,-0.4338083088624657
E1,2022-09-03,Blackburn,Bristol City,home,2022,5,5.657537851651451,0.08590042595992647,6.187049303967932,-0.3347159644422795
E1,2022-09-03,Blackburn,Bristol City,away,2022,6,3.941812493182375,0.08590042595992647,3.208082198244075,-0.3347159644422795
E1,2022-09-03,Luton,Wigan,home,2022,9,5.707560201959096,0.08590042595992647,6.160630205483964,-0.3069775806258242
E1,2022-09-03,Luton,Wigan,away,2022,4,4.209849139984506,0.08590042595992647,3.9842838857212075,-0.3069775806258242
E1,2022-09-03,Millwall,Cardiff,home,2022,4,5.718630380641906,0.08590042595992647,6.12758275188394,-0.29667818526362727
E1,2022-09-03,Millwall,Cardiff,away,2022,6,4.174076537384363,0.08590042595992647,3.9312330799623956,-0.29667818526362727
E1,2022-09-03,Norwich,Coventry,home,2022,4,5.684610478926298,0.08590042595992647,5.269651161730252,-0.17016919977679634
E1,2022-09-03,Norwich,Coventry,away,2022,1,4.172000994710774,0.08590042595992647,4.487885661128727,-0.17016919977679634
E1,2022-09-03,Preston,Birmingham,home,2022,4,6.074831162595744,0.08590042595992647,5.9031033417486025,-0.0987624662913702
E1,2022-09-03,Preston,Birmingham,away,2022,6,3.974540599662154,0.08590042595992647,4.215866597308684,-0.0987624662913702
E1,2022-09-03,Rotherham,Watford,home,2022,3,4.998277923615512,0.08590042595992647,5.936239674210917,-0.37092238470191224
E1,2022-09-03,Rotherham,Watford,away,2022,6,5.081396320525387,0.08590042595992647,4.842328523229501,-0.37092238470191224
E1,2022-09-03,Swansea,QPR,home,2022,6,4.9084809946882535,0.08590042595992647,4.550472076175836,-0.4265990912268438
E1,2022-09-03,Swansea,QPR,away,2022,4,4.626672953733293,0.08590042595992647,4.593543340013188,-0.4265990912268438
E1,2022-09-04,Reading,Stoke,home,2022,4,4.724072762748647,0.08555414139888352,4.761932701924717,-0.42739805449977447
E1,2022-09-04,Reading,Stoke,away,2022,6,4.894509100288375,0.08555414139888352,4.620199986424157,-0.42739805449977447
E1,2022-09-04,Huddersfield,Blackpool,home,2022,10,4.80886997714799,0.08555414139888352,4.415620042114339,-0.4533493063804941
E1,2022-09-04,Huddersfield,Blackpool,away,2022,2,4.306817567028698,0.08555414139888352,3.6413212110918445,-0.4533493063804941
E1,2022-09-04,Hull,Sheffield United,home,2022,6,4.121319983941553,0.08555414139888352,3.9385595496609267,-0.2394351308543048
E1,2022-09-04,Hull,Sheffield United,away,2022,1,5.718020945862071,0.08555414139888352,5.896821883812932,-0.2394351308543048
E1,2022-09-05,Middlesbrough,Sunderland,home,2022,4,6.538962940967689,0.08563780390385416,7.860894773173889,-0.17131925138287807
E1,2022-09-05,Middlesbrough,Sunderland,away,2022,6,4.089628233901722,0.08563780390385416,4.234975397132782,-0.17131925138287807
E1,2022-09-13,Blackburn,Watford,home,2022,9,5.045969082404034,0.08555311248334248,5.6843420440641665,-0.4374664725266304
E1,2022-09-13,Blackburn,Watford,away,2022,5,4.656227287908162,0.08555311248334248,4.0510144830823265,-0.4374664725266304
E1,2022-09-13,Huddersfield,Wigan,home,2022,4,5.354763790086777,0.08555311248334248,6.180417761994602,-0.4817458802312026
E1,2022-09-13,Huddersfield,Wigan,away,2022,5,4.309160213698504,0.08555311248334248,3.5390272829251073,-0.4817458802312026
E1,2022-09-13,Hull,Stoke,home,2022,7,4.946503599684207,0.08555311248334248,5.16104770852666,-0.47516279183414173
E1,2022-09-13,Hull,Stoke,away,2022,6,4.79651610551945,0.08555311248334248,4.587708944724555,-0.47516279183414173
E1,2022-09-13,Middlesbrough,Cardiff,home,2022,9,6.256838417374563,0.08555311248334248,6.6020459429311975,-0.12507260917780005
E1,2022-09-13,Middlesbrough,Cardiff,away,2022,3,3.8773239851278762,0.08555311248334248,3.820952653398566,-0.12507260917780005
E1,2022-09-13,Swansea,Sheffield United,home,2022,6,4.303209962635325,0.08555311248334248,3.9557777318730105,-0.351555919603737
E1,2022-09-13,Swansea,Sheffield United,away,2022,4,5.4154308644643585,0.08555311248334248,5.6871378841537625,-0.351555919603737
E1,2022-09-14,Luton,Coventry,home,2022,7,5.266424149554204,0.08517319287148159,4.986161432955722,-0.32356958049121
E1,2022-09-14,Luton,Coventry,away,2022,3,4.646107626434896,0.08517319287148159,5.184080077480046,-0.32356958049121
E1,2022-09-14,Millwall,QPR,home,2022,5,5.281484769006397,0.08517319287148159,5.359860816956541,-0.3841938046068307
E1,2022-09-14,Millwall,QPR,away,2022,4,4.408890320323698,0.08517319287148159,4.1879672368636776,-0.3841938046068307
E1,2022-09-14,Norwich,Bristol City,home,2022,2,6.149667876908242,0.08517319287148159,6.2654430791318365,-0.12211298785058128
E1,2022-09-14,Norwich,Bristol City,away,2022,7,3.6232869152279727,0.08517319287148159,3.16028582422303,-0.12211298785058128
E1,2022-09-14,Rotherham,Blackpool,home,2022,5,5.173618894770921,0.08517319287148159,5.0589079452545205,-0.38511431205073327
E1,2022-09-14,Rotherham,Blackpool,away,2022,4,4.387561451620653,0.08517319287148159,4.126509885718383,-0.38511431205073327
E1,2022-09-14,Reading,Sunderland,home,2022,3,5.083543585198181,0.08517319287148159,5.365943605217005,-0.48808121885327055
E1,2022-09-14,Reading,Sunderland,away,2022,7,4.9194210941007706,0.08517319287148159,5.125956383336962,-0.48808121885327055
E1,2022-09-14,West Brom,Birmingham,home,2022,6,6.912007623621136,0.08517319287148159,7.419716040427105,0.032608437031573456
E1,2022-09-14,West Brom,Birmingham,away,2022,2,3.5580003768253454,0.08517319287148159,3.5345176042629967,0.032608437031573456
E1,2022-09-17,Swansea,Hull,home,2022,5,5.485331969307189,0.08493413744496874,4.897780625440023,-0.1970477329163985
E1,2022-09-17,Swansea,Hull,away,2022,3,4.262762649362363,0.08493413744496874,4.6377588146895,-0.1970477329163985
E1,2022-09-17,Birmingham,Coventry,home,2022,6,4.706475711021532,0.08493413744496874,4.569289472764724,-0.4563857262376778
E1,2022-09-17,Birmingham,Coventry,away,2022,4,5.028447310935087,0.08493413744496874,5.144797091224045,-0.4563857262376778
E1,2022-09-17,Huddersfield,Cardiff,home,2022,1,5.183412097241202,0.08493413744496874,5.665495874166606,-0.4870611786533861
E1,2022-09-17,Huddersfield,Cardiff,away,2022,3,4.414102550056545,0.08493413744496874,3.76876608633194,-0.4870611786533861
E1,2022-09-17,Luton,Blackburn,home,2022,4,5.442318185857067,0.08493413744496874,5.71972956148611,-0.3648736367511174
E1,2022-09-17,Luton,Blackburn,away,2022,3,4.521172489518373,0.08493413744496874,4.591791040909055,-0.3648736367511174
E1,2022-09-17,Millwall,Blackpool,home,2022,5,5.453029874165551,0.08493413744496874,5.215955655760249,-0.27243534108661693
E1,2022-09-17,Millwall,Blackpool,away,2022,2,4.072905619112594,0.08493413744496874,3.761169295428068,-0.27243534108661693
E1,2022-09-17,Norwich,West Brom,home,2022,7,4.909629510442932,0.08493413744496874,4.219157025400669,-0.35451706600231914
E1,2022-09-17,Norwich,West Brom,away,2022,4,4.2622449640746405,0.08493413744496874,3.924680039365143,-0.35451706600231914
E1,2022-09-17,Preston,Sheffield United,home,2022,7,4.573795939245356,0.08493413744496874,4.512127924546179,-0.3913160819177647
E1,2022-09-17,Preston,Sheffield United,away,2022,5,5.238314254551247,0.08493413744496874,5.3955798240895,-0.3913160819177647
E1,2022-09-17,QPR,Stoke,home,2022,8,5.234883698403968,0.08493413744496874,5.384825189642624,-0.4124405705229794
E1,2022-09-17,QPR,Stoke,away,2022,6,4.686481333096305,0.08493413744496874,4.836574890259169,-0.4124405705229794
E1,2022-09-17,Watford,Sunderland,home,2022,8,5.368591622484163,0.08493413744496874,5.0682837646316266,-0.2872938283891173
E1,2022-09-17,Watford,Sunderland,away,2022,3,4.626599004446848,0.08493413744496874,5.322746228110393,-0.2872938283891173
E1,2022-09-17,Wigan,Reading,home,2022,1,5.205035951292603,0.08493413744496874,4.69327140451859,-0.29790995112821045
E1,2022-09-17,Wigan,Reading,away,2022,3,4.03082594160037,0.08493413744496874,3.5544630190849125,-0.29790995112821045
E1,2022-09-17,Middlesbrough,Rotherham,home,2022,8,6.368431101041152,0.08493413744496874,6.688312139688096,-0.08976068918017721
E1,2022-09-17,Middlesbrough,Rotherham,away,2022,3,3.751779750849649,0.08493413744496874,3.6115192467259827,-0.08976068918017721
E1,2022-09-30,Hull,Luton,home,2022,7,4.861021787841399,0.08465078846494,5.367215414059625,-0.39121928810176304
E1,2022-09-30,Hull,Luton,away,2022,6,4.8821362257261125,0.08465078846494,4.41476032635949,-0.39121928810176304
E1,2022-10-01,Blackburn,Millwall,home,2022,4,5.523092256057473,0.08454796053899588,5.976536342099176,-0.3667314336751882
E1,2022-10-01,Blackburn,Millwall,away,2022,4,4.243931884633126,0.08454796053899588,3.827074111266216,-0.3667314336751882
E1,2022-10-01,Blackpool,Norwich,home,2022,9,4.362772331672089,0.08454796053899588,4.66826797639215,-0.23202189848751964
E1,2022-10-01,Blackpool,Norwich,away,2022,6,5.772976157955162,0.08454796053899588,6.012306100810764,-0.23202189848751964
E1,2022-10-01,Bristol City,QPR,home,2022,8,4.976309598996097,0.08454796053899588,4.555997266748254,-0.3908064895367976
E1,2022-10-01,Bristol City,QPR,away,2022,2,4.839345872082499,0.08454796053899588,5.422183290417802,-0.3908064895367976
E1,2022-10-01,Cardiff,Burnley,home,2022,9,4.732318832863222,0.08454796053899588,4.834680442879175,-0.41776181438147175
E1,2022-10-01,Cardiff,Burnley,away,2022,1,4.595832327116477,0.08454796053899588,3.822642205765316,-0.41776181438147175
E1,2022-10-01,Coventry,Middlesbrough,home,2022,3,4.948156541576474,0.08454796053899588,5.402303387566096,-0.43288025838095157
E1,2022-10-01,Coventry,Middlesbrough,away,2022,6,5.05156011396758,0.08454796053899588,5.0843974153923845,-0.43288025838095157
E1,2022-10-01,Reading,Huddersfield,home,2022,5,5.1371249023121,0.08454796053899588,4.742399377779038,-0.34310135953694976
E1,2022-10-01,Reading,Huddersfield,away,2022,1,4.523409049729591,0.08454796053899588,4.705411833847401,-0.34310135953694976
E1,2022-10-01,Rotherham,Wigan,home,2022,8,5.498765932186971,0.08454796053899588,6.05130174261212,-0.390363497096865
E1,2022-10-01,Rotherham,Wigan,away,2022,4,4.458996118455251,0.08454796053899588,4.296791086813806,-0.390363497096865
E1,2022-10-01,Sheffield United,Birmingham,home,2022,4,6.586761939712623,0.08454796053899588,6.49935453000756,0.028057415346081638
E1,2022-10-01,Sheffield United,Birmingham,away,2022,4,3.7176731719980527,0.08454796053899588,3.9859379732961298,0.028057415346081638
E1,2022-10-01,Sunderland,Preston,home,2022,4,5.206370185487285,0.08454796053899588,5.159316379731219,-0.38670530306331435
E1,2022-10-01,Sunderland,Preston,away,2022,8,4.386017471520374,0.08454796053899588,4.115442933894253,-0.38670530306331435
E1,2022-10-01,West Brom,Swansea,home,2022,8,6.421523987633471,0.08454796053899588,7.362233535245056,-0.1581542414218957
E1,2022-10-01,West Brom,Swansea,away,2022,6,3.840382453689708,0.08454796053899588,3.590309183973578,-0.1581542414218957
E1,2022-10-02,Stoke,Watford,home,2022,6,5.376235700913657,0.08435730727272976,5.979179807474647,-0.43968636911942094
E1,2022-10-02,Stoke,Watford,away,2022,6,4.696080469935271,0.08435730727272976,4.7266083932109,-0.43968636911942094
E1,2022-10-04,Bristol City,Coventry,home,2022,9,5.089501463011004,0.0842477655373418,4.468966322758513,-0.3120388349514563
E1,2022-10-04,Bristol City,Coventry,away,2022,2,4.8895305553356945,0.0842477655373418,6.06911267810723,-0.3120388349514563
E1,2022-10-04,Luton,Huddersfield,home,2022,9,5.961931819898662,0.0842477655373418,5.942081699067153,-0.15547639174012806
E1,2022-10-04,Luton,Huddersfield,away,2022,5,4.046622257733176,0.0842477655373418,4.178844477803289,-0.15547639174012806
E1,2022-10-04,Sheffield United,QPR,home,2022,9,5.997673250337814,0.0842477655373418,5.9637806547471115,-0.14283392915177107
E1,2022-10-04,Sheffield United,QPR,away,2022,3,3.9358900337717833,0.0842477655373418,3.913375520217271,-0.14283392915177107
E1,2022-10-04,Sunderland,Blackpool,home,2022,5,5.315030442985532,0.0842477655373418,4.662192967760311,-0.23534320884623416
E1,2022-10-04,Sunderland,Blackpool,away,2022,12,4.0006515646941345,0.0842477655373418,3.7173135090290375,-0.23534320884623416
E1,2022-10-04,Cardiff,Blackburn,home,2022,7,5.2272024119523,0.0842477655373418,5.2918250261423765,-0.3999261183536309
E1,2022-10-04,Cardiff,Blackburn,away,2022,0,4.332674155011261,0.0842477655373418,3.9192994416905464,-0.3999261183536309
E1,2022-10-04,Reading,Norwich,home,2022,3,4.251014052506888,0.0842477655373418,4.339436107139364,-0.2312148785672694
E1,2022-10-04,Reading,Norwich,away,2022,7,5.77692642166822,0.0842477655373418,6.018887691828119,-0.2312148785672694
E1,2022-10-05,Burnley,Stoke,home,2022,15,6.137479970208617,0.08452258599058342,6.447258816417352,-0.15449058559976298
E1,2022-10-05,Burnley,Stoke,away,2022,2,4.0509611818460005,0.08452258599058342,4.195990688259387,-0.15449058559976298
E1,2022-10-05,Hull,Wigan,home,2022,9,5.300136549910824,0.08452258599058342,6.0424213844388035,-0.4880021036067071
E1,2022-10-05,Hull,Wigan,away,2022,5,4.598564668660387,0.08452258599058342,4.230562443200164,-0.4880021036067071
E1,2022-10-05,Middlesbrough,Birmingham,home,2022,6,6.319421079823957,0.08452258599058342,6.573553570923162,-0.09419630472174445
E1,2022-10-05,Middlesbrough,Birmingham,away,2022,6,3.8173938263177685,0.08452258599058342,3.7765373582649673,-0.09419630472174445
E1,2022-10-05,Rotherham,Millwall,home,2022,6,5.193148007118649,0.08452258599058342,5.680450692192455,-0.4845020169447884
E1,2022-10-05,Rotherham,Millwall,away,2022,4,4.719495999143535,0.08452258599058342,4.572029762049079,-0.4845020169447884
E1,2022-10-05,Watford,Swansea,home,2022,1,5.487427527851146,0.08452258599058342,5.1871266223381625,-0.25027148248893727
E1,2022-10-05,Watford,Swansea,away,2022,6,4.331740434486007,0.08452258599058342,4.588861107901628,-0.25027148248893727
E1,2022-10-05,Preston,West Brom,home,2022,2,4.564098055590956,0.08452258599058342,4.387628811486688,-0.4120493651168658
E1,2022-10-05,Preston,West Brom,away,2022,10,4.944883193964922,0.08452258599058342,4.6802784474741514,-0.4120493651168658
E1,2022-10-07,QPR,Reading,home,2022,4,5.1635252337945525,0.08500591798975594,4.4361397096558415,-0.2662046804505177
E1,2022-10-07,QPR,Reading,away,2022,5,4.433381230357311,0.08500591798975594,4.820227857860882,-0.2662046804505177
E1,2022-10-08,Birmingham,Bristol City,home,2022,7,5.075537274128975,0.08492942682348897,5.448592554849132,-0.49322899772948436
E1,2022-10-08,Birmingham,Bristol City,away,2022,4,4.6490479779870055,0.08492942682348897,4.278357809803845,-0.49322899772948436
E1,2022-10-08,Blackburn,Rotherham,home,2022,8,5.845393666746694,0.08492942682348897,6.182101995057113,-0.2460385469052903
E1,2022-10-08,Blackburn,Rotherham,away,2022,3,3.9056888160959775,0.08492942682348897,3.4324553839467584,-0.2460385469052903
E1,2022-10-08,Blackpool,Watford,home,2022,5,4.9480348691967935,0.08492942682348897,5.766250910591085,-0.3711907449209932
E1,2022-10-08,Blackpool,Watford,away,2022,7,5.174686851058073,0.08492942682348897,5.101254883431002,-0.3711907449209932
E1,2022-10-08,Coventry,Burnley,home,2022,2,5.0669175527338135,0.08492942682348897,5.901238328036237,-0.413223156963468
E1,2022-10-08,Coventry,Burnley,away,2022,7,4.548049103167691,0.08492942682348897,3.692772624082689,-0.413223156963468
E1,2022-10-08,Millwall,Middlesbrough,home,2022,0,4.8693750009991845,0.08492942682348897,4.793983692143928,-0.4974024803444786
E1,2022-10-08,Millwall,Middlesbrough,away,2022,7,4.996499916679962,0.08492942682348897,5.305412361636934,-0.4974024803444786
E1,2022-10-08,Norwich,Preston,home,2022,8,5.842234023258216,0.08492942682348897,5.575090223965985,-0.14980850919955008
E1,2022-10-08,Norwich,Preston,away,2022,3,4.021439336991506,0.08492942682348897,4.129904674342764,-0.14980850919955008
E1,2022-10-08,Stoke,Sheffield United,home,2022,6,4.742872708705113,0.08492942682348897,4.838126758784558,-0.4230843195858941
E1,2022-10-08,Stoke,Sheffield United,away,2022,5,5.139195617192537,0.08492942682348897,5.284568186418099,-0.4230843195858941
E1,2022-10-08,Swansea,Sunderland,home,2022,7,5.386048914612228,0.08492942682348897,5.612042510215112,-0.3748824082784572
E1,2022-10-08,Swansea,Sunderland,away,2022,4,4.709536424098919,0.08492942682348897,5.1034541947759395,-0.3748824082784572
E1,2022-10-08,West Brom,Luton,home,2022,7,6.203539186280213,0.08492942682348897,7.432783364465675,-0.2601241106296474
E1,2022-10-08,West Brom,Luton,away,2022,4,4.007301018658382,0.08492942682348897,3.6382853706909457,-0.2601241106296474
E1,2022-10-08,Wigan,Cardiff,home,2022,6,5.1363751981461805,0.08492942682348897,5.20892176544952,-0.4321811526126535
E1,2022-10-08,Wigan,Cardiff,away,2022,3,4.051834776896043,0.08492942682348897,3.129741513466625,-0.4321811526126535
E1,2022-10-09,Huddersfield,Hull,home,2022,6,5.096177161604099,0.08455656243484691,4.945306623941956,-0.40424136423261914
E1,2022-10-09,Huddersfield,Hull,away,2022,3,4.334167895981426,0.08455656243484691,3.905278299318782,-0.40424136423261914
E1,2022-10-11,Wigan,Blackburn,home,2022,2,4.907395127032978,0.08450746932375837,5.055532015663792,-0.47332205923801823
E1,2022-10-11,Wigan,Blackburn,away,2022,1,4.251810162596821,0.08450746932375837,3.248393645099754,-0.47332205923801823
E1,2022-10-12,Bristol City,Preston,home,2022,5,5.162274011350829,0.08467193093667084,5.221846870150191,-0.4209860403190555
E1,2022-10-12,Bristol City,Preston,away,2022,1,4.945694472917132,0.08467193093667084,5.587160448092017,-0.4209860403190555
E1,2022-10-15,Luton,QPR,home,2022,9,5.5519991029438,0.08473628647032581,5.856523153715275,-0.33350758872663344
E1,2022-10-15,Luton,QPR,away,2022,9,4.293470358782445,0.08473628647032581,4.09717909278217,-0.33350758872663344
E1,2022-10-15,Rotherham,Huddersfield,home,2022,3,5.615324018009175,0.08473628647032581,6.059108406080058,-0.33512429091915336
E1,2022-10-15,Rotherham,Huddersfield,away,2022,3,4.4048143895165985,0.08473628647032581,4.399524904098754,-0.33512429091915336
E1,2022-10-15,Bristol City,Millwall,home,2022,0,5.121459753597403,0.08473628647032581,5.216066607685674,-0.4413041893172814
E1,2022-10-15,Bristol City,Millwall,away,2022,6,4.791353874236867,0.08473628647032581,4.996267760131519,-0.4413041893172814
E1,2022-10-15,Burnley,Swansea,home,2022,5,6.292692328787412,0.08473628647032581,7.130480504580337,-0.18247163080499107
E1,2022-10-15,Burnley,Swansea,away,2022,6,4.008366897756879,0.08473628647032581,3.9528039621299573,-0.18247163080499107
E1,2022-10-15,Cardiff,Coventry,home,2022,12,5.260764616943266,0.08473628647032581,5.14831530156758,-0.35671275081410997
E1,2022-10-15,Cardiff,Coventry,away,2022,7,4.287016559327149,0.08473628647032581,3.9807259407841133,-0.35671275081410997
E1,2022-10-15,Middlesbrough,Blackburn,home,2022,9,5.7561969260708645,0.08473628647032581,6.136114038770977,-0.28036957607450275
E1,2022-10-15,Middlesbrough,Blackburn,away,2022,4,4.095250779553285,0.08473628647032581,3.788294954818514,-0.28036957607450275
E1,2022-10-15,Preston,Stoke,home,2022,3,5.460989281923908,0.08473628647032581,6.023587228422194,-0.40457976970713716
E1,2022-10-15,Preston,Stoke,away,2022,6,4.707839110285283,0.08473628647032581,4.9405254330056225,-0.40457976970713716
E1,2022-10-15,Reading,West Brom,home,2022,4,4.083196541065092,0.08473628647032581,3.4668956185492004,-0.3349855163294786
E1,2022-10-15,Reading,West Brom,away,2022,7,5.247020263415953,0.08473628647032581,5.107509505171168,-0.3349855163294786
E1,2022-10-15,Sheffield United,Blackpool,home,2022,14,6.174465306775021,0.08473628647032581,5.811874875932242,-0.04025403964275365
E1,2022-10-15,Sheffield United,Blackpool,away,2022,4,3.7833758803219233,0.08473628647032581,3.897703652785261,-0.04025403964275365
E1,2022-10-15,Sunderland,Wigan,home,2022,1,5.60752434981461,0.08473628647032581,6.002005925773722,-0.3299155609167672
E1,2022-10-15,Sunderland,Wigan,away,2022,5,4.520461951671046,0.08473628647032581,4.762666896958978,-0.3299155609167672
E1,2022-10-15,Watford,Norwich,home,2022,3,4.622238315006897,0.08473628647032581,4.245957490082272,-0.47714264823563346
E1,2022-10-15,Watford,Norwich,away,2022,12,5.2974396555274605,0.08473628647032581,6.100345515311218,-0.47714264823563346
E1,2022-10-16,Hull,Birmingham,home,2022,7,5.180994206713541,0.08539813540991026,5.579095418163804,-0.4737915324605342
E1,2022-10-16,Hull,Birmingham,away,2022,6,4.663295841930089,0.08539813540991026,4.469046055802164,-0.4737915324605342
E1,2022-10-18,Huddersfield,Preston,home,2022,5,5.002310684909725,0.08529661113777404,5.120495336109936,-0.48718426407786075
E1,2022-10-18,Huddersfield,Preston,away,2022,5,4.518065357992442,0.08529661113777404,4.026547689004831,-0.48718426407786075
E1,2022-10-18,Norwich,Luton,home,2022,4,5.853308314847494,0.08529661113777404,6.1487975543155615,-0.23729086954561063
E1,2022-10-18,Norwich,Luton,away,2022,2,4.002616009550711,0.08529661113777404,3.714851055712056,-0.23729086954561063
E1,2022-10-18,Swansea,Reading,home,2022,8,5.000619739975296,0.08529661113777404,4.1797593865938305,-0.2962228699087157
E1,2022-10-18,Swansea,Reading,away,2022,0,4.442647325764537,0.08529661113777404,4.697394395727481,-0.2962228699087157
E1,2022-10-18,Blackburn,Sunderland,home,2022,3,5.740540603822308,0.08529661113777404,6.677369205766554,-0.3675997211801286
E1,2022-10-18,Blackburn,Sunderland,away,2022,7,4.372869260447187,0.08529661113777404,4.163726570380242,-0.3675997211801286
E1,2022-10-18,Stoke,Rotherham,home,2022,8,5.922325744966041,0.08529661113777404,6.328471191750163,-0.232962975742728
E1,2022-10-18,Stoke,Rotherham,away,2022,3,4.071124980200145,0.08529661113777404,3.9166860598126343,-0.232962975742728
E1,2022-10-18,West Brom,Bristol City,home,2022,13,6.505351526742682,0.08529661113777404,7.534912937698638,-0.14515836940183635
E1,2022-10-18,West Brom,Bristol City,away,2022,1,3.77223006714732,0.08529661113777404,3.4590656570701035,-0.14515836940183635
E1,2022-10-19,Birmingham,Burnley,home,2022,8,4.575749635929616,0.08570760347635763,4.919084075792797,-0.3108450203156889
E1,2022-10-19,Birmingham,Burnley,away,2022,4,4.984377793786789,0.08570760347635763,4.301391589517006,-0.3108450203156889
E1,2022-10-19,Blackpool,Hull,home,2022,2,5.4427447681420835,0.08570760347635763,5.372045964912888,-0.3053872053872054
E1,2022-10-19,Blackpool,Hull,away,2022,4,4.415945624339308,0.08570760347635763,4.57288904056447,-0.3053872053872054
E1,2022-10-19,Coventry,Sheffield United,home,2022,4,4.828650530631141,0.08570760347635763,4.93840127236641,-0.45193883123975975
E1,2022-10-19,Coventry,Sheffield United,away,2022,10,5.013221928399155,0.08570760347635763,5.0766204281199565,-0.45193883123975975
E1,2022-10-19,QPR,Cardiff,home,2022,6,5.402711455374075,0.08570760347635763,5.463927764990344,-0.341287552327013
E1,2022-10-19,QPR,Cardiff,away,2022,2,4.370843069531419,0.08570760347635763,4.275617921630467,-0.341287552327013
E1,2022-10-19,Wigan,Middlesbrough,home,2022,4,4.505644984132608,0.08570760347635763,4.003210793940026,-0.4640217338097803
E1,2022-10-19,Wigan,Middlesbrough,away,2022,4,4.59955481174886,0.08570760347635763,4.023651651985636,-0.4640217338097803
E1,2022-10-19,Millwall,Watford,home,2022,2,5.202832162532011,0.08570760347635763,5.53053290773124,-0.45420696738851324
E1,2022-10-19,Millwall,Watford,away,2022,5,4.789202830089165,0.08570760347635763,4.922229023634927,-0.45420696738851324
E1,2022-10-22,Blackpool,Preston,home,2022,1,5.04443386304452,0.08564821799042581,5.271770006253836,-0.4921331661156082
E1,2022-10-22,Blackpool,Preston,away,2022,6,4.826977442641649,0.08564821799042581,4.835617357268866,-0.4921331661156082
E1,2022-10-22,Blackburn,Birmingham,home,2022,2,5.620806761185912,0.08564821799042581,5.9019357322164465,-0.3076557621827067
E1,2022-10-22,Blackburn,Birmingham,away,2022,9,4.1853144823367225,0.08564821799042581,3.915705582364423,-0.3076557621827067
E1,2022-10-22,Middlesbrough,Huddersfield,home,2022,3,6.32026607199288,0.08564821799042581,6.794343808004014,-0.1250616674888998
E1,2022-10-22,Middlesbrough,Huddersfield,away,2022,5,3.880139267716324,0.08564821799042581,3.828902721503091,-0.1250616674888998
E1,2022-10-22,Millwall,West Brom,home,2022,5,4.560372311119373,0.08564821799042581,3.9884901256579584,-0.5
E1,2022-10-22,Millwall,West Brom,away,2022,2,4.857056685991775,0.08564821799042581,4.881126150331562,-0.5
E1,2022-10-22,QPR,Wigan,home,2022,5,5.696803140154691,0.08564821799042581,5.861741737979729,-0.26504871072496183
E1,2022-10-22,QPR,Wigan,away,2022,4,4.2836315661897935,0.08564821799042581,4.376258795790966,-0.26504871072496183
E1,2022-10-22,Reading,Bristol City,home,2022,10,5.0352874420455915,0.08564821799042581,5.011792118512316,-0.44921714133445306
E1,2022-10-22,Reading,Bristol City,away,2022,5,4.564196068410246,0.08564821799042581,4.314606738424946,-0.44921714133445306
E1,2022-10-22,Rotherham,Hull,home,2022,4,5.252123128072283,0.08564821799042581,5.240096825553051,-0.37783961857962783
E1,2022-10-22,Rotherham,Hull,away,2022,7,4.42612863831784,0.08564821799042581,4.263329885421834,-0.37783961857962783
E1,2022-10-22,Sheffield United,Norwich,home,2022,4,5.444818642148962,0.08564821799042581,5.974940925479065,-0.40489739951969184
E1,2022-10-22,Sheffield United,Norwich,away,2022,9,5.002919559457459,0.08564821799042581,5.872339578730292,-0.40489739951969184
E1,2022-10-22,Stoke,Coventry,home,2022,9,5.508240442440673,0.08564821799042581,5.762935947245302,-0.33957957727569144
E1,2022-10-22,Stoke,Coventry,away,2022,2,4.571338020316619,0.08564821799042581,4.866883638242783,-0.33957957727569144
E1,2022-10-22,Sunderland,Burnley,home,2022,2,4.621562525282902,0.08564821799042581,4.60092254602723,-0.4008602039560649
E1,2022-10-22,Sunderland,Burnley,away,2022,5,5.005596118520187,0.08564821799042581,4.788753881590059,-0.4008602039560649
E1,2022-10-23,Swansea,Cardiff,home,2022,7,5.39700250252947,0.08562277455358296,5.405877675560985,-0.334037555104718
E1,2022-10-23,Swansea,Cardiff,away,2022,1,4.210516642286812,0.08562277455358296,3.8735831909264338,-0.334037555104718
E1,2022-10-23,Watford,Luton,home,2022,6,5.083770789908921,0.08562277455358296,4.684200122961012,-0.3595311456588212
E1,2022-10-23,Watford,Luton,away,2022,1,4.615027737015201,0.08562277455358296,4.896066747429822,-0.3595311456588212
E1,2022-10-25,Coventry,Rotherham,home,2022,6,6.128456344291163,0.08574413926792245,6.402059768510452,-0.15180113458264444
E1,2022-10-25,Coventry,Rotherham,away,2022,1,3.967569885203189,0.08574413926792245,3.965937145953135,-0.15180113458264444
E1,2022-10-25,Burnley,Norwich,home,2022,5,5.572848295174872,0.08574413926792245,6.030020090300391,-0.3510130148933315
E1,2022-10-25,Burnley,Norwich,away,2022,4,4.907221365793656,0.08574413926792245,5.884152926777838,-0.3510130148933315
E1,2022-10-28,Birmingham,QPR,home,2022,2,5.340041890184942,0.08572587380643355,5.552909649170401,-0.38796034444409133
E1,2022-10-28,Birmingham,QPR,away,2022,10,4.486524588457219,0.08572587380643355,4.383894974801526,-0.38796034444409133
E1,2022-10-29,Bristol City,Swansea,home,2022,7,5.080786917730066,0.08583104925283024,4.990200983726091,-0.420924058629265
E1,2022-10-29,Bristol City,Swansea,away,2022,11,4.879960617846196,0.08583104925283024,5.378632817173292,-0.420924058629265
E1,2022-10-29,West Brom,Sheffield United,home,2022,8,5.648444290960104,0.08583104925283024,6.3338209426464385,-0.36120611146505527
E1,2022-10-29,West Brom,Sheffield United,away,2022,3,4.44400081276244,0.08583104925283024,4.389098971562324,-0.36120611146505527
E1,2022-10-29,Burnley,Reading,home,2022,12,6.052587326339834,0.08583104925283024,5.732357808619276,-0.08089364108917563
E1,2022-10-29,Burnley,Reading,away,2022,9,3.8428848685471992,0.08583104925283024,3.9033455184020664,-0.08089364108917563
E1,2022-10-29,Cardiff,Rotherham,home,2022,10,5.967259191575361,0.08583104925283024,6.594519686432609,-0.25154180297098727
E1,2022-10-29,Cardiff,Rotherham,away,2022,3,3.783314113795386,0.08583104925283024,3.11678279034762,-0.25154180297098727
E1,2022-10-29,Coventry,Blackpool,home,2022,3,5.630234566009625,0.08583104925283024,5.7095159192515315,-0.27181548633111263
E1,2022-10-29,Coventry,Blackpool,away,2022,5,4.2261115414935295,0.08583104925283024,4.18094726800537,-0.27181548633111263
E1,2022-10-29,Huddersfield,Millwall,home,2022,8,4.762466423584976,0.08583104925283024,4.915548012550808,-0.4191753979692637
E1,2022-10-29,Huddersfield,Millwall,away,2022,1,4.668491554598479,0.08583104925283024,4.003249383194222,-0.4191753979692637
E1,2022-10-29,Hull,Blackburn,home,2022,6,5.190557572756796,0.08583104925283024,5.471850292873364,-0.45048182386365954
E1,2022-10-29,Hull,Blackburn,away,2022,3,4.580056317714172,0.08583104925283024,4.351612486477524,-0.45048182386365954
E1,2022-10-29,Luton,Sunderland,home,2022,8,5.9092354177101125,0.08583104925283024,6.551107682889581,-0.27159929495571533
E1,2022-10-29,Luton,Sunderland,away,2022,5,4.562046453899716,0.08583104925283024,5.199602152588093,-0.27159929495571533
E1,2022-10-29,Norwich,Stoke,home,2022,5,5.7885034836527085,0.08583104925283024,6.243010119278056,-0.2816294987856039
E1,2022-10-29,Norwich,Stoke,away,2022,6,4.105086844858026,0.08583104925283024,3.809181958299371,-0.2816294987856039
E1,2022-10-29,Preston,Middlesbrough,home,2022,2,4.676164150092658,0.08583104925283024,4.313039368287888,-0.4935463119131371
E1,2022-10-29,Preston,Middlesbrough,away,2022,4,5.240173564881894,0.08583104925283024,6.017963647267322,-0.4935463119131371
E1,2022-10-29,Wigan,Watford,home,2022,3,4.709193408072714,0.08583104925283024,4.798746794163434,-0.41162790697674423
E1,2022-10-29,Wigan,Watford,away,2022,4,4.5448993920431535,0.08583104925283024,3.679279692450582,-0.41162790697674423
E1,2022-11-01,Coventry,Blackburn,home,2022,3,5.267189842401498,0.0859469388951605,5.475738456277484,-0.41170559707329996
E1,2022-11-01,Coventry,Blackburn,away,2022,4,4.415078391158745,0.0859469388951605,4.084104031349129,-0.41170559707329996
E1,2022-11-01,Hull,Middlesbrough,home,2022,7,4.555944172522422,0.0859469388951605,4.436055152690233,-0.39686152039079203
E1,2022-11-01,Hull,Middlesbrough,away,2022,2,5.309218901538452,0.0859469388951605,5.639153558485183,-0.39686152039079203
E1,2022-11-01,Luton,Reading,home,2022,6,5.632931771468069,0.0859469388951605,5.592761477244977,-0.2509977073957714
E1,2022-11-01,Luton,Reading,away,2022,5,4.385711617346101,0.0859469388951605,4.749905831630778,-0.2509977073957714
E1,2022-11-01,Preston,Swansea,home,2022,2,5.144429881932821,0.0859469388951605,5.226486723098123,-0.43114550384093997
E1,2022-11-01,Preston,Swansea,away,2022,7,4.89622098357279,0.0859469388951605,5.371423327147228,-0.43114550384093997
E1,2022-11-01,Bristol City,Sheffield United,home,2022,8,4.495855220724013,0.0859469388951605,4.466651111810992,-0.35462884490752283
E1,2022-11-01,Bristol City,Sheffield United,away,2022,1,5.641924958330103,0.0859469388951605,6.411770886191626,-0.35462884490752283
E1,2022-11-01,West Brom,Blackpool,home,2022,7,6.505083606436518,0.0859469388951605,7.272881691398724,-0.11181448998396071
E1,2022-11-01,West Brom,Blackpool,away,2022,2,3.6961311056554553,0.0859469388951605,3.3812353414893868,-0.11181448998396071
E1,2022-11-02,Birmingham,Millwall,home,2022,2,5.089236347706822,0.08592059031133258,5.166108928349481,-0.44919642420985784
E1,2022-11-02,Birmingham,Millwall,away,2022,5,4.65255409116641,0.08592059031133258,4.556839091990605,-0.44919642420985784
E1,2022-11-02,Burnley,Rotherham,home,2022,7,7.198140092549805,0.08592059031133258,8.36163540965161,0.02882346556901283
E1,2022-11-02,Burnley,Rotherham,away,2022,3,3.553817677614423,0.08592059031133258,3.5086198404270807,0.02882346556901283
E1,2022-11-02,Cardiff,Watford,home,2022,8,5.085163954952889,0.08592059031133258,5.794914449838305,-0.4400833944946729
E1,2022-11-02,Cardiff,Watford,away,2022,11,4.723391523817481,0.08592059031133258,4.231341615468503,-0.4400833944946729
E1,2022-11-02,Huddersfield,Sunderland,home,2022,5,5.24046240049896,0.08592059031133258,5.8516758777239035,-0.4881599687198348
E1,2022-11-02,Huddersfield,Sunderland,away,2022,1,4.656228872735792,0.08592059031133258,4.382654490403015,-0.4881599687198348
E1,2022-11-02,Norwich,QPR,home,2022,11,5.596792442301787,0.08592059031133258,5.637575906164998,-0.2758654283301942
E1,2022-11-02,Norwich,QPR,away,2022,4,4.144937270314411,0.08592059031133258,3.939380322687345,-0.2758654283301942
E1,2022-11-02,Wigan,Stoke,home,2022,2,4.94994663312122,0.08592059031133258,5.100544660869761,-0.4881815838886639
E1,2022-11-02,Wigan,Stoke,away,2022,7,4.338721460048688,0.08592059031133258,3.4955968892717375,-0.4881815838886639
E1,2022-11-04,Reading,Preston,home,2022,3,4.988740103709898,0.08612165851998906,4.562412703985093,-0.3854214592819406
E1,2022-11-04,Reading,Preston,away,2022,2,4.673502800665207,0.08612165851998906,4.937679698002925,-0.3854214592819406
E1,2022-11-05,Sheffield United,Burnley,home,2022,10,5.403920803320712,0.08617781954156108,6.090779241453286,-0.4433405469211096
E1,2022-11-05,Sheffield United,Burnley,away,2022,6,4.5041717221586595,0.08617781954156108,4.180893586503141,-0.4433405469211096
E1,2022-11-05,Blackburn,Huddersfield,home,2022,5,5.750462642462884,0.08617781954156108,5.640332790934087,-0.20342126544715722
E1,2022-11-05,Blackburn,Huddersfield,away,2022,4,4.053738084782455,0.08617781954156108,3.9920816922076625,-0.20342126544715722
E1,2022-11-05,Blackpool,Luton,home,2022,9,4.972436998882226,0.08617781954156108,5.257771401704876,-0.47168737436121
E1,2022-11-05,Blackpool,Luton,away,2022,11,4.742878444456324,0.08617781954156108,4.426813226208215,-0.47168737436121
E1,2022-11-05,Middlesbrough,Bristol City,home,2022,8,6.334705065311473,0.08617781954156108,7.30999780171559,-0.18806266806968308
E1,2022-11-05,Middlesbrough,Bristol City,away,2022,1,3.942861655710278,0.08617781954156108,3.749372449906127,-0.18806266806968308
E1,2022-11-05,Millwall,Hull,home,2022,10,5.4806860306770435,0.08617781954156108,4.8769762518592845,-0.19530495860417152
E1,2022-11-05,Millwall,Hull,away,2022,2,4.120835421902833,0.08617781954156108,4.2192125281703206,-0.19530495860417152
E1,2022-11-05,QPR,West Brom,home,2022,8,4.654604059351223,0.08617781954156108,4.149089020745659,-0.4822623679597067
E1,2022-11-05,QPR,West Brom,away,2022,5,4.833174187247527,0.08617781954156108,4.904265835849356,-0.4822623679597067
E1,2022-11-05,Rotherham,Norwich,home,2022,2,4.434414850108566,0.08617781954156108,4.779894803764796,-0.2535271997285682
E1,2022-11-05,Rotherham,Norwich,away,2022,9,5.921177631760409,0.08617781954156108,6.611049302292961,-0.2535271997285682
E1,2022-11-05,Stoke,Birmingham,home,2022,4,5.6543580557107385,0.08617781954156108,5.986408367213235,-0.3050694025347013
E1,2022-11-05,Stoke,Birmingham,away,2022,3,4.374419943381437,0.08617781954156108,4.452992815102389,-0.3050694025347013
E1,2022-11-05,Sunderland,Cardiff,home,2022,6,5.111810161280141,0.08617781954156108,4.714873697445119,-0.3508957616698056
E1,2022-11-05,Sunderland,Cardiff,away,2022,4,4.402189586211431,0.08617781954156108,4.3193854113636,-0.3508957616698056
E1,2022-11-05,Swansea,Wigan,home,2022,6,5.717700420240424,0.08617781954156108,5.721192490702196,-0.23225401285081093
E1,2022-11-05,Swansea,Wigan,away,2022,3,4.112678497461864,0.08617781954156108,4.034629636112189,-0.23225401285081093
E1,2022-11-05,Watford,Coventry,home,2022,10,5.316513563912651,0.08617781954156108,4.713487268661674,-0.24493461704267855
E1,2022-11-05,Watford,Coventry,away,2022,5,4.500074817823358,0.08617781954156108,5.1440699717938685,-0.24493461704267855
E1,2022-11-08,Birmingham,Swansea,home,2022,12,4.964872129920107,0.08624581207312201,5.0383901090631245,-0.4921259842519685
E1,2022-11-08,Birmingham,Swansea,away,2022,1,5.02042549781757,0.08624581207312201,5.408184246500137,-0.4921259842519685
E1,2022-11-08,Blackpool,Middlesbrough,home,2022,2,4.461589436933055,0.08624581207312201,4.295086683456656,-0.3710563965024578
E1,2022-11-08,Blackpool,Middlesbrough,away,2022,7,5.497288411880111,0.08624581207312201,6.059095856249609,-0.3710563965024578
E1,2022-11-08,Cardiff,Hull,home,2022,4,5.690468840886178,0.08624581207312201,6.010102334996144,-0.29166820931661835
E1,2022-11-08,Cardiff,Hull,away,2022,2,4.172192923548323,0.08624581207312201,3.9470492889360336,-0.29166820931661835
E1,2022-11-08,Coventry,Wigan,home,2022,6,5.696895346879079,0.08624581207312201,5.8468607465135,-0.2626025728118698
E1,2022-11-08,Coventry,Wigan,away,2022,4,4.194304306177928,0.08624581207312201,4.132040373212895,-0.2626025728118698
E1,2022-11-08,QPR,Huddersfield,home,2022,14,5.857478514090285,0.08624581207312201,5.4791608818327635,-0.12638908054244974
E1,2022-11-08,QPR,Huddersfield,away,2022,4,4.055806533402384,0.08624581207312201,4.337354366356608,-0.12638908054244974
E1,2022-11-08,Sheffield United,Rotherham,home,2022,12,7.2568036137660235,0.08624581207312201,7.904082710736597,0.10386080226058114
E1,2022-11-08,Sheffield United,Rotherham,away,2022,1,3.4595895633098346,0.08624581207312201,3.5186849647508573,0.10386080226058114
E1,2022-11-08,Stoke,Luton,home,2022,5,5.785894380900299,0.08624581207312201,6.253382053102205,-0.2844119842200661
E1,2022-11-08,Stoke,Luton,away,2022,13,4.26662935314492,0.08624581207312201,4.239235250815156,-0.2844119842200661
E1,2022-11-08,Watford,Reading,home,2022,7,5.400998308099996,0.08624581207312201,4.640515823144804,-0.18775143537866662
E1,2022-11-08,Watford,Reading,away,2022,3,4.354351637274752,0.08624581207312201,4.975884543327634,-0.18775143537866662
E1,2022-11-11,Birmingham,Sunderland,home,2022,7,5.499924515166337,0.08729839025750118,5.923875469173882,-0.3696803793352174
E1,2022-11-11,Birmingham,Sunderland,away,2022,3,4.619392102770949,0.08729839025750118,4.85683090368259,-0.3696803793352174
E1,2022-11-12,Bristol City,Watford,home,2022,4,4.81827176455266,0.08725682908267506,5.102249713207403,-0.4152963077877753
E1,2022-11-12,Bristol City,Watford,away,2022,3,5.4511948884228785,0.08725682908267506,6.199000714523701,-0.4152963077877753
E1,2022-11-12,Cardiff,Sheffield United,home,2022,5,4.875231578382352,0.08725682908267506,5.469024478330469,-0.3813147929973324
E1,2022-11-12,Cardiff,Sheffield United,away,2022,4,4.981224451088921,0.08725682908267506,4.62600009323803,-0.3813147929973324
E1,2022-11-12,Coventry,QPR,home,2022,2,5.3170433998141755,0.08725682908267506,5.609168215116438,-0.4091054249331364
E1,2022-11-12,Coventry,QPR,away,2022,6,4.569242245501426,0.08725682908267506,4.515836840199407,-0.4091054249331364
E1,2022-11-12,Huddersfield,Swansea,home,2022,2,4.91160513017983,0.08725682908267506,5.40296543832076,-0.4128081707915754
E1,2022-11-12,Huddersfield,Swansea,away,2022,11,4.736480773332411,0.08725682908267506,4.143507680733583,-0.4128081707915754
E1,2022-11-12,Hull,Reading,home,2022,4,5.165929773796068,0.08725682908267506,5.262470501061156,-0.42640531947515375
E1,2022-11-12,Hull,Reading,away,2022,6,4.614485457691836,0.08725682908267506,4.5601044204816406,-0.42640531947515375
E1,2022-11-12,Luton,Rotherham,home,2022,12,6.5120986104704945,0.08725682908267506,7.504463353620471,-0.13854082487915803
E1,2022-11-12,Luton,Rotherham,away,2022,4,3.7911057522063007,0.08725682908267506,3.533233961863509,-0.13854082487915803
E1,2022-11-12,Norwich,Middlesbrough,home,2022,3,5.136270348252337,0.08725682908267506,4.772898161735635,-0.3496082825765787
E1,2022-11-12,Norwich,Middlesbrough,away,2022,4,4.50988241681821,0.08725682908267506,4.633445360884045,-0.3496082825765787
E1,2022-11-12,Preston,Millwall,home,2022,2,4.969215842340275,0.08725682908267506,4.740003827132744,-0.4320695231053004
E1,2022-11-12,Preston,Millwall,away,2022,2,4.685306418259774,0.08725682908267506,4.733787448590933,-0.4320695231053004
E1,2022-11-12,West Brom,Stoke,home,2022,8,6.236853502156259,0.08725682908267506,7.684271669901967,-0.2771597749066647
E1,2022-11-12,West Brom,Stoke,away,2022,6,4.076058528413512,0.08725682908267506,3.7506722174381446,-0.2771597749066647
E1,2022-11-12,Wigan,Blackpool,home,2022,8,4.966827239131424,0.08725682908267506,4.487345689632015,-0.38158930595792917
E1,2022-11-12,Wigan,Blackpool,away,2022,3,4.063424672035942,0.08725682908267506,3.328793147648097,-0.38158930595792917
E1,2022-11-13,Burnley,Blackburn,home,2022,7,6.315290117462568,0.0873703069222098,6.827137157015252,-0.1317326498352281
E1,2022-11-13,Burnley,Blackburn,away,2022,3,3.9191396927292326,0.0873703069222098,3.911810654172065,-0.1317326498352281
E1,2022-12-03,Sunderland,Millwall,home,2022,1,4.771443416831445,0.08732886792401447,4.33515796130518,-0.45699716713881017
E1,2022-12-03,Sunderland,Millwall,away,2022,8,4.70253550630468,0.08732886792401447,4.659018960202677,-0.45699716713881017
E1,2022-12-10,Blackburn,Preston,home,2022,2,5.292888550468531,0.08741107938744334,5.210800896719584,-0.35172979959709816
E1,2022-12-10,Blackburn,Preston,away,2022,2,4.368018276233372,0.08741107938744334,4.220864136084899,-0.35172979959709816
E1,2022-12-10,Rotherham,Bristol City,home,2022,7,5.1212913823332515,0.08741107938744334,5.974821723863369,-0.43024031104274024
E1,2022-12-10,Rotherham,Bristol City,away,2022,9,4.777832921921719,0.08741107938744334,4.326416309617191,-0.43024031104274024
E1,2022-12-10,Reading,Coventry,home,2022,4,4.975382682648484,0.08741107938744334,4.891360483387201,-0.45844105402420215
E1,2022-12-10,Reading,Coventry,away,2022,4,4.809396070088448,0.08741107938744334,4.959294930133771,-0.45844105402420215
E1,2022-12-10,Blackpool,Birmingham,home,2022,2,4.907349320962734,0.08741107938744334,5.040067185875266,-0.47619269795804103
E1,2022-12-10,Blackpool,Birmingham,away,2022,6,5.01901211112595,0.08741107938744334,5.22572302147253,-0.47619269795804103
E1,2022-12-10,Middlesbrough,Luton,home,2022,3,6.107619355839031,0.08741107938744334,6.743193153291527,-0.21003669996101476
E1,2022-12-10,Middlesbrough,Luton,away,2022,2,4.168805265405121,0.08741107938744334,4.293147926545343,-0.21003669996101476
E1,2022-12-10,Millwall,Wigan,home,2022,4,5.78335845756364,0.08741107938744334,5.793066960208331,-0.21332209106239464
E1,2022-12-10,Millwall,Wigan,away,2022,3,4.040900419516744,0.08741107938744334,3.91496095302313,-0.21332209106239464
E1,2022-12-10,Sheffield United,Huddersfield,home,2022,10,6.833947095225,0.08741107938744334,7.423043253102308,0.0016143099781188441
E1,2022-12-10,Sheffield United,Huddersfield,away,2022,1,3.7739007556953226,0.08741107938744334,4.045248860355531,0.0016143099781188441
E1,2022-12-10,Stoke,Cardiff,home,2022,6,5.667529274403588,0.08741107938744334,6.077444110545357,-0.3130723081780865
E1,2022-12-10,Stoke,Cardiff,away,2022,6,4.223123819180421,0.08741107938744334,3.9943254809329503,-0.3130723081780865
E1,2022-12-10,Swansea,Norwich,home,2022,7,4.8805268449504355,0.08741107938744334,4.545281683791229,-0.44089299842562474
E1,2022-12-10,Swansea,Norwich,away,2022,4,5.125845206117004,0.08741107938744334,6.057480647304761,-0.44089299842562474
E1,2022-12-11,QPR,Burnley,home,2022,2,5.007101449789945,0.08742797971170074,5.782732248292656,-0.4004333287164369
E1,2022-12-11,QPR,Burnley,away,2022,6,4.9013033298175355,0.08742797971170074,4.508028237364447,-0.4004333287164369
E1,2022-12-11,Watford,Hull,home,2022,7,5.709837082776062,0.08742797971170074,5.027599818601844,-0.11380686902057957
E1,2022-12-11,Watford,Hull,away,2022,5,4.05485503278413,0.08742797971170074,4.392542607480938,-0.11380686902057957
E1,2022-12-12,Sunderland,West Brom,home,2022,5,4.270215793517553,0.0873323504343641,3.6036626391889834,-0.4189558782126051
E1,2022-12-12,Sunderland,West Brom,away,2022,5,5.230505409935292,0.0873323504343641,5.532138116817514,-0.4189558782126051
E1,2022-12-16,Birmingham,Reading,home,2022,0,5.390990535393291,0.08723915724570534,5.102575856806015,-0.2824609258994467
E1,2022-12-16,Birmingham,Reading,away,2022,7,4.404587181056106,0.08723915724570534,4.650928317593285,-0.2824609258994467
E1,2022-12-17,Bristol City,Stoke,home,2022,3,5.157719417691764,0.08737274486121413,5.464302412478909,-0.46625963362997996
E1,2022-12-17,Bristol City,Stoke,away,2022,3,4.9934473998536895,0.08737274486121413,5.473596923961171,-0.46625963362997996
E1,2022-12-17,Burnley,Middlesbrough,home,2022,4,5.487353475725662,0.08737274486121413,5.558104796670673,-0.3155990240271287
E1,2022-12-17,Burnley,Middlesbrough,away,2022,1,4.564702450088893,0.08737274486121413,4.971334794058052,-0.3155990240271287
E1,2022-12-17,Cardiff,Blackpool,home,2022,4,5.889872732879647,0.08737274486121413,6.0511902953782455,-0.2054048173007718
E1,2022-12-17,Cardiff,Blackpool,away,2022,6,3.953592260115138,0.08737274486121413,3.7098082639166585,-0.2054048173007718
E1,2022-12-17,Coventry,Swansea,home,2022,5,5.186725997036231,0.08737274486121413,5.349790897968447,-0.431146554318387
E1,2022-12-17,Coventry,Swansea,away,2022,3,4.827008018462771,0.08737274486121413,5.158005141955239,-0.431146554318387
E1,2022-12-17,Huddersfield,Watford,home,2022,7,4.573594450138276,0.08737274486121413,4.975216614125766,-0.2988523104802175
E1,2022-12-17,Huddersfield,Watford,away,2022,11,5.175258253614738,0.08737274486121413,4.726891747042448,-0.2988523104802175
E1,2022-12-17,Hull,Sunderland,home,2022,7,5.406818071079773,0.08737274486121413,6.142724945360102,-0.4499248144614937
E1,2022-12-17,Hull,Sunderland,away,2022,4,4.699325705399593,0.08737274486121413,4.684892491403729,-0.4499248144614937
E1,2022-12-17,Preston,QPR,home,2022,4,5.123672732145967,0.08737274486121413,4.919133472211527,-0.3847426274412151
E1,2022-12-17,Preston,QPR,away,2022,4,4.668852679662704,0.08737274486121413,4.927239461752767,-0.3847426274412151
E1,2022-12-17,West Brom,Rotherham,home,2022,6,7.516988545849988,0.08737274486121413,9.425270635388904,0.032307448714015585
E1,2022-12-17,West Brom,Rotherham,away,2022,3,3.2906510917157274,0.08737274486121413,2.8287007053780457,0.032307448714015585
E1,2022-12-17,Norwich,Blackburn,home,2022,6,5.818737272048112,0.08737274486121413,5.700470180583322,-0.18167679293002698
E1,2022-12-17,Norwich,Blackburn,away,2022,2,3.8459746165534536,0.08737274486121413,3.516602678736701,-0.18167679293002698
E1,2022-12-19,Wigan,Sheffield United,home,2022,8,4.366741673511395,0.08722774109560197,4.4051235637822295,-0.28930945197294167
E1,2022-12-19,Wigan,Sheffield United,away,2022,4,4.9217811092053845,0.08722774109560197,4.055869435827213,-0.28930945197294167
E1,2022-12-21,Coventry,West Brom,home,2022,10,4.591468609975335,0.0871739582535645,4.361077848497814,-0.4338794758976104
E1,2022-12-21,Coventry,West Brom,away,2022,2,4.931105401094828,0.0871739582535645,4.7517269535031055,-0.4338794758976104
E1,2022-12-26,Watford,Millwall,home,2022,4,5.219305703892681,0.08727541568078352,4.7685127706649775,-0.3055738531782029
E1,2022-12-26,Watford,Millwall,away,2022,10,4.437463278332811,0.08727541568078352,4.6357125100557255,-0.3055738531782029
E1,2022-12-26,Sunderland,Blackburn,home,2022,7,4.906740531443437,0.08727541568078352,4.4090675121261755,-0.3977160909420477
E1,2022-12-26,Sunderland,Blackburn,away,2022,3,4.561969813456938,0.08727541568078352,4.549895682180395,-0.3977160909420477
E1,2022-12-26,Bristol City,West Brom,home,2022,8,4.572389623057805,0.08727541568078352,4.4136796149029776,-0.41133941245819594
E1,2022-12-26,Bristol City,West Brom,away,2022,6,5.130921334233461,0.08727541568078352,5.195414465427932,-0.41133941245819594
E1,2022-12-26,Hull,Blackpool,home,2022,11,5.520978203050033,0.08727541568078352,5.628201388062174,-0.31100196463654234
E1,2022-12-26,Hull,Blackpool,away,2022,8,4.316385823840163,0.08727541568078352,4.259994152975393,-0.31100196463654234
E1,2022-12-26,Middlesbrough,Wigan,home,2022,9,6.292038072952842,0.08727541568078352,6.556700019065417,-0.10345829659472033
E1,2022-12-26,Middlesbrough,Wigan,away,2022,10,3.7600301447527764,0.08727541568078352,3.581894902220417,-0.10345829659472033
E1,2022-12-26,Preston,Huddersfield,home,2022,2,5.641897119549135,0.08727541568078352,5.3736934975788,-0.20894953499009006
E1,2022-12-26,Preston,Huddersfield,away,2022,3,4.178645410918328,0.08727541568078352,4.327042327758402,-0.20894953499009006
E1,2022-12-26,Rotherham,Stoke,home,2022,3,4.9073439531464595,0.08727541568078352,5.538633016031665,-0.38703149048638336
E1,2022-12-26,Rotherham,Stoke,away,2022,3,5.2707821360516185,0.08727541568078352,5.466523511766906,-0.38703149048638336
E1,2022-12-26,Sheffield United,Coventry,home,2022,2,6.451763528080971,0.08727541568078352,7.282025286396755,-0.13515509601181686
E1,2022-12-26,Sheffield United,Coventry,away,2022,7,4.073871650786422,0.08727541568078352,4.352045617937753,-0.13515509601181686
E1,2022-12-26,Cardiff,QPR,home,2022,1,5.365155976895268,0.08727541568078352,5.842855107847019,-0.423439388163924
E1,2022-12-26,Cardiff,QPR,away,2022,6,4.498087278094395,0.08727541568078352,4.253451648349734,-0.423439388163924
E1,2022-12-26,Luton,Norwich,home,2022,6,5.152896932887553,0.08727541568078352,5.583771058252678,-0.48921995285764885
E1,2022-12-26,Luton,Norwich,away,2022,4,5.3394771969702255,0.08727541568078352,6.465250157175533,-0.48921995285764885
E1,2022-12-27,Reading,Swansea,home,2022,3,4.765860701855673,0.08736332374994665,4.690432308648009,-0.46540217630158953
E1,2022-12-27,Reading,Swansea,away,2022,4,5.031067512259661,0.08736332374994665,5.20182063243639,-0.46540217630158953
E1,2022-12-27,Burnley,Birmingham,home,2022,1,6.333402939362631,0.08736332374994665,6.504182618044822,-0.07822003326289739
E1,2022-12-27,Burnley,Birmingham,away,2022,1,3.897262754176836,0.08736332374994665,4.074204708107114,-0.07822003326289739
E1,2022-12-29,QPR,Luton,home,2022,6,5.492322918167946,0.08755712544593028,5.823996622305957,-0.3573309153887674
E1,2022-12-29,QPR,Luton,away,2022,2,4.583712710430316,0.08755712544593028,4.813244616397607,-0.3573309153887674
E1,2022-12-29,Blackburn,Middlesbrough,home,2022,1,4.492100102237445,0.08755712544593028,4.254862795896139,-0.3982937703146233
E1,2022-12-29,Blackburn,Middlesbrough,away,2022,7,4.966941653151866,0.08755712544593028,4.671495203056275,-0.3982937703146233
E1,2022-12-29,Coventry,Cardiff,home,2022,5,5.494888834678264,0.08755712544593028,5.770964777403358,-0.34742764900790124
E1,2022-12-29,Coventry,Cardiff,away,2022,2,4.206281282226961,0.08755712544593028,3.8081652177156315,-0.34742764900790124
E1,2022-12-29,Huddersfield,Rotherham,home,2022,0,5.831896728096914,0.08755712544593028,6.596198048237383,-0.3135421246660128
E1,2022-12-29,Huddersfield,Rotherham,away,2022,2,3.9934347516928117,0.08755712544593028,3.404595689478356,-0.3135421246660128
E1,2022-12-29,Millwall,Bristol City,home,2022,3,5.860808391999367,0.08755712544593028,6.16634547283441,-0.23653784910206177
E1,2022-12-29,Millwall,Bristol City,away,2022,4,4.067194892410599,0.08755712544593028,3.89118362842101,-0.23653784910206177
E1,2022-12-29,Wigan,Sunderland,home,2022,1,5.133856106237096,0.08755712544593028,5.627653315470344,-0.4934166145143331
E1,2022-12-29,Wigan,Sunderland,away,2022,4,4.416012993753407,0.08755712544593028,3.6962752437369097,-0.4934166145143331
E1,2022-12-29,West Brom,Preston,home,2022,14,6.192683451592079,0.08755712544593028,6.6863347271863,-0.16480446927374304
E1,2022-12-29,West Brom,Preston,away,2022,3,3.828536935884513,0.08755712544593028,3.533911578777554,-0.16480446927374304
E1,2022-12-29,Blackpool,Sheffield United,home,2022,5,4.266666109343531,0.08755712544593028,4.6865560481580335,-0.16837118363663706
E1,2022-12-29,Blackpool,Sheffield United,away,2022,6,5.833510683794387,0.08755712544593028,5.7902270780214184,-0.16837118363663706
E1,2022-12-30,Birmingham,Hull,home,2022,4,5.440403070359026,0.08817267024469791,5.189198595285184,-0.27381394231818873
E1,2022-12-30,Birmingham,Hull,away,2022,7,4.296622075995633,0.08817267024469791,4.3734119015827355,-0.27381394231818873
E1,2022-12-30,Norwich,Reading,home,2022,8,5.712679920583522,0.08817267024469791,5.2045246603824245,-0.14515716919033683
E1,2022-12-30,Norwich,Reading,away,2022,7,3.9569084572003783,0.08817267024469791,3.963426828035431,-0.14515716919033683
E1,2022-12-30,Stoke,Burnley,home,2022,3,4.908076514651569,0.08817267024469791,5.556515095210639,-0.38438652181628186
E1,2022-12-30,Stoke,Burnley,away,2022,5,5.031451137255876,0.08817267024469791,4.775564959149492,-0.38438652181628186
E1,2022-12-30,Swansea,Watford,home,2022,4,5.3036925527444785,0.08817267024469791,5.382197924785529,-0.3768306982820357
E1,2022-12-30,Swansea,Watford,away,2022,2,4.742271085425795,0.08817267024469791,5.194400559018543,-0.3768306982820357
E1,2023-01-01,Blackburn,Cardiff,home,2022,3,5.250841294998354,0.0880081607605414,5.386222556517657,-0.4044934604566678
E1,2023-01-01,Blackburn,Cardiff,away,2022,9,4.240263858800723,0.0880081607605414,3.668146608413569,-0.4044934604566678
E1,2023-01-01,Blackpool,Sunderland,home,2022,1,4.89972463839206,0.0880081607605414,5.241044391079341,-0.43504917613999233
E1,2023-01-01,Blackpool,Sunderland,away,2022,5,5.118175247114491,0.0880081607605414,5.289787771661057,-0.43504917613999233
E1,2023-01-01,Coventry,Bristol City,home,2022,6,5.8016109157492775,0.0880081607605414,6.215757082310231,-0.27140643161565287
E1,2023-01-01,Coventry,Bristol City,away,2022,11,4.135045070324008,0.0880081607605414,3.9311684291973394,-0.27140643161565287
E1,2023-01-01,Huddersfield,Luton,home,2022,1,4.860494135521566,0.0880081607605414,5.152705042011197,-0.42947898835499193
E1,2023-01-01,Huddersfield,Luton,away,2022,1,4.793034288646828,0.0880081607605414,4.3622151241741305,-0.42947898835499193
E1,2023-01-01,Millwall,Rotherham,home,2022,10,6.301718292158966,0.0880081607605414,6.24620376297966,-0.05346592998131433
E1,2023-01-01,Millwall,Rotherham,away,2022,1,3.5220547572878407,0.0880081607605414,3.1348947120013215,-0.05346592998131433
E1,2023-01-02,Birmingham,Middlesbrough,home,2022,9,4.382945488965924,0.0885082610905344,3.9949621013916667,-0.3916562495055144
E1,2023-01-02,Birmingham,Middlesbrough,away,2022,8,5.26292091662432,0.0885082610905344,5.470037131179657,-0.3916562495055144
E1,2023-01-02,Norwich,Watford,home,2022,8,5.706164682413033,0.0885082610905344,5.853707238087406,-0.25933282077567055
E1,2023-01-02,Norwich,Watford,away,2022,3,4.384589560050856,0.0885082610905344,4.704773804825751,-0.25933282077567055
E1,2023-01-02,Stoke,Preston,home,2022,4,5.5159397329359265,0.0885082610905344,5.714010976795409,-0.32776141721470314
E1,2023-01-02,Stoke,Preston,away,2022,7,4.438306057566027,0.0885082610905344,4.530609777148267,-0.32776141721470314
E1,2023-01-02,Swansea,Burnley,home,2022,4,4.770551025651696,0.0885082610905344,4.930975367511222,-0.42077886373868933
E1,2023-01-02,Swansea,Burnley,away,2022,5,4.743138134544517,0.0885082610905344,4.19534392897595,-0.42077886373868933
E1,2023-01-02,West Brom,Reading,home,2022,6,6.401590415458069,0.0885082610905344,6.989286511489331,-0.11738679421976972
E1,2023-01-02,West Brom,Reading,away,2022,3,3.875318311375699,0.0885082610905344,3.8464776696165215,-0.11738679421976972
E1,2023-01-02,Wigan,Hull,home,2022,7,4.9337481749754,0.0885082610905344,4.67738801820827,-0.43878035149229433
E1,2023-01-02,Wigan,Hull,away,2022,5,4.250571363827989,0.0885082610905344,3.5620112065944984,-0.43878035149229433
E1,2023-01-02,QPR,Sheffield United,home,2022,8,4.863992706580397,0.0885082610905344,5.352720915228472,-0.3954198110216247
E1,2023-01-02,QPR,Sheffield United,away,2022,6,5.110208838809863,0.0885082610905344,5.050134743825454,-0.3954198110216247
E1,2023-01-14,Rotherham,Blackburn,home,2022,4,4.719569761562678,0.08810043794537445,5.191305928072846,-0.34323127997049063
E1,2023-01-14,Rotherham,Blackburn,away,2022,2,4.954680592588747,0.08810043794537445,4.3762207707392,-0.34323127997049063
E1,2023-01-14,Bristol City,Birmingham,home,2022,5,5.115452281255658,0.08810043794537445,4.80872997173298,-0.3676092544987146
E1,2023-01-14,Bristol City,Birmingham,away,2022,2,4.640253957830674,0.08810043794537445,4.93034479478107,-0.3676092544987146
E1,2023-01-14,Burnley,Coventry,home,2022,3,6.161845793489903,0.08810043794537445,6.392334440490815,-0.13573950040270788
E1,2023-01-14,Burnley,Coventry,away,2022,5,3.9843791209862647,0.08810043794537445,4.082764417932012,-0.13573950040270788
E1,2023-01-14,Cardiff,Wigan,home,2022,3,5.82351452720633,0.08810043794537445,6.180387838670123,-0.255869888901615
E1,2023-01-14,Cardiff,Wigan,away,2022,3,4.2227140329727675,0.08810043794537445,4.24235195925274,-0.255869888901615
E1,2023-01-14,Hull,Huddersfield,home,2022,4,5.876464375267854,0.08810043794537445,6.3354510017012595,-0.2549291858421592
E1,2023-01-14,Hull,Huddersfield,away,2022,4,4.213032766477504,0.08810043794537445,4.218910094542444,-0.2549291858421592
E1,2023-01-14,Luton,West Brom,home,2022,2,5.041504168577339,0.08810043794537445,5.711775938283412,-0.4305330397541678
E1,2023-01-14,Luton,West Brom,away,2022,9,4.967403825810026,0.08810043794537445,4.834863479624734,-0.4305330397541678
E1,2023-01-14,Middlesbrough,Millwall,home,2022,6,5.645348811826697,0.08810043794537445,5.693957508714202,-0.26202048380312837
E1,2023-01-14,Middlesbrough,Millwall,away,2022,3,4.266961513805588,0.08810043794537445,4.3418238229499515,-0.26202048380312837
E1,2023-01-14,Preston,Norwich,home,2022,4,4.581325127781317,0.08810043794537445,4.279475480419514,-0.445780135964185
E1,2023-01-14,Preston,Norwich,away,2022,7,5.4184139027997595,0.08810043794537445,6.293159929876723,-0.445780135964185
E1,2023-01-14,Reading,QPR,home,2022,5,4.737483736674841,0.08810043794537445,4.433293055125489,-0.4973802120314375
E1,2023-01-14,Reading,QPR,away,2022,7,4.812593616649557,0.08810043794537445,4.768153400065371,-0.4973802120314375
E1,2023-01-14,Sheffield United,Stoke,home,2022,2,6.294541292263793,0.08810043794537445,6.939683510500415,-0.1560449859418932
E1,2023-01-14,Sheffield United,Stoke,away,2022,6,4.131706879898759,0.08810043794537445,4.431276996272698,-0.1560449859418932
E1,2023-01-14,Sunderland,Swansea,home,2022,1,4.849956802816584,0.08810043794537445,4.626752410009399,-0.47459707805625106
E1,2023-01-14,Sunderland,Swansea,away,2022,4,5.022028096409671,0.08810043794537445,5.514426421234839,-0.47459707805625106
E1,2023-01-14,Watford,Blackpool,home,2022,2,5.736604340921809,0.08810043794537445,5.495852970706549,-0.18538867616738786
E1,2023-01-14,Watford,Blackpool,away,2022,3,4.335060154980421,0.08810043794537445,4.925661551250387,-0.18538867616738786
E1,2023-01-20,Sheffield United,Hull,home,2022,4,6.232516710622347,0.08801599661728995,6.530828852222497,-0.12530453047072238
E1,2023-01-20,Sheffield United,Hull,away,2022,2,4.028326654793192,0.08801599661728995,4.2590754951522785,-0.12530453047072238
E1,2023-01-20,Burnley,West Brom,home,2022,16,5.3534981501812595,0.08801599661728995,5.445734442712507,-0.36276516195048997
E1,2023-01-20,Burnley,West Brom,away,2022,5,4.40461936010749,0.08801599661728995,4.2721908739754,-0.36276516195048997
E1,2023-01-21,Coventry,Norwich,home,2022,4,4.854018458707688,0.08857900354880609,4.942062984076052,-0.46534186621960366
E1,2023-01-21,Coventry,Norwich,away,2022,6,5.328606982956755,0.08857900354880609,6.126143490971939,-0.46534186621960366
E1,2023-01-21,Birmingham,Preston,home,2022,5,5.250770614272878,0.08857900354880609,5.30976067105219,-0.39101577529819154
E1,2023-01-21,Birmingham,Preston,away,2022,3,4.641674830420977,0.08857900354880609,4.813945230490277,-0.39101577529819154
E1,2023-01-21,Bristol City,Blackburn,home,2022,5,5.264800885406852,0.08857900354880609,5.146522837364268,-0.35431930482194585
E1,2023-01-21,Bristol City,Blackburn,away,2022,3,4.3573180912352445,0.08857900354880609,4.180019086751761,-0.35431930482194585
E1,2023-01-21,Cardiff,Millwall,home,2022,7,4.81825071356143,0.08857900354880609,5.033695410607127,-0.4280703106930846
E1,2023-01-21,Cardiff,Millwall,away,2022,4,4.750981523209555,0.08857900354880609,4.247772306694341,-0.4280703106930846
E1,2023-01-21,QPR,Swansea,home,2022,5,5.123901021459356,0.08857900354880609,5.518442080687688,-0.49328487591264636
E1,2023-01-21,QPR,Swansea,away,2022,8,4.891931094196249,0.08857900354880609,5.017110345624325,-0.49328487591264636
E1,2023-01-21,Stoke,Reading,home,2022,6,5.553889661655946,0.08857900354880609,5.248279861945089,-0.22894560386005908
E1,2023-01-21,Stoke,Reading,away,2022,2,4.44487855264742,0.08857900354880609,5.051151759389412,-0.22894560386005908
E1,2023-01-21,Watford,Rotherham,home,2022,9,6.28111570384551,0.08857900354880609,6.186748227060156,-0.05324008423039378
E1,2023-01-21,Watford,Rotherham,away,2022,3,3.689984348257389,0.08857900354880609,3.5803924407413423,-0.05324008423039378
E1,2023-01-21,Wigan,Luton,home,2022,3,4.828223509955105,0.08857900354880609,4.951469507048004,-0.44920288414329823
E1,2023-01-21,Wigan,Luton,away,2022,1,4.481003319052654,0.08857900354880609,3.677200607006324,-0.44920288414329823
E1,2023-01-22,Sunderland,Middlesbrough,home,2022,4,4.307439297020933,0.08839147723051781,3.5937482289274487,-0.4449208443271767
E1,2023-01-22,Sunderland,Middlesbrough,away,2022,8,5.258203058376748,0.08839147723051781,5.772381744964106,-0.4449208443271767
E1,2023-01-28,Coventry,Huddersfield,home,2022,6,5.843423731282273,0.0883382427364057,5.793221134154998,-0.18553684423066275
E1,2023-01-28,Coventry,Huddersfield,away,2022,3,4.068318121430532,0.0883382427364057,4.110144262898276,-0.18553684423066275
E1,2023-01-28,Hull,QPR,home,2022,4,5.207933288775127,0.0883382427364057,5.594225391033582,-0.46239238785681924
E1,2023-01-28,Hull,QPR,away,2022,5,4.808292861953557,0.0883382427364057,4.935380772678672,-0.46239238785681924
E1,2023-01-28,Middlesbrough,Watford,home,2022,9,5.9239565218523795,0.0883382427364057,6.408843913407154,-0.2441504251835419
E1,2023-01-28,Middlesbrough,Watford,away,2022,5,4.378407617847579,0.0883382427364057,4.761785207416447,-0.2441504251835419
E1,2023-01-31,Luton,Cardiff,home,2022,13,5.849309618850817,0.08817827411181886,6.2165961943257075,-0.24949520712448725
E1,2023-01-31,Luton,Cardiff,away,2022,2,4.265567687955658,0.08817827411181886,4.395651337981536,-0.24949520712448725
E1,2023-02-03,West Brom,Coventry,home,2022,10,6.3051450566891845,0.08848718825782756,7.336805195793253,-0.20411189203072838
E1,2023-02-03,West Brom,Coventry,away,2022,4,4.009280649540054,0.08848718825782756,3.8658406202527047,-0.20411189203072838
E1,2023-02-04,Norwich,Burnley,home,2022,5,5.176779897795421,0.08851026648235734,5.536929624936614,-0.46881109766315987
E1,2023-02-04,Norwich,Burnley,away,2022,3,4.497080615285346,0.08851026648235734,4.051514408357809,-0.46881109766315987
E1,2023-02-04,Rotherham,Sheffield United,home,2022,3,4.292249102027546,0.08851026648235734,4.9618334403608335,-0.13051285777412663
E1,2023-02-04,Rotherham,Sheffield United,away,2022,5,5.782706356011212,0.08851026648235734,5.426035436195215,-0.13051285777412663
E1,2023-02-04,Huddersfield,QPR,home,2022,8,4.640358699406329,0.08851026648235734,4.575865256516763,-0.4169465918770794
E1,2023-02-04,Huddersfield,QPR,away,2022,4,4.842361968585262,0.08851026648235734,4.432119896755354,-0.4169465918770794
E1,2023-02-04,Hull,Cardiff,home,2022,3,5.6723346394890175,0.08851026648235734,6.187980576060195,-0.3278277894009482
E1,2023-02-04,Hull,Cardiff,away,2022,7,4.317291162682914,0.08851026648235734,4.187330841227623,-0.3278277894009482
E1,2023-02-04,Luton,Stoke,home,2022,7,5.657057069527923,0.08851026648235734,6.362759721642508,-0.3614137557361209
E1,2023-02-04,Luton,Stoke,away,2022,5,4.621743774151797,0.08851026648235734,4.906601158164591,-0.3614137557361209
E1,2023-02-04,Middlesbrough,Blackpool,home,2022,9,6.460730520639959,0.08851026648235734,6.5699412820070835,-0.034152730203505954
E1,2023-02-04,Middlesbrough,Blackpool,away,2022,7,3.821098465004513,0.08851026648235734,4.035358338555993,-0.034152730203505954
E1,2023-02-04,Millwall,Sunderland,home,2022,5,5.476777587498568,0.08851026648235734,5.429592478090678,-0.29868064159662455
E1,2023-02-04,Millwall,Sunderland,away,2022,6,4.2362849645822065,0.08851026648235734,4.091704965617611,-0.29868064159662455
E1,2023-02-04,Preston,Bristol City,home,2022,5,5.174586200541507,0.08851026648235734,5.314205038705883,-0.43114550384093997
E1,2023-02-04,Preston,Bristol City,away,2022,3,4.697255445612228,0.08851026648235734,4.772911227256329,-0.43114550384093997
E1,2023-02-04,Reading,Watford,home,2022,4,4.811561788544571,0.08851026648235734,4.850282484474352,-0.4594141851123002
E1,2023-02-04,Reading,Watford,away,2022,4,5.110560619564001,0.08851026648235734,5.404955312205814,-0.4594141851123002
E1,2023-02-04,Swansea,Birmingham,home,2022,1,5.469688893840773,0.08851026648235734,4.907949545243637,-0.2066949875399307
E1,2023-02-04,Swansea,Birmingham,away,2022,3,4.058117428035064,0.08851026648235734,3.990529816948221,-0.2066949875399307
E1,2023-02-06,Blackburn,Wigan,home,2022,7,5.502959135894782,0.08812304911545894,5.353775019680961,-0.2725528041585331
E1,2023-02-06,Blackburn,Wigan,away,2022,7,4.297985673675306,0.08812304911545894,4.38321001562382,-0.2725528041585331
E1,2023-02-07,Blackpool,Huddersfield,home,2022,3,5.226970256995087,0.08803252969849389,5.090255092530084,-0.36333894918308973
E1,2023-02-07,Blackpool,Huddersfield,away,2022,7,4.534947771153764,0.08803252969849389,4.639270051220425,-0.36333894918308973
E1,2023-02-10,Birmingham,West Brom,home,2022,5,4.642763482353294,0.08799212652355785,5.252342876906065,-0.28801965732501
E1,2023-02-10,Birmingham,West Brom,away,2022,6,5.394715170854299,0.08799212652355785,5.25969186475349,-0.28801965732501
E1,2023-02-11,Blackpool,Rotherham,home,2022,4,5.519148605535924,0.08789504956173738,5.870913862114632,-0.3518004035387242
E1,2023-02-11,Blackpool,Rotherham,away,2022,0,4.238951166781735,0.08789504956173738,3.8750299629279135,-0.3518004035387242
E1,2023-02-11,Bristol City,Norwich,home,2022,8,4.685965448781599,0.08789504956173738,4.594810046950158,-0.4393660191724519
E1,2023-02-11,Bristol City,Norwich,away,2022,8,5.485376108395573,0.08789504956173738,6.473091849191114,-0.4393660191724519
E1,2023-02-11,Burnley,Preston,home,2022,5,6.507551177994694,0.08789504956173738,6.643223783635217,-0.025201691170761764
E1,2023-02-11,Burnley,Preston,away,2022,2,3.7502583582279665,0.08789504956173738,3.8623512395858888,-0.025201691170761764
E1,2023-02-11,Cardiff,Middlesbrough,home,2022,7,4.481938365957664,0.08789504956173738,4.541572641236064,-0.33056143764665485
E1,2023-02-11,Cardiff,Middlesbrough,away,2022,4,5.217678768890824,0.08789504956173738,5.003123076867321,-0.33056143764665485
E1,2023-02-11,Coventry,Luton,home,2022,5,5.311635098856517,0.08789504956173738,5.378158391664077,-0.3720932507463738
E1,2023-02-11,Coventry,Luton,away,2022,5,4.40890100737121,0.08789504956173738,4.2419565140277165,-0.3720932507463738
E1,2023-02-11,QPR,Millwall,home,2022,4,5.064067154348708,0.08789504956173738,5.294511390853865,-0.48574622808487683
E1,2023-02-11,QPR,Millwall,away,2022,3,4.791051418424072,0.08789504956173738,4.765928171193291,-0.48574622808487683
E1,2023-02-11,Sheffield United,Swansea,home,2022,4,5.886602083524698,0.08789504956173738,6.11215917410898,-0.21637550810079642
E1,2023-02-11,Sheffield United,Swansea,away,2022,5,4.340567276218897,0.08789504956173738,4.78406312274175,-0.21637550810079642
E1,2023-02-11,Stoke,Hull,home,2022,7,5.529012420875968,0.08789504956173738,5.542764904647758,-0.29262988051067373
E1,2023-02-11,Stoke,Hull,away,2022,2,4.35734939510862,0.08789504956173738,4.462025888735344,-0.29262988051067373
E1,2023-02-11,Sunderland,Reading,home,2022,4,5.13952423099226,0.08789504956173738,4.159669429661637,-0.21792281268943225
E1,2023-02-11,Sunderland,Reading,away,2022,8,4.471830430909228,0.08789504956173738,5.199139901567941,-0.21792281268943225
E1,2023-02-11,Watford,Blackburn,home,2022,6,5.5239908234784805,0.08789504956173738,5.224269564592117,-0.23914062035615746
E1,2023-02-11,Watford,Blackburn,away,2022,2,4.136674659295847,0.08789504956173738,4.072249438603521,-0.23914062035615746
E1,2023-02-11,Wigan,Huddersfield,home,2022,3,5.197273078009235,0.08789504956173738,5.014777976485136,-0.3645549052704643
E1,2023-02-11,Wigan,Huddersfield,away,2022,2,4.040313664764992,0.08789504956173738,3.334722396733917,-0.3645549052704643
E1,2023-02-14,Birmingham,Cardiff,home,2022,5,5.40998645228967,0.08774041220762901,5.661892089695256,-0.3713051959288332
E1,2023-02-14,Birmingham,Cardiff,away,2022,4,4.495732555843632,0.08774041220762901,4.4879543163688504,-0.3713051959288332
E1,2023-02-14,Coventry,Millwall,home,2022,3,5.0336129456742835,0.08774041220762901,5.006478896632095,-0.4491098156609422
E1,2023-02-14,Coventry,Millwall,away,2022,6,4.634647908607568,0.08774041220762901,4.507487559637671,-0.4491098156609422
E1,2023-02-14,Norwich,Hull,home,2022,5,5.88417641774353,0.08774041220762901,5.9745084104907775,-0.1959550311227134
E1,2023-02-14,Norwich,Hull,away,2022,3,3.906517014921965,0.08774041220762901,3.621424174264043,-0.1959550311227134
E1,2023-02-14,QPR,Sunderland,home,2022,2,5.295296615169968,0.08774041220762901,5.613892895392307,-0.42093246815669305
E1,2023-02-14,QPR,Sunderland,away,2022,2,4.689867757624325,0.08774041220762901,4.803186017098449,-0.42093246815669305
E1,2023-02-14,Burnley,Watford,home,2022,5,6.340354052741311,0.08774041220762901,6.8263737330644805,-0.12096577655537377
E1,2023-02-14,Burnley,Watford,away,2022,1,4.051486012173342,0.08774041220762901,4.349092511222392,-0.12096577655537377
E1,2023-02-14,Reading,Rotherham,home,2022,4,5.622081577201473,0.08774041220762901,5.619173038995574,-0.2606403888074902
E1,2023-02-14,Reading,Rotherham,away,2022,4,3.8476969398754366,0.08774041220762901,3.238880894664013,-0.2606403888074902
E1,2023-02-15,Bristol City,Wigan,home,2022,3,5.605597817102989,0.08768530202697188,5.690364994924391,-0.2804434910141628
E1,2023-02-15,Bristol City,Wigan,away,2022,11,4.5308674238892435,0.08768530202697188,5.05155448739442,-0.2804434910141628
E1,2023-02-15,Preston,Luton,home,2022,2,4.7681377295568925,0.08768530202697188,4.6510668963375466,-0.47465403986895083
E1,2023-02-15,Preston,Luton,away,2022,10,4.755771437897743,0.08768530202697188,4.47519191757464,-0.47465403986895083
E1,2023-02-15,Stoke,Huddersfield,home,2022,12,5.817974768379708,0.08768530202697188,5.818087360327973,-0.2013330852968631
E1,2023-02-15,Stoke,Huddersfield,away,2022,3,4.097288875613694,0.08768530202697188,4.124531748922007,-0.2013330852968631
E1,2023-02-15,Swansea,Blackpool,home,2022,6,5.817341400786544,0.08768530202697188,5.347749593252915,-0.12195054952998619
E1,2023-02-15,Swansea,Blackpool,away,2022,2,3.965914666293798,0.08768530202697188,4.088325453786256,-0.12195054952998619
E1,2023-02-15,Sheffield United,Middlesbrough,home,2022,6,5.417680918682556,0.08768530202697188,5.239333912128996,-0.29416718376030493
E1,2023-02-15,Sheffield United,Middlesbrough,away,2022,6,4.568987296448983,0.08768530202697188,5.098950936167582,-0.29416718376030493
E1,2023-02-15,West Brom,Blackburn,home,2022,12,6.561796161743725,0.08768530202697188,7.530494159958445,-0.12135063832015192
E1,2023-02-15,West Brom,Blackburn,away,2022,5,3.5698451791997132,0.08768530202697188,3.0317936600765276,-0.12135063832015192
E1,2023-02-17,Cardiff,Reading,home,2022,8,5.523455865155032,0.08810079941062428,5.274743178876559,-0.24848930495564947
E1,2023-02-17,Cardiff,Reading,away,2022,3,4.268801353104473,0.08810079941062428,4.409837816724854,-0.24848930495564947
E1,2023-02-18,Millwall,Sheffield United,home,2022,4,4.961304353271228,0.08807961522649309,5.156984714755349,-0.4839488450998304
E1,2023-02-18,Millwall,Sheffield United,away,2022,5,4.803436972001612,0.08807961522649309,4.649604768019581,-0.4839488450998304
E1,2023-02-18,Blackburn,Swansea,home,2022,6,4.859503345111827,0.08807961522649309,4.890793236990225,-0.47823834196891185
E1,2023-02-18,Blackburn,Swansea,away,2022,3,4.993397739100111,0.08807961522649309,5.1612934458186865,-0.47823834196891185
E1,2023-02-18,Blackpool,Stoke,home,2022,3,4.6796306567976895,0.08807961522649309,4.720484200613729,-0.41021988925519315
E1,2023-02-18,Blackpool,Stoke,away,2022,5,5.169705773669581,0.08807961522649309,5.301747360181132,-0.41021988925519315
E1,2023-02-18,Huddersfield,Birmingham,home,2022,4,4.775503698182265,0.08807961522649309,4.449029084834616,-0.4792144777391647
E1,2023-02-18,Huddersfield,Birmingham,away,2022,6,4.472313704310743,0.08807961522649309,3.9446399376959853,-0.4792144777391647
E1,2023-02-18,Hull,Preston,home,2022,11,5.452589768252199,0.08807961522649309,5.487201151645435,-0.32056997839432083
E1,2023-02-18,Hull,Preston,away,2022,6,4.42983634562861,0.08807961522649309,4.540447279337693,-0.32056997839432083
E1,2023-02-18,Luton,Burnley,home,2022,7,4.9613460576942625,0.08807961522649309,5.881098665733058,-0.3597813766134947
E1,2023-02-18,Luton,Burnley,away,2022,5,5.045685037961651,0.08807961522649309,4.6904334555244365,-0.3597813766134947
E1,2023-02-18,Middlesbrough,QPR,home,2022,9,6.29442974534278,0.08807961522649309,6.402961525998772,-0.08000902236257018
E1,2023-02-18,Middlesbrough,QPR,away,2022,9,4.053408187560153,0.08807961522649309,4.547827523573507,-0.08000902236257018
E1,2023-02-18,Rotherham,Coventry,home,2022,4,4.686951180141414,0.08807961522649309,5.114318686859754,-0.3386863531646981
E1,2023-02-18,Rotherham,Coventry,away,2022,2,5.245673542335356,0.08807961522649309,5.123800037148498,-0.3386863531646981
E1,2023-02-18,Sunderland,Bristol City,home,2022,2,5.314931254612132,0.08807961522649309,4.932480390031343,-0.2886606688168392
E1,2023-02-18,Sunderland,Bristol City,away,2022,4,4.586860215365877,0.08807961522649309,5.186081516212728,-0.2886606688168392
E1,2023-02-18,Wigan,Norwich,home,2022,3,4.368376643642908,0.08807961522649309,4.3639451431323035,-0.2991940899932841
E1,2023-02-18,Wigan,Norwich,away,2022,5,5.221873710703627,0.08807961522649309,4.8509019003977345,-0.2991940899932841
E1,2023-02-20,Watford,West Brom,home,2022,6,5.006025810898088,0.08782383854389553,5.223580684851265,-0.4959745010950825
E1,2023-02-20,Watford,West Brom,away,2022,6,4.947716172139444,0.08782383854389553,5.123205556738651,-0.4959745010950825
E1,2023-02-21,Blackburn,Blackpool,home,2022,8,5.540890554824982,0.08772177691428465,5.485383053450279,-0.2770174997540634
E1,2023-02-21,Blackburn,Blackpool,away,2022,2,4.2930988832824095,0.08772177691428465,4.348444143602058,-0.2770174997540634
E1,2023-02-21,Millwall,Burnley,home,2022,3,4.754019733305725,0.08772177691428465,5.039809878166945,-0.3908005617977528
E1,2023-02-21,Millwall,Burnley,away,2022,6,4.801665066480946,0.08772177691428465,4.208818085837224,-0.3908005617977528
E1,2023-02-21,Norwich,Birmingham,home,2022,6,5.807423016263637,0.08772177691428465,5.278356393962392,-0.11419833850453903
E1,2023-02-21,Norwich,Birmingham,away,2022,1,3.820488763338191,0.08772177691428465,3.7060012037708545,-0.11419833850453903
E1,2023-02-21,Rotherham,Sunderland,home,2022,4,4.494099690652925,0.08772177691428465,4.7110363017181145,-0.303228285933897
E1,2023-02-21,Rotherham,Sunderland,away,2022,6,5.128120567436843,0.08772177691428465,4.626688331844769,-0.303228285933897
E1,2023-02-21,Swansea,Stoke,home,2022,5,5.212204562647014,0.08772177691428465,5.068202353481516,-0.36684941620946554
E1,2023-02-21,Swansea,Stoke,away,2022,4,4.397208642450702,0.08772177691428465,4.233421300341235,-0.36684941620946554
E1,2023-02-25,Coventry,Sunderland,home,2022,4,5.220018962940374,0.08760303451470182,5.044803537133232,-0.3584432146576032
E1,2023-02-25,Coventry,Sunderland,away,2022,7,4.535819784042452,0.08760303451470182,4.665916046018415,-0.3584432146576032
E1,2023-02-25,Birmingham,Luton,home,2022,2,4.873321399741599,0.08760303451470182,5.07215135411652,-0.4514661356532526
E1,2023-02-25,Birmingham,Luton,away,2022,7,4.934080246514428,0.08760303451470182,4.84928860021911,-0.4514661356532526
E1,2023-02-25,Bristol City,Hull,home,2022,7,5.192367622586866,0.08760303451470182,5.174570666851784,-0.3967445862612935
E1,2023-02-25,Bristol City,Hull,away,2022,3,4.633312830033598,0.08760303451470182,4.760350174392616,-0.3967445862612935
E1,2023-02-25,Burnley,Huddersfield,home,2022,5,6.915750707661549,0.08760303451470182,6.9604388741301,0.09446168490890583
E1,2023-02-25,Burnley,Huddersfield,away,2022,2,3.3918212024861836,0.08760303451470182,3.293029050576672,0.09446168490890583
E1,2023-02-25,Norwich,Cardiff,home,2022,3,6.1009659685433215,0.08760303451470182,6.264944203879527,-0.14343848465309794
E1,2023-02-25,Norwich,Cardiff,away,2022,5,3.7519805737781513,0.08760303451470182,3.4126548149586324,-0.14343848465309794
E1,2023-02-25,Preston,Wigan,home,2022,3,5.103033283750533,0.08760303451470182,4.791629342843632,-0.37078444950044515
E1,2023-02-25,Preston,Wigan,away,2022,7,4.816880891410338,0.08760303451470182,5.465368317611971,-0.37078444950044515
E1,2023-02-25,QPR,Blackburn,home,2022,7,5.527329371441353,0.08760303451470182,5.733863910004231,-0.32548769412927775
E1,2023-02-25,QPR,Blackburn,away,2022,1,4.180809818399451,0.08760303451470182,3.8307590720240894,-0.32548769412927775
E1,2023-02-25,Reading,Blackpool,home,2022,3,5.240349014824057,0.08760303451470182,4.92323056778574,-0.3249240329653195
E1,2023-02-25,Reading,Blackpool,away,2022,8,4.38075962117874,0.08760303451470182,4.378448767801926,-0.3249240329653195
E1,2023-02-25,Sheffield United,Watford,home,2022,5,5.942087021921666,0.08760303451470182,6.408509463349775,-0.23587595174355946
E1,2023-02-25,Sheffield United,Watford,away,2022,5,4.346492290058876,0.08760303451470182,4.704612932197404,-0.23587595174355946
E1,2023-02-25,Stoke,Millwall,home,2022,9,5.2380402720101555,0.08760303451470182,5.404069872096085,-0.4141900309006487
E1,2023-02-25,Stoke,Millwall,away,2022,4,4.587735044774838,0.08760303451470182,4.54356981556323,-0.4141900309006487
E1,2023-02-25,West Brom,Middlesbrough,home,2022,4,5.573350015605849,0.08760303451470182,6.547970368709724,-0.4286589653440482
E1,2023-02-25,West Brom,Middlesbrough,away,2022,8,4.561904644423642,0.08760303451470182,4.4031775804256545,-0.4286589653440482
E1,2023-02-27,Swansea,Rotherham,home,2022,3,6.23160137450496,0.08729736918487739,6.10710154836211,-0.06229495532150492
E1,2023-02-27,Swansea,Rotherham,away,2022,6,3.410179742522664,0.08729736918487739,2.8329909046023305,-0.06229495532150492
E1,2023-02-28,Preston,Coventry,home,2022,4,4.780571094480964,0.08725142196785901,4.618391008080079,-0.48832732433887466
E1,2023-02-28,Preston,Coventry,away,2022,2,4.973172216329067,0.08725142196785901,5.15673407325728,-0.48832732433887466
E1,2023-02-28,Luton,Millwall,home,2022,6,5.594005192805855,0.08725142196785901,6.03255782325853,-0.34121163097289037
E1,2023-02-28,Luton,Millwall,away,2022,2,4.5213259933030905,0.08725142196785901,4.708648562850685,-0.34121163097289037
E1,2023-03-03,Hull,West Brom,home,2022,4,4.902523372261813,0.08727059728476037,5.765385900521422,-0.34646099692193183
E1,2023-03-03,Hull,West Brom,away,2022,6,5.3274020966550655,0.08727059728476037,5.39863964149107,-0.34646099692193183
E1,2023-03-04,Blackburn,Sheffield United,home,2022,3,4.579727496765716,0.08719381409231432,5.051057499014907,-0.288159708979963
E1,2023-03-04,Blackburn,Sheffield United,away,2022,8,5.271625926333665,0.08719381409231432,4.92583406034082,-0.288159708979963
E1,2023-03-04,Cardiff,Bristol City,home,2022,3,5.614298404050438,0.08719381409231432,6.25691212848871,-0.36597938144329895
E1,2023-03-04,Cardiff,Bristol City,away,2022,5,4.323893878120096,0.08719381409231432,4.0392191925030545,-0.36597938144329895
E1,2023-03-04,Blackpool,Burnley,home,2022,1,3.9524501876173215,0.08719381409231432,4.239438283619533,-0.057243843307387965
E1,2023-03-04,Blackpool,Burnley,away,2022,8,5.843573055644729,0.08719381409231432,5.17328553139869,-0.057243843307387965
E1,2023-03-04,Huddersfield,Coventry,home,2022,5,4.7080950634010295,0.08719381409231432,4.932281850295528,-0.3850574712643678
E1,2023-03-04,Huddersfield,Coventry,away,2022,5,4.838810656653875,0.08719381409231432,4.276139058826048,-0.3850574712643678
E1,2023-03-04,Luton,Swansea,home,2022,4,5.750538827648943,0.08719381409231432,6.140515413048711,-0.28369433310043024
E1,2023-03-04,Luton,Swansea,away,2022,3,4.5327829971308065,0.08719381409231432,5.040273558302362,-0.28369433310043024
E1,2023-03-04,Middlesbrough,Reading,home,2022,6,6.510635631612087,0.08719381409231432,6.373573139737834,0.015239751136435054
E1,2023-03-04,Middlesbrough,Reading,away,2022,1,3.956988770726448,0.08719381409231432,4.696721509532512,0.015239751136435054
E1,2023-03-04,Millwall,Norwich,home,2022,4,4.938989230382711,0.08719381409231432,4.7571480523830925,-0.4519043874054122
E1,2023-03-04,Millwall,Norwich,away,2022,4,5.053701716529463,0.08719381409231432,5.750460347212005,-0.4519043874054122
E1,2023-03-04,Rotherham,QPR,home,2022,7,4.814571095686958,0.08719381409231432,4.927663524078143,-0.4461365887179902
E1,2023-03-04,Rotherham,QPR,away,2022,8,5.048211545124356,0.08719381409231432,5.146481430797499,-0.4461365887179902
E1,2023-03-04,Sunderland,Stoke,home,2022,2,4.867234461568535,0.08719381409231432,4.230712252615358,-0.380445230269013
E1,2023-03-04,Sunderland,Stoke,away,2022,4,4.818107282386863,0.08719381409231432,5.413714545004706,-0.380445230269013
E1,2023-03-04,Watford,Preston,home,2022,6,5.7451308216448345,0.08719381409231432,5.546620084800628,-0.19008203275387214
E1,2023-03-04,Watford,Preston,away,2022,3,4.219398282876126,0.08719381409231432,4.537987436953714,-0.19008203275387214
E1,2023-03-04,Wigan,Birmingham,home,2022,2,4.847484124425429,0.08719381409231432,4.185612220249251,-0.3812594704878718
E1,2023-03-04,Wigan,Birmingham,away,2022,1,4.081767542557619,0.08719381409231432,3.3729395883653512,-0.3812594704878718
E1,2023-03-07,Huddersfield,Bristol City,home,2022,6,4.88113343972393,0.0871593822431215,5.24757893299116,-0.42363921159117607
E1,2023-03-07,Huddersfield,Bristol City,away,2022,4,4.750337671922251,0.0871593822431215,4.226273748227617,-0.42363921159117607
E1,2023-03-07,Reading,Sheffield United,home,2022,3,4.087689096580172,0.0871593822431215,4.209130572494442,-0.15458154356692044
E1,2023-03-07,Reading,Sheffield United,away,2022,4,5.76927980361581,0.0871593822431215,5.529257652085996,-0.15458154356692044
E1,2023-03-07,West Brom,Wigan,home,2022,1,6.790699929308354,0.0871593822431215,7.656702009416031,-0.04476655900203297
E1,2023-03-07,West Brom,Wigan,away,2022,2,3.9655335377508356,0.0871593822431215,4.4349727243016765,-0.04476655900203297
E1,2023-03-10,Stoke,Blackburn,home,2022,1,5.892571152763427,0.08721209769025749,6.516972231810249,-0.2742624881928818
E1,2023-03-10,Stoke,Blackburn,away,2022,5,4.043006523072031,0.08721209769025749,3.675962488521508,-0.2742624881928818
E1,2023-03-11,Bristol City,Blackpool,home,2022,6,5.62752328350634,0.08727073083488505,5.5923313848356315,-0.2535106065132955
E1,2023-03-11,Bristol City,Blackpool,away,2022,0,4.465318637728461,0.08727073083488505,4.986289409784214,-0.2535106065132955
E1,2023-03-11,Birmingham,Rotherham,home,2022,4,5.790655603484348,0.08727073083488505,6.030460627551028,-0.2478884462151394
E1,2023-03-11,Birmingham,Rotherham,away,2022,10,3.988575240281969,0.08727073083488505,3.636856024643413,-0.2478884462151394
E1,2023-03-11,Burnley,Wigan,home,2022,10,6.695698925110619,0.08727073083488505,6.1979607763874185,0.11708903596167297
E1,2023-03-11,Burnley,Wigan,away,2022,0,3.587713368389188,0.08727073083488505,3.95760280636227,0.11708903596167297
E1,2023-03-11,Coventry,Hull,home,2022,10,5.501022936078836,0.08727073083488505,5.386939711863645,-0.2793370539987336
E1,2023-03-11,Coventry,Hull,away,2022,3,4.259272386771036,0.08727073083488505,4.241163360367839,-0.2793370539987336
E1,2023-03-11,Preston,Cardiff,home,2022,4,4.961833052347573,0.08727073083488505,4.729032252291725,-0.4338810641627543
E1,2023-03-11,Preston,Cardiff,away,2022,4,4.623004130456215,0.08727073083488505,4.548003932021132,-0.4338810641627543
E1,2023-03-11,QPR,Watford,home,2022,2,4.988040251740614,0.08727073083488505,5.69523428325217,-0.40457822436426916
E1,2023-03-11,QPR,Watford,away,2022,5,4.970285693761405,0.08727073083488505,4.7116805160651465,-0.40457822436426916
E1,2023-03-11,Reading,Millwall,home,2022,2,4.363534876635854,0.08727073083488505,4.246841464671092,-0.3219192761954334
E1,2023-03-11,Reading,Millwall,away,2022,2,5.110127375851323,0.08727073083488505,4.672091813437413,-0.3219192761954334
E1,2023-03-11,Sheffield United,Luton,home,2022,3,5.693989676300146,0.08727073083488505,5.8081041591262625,-0.2576895917643137
E1,2023-03-11,Sheffield United,Luton,away,2022,4,4.3273622923240795,0.08727073083488505,4.539895398069332,-0.2576895917643137
E1,2023-03-11,Swansea,Middlesbrough,home,2022,4,4.453964716358179,0.08727073083488505,4.282237822872984,-0.3692844105396172
E1,2023-03-11,Swansea,Middlesbrough,away,2022,6,5.133347503062761,0.08727073083488505,4.9760129386389265,-0.3692844105396172
E1,2023-03-11,West Brom,Huddersfield,home,2022,9,7.058560781442243,0.08727073083488505,7.770036754814627,0.04547533037633178
E1,2023-03-11,West Brom,Huddersfield,away,2022,2,3.4688632974946176,0.08727073083488505,3.3332222029386798,0.04547533037633178
E1,2023-03-12,Norwich,Sunderland,home,2022,8,5.636407308788265,0.08769054800257126,5.418209057628565,-0.21936753496342365
E1,2023-03-12,Norwich,Sunderland,away,2022,3,4.067118991552139,0.08769054800257126,3.9623061515110516,-0.21936753496342365
E1,2023-03-14,Blackpool,QPR,home,2022,6,4.867979344358363,0.08766992852110056,4.558838375255288,-0.4506367288133523
E1,2023-03-14,Blackpool,QPR,away,2022,1,5.067320501631465,0.08766992852110056,5.802475880298204,-0.4506367288133523
E1,2023-03-14,Millwall,Swansea,home,2022,5,5.375954778636485,0.08766992852110056,4.9526506003272734,-0.2617903835919858
E1,2023-03-14,Millwall,Swansea,away,2022,5,4.358780561666377,0.08766992852110056,4.614326199363525,-0.2617903835919858
E1,2023-03-14,Rotherham,Preston,home,2022,3,5.028358631109535,0.08766992852110056,5.218520584513403,-0.49112844680144213
E1,2023-03-14,Rotherham,Preston,away,2022,5,4.769829482565009,0.08766992852110056,4.679336016908345,-0.49112844680144213
E1,2023-03-14,Watford,Birmingham,home,2022,3,5.4475730284770405,0.08766992852110056,4.785502302406443,-0.1937196150411747
E1,2023-03-14,Watford,Birmingham,away,2022,1,4.094188702640186,0.08766992852110056,4.148936243820109,-0.1937196150411747
E1,2023-03-14,Wigan,Coventry,home,2022,6,4.473819547264138,0.08766992852110056,4.507216314262173,-0.3328587346787174
E1,2023-03-14,Wigan,Coventry,away,2022,4,4.613115454902096,0.08766992852110056,3.5317884109187827,-0.3328587346787174
E1,2023-03-14,Middlesbrough,Stoke,home,2022,4,6.151088491905659,0.08766992852110056,6.407773530863442,-0.1427226901963875
E1,2023-03-14,Middlesbrough,Stoke,away,2022,6,4.152425806601574,0.08766992852110056,4.558651794113868,-0.1427226901963875
E1,2023-03-15,Blackburn,Reading,home,2022,6,5.6274944825220485,0.08754779577117829,5.08787230626265,-0.1641693058750202
E1,2023-03-15,Blackburn,Reading,away,2022,4,4.195413853366614,0.08754779577117829,4.589016274133475,-0.1641693058750202
E1,2023-03-15,Cardiff,West Brom,home,2022,3,4.90722919647543,0.08754779577117829,5.555394162311473,-0.38411250717520246
E1,2023-03-15,Cardiff,West Brom,away,2022,5,5.009655783817996,0.08754779577117829,4.715523672326931,-0.38411250717520246
E1,2023-03-15,Huddersfield,Norwich,home,2022,6,4.2492965180120335,0.08754779577117829,4.498312857208431,-0.1961400047012552
E1,2023-03-15,Huddersfield,Norwich,away,2022,8,5.735014481572743,0.08754779577117829,5.680608559093545,-0.1961400047012552
E1,2023-03-15,Hull,Burnley,home,2022,3,4.414591926966795,0.08754779577117829,5.063968979259334,-0.1869003599073117
E1,2023-03-15,Hull,Burnley,away,2022,3,5.604434991722817,0.08754779577117829,5.268234431349042,-0.1869003599073117
E1,2023-03-15,Luton,Bristol City,home,2022,7,6.145801079210642,0.08754779577117829,6.748198839376731,-0.1939639910920805
E1,2023-03-15,Luton,Bristol City,away,2022,2,4.195098912539751,0.08754779577117829,4.445665189211797,-0.1939639910920805
E1,2023-03-15,Sunderland,Sheffield United,home,2022,4,4.293211812183288,0.08754779577117829,3.7986246513418873,-0.38361125080682523
E1,2023-03-15,Sunderland,Sheffield United,away,2022,8,5.39995663379941,0.08754779577117829,5.835573621007606,-0.38361125080682523
E1,2023-03-18,Blackpool,Coventry,home,2022,5,4.541804577903722,0.08731804436967902,4.570162847305091,-0.3603441001359524
E1,2023-03-18,Blackpool,Coventry,away,2022,4,5.161745005686945,0.08731804436967902,5.007215791049946,-0.3603441001359524
E1,2023-03-18,Middlesbrough,Preston,home,2022,7,6.464076868240897,0.08731804436967902,6.6518863266830115,-0.04447516258202888
E1,2023-03-18,Middlesbrough,Preston,away,2022,4,3.916567981972057,0.08731804436967902,4.282120915566913,-0.04447516258202888
E1,2023-03-18,Millwall,Huddersfield,home,2022,3,6.211942355375513,0.08731804436967902,5.699672356410265,-0.005540252079255237
E1,2023-03-18,Millwall,Huddersfield,away,2022,6,3.657561763019306,0.08731804436967902,3.672255946947902,-0.005540252079255237
E1,2023-03-18,QPR,Birmingham,home,2022,10,5.00964160988076,0.08731804436967902,4.707104819215806,-0.4036781774236007
E1,2023-03-18,QPR,Birmingham,away,2022,1,4.308231845491935,0.08731804436967902,3.8413849971843406,-0.4036781774236007
E1,2023-03-18,Reading,Hull,home,2022,1,4.732941962790161,0.08731804436967902,4.606660368569802,-0.46378015090243574
E1,2023-03-18,Reading,Hull,away,2022,9,4.658763621611494,0.08731804436967902,4.171841872302766,-0.46378015090243574
E1,2023-03-18,Stoke,Norwich,home,2022,8,5.161818515181638,0.08731804436967902,5.394325287693285,-0.45193883123975975
E1,2023-03-18,Stoke,Norwich,away,2022,3,5.153701139940969,0.08731804436967902,6.080221582903122,-0.45193883123975975
E1,2023-03-18,Sunderland,Luton,home,2022,6,4.503415412724925,0.08731804436967902,3.827051356218474,-0.4947749146610472
E1,2023-03-18,Sunderland,Luton,away,2022,2,5.027044927106643,0.08731804436967902,5.413322548669541,-0.4947749146610472
E1,2023-03-18,Watford,Wigan,home,2022,5,5.79412379403693,0.08731804436967902,5.368157086905656,-0.13631453877727373
E1,2023-03-18,Watford,Wigan,away,2022,4,4.144141008724762,0.08731804436967902,4.563634735124414,-0.13631453877727373
E1,2023-03-19,Swansea,Bristol City,home,2022,3,5.430665596865366,0.08729953456016454,5.393562499858252,-0.31514553136220674
E1,2023-03-19,Swansea,Bristol City,away,2022,7,4.240718298821074,0.08729953456016454,4.033040963461826,-0.31514553136220674
E1,2023-03-31,Burnley,Sunderland,home,2022,5,6.544785973711682,0.08726044636470405,6.408492283780553,0.0241567912488605
E1,2023-03-31,Burnley,Sunderland,away,2022,4,3.56802849131047,0.08726044636470405,3.5312428076737956,0.0241567912488605
E1,2023-04-01,Luton,Watford,home,2022,9,5.737757897129475,0.0871903393657897,6.285808284128043,-0.3117872305002914
E1,2023-04-01,Luton,Watford,away,2022,3,4.489648624830789,0.0871903393657897,4.761248707711709,-0.3117872305002914
E1,2023-04-01,Preston,Blackpool,home,2022,6,5.240990653377576,0.0871903393657897,4.802913354759144,-0.3012083370766328
E1,2023-04-01,Preston,Blackpool,away,2022,8,4.398527817268386,0.0871903393657897,4.541748605137999,-0.3012083370766328
E1,2023-04-01,Birmingham,Blackburn,home,2022,4,5.10466281779362,0.0871903393657897,5.289676365673173,-0.46339176651782615
E1,2023-04-01,Birmingham,Blackburn,away,2022,7,4.575928591012722,0.0871903393657897,4.281572363692166,-0.46339176651782615
E1,2023-04-01,Bristol City,Reading,home,2022,10,5.6402767070859685,0.0871903393657897,5.2052592823920225,-0.1796221880531832
E1,2023-04-01,Bristol City,Reading,away,2022,4,4.312485138957258,0.0871903393657897,4.882665791271717,-0.1796221880531832
E1,2023-04-01,Cardiff,Swansea,home,2022,1,5.160293656586232,0.0871903393657897,5.278653679240828,-0.4322456930662933
E1,2023-04-01,Cardiff,Swansea,away,2022,3,4.6299394050289475,0.0871903393657897,4.575369324187392,-0.4322456930662933
E1,2023-04-01,Coventry,Stoke,home,2022,6,5.1918291604260745,0.0871903393657897,5.282479069466299,-0.41653164981283874
E1,2023-04-01,Coventry,Stoke,away,2022,6,4.704086210369306,0.0871903393657897,4.867379960793346,-0.41653164981283874
E1,2023-04-01,Huddersfield,Middlesbrough,home,2022,5,4.077361467776814,0.0871903393657897,4.275537294645392,-0.13297687009193004
E1,2023-04-01,Huddersfield,Middlesbrough,away,2022,9,5.768904803597944,0.0871903393657897,5.403306025845384,-0.13297687009193004
E1,2023-04-01,Hull,Rotherham,home,2022,8,5.933722425855205,0.0871903393657897,6.406880898396803,-0.2394273135474101
E1,2023-04-01,Hull,Rotherham,away,2022,8,4.099336860810663,0.0871903393657897,3.9672466320861135,-0.2394273135474101
E1,2023-04-01,Norwich,Sheffield United,home,2022,4,5.113035488619878,0.0871903393657897,5.353212133425793,-0.470265939366472
E1,2023-04-01,Norwich,Sheffield United,away,2022,5,4.6277241162292295,0.0871903393657897,4.388992193028403,-0.470265939366472
E1,2023-04-01,West Brom,Millwall,home,2022,6,6.130782019203332,0.0871903393657897,6.787129118425864,-0.20598686335738137
E1,2023-04-01,West Brom,Millwall,away,2022,7,3.9180275245931813,0.0871903393657897,3.6133384093942733,-0.20598686335738137
E1,2023-04-01,Wigan,QPR,home,2022,2,4.999556916278501,0.0871903393657897,4.739487325692364,-0.4155821414626095
E1,2023-04-01,Wigan,QPR,away,2022,5,4.324102441491424,0.0871903393657897,3.8332372018592227,-0.4155821414626095
E1,2023-04-07,Millwall,Luton,home,2022,4,4.935226127286854,0.08684119826502433,4.754832704446208,-0.45349579653080774
E1,2023-04-07,Millwall,Luton,away,2022,4,4.586351097610306,0.08684119826502433,4.354757128608024,-0.45349579653080774
E1,2023-04-07,Rotherham,West Brom,home,2022,8,4.271191889190279,0.08684119826502433,4.742047404159815,-0.16009889121965837
E1,2023-04-07,Rotherham,West Brom,away,2022,3,5.743399653957762,0.08684119826502433,5.490876361096011,-0.16009889121965837
E1,2023-04-07,Blackburn,Norwich,home,2022,8,4.85724586910565,0.08684119826502433,4.995124990841058,-0.4570366524848008
E1,2023-04-07,Blackburn,Norwich,away,2022,5,5.278000355538948,0.08684119826502433,5.90975624687856,-0.4570366524848008
E1,2023-04-07,Blackpool,Cardiff,home,2022,4,4.780902014520948,0.08684119826502433,4.695140722600468,-0.4729352746849382
E1,2023-04-07,Blackpool,Cardiff,away,2022,3,4.797564507708192,0.08684119826502433,4.579759281212884,-0.4729352746849382
E1,2023-04-07,QPR,Preston,home,2022,6,5.348949600476096,0.08684119826502433,5.7796277737631705,-0.42129816788214935
E1,2023-04-07,QPR,Preston,away,2022,6,4.430407569089145,0.08684119826502433,4.082965502661766,-0.42129816788214935
E1,2023-04-07,Reading,Birmingham,home,2022,5,4.4575539131105195,0.08684119826502433,3.8819838991846924,-0.4642035505288065
E1,2023-04-07,Reading,Birmingham,away,2022,0,4.617109927041686,0.08684119826502433,4.0683204069968415,-0.4642035505288065
E1,2023-04-07,Sheffield United,Wigan,home,2022,9,6.396241196285666,0.08684119826502433,6.103538708949197,0.008445744807525468
E1,2023-04-07,Sheffield United,Wigan,away,2022,6,3.9057822567044025,0.08684119826502433,4.493289831021031,0.008445744807525468
E1,2023-04-07,Stoke,Bristol City,home,2022,7,6.018504037562858,0.08684119826502433,6.315560367370752,-0.18767249160147148
E1,2023-04-07,Stoke,Bristol City,away,2022,4,4.158600246433364,0.08684119826502433,4.365364957150686,-0.18767249160147148
E1,2023-04-07,Swansea,Coventry,home,2022,5,5.119839150566786,0.08684119826502433,4.954647098731399,-0.3935565382185723
E1,2023-04-07,Swansea,Coventry,away,2022,5,4.468393377298765,0.08684119826502433,4.3080501192126475,-0.3935565382185723
E1,2023-04-07,Watford,Huddersfield,home,2022,13,5.944700404926825,0.08684119826502433,5.6537799028840645,-0.11625775133738636
E1,2023-04-07,Watford,Huddersfield,away,2022,3,3.8742452119875903,0.08684119826502433,3.8480391412557355,-0.11625775133738636
E1,2023-04-07,Sunderland,Hull,home,2022,1,5.1114830262357165,0.08684119826502433,4.352250388231424,-0.2754252512312052
E1,2023-04-07,Sunderland,Hull,away,2022,0,4.440733324768208,0.08684119826502433,4.7960107399046485,-0.2754252512312052
E1,2023-04-07,Middlesbrough,Burnley,home,2022,1,5.109158298712343,0.08684119826502433,5.640129419241908,-0.4783436257507825
E1,2023-04-07,Middlesbrough,Burnley,away,2022,2,4.810655868498673,0.08684119826502433,4.641921561865372,-0.4783436257507825
E1,2023-04-10,Huddersfield,Blackburn,home,2022,5,4.918802801131337,0.08717947767431715,5.115015883667855,-0.46851535731891647
E1,2023-04-10,Huddersfield,Blackburn,away,2022,10,4.596960836470469,0.08717947767431715,4.036337113517007,-0.46851535731891647
E1,2023-04-10,Birmingham,Stoke,home,2022,6,4.680158210384125,0.08717947767431715,4.915277961637481,-0.37230268992018917
E1,2023-04-10,Birmingham,Stoke,away,2022,10,5.318166427378166,0.08717947767431715,5.520928944050938,-0.37230268992018917
E1,2023-04-10,Cardiff,Sunderland,home,2022,7,5.108685672590343,0.08717947767431715,5.160682761295824,-0.4379363847944142
E1,2023-04-10,Cardiff,Sunderland,away,2022,5,4.519760965149966,0.08717947767431715,4.246442199786818,-0.4379363847944142
E1,2023-04-10,Coventry,Watford,home,2022,6,5.376433268322999,0.08717947767431715,5.670088885169932,-0.3894180398133155
E1,2023-04-10,Coventry,Watford,away,2022,4,4.680726945129565,0.08717947767431715,4.938519697389231,-0.3894180398133155
E1,2023-04-10,Hull,Millwall,home,2022,7,4.903534131440947,0.08717947767431715,5.361496448541151,-0.4156641088329985
E1,2023-04-10,Hull,Millwall,away,2022,5,5.0097095941507055,0.08717947767431715,4.875739359162805,-0.4156641088329985
E1,2023-04-10,Luton,Blackpool,home,2022,7,6.590220842993655,0.08717947767431715,6.827849030576701,-0.017133884821516787
E1,2023-04-10,Luton,Blackpool,away,2022,5,3.866915239970968,0.08717947767431715,4.250525708035586,-0.017133884821516787
E1,2023-04-10,Norwich,Rotherham,home,2022,10,6.488690069515395,0.08717947767431715,6.678792560224363,-0.038061365325406105
E1,2023-04-10,Norwich,Rotherham,away,2022,3,3.5872190520018297,0.08717947767431715,3.3571720121727298,-0.038061365325406105
E1,2023-04-10,Preston,Reading,home,2022,9,5.297116210157751,0.08717947767431715,4.665365027195162,-0.24507337822464975
E1,2023-04-10,Preston,Reading,away,2022,2,4.439666621785296,0.08717947767431715,4.949132232678539,-0.24507337822464975
E1,2023-04-10,West Brom,QPR,home,2022,8,6.586399707287398,0.08717947767431715,7.2404017812080275,-0.07414649614205693
E1,2023-04-10,West Brom,QPR,away,2022,4,3.944019121310389,0.08717947767431715,4.23314908668671,-0.07414649614205693
E1,2023-04-10,Wigan,Swansea,home,2022,6,4.465921788871212,0.08717947767431715,4.104348963799301,-0.4166036785084404
E1,2023-04-10,Wigan,Swansea,away,2022,1,4.617111507573686,0.08717947767431715,3.868516703698188,-0.4166036785084404
E1,2023-04-10,Bristol City,Middlesbrough,home,2022,4,4.500551524339792,0.08717947767431715,4.711784742840415,-0.3069394786089791
E1,2023-04-10,Bristol City,Middlesbrough,away,2022,7,5.623390981958565,0.08717947767431715,6.039435999712916,-0.3069394786089791
E1,2023-04-10,Burnley,Sheffield United,home,2022,8,5.531919615564791,0.08717947767431715,5.855552048074642,-0.34310297230146314
E1,2023-04-10,Burnley,Sheffield United,away,2022,2,4.292680274810739,0.08717947767431715,4.053670797525879,-0.34310297230146314
E1,2023-04-14,Middlesbrough,Norwich,home,2022,3,5.772343011242746,0.08691111751039433,6.072127112029923,-0.2629221178081998
E1,2023-04-14,Middlesbrough,Norwich,away,2022,5,4.666676383635392,0.08691111751039433,5.597587709288413,-0.2629221178081998
E1,2023-04-15,Sheffield United,Cardiff,home,2022,5,6.295226145519222,0.08687205851052847,6.238810955417308,-0.05512092831002818
E1,2023-04-15,Sheffield United,Cardiff,away,2022,5,3.8776211742339606,0.08687205851052847,4.115358813372324,-0.05512092831002818
E1,2023-04-15,Blackpool,Wigan,home,2022,3,5.0544418480368325,0.08687205851052847,4.737308268325301,-0.38576028283721076
E1,2023-04-15,Blackpool,Wigan,away,2022,7,4.706529557568207,0.08687205851052847,5.035889811199835,-0.38576028283721076
E1,2023-04-15,Millwall,Preston,home,2022,2,5.581216194650479,0.08687205851052847,5.217718181736258,-0.2102146558105108
E1,2023-04-15,Millwall,Preston,away,2022,4,4.150710239639445,0.08687205851052847,4.239496555026149,-0.2102146558105108
E1,2023-04-15,QPR,Coventry,home,2022,5,5.045661235159165,0.08687205851052847,5.600662498682493,-0.4513199029536374
E1,2023-04-15,QPR,Coventry,away,2022,2,4.756168895233908,0.08687205851052847,4.3671035995855725,-0.4513199029536374
E1,2023-04-15,Reading,Burnley,home,2022,3,3.6685193819873594,0.08687205851052847,3.531243418149374,-0.029354842516432833
E1,2023-04-15,Reading,Burnley,away,2022,7,5.701489355010013,0.08687205851052847,4.6828473273102125,-0.029354842516432833
E1,2023-04-15,Rotherham,Luton,home,2022,2,4.3928819809628346,0.08687205851052847,4.682194084630377,-0.24771866680337573
E1,2023-04-15,Rotherham,Luton,away,2022,6,5.292792193788094,0.08687205851052847,4.773684246466077,-0.24771866680337573
E1,2023-04-15,Stoke,West Brom,home,2022,5,5.461289276013266,0.08687205851052847,5.928661549229822,-0.3894180398133155
E1,2023-04-15,Stoke,West Brom,away,2022,5,4.658530930563141,0.08687205851052847,4.87212334506912,-0.3894180398133155
E1,2023-04-15,Sunderland,Birmingham,home,2022,9,4.937608084083363,0.08687205851052847,3.754786242820821,-0.229008947006194
E1,2023-04-15,Sunderland,Birmingham,away,2022,2,4.050972901873438,0.08687205851052847,3.877917297390458,-0.229008947006194
E1,2023-04-15,Swansea,Huddersfield,home,2022,5,5.871985259491158,0.08687205851052847,5.537804139025139,-0.12979385820085854
E1,2023-04-15,Swansea,Huddersfield,away,2022,4,3.8702080813964668,0.08687205851052847,3.7820785203032754,-0.12979385820085854
E1,2023-04-15,Watford,Bristol City,home,2022,6,5.772423022625496,0.08687205851052847,6.032886415685818,-0.25675675675675674
E1,2023-04-15,Watford,Bristol City,away,2022,7,4.222481365210812,0.08687205851052847,4.237708264287034,-0.25675675675675674
E1,2023-04-15,Blackburn,Hull,home,2022,9,5.604666027414732,0.08687205851052847,5.26443112400092,-0.20735385285592217
E1,2023-04-15,Blackburn,Hull,away,2022,3,4.106428299984664,0.08687205851052847,4.124428865031739,-0.20735385285592217
E1,2023-04-18,Blackpool,West Brom,home,2022,5,4.31706553803167,0.08654587768473786,4.404982439900236,-0.2585446174505227
E1,2023-04-18,Blackpool,West Brom,away,2022,5,5.51359119601559,0.08654587768473786,5.424670327931852,-0.2585446174505227
E1,2023-04-18,Rotherham,Burnley,home,2022,4,3.9109596389876384,0.08654587768473786,3.9957391099059687,-0.084797086957342
E1,2023-04-18,Rotherham,Burnley,away,2022,7,5.743244392696204,0.08654587768473786,5.070008717984243,-0.084797086957342
E1,2023-04-18,Sheffield United,Bristol City,home,2022,2,6.501129533021705,0.08654587768473786,6.50934425849843,-0.008616269478565197
E1,2023-04-18,Sheffield United,Bristol City,away,2022,2,3.9371836891754097,0.08654587768473786,4.5146908314542324,-0.008616269478565197
E1,2023-04-18,Stoke,Wigan,home,2022,7,6.270288073141701,0.08654587768473786,6.082956301586187,-0.04189245518966245
E1,2023-04-18,Stoke,Wigan,away,2022,4,4.0594699960034575,0.08654587768473786,4.755167695864985,-0.04189245518966245
E1,2023-04-18,Sunderland,Huddersfield,home,2022,5,5.676893815290011,0.08654587768473786,4.8993934596589055,-0.10496566563285331
E1,2023-04-18,Sunderland,Huddersfield,away,2022,11,3.9249480604261,0.08654587768473786,4.0411800922377985,-0.10496566563285331
E1,2023-04-18,Millwall,Birmingham,home,2022,11,5.522359280663997,0.08654587768473786,4.66282840208975,-0.13247433567244854
E1,2023-04-18,Millwall,Birmingham,away,2022,4,3.746827698910836,0.08654587768473786,3.438986647252345,-0.13247433567244854
E1,2023-04-19,Blackburn,Coventry,home,2022,5,5.236755585387891,0.08655449413236956,5.547317562036543,-0.4395784712654297
E1,2023-04-19,Blackburn,Coventry,away,2022,6,4.577960345021051,0.08655449413236956,4.396367326159045,-0.4395784712654297
E1,2023-04-19,QPR,Norwich,home,2022,7,4.767419809097974,0.08655449413236956,5.3066707453305835,-0.3496082825765787
E1,2023-04-19,QPR,Norwich,away,2022,11,5.333134018041059,0.08655449413236956,5.433258496218132,-0.3496082825765787
E1,2023-04-19,Swansea,Preston,home,2022,2,5.228985259602989,0.08655449413236956,4.954986824976452,-0.3368442965786729
E1,2023-04-19,Swansea,Preston,away,2022,4,4.337156498077875,0.08655449413236956,4.2021538255288995,-0.3368442965786729
E1,2023-04-19,Watford,Cardiff,home,2022,10,5.717121336967472,0.08655449413236956,5.751567219661532,-0.23753152486010298
E1,2023-04-19,Watford,Cardiff,away,2022,1,4.156597412975356,0.08655449413236956,4.135382253401675,-0.23753152486010298
E1,2023-04-19,Middlesbrough,Hull,home,2022,4,6.4098500456017335,0.08655449413236956,6.152896078769051,0.006553664562173989
E1,2023-04-19,Middlesbrough,Hull,away,2022,3,3.7151270490843578,0.08655449413236956,3.888684836858388,0.006553664562173989
E1,2023-04-19,Reading,Luton,home,2022,2,3.996560708481296,0.08655449413236956,3.797203696817113,-0.1912442092855568
E1,2023-04-19,Reading,Luton,away,2022,5,5.3989136825029895,0.08655449413236956,4.758348373569132,-0.1912442092855568
E1,2023-04-22,Birmingham,Blackpool,home,2022,6,5.415977768855525,0.08667524444447562,5.479982689014243,-0.33745969577240686
E1,2023-04-22,Birmingham,Blackpool,away,2022,7,4.694781734522771,0.08667524444447562,5.2623346172914705,-0.33745969577240686
E1,2023-04-22,Bristol City,Rotherham,home,2022,7,5.8436221444943515,0.08667524444447562,6.47616318775856,-0.29077731353768027
E1,2023-04-22,Bristol City,Rotherham,away,2022,7,4.285996559219531,0.08667524444447562,4.265440397236101,-0.29077731353768027
E1,2023-04-22,Burnley,QPR,home,2022,11,6.803631929136553,0.08667524444447562,6.697315259124976,0.0868914178146658
E1,2023-04-22,Burnley,QPR,away,2022,4,3.5278715323132115,0.08667524444447562,3.653885098956314,0.0868914178146658
E1,2023-04-22,Cardiff,Stoke,home,2022,6,5.144977268553319,0.08667524444447562,5.2428198787787235,-0.4338083088624657
E1,2023-04-22,Cardiff,Stoke,away,2022,4,4.662581621010297,0.08667524444447562,4.660116934421246,-0.4338083088624657
E1,2023-04-22,Coventry,Reading,home,2022,2,6.166376958410289,0.08667524444447562,5.753463230656311,-0.034234648104809584
E1,2023-04-22,Coventry,Reading,away,2022,4,3.968918928428089,0.08667524444447562,4.495577448770051,-0.034234648104809584
E1,2023-04-22,Hull,Watford,home,2022,2,5.307906987694816,0.08667524444447562,5.94828201545522,-0.4692171458839608
E1,2023-04-22,Hull,Watford,away,2022,5,4.893310918791183,0.08667524444447562,5.150638033505988,-0.4692171458839608
E1,2023-04-22,Norwich,Swansea,home,2022,2,5.512730814922128,0.08667524444447562,5.562392848552339,-0.3039088479204588
E1,2023-04-22,Norwich,Swansea,away,2022,6,4.169885278287807,0.08667524444447562,3.890129149807048,-0.3039088479204588
E1,2023-04-22,Wigan,Millwall,home,2022,5,4.312983510560914,0.08667524444447562,4.328584423635798,-0.27253514489338726
E1,2023-04-22,Wigan,Millwall,away,2022,3,4.684201253742202,0.08667524444447562,3.4609022412605874,-0.27253514489338726
E1,2023-04-22,Preston,Blackburn,home,2022,4,4.956329495457345,0.08667524444447562,4.842818938579735,-0.45934140876173163
E1,2023-04-22,Preston,Blackburn,away,2022,3,4.643655305676939,0.08667524444447562,4.483679715341458,-0.45934140876173163
E1,2023-04-23,West Brom,Sunderland,home,2022,4,6.127729230286351,0.08646454902060968,7.128527332669997,-0.25371424321519764
E1,2023-04-23,West Brom,Sunderland,away,2022,5,4.132319231801382,0.08646454902060968,3.997931037453303,-0.25371424321519764
E1,2023-04-24,Luton,Middlesbrough,home,2022,4,5.278902472561565,0.08639624716303797,5.472315183603567,-0.40513586490485665
E1,2023-04-24,Luton,Middlesbrough,away,2022,5,4.883504342173329,0.08639624716303797,5.480547998207362,-0.40513586490485665
E1,2023-04-25,Blackburn,Burnley,home,2022,10,4.464478363049858,0.08632797575268362,4.487884335258336,-0.3312956566922395
E1,2023-04-25,Blackburn,Burnley,away,2022,4,5.166543462755645,0.08632797575268362,4.868535468542798,-0.3312956566922395
E1,2023-04-26,Sheffield United,West Brom,home,2022,5,5.643106358762788,0.08635143071625662,5.8205594376503145,-0.28387541053077653
E1,2023-04-26,Sheffield United,West Brom,away,2022,0,4.458953406353763,0.08635143071625662,4.809072558451209,-0.28387541053077653
E1,2023-04-27,Rotherham,Cardiff,home,2022,6,4.935165885034053,0.08647387847987094,5.1084524844750465,-0.47866807123810773
E1,2023-04-27,Rotherham,Cardiff,away,2022,4,4.74032886178073,0.08647387847987094,4.4528050467797575,-0.47866807123810773
E1,2023-04-28,Blackpool,Millwall,home,2022,7,4.436320447848196,0.08639997483730562,4.281007584984705,-0.3588721365711128
E1,2023-04-28,Blackpool,Millwall,away,2022,3,5.09025009265521,0.08639997483730562,4.804745769579121,-0.3588721365711128
E1,2023-04-29,Bristol City,Burnley,home,2022,3,4.5278484728954895,0.08636209457021488,4.773828095711011,-0.3108505870154196
E1,2023-04-29,Bristol City,Burnley,away,2022,3,5.370672151416229,0.08636209457021488,5.320181856141565,-0.3108505870154196
E1,2023-04-29,Coventry,Birmingham,home,2022,5,6.068675797328406,0.08636209457021488,5.340361198906446,-0.006797254459727009
E1,2023-04-29,Coventry,Birmingham,away,2022,5,3.6651244245368884,0.08636209457021488,3.689010520885104,-0.006797254459727009
E1,2023-04-29,Hull,Swansea,home,2022,3,4.580074311878232,0.08636209457021488,5.0764691509749325,-0.28362023807373427
E1,2023-04-29,Hull,Swansea,away,2022,5,5.357980505801959,0.08636209457021488,5.13438831025858,-0.28362023807373427
E1,2023-04-29,Reading,Wigan,home,2022,13,4.737015652585824,0.08636209457021488,4.2832097570081284,-0.46509380053252924
E1,2023-04-29,Reading,Wigan,away,2022,3,4.835807272533535,0.08636209457021488,5.001913323550755,-0.46509380053252924
E1,2023-04-29,Sheffield United,Preston,home,2022,10,5.7490845639034465,0.08636209457021488,5.764387701088921,-0.22462982414529198
E1,2023-04-29,Sheffield United,Preston,away,2022,5,4.107955357767096,0.08636209457021488,4.054018300322438,-0.22462982414529198
E1,2023-04-29,Stoke,QPR,home,2022,7,5.863353917822465,0.08636209457021488,6.385886519066556,-0.26843559142801643
E1,2023-04-29,Stoke,QPR,away,2022,0,4.400939605446947,0.08636209457021488,4.709332795595408,-0.26843559142801643
E1,2023-04-29,Sunderland,Watford,home,2022,10,5.285622332004676,0.08636209457021488,4.413146320210883,-0.1983880384337552
E1,2023-04-29,Sunderland,Watford,away,2022,2,4.438345932856613,0.08636209457021488,5.195316332488579,-0.1983880384337552
E1,2023-04-29,West Brom,Norwich,home,2022,6,5.90130607972174,0.08636209457021488,6.861657453274583,-0.31898985045943196
E1,2023-04-29,West Brom,Norwich,away,2022,1,4.673308456552279,0.08636209457021488,5.296577733923105,-0.31898985045943196
E1,2023-04-30,Cardiff,Huddersfield,home,2022,5,5.441555814387197,0.08677205787155409,5.99724927156007,-0.4100332720742797
E1,2023-04-30,Cardiff,Huddersfield,away,2022,9,4.3551317034423365,0.08677205787155409,3.9351220494055377,-0.4100332720742797
E1,2023-05-01,Rotherham,Middlesbrough,home,2022,1,4.318262006287047,0.08673541017175383,4.166644539493421,-0.31186694635900514
E1,2023-05-01,Rotherham,Middlesbrough,away,2022,11,5.641942311542193,0.08673541017175383,6.128210090025237,-0.31186694635900514
E1,2023-05-01,Blackburn,Luton,home,2022,9,5.1460637361293236,0.08673541017175383,5.015313361176935,-0.39130791660477954
E1,2023-05-01,Blackburn,Luton,away,2022,4,4.568223512092637,0.08673541017175383,4.598752549592587,-0.39130791660477954
E1,2023-05-04,Huddersfield,Sheffield United,home,2022,9,4.702026705075335,0.08691809764768754,4.660589859913628,-0.43514023020261566
E1,2023-05-04,Huddersfield,Sheffield United,away,2022,3,5.178982893860928,0.08691809764768754,5.471251994104879,-0.43514023020261566
E1,2023-05-08,Birmingham,Sheffield United,home,2022,4,4.5148393916657055,0.08692855895796799,4.954047358025775,-0.2680808211358472
E1,2023-05-08,Birmingham,Sheffield United,away,2022,4,5.694118091024155,0.08692855895796799,6.006194415873792,-0.2680808211358472
E1,2023-05-08,Burnley,Cardiff,home,2022,5,7.009936587966727,0.08692855895796799,7.0803406070108545,0.11472785485592307
E1,2023-05-08,Burnley,Cardiff,away,2022,3,3.3018521516771977,0.08692855895796799,3.1164482589620635,0.11472785485592307
E1,2023-05-08,Huddersfield,Reading,home,2022,4,5.414556390641988,0.08692855895796799,5.256565195011317,-0.2988234212703374
E1,2023-05-08,Huddersfield,Reading,away,2022,6,4.419720643636983,0.08692855895796799,4.6159740335445125,-0.2988234212703374
E1,2023-05-08,Luton,Hull,home,2022,7,6.200273371309418,0.08692855895796799,6.276668173565273,-0.10174643157010921
E1,2023-05-08,Luton,Hull,away,2022,6,3.8731393834657135,0.08692855895796799,3.904397834050929,-0.10174643157010921
E1,2023-05-08,Middlesbrough,Coventry,home,2022,7,5.279660544541776,0.08692855895796799,5.96268116185751,-0.4858642004887633
E1,2023-05-08,Middlesbrough,Coventry,away,2022,6,4.615107147866962,0.08692855895796799,4.283722655221674,-0.4858642004887633
E1,2023-05-08,Millwall,Blackburn,home,2022,3,5.483744775166486,0.08692855895796799,5.159050259452915,-0.24694855463349574
E1,2023-05-08,Millwall,Blackburn,away,2022,6,4.109715964847329,0.08692855895796799,3.9642466464447326,-0.24694855463349574
E1,2023-05-08,Norwich,Blackpool,home,2022,10,6.314411473098777,0.08692855895796799,6.164867853555579,-0.035661076517553514
E1,2023-05-08,Norwich,Blackpool,away,2022,4,3.790268919304066,0.08692855895796799,3.937044843131158,-0.035661076517553514
E1,2023-05-08,Preston,Sunderland,home,2022,2,4.377884506940043,0.08692855895796799,4.622850163868327,-0.25057001460498257
E1,2023-05-08,Preston,Sunderland,away,2022,7,5.33375725812962,0.08692855895796799,4.894394550604085,-0.25057001460498257
E1,2023-05-08,QPR,Bristol City,home,2022,7,5.342725973970583,0.08692855895796799,5.819804097016824,-0.4309793618637629
E1,2023-05-08,QPR,Bristol City,away,2022,3,4.579381936205567,0.08692855895796799,4.440471165588664,-0.4309793618637629
E1,2023-05-08,Swansea,West Brom,home,2022,6,4.609522641758918,0.08692855895796799,4.705475433748935,-0.3726006168198487
E1,2023-05-08,Swansea,West Brom,away,2022,3,4.967443301736047,0.08692855895796799,4.547527849799769,-0.3726006168198487
E1,2023-05-08,Watford,Stoke,home,2022,6,5.338677664353363,0.08692855895796799,5.751097171806704,-0.4217945769325328
E1,2023-05-08,Watford,Stoke,away,2022,6,4.662950677544929,0.08692855895796799,4.720790711291286,-0.4217945769325328
E1,2023-05-08,Wigan,Rotherham,home,2022,3,5.4252390609073915,0.08692855895796799,5.4457966711129115,-0.32694612132311374
E1,2023-05-08,Wigan,Rotherham,away,2022,2,3.9077674846828847,0.08692855895796799,3.1556416373954375,-0.32694612132311374
