date,home,away,venue,actual,alpha,baseline_mean,strength,joint_mean,fold_start,fold_end
2020-07-01,Preston,Derby,home,7,0.08604060066931235,5.731879243707215,0.059582919563058556,5.541197656691372,2020-07-01,2021-07-01
2020-07-01,Preston,Derby,away,5,0.08604060066931235,4.410365518100423,-0.059582919563058556,4.796456055170731,2020-07-01,2021-07-01
2020-07-01,Birmingham,Huddersfield,home,4,0.08604060066931235,5.043809708689392,0.07296975393166477,5.347792427569616,2020-07-01,2021-07-01
2020-07-01,Birmingham,Huddersfield,away,4,0.08604060066931235,4.878313688500082,-0.07296975393166477,4.9261111559763515,2020-07-01,2021-07-01
2020-07-01,Nott'm Forest,Bristol City,home,3,0.08604060066931235,6.536867238882006,0.20506179234810928,6.198054412426076,2020-07-01,2021-07-01
2020-07-01,Nott'm Forest,Bristol City,away,8,0.08604060066931235,4.633405995687505,-0.20506179234810928,4.549601675007496,2020-07-01,2021-07-01
2020-07-01,Sheffield Weds,West Brom,home,11,0.08604060066931235,5.134394467692592,-0.2400850999817336,4.63691002916675,2020-07-01,2021-07-01
2020-07-01,Sheffield Weds,West Brom,away,4,0.08604060066931235,4.1842148756823025,0.2400850999817336,5.434439549502473,2020-07-01,2021-07-01
2020-07-02,Hull,Middlesbrough,home,0,0.08586857740920195,5.514587306311885,-0.15121899917032494,4.95097286943528,2020-07-01,2021-07-01
2020-07-02,Hull,Middlesbrough,away,5,0.08586857740920195,5.556313203413206,0.15121899917032494,5.717224094200674,2020-07-01,2021-07-01
2020-07-03,Charlton,Millwall,home,4,0.08612960709347205,5.183629627145434,-0.12596524133527548,4.910098291075225,2020-07-01,2021-07-01
2020-07-03,Charlton,Millwall,away,9,0.08612960709347205,5.620539653501814,0.12596524133527548,5.6704605569204904,2020-07-01,2021-07-01
2020-07-04,Derby,Nott'm Forest,home,3,0.08608057411268569,6.220104609891444,0.08086181565734024,5.749249061822179,2020-07-01,2021-07-01
2020-07-04,Derby,Nott'm Forest,away,4,0.08608057411268569,5.089913031479061,-0.08086181565734024,4.976422145966009,2020-07-01,2021-07-01
2020-07-04,Blackburn,Leeds,home,0,0.08608057411268569,4.6630230428659685,-0.39870390371856196,4.167394366880872,2020-07-01,2021-07-01
2020-07-04,Blackburn,Leeds,away,4,0.08608057411268569,5.724483112846466,0.39870390371856196,6.492291139434879,2020-07-01,2021-07-01
2020-07-04,Brentford,Wigan,home,9,0.08608057411268569,6.617113143931658,0.48819919915815946,7.117147364915154,2020-07-01,2021-07-01
2020-07-04,Brentford,Wigan,away,2,0.08608057411268569,5.129045255300106,-0.48819919915815946,4.112543766187678,2020-07-01,2021-07-01
2020-07-04,Bristol City,Cardiff,home,5,0.08608057411268569,5.4230885353910825,-0.1286170095720101,4.976984620629001,2020-07-01,2021-07-01
2020-07-04,Bristol City,Cardiff,away,6,0.08608057411268569,5.811219250371344,0.1286170095720101,5.7399626080912105,2020-07-01,2021-07-01
2020-07-04,Fulham,Birmingham,home,9,0.08608057411268569,7.0146689073388355,0.33378177710652235,6.742161385372076,2020-07-01,2021-07-01
2020-07-04,Fulham,Birmingham,away,4,0.08608057411268569,4.083825883723571,-0.33378177710652235,4.106829296653792,2020-07-01,2021-07-01
2020-07-04,Huddersfield,Preston,home,2,0.08608057411268569,5.563548346674514,0.029361420907236313,5.409289471647665,2020-07-01,2021-07-01
2020-07-04,Huddersfield,Preston,away,7,0.08608057411268569,4.088672093754898,-0.029361420907236313,4.74650790399171,2020-07-01,2021-07-01
2020-07-04,Luton,Reading,home,4,0.08608057411268569,5.670803608678924,0.030244125550282996,5.445496966818269,2020-07-01,2021-07-01
2020-07-04,Luton,Reading,away,3,0.08608057411268569,5.589405884066753,-0.030244125550282996,5.255998899792414,2020-07-01,2021-07-01
2020-07-04,Stoke,Barnsley,home,6,0.08608057411268569,5.630702612707372,0.11755769023722085,5.6625433540805465,2020-07-01,2021-07-01
2020-07-04,Stoke,Barnsley,away,3,0.08608057411268569,4.679013783489633,-0.11755769023722085,4.7576100034253574,2020-07-01,2021-07-01
2020-07-05,Swansea,Sheffield Weds,home,5,0.08613254332682602,5.755141913775494,0.12926178476133998,5.734965435450251,2020-07-01,2021-07-01
2020-07-05,Swansea,Sheffield Weds,away,8,0.08613254332682602,4.484918850504728,-0.12926178476133998,4.6660906381633485,2020-07-01,2021-07-01
2020-07-05,Middlesbrough,QPR,home,9,0.08613254332682602,5.942081021749572,0.17477712880418073,5.921764239123289,2020-07-01,2021-07-01
2020-07-05,Middlesbrough,QPR,away,7,0.08613254332682602,3.9717878596913607,-0.17477712880418073,4.388331893729023,2020-07-01,2021-07-01
2020-07-05,West Brom,Hull,home,11,0.08613254332682602,6.490655824963155,0.6126446096531766,7.502273110596755,2020-07-01,2021-07-01
2020-07-05,West Brom,Hull,away,7,0.08613254332682602,4.451928222790286,-0.6126446096531766,3.701220168927069,2020-07-01,2021-07-01
2020-07-07,Nott'm Forest,Fulham,home,8,0.08597804604045492,5.462463220364889,-0.01875776448447919,5.25559497332175,2020-07-01,2021-07-01
2020-07-07,Nott'm Forest,Fulham,away,6,0.08597804604045492,5.193279356568526,0.01875776448447919,5.25163011481882,2020-07-01,2021-07-01
2020-07-07,Brentford,Charlton,home,7,0.08597804604045492,7.2336584389250795,0.6522766855876196,7.920792618134148,2020-07-01,2021-07-01
2020-07-07,Brentford,Charlton,away,1,0.08597804604045492,4.013603291523394,-0.6522766855876196,3.5110927170874313,2020-07-01,2021-07-01
2020-07-07,Luton,Barnsley,home,3,0.08597804604045492,5.351742014869561,-0.06336416226974173,5.111195773056833,2020-07-01,2021-07-01
2020-07-07,Luton,Barnsley,away,11,0.08597804604045492,5.697534203083526,0.06336416226974173,5.529168438574124,2020-07-01,2021-07-01
2020-07-07,Reading,Huddersfield,home,4,0.08597804604045492,4.7452946595418934,0.001298072423489005,5.066836129618116,2020-07-01,2021-07-01
2020-07-07,Reading,Huddersfield,away,2,0.08597804604045492,5.292881550953392,-0.001298072423489005,5.234377706460382,2020-07-01,2021-07-01
2020-07-07,Cardiff,Blackburn,home,2,0.08597804604045492,4.281786706346701,0.20706451935284476,5.4013196575457245,2020-07-01,2021-07-01
2020-07-07,Cardiff,Blackburn,away,5,0.08597804604045492,4.789023894252097,-0.20706451935284476,4.594716956869788,2020-07-01,2021-07-01
2020-07-08,Millwall,Middlesbrough,home,8,0.08621169997351108,6.411021480358298,0.13350971973573728,5.953246908306585,2020-07-01,2021-07-01
2020-07-08,Millwall,Middlesbrough,away,2,0.08621169997351108,4.44964167537606,-0.13350971973573728,4.6446740082632685,2020-07-01,2021-07-01
2020-07-08,West Brom,Derby,home,8,0.08621169997351108,7.876039536801704,0.32669039145907475,6.979266466142191,2020-07-01,2021-07-01
2020-07-08,West Brom,Derby,away,0,0.08621169997351108,4.404053862873813,-0.32669039145907475,4.223795949425655,2020-07-01,2021-07-01
2020-07-08,Birmingham,Swansea,home,9,0.08621169997351108,6.086072643727728,-0.059477473971003225,5.34082958302501,2020-07-01,2021-07-01
2020-07-08,Birmingham,Swansea,away,4,0.08621169997351108,4.4729992723423795,0.059477473971003225,5.09856249267358,2020-07-01,2021-07-01
2020-07-08,Bristol City,Hull,home,3,0.08621169997351108,5.416559122348105,0.17145135566188197,5.7358465762690685,2020-07-01,2021-07-01
2020-07-08,Bristol City,Hull,away,6,0.08621169997351108,5.141143681627284,-0.17145135566188197,4.7828137931131405,2020-07-01,2021-07-01
2020-07-08,Wigan,QPR,home,9,0.08621169997351108,5.993552494038889,0.1718273790583824,5.930210894080996,2020-07-01,2021-07-01
2020-07-08,Wigan,QPR,away,2,0.08621169997351108,4.165518712905075,-0.1718273790583824,4.463543336667043,2020-07-01,2021-07-01
2020-07-08,Sheffield Weds,Preston,home,7,0.08621169997351108,5.98073230412602,0.0807858937174617,5.675636517574727,2020-07-01,2021-07-01
2020-07-08,Sheffield Weds,Preston,away,2,0.08621169997351108,4.049798314481778,-0.0807858937174617,4.617683595177129,2020-07-01,2021-07-01
2020-07-09,Leeds,Stoke,home,7,0.08651747615083515,6.269148923770177,0.5039260809229444,7.044708380321189,2020-07-01,2021-07-01
2020-07-09,Leeds,Stoke,away,3,0.08651747615083515,3.480627519877977,-0.5039260809229444,3.5952985631827596,2020-07-01,2021-07-01
2020-07-10,Huddersfield,Luton,home,6,0.08644653793469981,6.219604370021012,0.3271302079494435,6.461323894718932,2020-07-01,2021-07-01
2020-07-10,Huddersfield,Luton,away,2,0.08644653793469981,3.800198022647427,-0.3271302079494435,4.023834134839883,2020-07-01,2021-07-01
2020-07-10,Fulham,Cardiff,home,3,0.08644653793469981,6.452691019457293,0.22907158441482758,6.242482098132809,2020-07-01,2021-07-01
2020-07-10,Fulham,Cardiff,away,3,0.08644653793469981,4.744870528116356,-0.22907158441482758,4.533242200692485,2020-07-01,2021-07-01
2020-07-11,Charlton,Reading,home,8,0.08648812499752304,5.020372916053815,0.012976613350306976,5.189863231790798,2020-07-01,2021-07-01
2020-07-11,Charlton,Reading,away,1,0.08648812499752304,5.322197455574998,-0.012976613350306976,5.21489090085025,2020-07-01,2021-07-01
2020-07-11,Derby,Brentford,home,6,0.08648812499752304,4.168295862177312,-0.29247661760454,4.224675493326083,2020-07-01,2021-07-01
2020-07-11,Derby,Brentford,away,3,0.08648812499752304,5.996529157532061,0.29247661760454,6.267898145199769,2020-07-01,2021-07-01
2020-07-11,Barnsley,Wigan,home,5,0.08648812499752304,5.714959809361872,0.04236650789671603,5.490821425743143,2020-07-01,2021-07-01
2020-07-11,Barnsley,Wigan,away,3,0.08648812499752304,5.289675046960698,-0.04236650789671603,5.132398364214627,2020-07-01,2021-07-01
2020-07-11,Blackburn,West Brom,home,3,0.08648812499752304,4.991397556381836,-0.33476911382783303,4.3924870976076305,2020-07-01,2021-07-01
2020-07-11,Blackburn,West Brom,away,7,0.08648812499752304,4.030718613851028,0.33476911382783303,5.6148861605228095,2020-07-01,2021-07-01
2020-07-11,Hull,Millwall,home,2,0.08648812499752304,5.224026882199546,-0.09706144256455929,4.990536665774995,2020-07-01,2021-07-01
2020-07-11,Hull,Millwall,away,4,0.08648812499752304,5.487223912256133,0.09706144256455929,5.549469137818523,2020-07-01,2021-07-01
2020-07-11,Middlesbrough,Bristol City,home,9,0.08648812499752304,6.173025241105419,0.2147754106634347,6.110991757844585,2020-07-01,2021-07-01
2020-07-11,Middlesbrough,Bristol City,away,7,0.08648812499752304,4.764106892030376,-0.2147754106634347,4.57013222779198,2020-07-01,2021-07-01
2020-07-11,Preston,Nott'm Forest,home,11,0.08648812499752304,5.70896497467842,0.042763292789948115,5.489967680332066,2020-07-01,2021-07-01
2020-07-11,Preston,Nott'm Forest,away,2,0.08648812499752304,4.970742025849022,-0.042763292789948115,5.02799483251333,2020-07-01,2021-07-01
2020-07-11,QPR,Sheffield Weds,home,7,0.08648812499752304,5.302122148001959,-0.045305339790048416,5.139457061588399,2020-07-01,2021-07-01
2020-07-11,QPR,Sheffield Weds,away,4,0.08648812499752304,5.868442375758075,0.045305339790048416,5.535330668988175,2020-07-01,2021-07-01
2020-07-12,Stoke,Birmingham,home,8,0.08652854830240109,6.601092708460718,0.24595818064237987,6.339702748110452,2020-07-01,2021-07-01
2020-07-12,Stoke,Birmingham,away,7,0.08652854830240109,4.2599403250909695,-0.24595818064237987,4.3410944939207745,2020-07-01,2021-07-01
2020-07-12,Swansea,Leeds,home,6,0.08652854830240109,4.653840159314736,-0.34945014494087334,4.263130713626202,2020-07-01,2021-07-01
2020-07-12,Swansea,Leeds,away,7,0.08652854830240109,6.251021520779353,0.34945014494087334,6.527805139958417,2020-07-01,2021-07-01
2020-07-14,West Brom,Fulham,home,8,0.08619772517006781,6.721587193053331,0.21306600685699068,6.278658391848374,2020-07-01,2021-07-01
2020-07-14,West Brom,Fulham,away,7,0.08619772517006781,4.716753481479287,-0.21306600685699068,4.558901781714654,2020-07-01,2021-07-01
2020-07-14,Reading,Middlesbrough,home,5,0.08619772517006781,5.229799099093032,-0.09256351927205153,5.003002249475005,2020-07-01,2021-07-01
2020-07-14,Reading,Middlesbrough,away,5,0.08619772517006781,5.245836688819621,0.09256351927205153,5.456664653913471,2020-07-01,2021-07-01
2020-07-14,Wigan,Hull,home,4,0.08619772517006781,5.690977436204754,0.3133642804788664,6.235257779564881,2020-07-01,2021-07-01
2020-07-14,Wigan,Hull,away,3,0.08619772517006781,4.6431760726579725,-0.3133642804788664,4.324807464771792,2020-07-01,2021-07-01
2020-07-14,Cardiff,Derby,home,3,0.08619772517006781,5.255004469193399,0.10745642772900016,5.509483340274552,2020-07-01,2021-07-01
2020-07-14,Cardiff,Derby,away,2,0.08619772517006781,4.565201268047057,-0.10745642772900016,4.742063702871296,2020-07-01,2021-07-01
2020-07-14,Luton,QPR,home,6,0.08619772517006781,5.81067056546615,0.08710928226636072,5.639161917294474,2020-07-01,2021-07-01
2020-07-14,Luton,QPR,away,4,0.08619772517006781,5.052291222209603,-0.08710928226636072,4.949660627017432,2020-07-01,2021-07-01
2020-07-14,Millwall,Blackburn,home,7,0.08619772517006781,5.870628643823907,0.13388156600432816,5.785058647350919,2020-07-01,2021-07-01
2020-07-14,Millwall,Blackburn,away,4,0.08619772517006781,3.6475241640854548,-0.13388156600432816,4.351214983587924,2020-07-01,2021-07-01
2020-07-14,Sheffield Weds,Huddersfield,home,6,0.08619772517006781,5.1920476485220535,0.03767629582265952,5.309147781156347,2020-07-01,2021-07-01
2020-07-14,Sheffield Weds,Huddersfield,away,5,0.08619772517006781,3.926339957377983,-0.03767629582265952,4.6655226885061545,2020-07-01,2021-07-01
2020-07-15,Brentford,Preston,home,4,0.08554245951363733,6.554976128020062,0.5193403485421952,7.200756278100826,2020-07-01,2021-07-01
2020-07-15,Brentford,Preston,away,6,0.08554245951363733,4.055152836902592,-0.5193403485421952,3.752206298623595,2020-07-01,2021-07-01
2020-07-15,Bristol City,Stoke,home,4,0.08554245951363733,4.648173952401837,-0.04357846218311345,4.926667017281906,2020-07-01,2021-07-01
2020-07-15,Bristol City,Stoke,away,2,0.08554245951363733,4.92997699420489,0.04357846218311345,5.224043939313441,2020-07-01,2021-07-01
2020-07-15,Birmingham,Charlton,home,5,0.08554245951363733,6.49531560502603,0.10637752650629428,5.9023283126761115,2020-07-01,2021-07-01
2020-07-15,Birmingham,Charlton,away,1,0.08554245951363733,4.091559739571707,-0.10637752650629428,4.577330298270553,2020-07-01,2021-07-01
2020-07-15,Nott'm Forest,Swansea,home,5,0.08554245951363733,6.603525586355565,0.07174641877476379,5.837681138447784,2020-07-01,2021-07-01
2020-07-15,Nott'm Forest,Swansea,away,3,0.08554245951363733,5.063848353374733,-0.07174641877476379,4.98958608905614,2020-07-01,2021-07-01
2020-07-16,Leeds,Barnsley,home,7,0.08552696606654564,6.828941362509275,0.6380141420578993,7.720461040062683,2020-07-01,2021-07-01
2020-07-16,Leeds,Barnsley,away,7,0.08552696606654564,4.03082566015358,-0.6380141420578993,3.539881781294212,2020-07-01,2021-07-01
2020-07-17,Huddersfield,West Brom,home,2,0.08535258956461345,4.877938829752397,-0.3887934293274683,4.249263502570872,2020-07-01,2021-07-01
2020-07-17,Huddersfield,West Brom,away,7,0.08535258956461345,4.461255811292313,0.3887934293274683,5.955254493032667,2020-07-01,2021-07-01
2020-07-18,Charlton,Wigan,home,8,0.08536568350417877,5.521309866757658,-0.2208298513836379,4.792108506732691,2020-07-01,2021-07-01
2020-07-18,Charlton,Wigan,away,0,0.08536568350417877,5.898586854612383,0.2208298513836379,6.025921989558108,2020-07-01,2021-07-01
2020-07-18,Stoke,Brentford,home,0,0.08536568350417877,4.6640766806858265,-0.37322871152610315,4.218360008239361,2020-07-01,2021-07-01
2020-07-18,Stoke,Brentford,away,4,0.08536568350417877,5.435046152349091,0.37322871152610315,6.306269586513002,2020-07-01,2021-07-01
2020-07-18,Blackburn,Reading,home,5,0.08536568350417877,5.209691271973384,0.17854141553952563,5.682246384283353,2020-07-01,2021-07-01
2020-07-18,Blackburn,Reading,away,4,0.08536568350417877,3.6803613784025013,-0.17854141553952563,4.2725472545382654,2020-07-01,2021-07-01
2020-07-18,Fulham,Sheffield Weds,home,4,0.08536568350417877,6.143097912660766,0.2708429583262413,6.2656816933055275,2020-07-01,2021-07-01
2020-07-18,Fulham,Sheffield Weds,away,8,0.08536568350417877,4.654219214309194,-0.2708429583262413,4.416338621058726,2020-07-01,2021-07-01
2020-07-18,Hull,Luton,home,3,0.08536568350417877,6.022277752077743,0.005600347607782552,5.489258782035205,2020-07-01,2021-07-01
2020-07-18,Hull,Luton,away,6,0.08536568350417877,4.256408157706006,-0.005600347607782552,4.8639124921036965,2020-07-01,2021-07-01
2020-07-18,Middlesbrough,Cardiff,home,8,0.08536568350417877,5.881192829769878,-0.01419951912171663,5.395906701040443,2020-07-01,2021-07-01
2020-07-18,Middlesbrough,Cardiff,away,5,0.08536568350417877,5.476788453055102,0.01419951912171663,5.332297310329175,2020-07-01,2021-07-01
2020-07-18,Preston,Birmingham,home,5,0.08536568350417877,6.386300144516674,0.22800770532951953,6.218239017262366,2020-07-01,2021-07-01
2020-07-18,Preston,Birmingham,away,7,0.08536568350417877,4.683606191132428,-0.22800770532951953,4.516269921106861,2020-07-01,2021-07-01
2020-07-18,QPR,Millwall,home,7,0.08536568350417877,5.3667609835250545,-0.19350193501935015,4.8096965223221515,2020-07-01,2021-07-01
2020-07-18,QPR,Millwall,away,9,0.08536568350417877,5.520888405665185,0.19350193501935015,5.82082160178507,2020-07-01,2021-07-01
2020-07-18,Swansea,Bristol City,home,2,0.08536568350417877,6.28210665750894,0.2529761067176991,6.258504977668831,2020-07-01,2021-07-01
2020-07-18,Swansea,Bristol City,away,8,0.08536568350417877,4.457100349866106,-0.2529761067176991,4.391247685901819,2020-07-01,2021-07-01
2020-07-19,Derby,Leeds,home,4,0.08528210676095448,4.43381212346165,-0.3129220340743819,4.269374999910949,2020-07-01,2021-07-01
2020-07-19,Derby,Leeds,away,5,0.08528210676095448,6.9747986992349045,0.3129220340743819,6.6500406313518,2020-07-01,2021-07-01
2020-07-19,Barnsley,Nott'm Forest,home,9,0.08528210676095448,6.048592508955453,0.0013506951387216581,5.4860339398712625,2020-07-01,2021-07-01
2020-07-19,Barnsley,Nott'm Forest,away,1,0.08528210676095448,4.525388672966154,-0.0013506951387216581,4.972507387355861,2020-07-01,2021-07-01
2020-07-22,Birmingham,Derby,home,4,0.08536040983251537,6.40016924215265,-0.00795037782755309,5.563878248096639,2020-07-01,2021-07-01
2020-07-22,Birmingham,Derby,away,4,0.08536040983251537,3.706309010444845,0.00795037782755309,4.678386898251028,2020-07-01,2021-07-01
2020-07-22,Brentford,Barnsley,home,3,0.08536040983251537,6.1911210667501555,0.5789553300993238,7.270010582520205,2020-07-01,2021-07-01
2020-07-22,Brentford,Barnsley,away,3,0.08536040983251537,4.70088744713122,-0.5789553300993238,3.8284406701254032,2020-07-01,2021-07-01
2020-07-22,Bristol City,Preston,home,4,0.08536040983251537,5.137247950538774,-0.009438950116603673,5.173827292985616,2020-07-01,2021-07-01
2020-07-22,Bristol City,Preston,away,7,0.08536040983251537,5.159960828078201,0.009438950116603673,5.217464293682146,2020-07-01,2021-07-01
2020-07-22,Cardiff,Hull,home,4,0.08536040983251537,4.424466682569604,0.5646343566747154,6.46855292525805,2020-07-01,2021-07-01
2020-07-22,Cardiff,Hull,away,5,0.08536040983251537,4.948526073811288,-0.5646343566747154,3.9198768036747036,2020-07-01,2021-07-01
2020-07-22,Leeds,Charlton,home,10,0.08536040983251537,7.919942827126922,0.3577608142493639,7.095771472774976,2020-07-01,2021-07-01
2020-07-22,Leeds,Charlton,away,4,0.08536040983251537,3.2945888437379827,-0.3577608142493639,3.784665759807821,2020-07-01,2021-07-01
2020-07-22,Luton,Blackburn,home,2,0.08536040983251537,4.753103699047307,0.3142812217461378,5.88075651513909,2020-07-01,2021-07-01
2020-07-22,Luton,Blackburn,away,6,0.08536040983251537,5.357397463490446,-0.3142812217461378,4.530284943448797,2020-07-01,2021-07-01
2020-07-22,Millwall,Huddersfield,home,9,0.08536040983251537,5.944811046978875,0.0765109388318383,5.652979051980781,2020-07-01,2021-07-01
2020-07-22,Millwall,Huddersfield,away,2,0.08536040983251537,4.010717392564647,-0.0765109388318383,4.612385819498168,2020-07-01,2021-07-01
2020-07-22,Nott'm Forest,Stoke,home,6,0.08536040983251537,5.251727750303382,0.16245172542668485,5.653912587325158,2020-07-01,2021-07-01
2020-07-22,Nott'm Forest,Stoke,away,4,0.08536040983251537,4.5716823274946226,-0.16245172542668485,4.622130630700612,2020-07-01,2021-07-01
2020-07-22,Reading,Swansea,home,4,0.08536040983251537,5.865165311900135,-0.236682808716707,4.851246429786031,2020-07-01,2021-07-01
2020-07-22,Reading,Swansea,away,8,0.08536040983251537,4.719519446459485,0.236682808716707,5.643838548195593,2020-07-01,2021-07-01
2020-07-22,Sheffield Weds,Middlesbrough,home,10,0.08536040983251537,5.867286405798738,0.11068816988881103,5.72070866550204,2020-07-01,2021-07-01
2020-07-22,Sheffield Weds,Middlesbrough,away,2,0.08536040983251537,4.216735525073598,-0.11068816988881103,4.6132816882134495,2020-07-01,2021-07-01
2020-07-22,West Brom,QPR,home,5,0.08536040983251537,7.753034600750741,0.6724377193409057,8.18053886831664,2020-07-01,2021-07-01
2020-07-22,West Brom,QPR,away,3,0.08536040983251537,3.988675448766923,-0.6724377193409057,3.470594640951128,2020-07-01,2021-07-01
2020-07-22,Wigan,Fulham,home,5,0.08536040983251537,5.598597009613835,0.0014526052334026263,5.34915471236954,2020-07-01,2021-07-01
2020-07-22,Wigan,Fulham,away,4,0.08536040983251537,4.846022554046066,-0.0014526052334026263,5.084983147530786,2020-07-01,2021-07-01
2020-09-12,Birmingham,Brentford,home,6,0.08475912605164176,4.351175336604835,-0.30794374662255675,4.2531833606232725,2020-07-01,2021-07-01
2020-09-12,Birmingham,Brentford,away,3,0.08475912605164176,5.081506473689491,0.30794374662255675,5.9808257356045145,2020-07-01,2021-07-01
2020-09-12,Barnsley,Luton,home,5,0.08475912605164176,6.360603409225985,0.19568372846646337,6.115564330311099,2020-07-01,2021-07-01
2020-09-12,Barnsley,Luton,away,6,0.08475912605164176,3.903592353865178,-0.19568372846646337,4.32046542302076,2020-07-01,2021-07-01
2020-09-12,Cardiff,Sheffield Weds,home,4,0.08475912605164176,4.471483268782706,0.1872092450133268,5.427193463870616,2020-07-01,2021-07-01
2020-09-12,Cardiff,Sheffield Weds,away,6,0.08475912605164176,5.739888003369479,-0.1872092450133268,4.9215803049192655,2020-07-01,2021-07-01
2020-09-12,Derby,Reading,home,6,0.08475912605164176,5.463193518916063,0.2023891089993744,5.836986099401809,2020-07-01,2021-07-01
2020-09-12,Derby,Reading,away,2,0.08475912605164176,4.397572712337311,-0.2023891089993744,4.4781102345718065,2020-07-01,2021-07-01
2020-09-12,Huddersfield,Norwich,home,3,0.08475912605164176,4.838663731173352,-0.16247456750277012,4.718206998258873,2020-07-01,2021-07-01
2020-09-12,Huddersfield,Norwich,away,7,0.08475912605164176,4.8361757153127565,0.16247456750277012,5.492410100894203,2020-07-01,2021-07-01
2020-09-12,Millwall,Stoke,home,2,0.08475912605164176,6.154541860701219,0.0392468174076564,5.617370907159862,2020-07-01,2021-07-01
2020-09-12,Millwall,Stoke,away,8,0.08475912605164176,3.5428270667885893,-0.0392468174076564,4.5077512960363215,2020-07-01,2021-07-01
2020-09-12,Preston,Swansea,home,2,0.08475912605164176,5.908397282282291,0.1111111111111111,5.734953674254886,2020-07-01,2021-07-01
2020-09-12,Preston,Swansea,away,3,0.08475912605164176,4.832318792516412,-0.1111111111111111,4.822823385298603,2020-07-01,2021-07-01
2020-09-12,QPR,Nott'm Forest,home,4,0.08475912605164176,6.45869539913229,-0.08082460203073633,5.390919762498684,2020-07-01,2021-07-01
2020-09-12,QPR,Nott'm Forest,away,2,0.08475912605164176,5.034107465902748,0.08082460203073633,5.353657595955005,2020-07-01,2021-07-01
2020-09-19,Nott'm Forest,Cardiff,home,9,0.08423610350345476,5.963102753311269,0.040204232756610336,5.562070529988758,2020-07-01,2021-07-01
2020-09-19,Nott'm Forest,Cardiff,away,2,0.08423610350345476,5.437778215561714,-0.040204232756610336,5.184330732615537,2020-07-01,2021-07-01
2020-09-19,Brentford,Huddersfield,home,6,0.08423610350345476,5.723705534519385,0.4548981571290009,6.680676649383724,2020-07-01,2021-07-01
2020-09-19,Brentford,Huddersfield,away,3,0.08423610350345476,4.091721535143126,-0.4548981571290009,3.880038337108418,2020-07-01,2021-07-01
2020-09-19,Luton,Derby,home,4,0.08423610350345476,5.655618411064452,-0.007785456471660734,5.343472328127079,2020-07-01,2021-07-01
2020-09-19,Luton,Derby,away,5,0.08423610350345476,4.948859150703557,0.007785456471660734,5.142549459471358,2020-07-01,2021-07-01
2020-09-19,Norwich,Preston,home,4,0.08423610350345476,6.180421096536413,0.30503239590348574,6.380745894812544,2020-07-01,2021-07-01
2020-09-19,Norwich,Preston,away,9,0.08423610350345476,4.451270010955692,-0.30503239590348574,4.2823305732840735,2020-07-01,2021-07-01
2020-09-19,Reading,Barnsley,home,6,0.08423610350345476,5.065864652309203,0.08043804972783059,5.374439936586935,2020-07-01,2021-07-01
2020-09-19,Reading,Barnsley,away,5,0.08423610350345476,5.498099271228643,-0.08043804972783059,5.1047554485218045,2020-07-01,2021-07-01
2020-09-19,Rotherham,Millwall,home,8,0.08423610350345476,5.612387890308306,-0.02403963056532077,5.289134530191042,2020-07-01,2021-07-01
2020-09-19,Rotherham,Millwall,away,3,0.08423610350345476,5.179230313338556,0.02403963056532077,5.2601333517118425,2020-07-01,2021-07-01
2020-09-19,Swansea,Birmingham,home,5,0.08423610350345476,6.415724283534032,0.2188701119845223,6.200677401706281,2020-07-01,2021-07-01
2020-09-19,Swansea,Birmingham,away,8,0.08423610350345476,4.704037878603558,-0.2188701119845223,4.542353359102203,2020-07-01,2021-07-01
2020-09-20,Stoke,Bristol City,home,7,0.08400950440837299,5.854769018840469,0.23457330415754918,6.062638703882119,2020-07-01,2021-07-01
2020-09-20,Stoke,Bristol City,away,4,0.08400950440837299,4.706586217204599,-0.23457330415754918,4.509451098474758,2020-07-01,2021-07-01
2020-09-25,Huddersfield,Nott'm Forest,home,3,0.08388452108328083,5.574399975085395,-0.07165882277093677,5.159540738147759,2020-07-01,2021-07-01
2020-09-25,Huddersfield,Nott'm Forest,away,4,0.08388452108328083,4.200210067127002,0.07165882277093677,5.0235186972545725,2020-07-01,2021-07-01
2020-09-26,Birmingham,Rotherham,home,5,0.08386045944236717,5.347011290398533,0.1661062542030935,5.697165555802727,2020-07-01,2021-07-01
2020-09-26,Birmingham,Rotherham,away,6,0.08386045944236717,4.459275402996961,-0.1661062542030935,4.576665457344227,2020-07-01,2021-07-01
2020-09-26,Cardiff,Reading,home,6,0.08386045944236717,4.657406194040943,0.1762827336597828,5.471650519762023,2020-07-01,2021-07-01
2020-09-26,Cardiff,Reading,away,3,0.08386045944236717,4.508799400983281,-0.1762827336597828,4.571133214218849,2020-07-01,2021-07-01
2020-09-26,Derby,Blackburn,home,9,0.08386045944236717,4.726291074987213,-0.019885323898987395,5.0096020902126375,2020-07-01,2021-07-01
2020-09-26,Derby,Blackburn,away,4,0.08386045944236717,4.268960199500908,0.019885323898987395,4.9278057885693105,2020-07-01,2021-07-01
2020-09-26,Millwall,Brentford,home,3,0.08386045944236717,5.169571031310899,-0.19852034525277423,4.739804229327305,2020-07-01,2021-07-01
2020-09-26,Millwall,Brentford,away,5,0.08386045944236717,4.678448883838956,0.19852034525277423,5.526772641537091,2020-07-01,2021-07-01
2020-09-26,Preston,Stoke,home,7,0.08386045944236717,4.6476741663310746,0.07817684358569177,5.219330920242784,2020-07-01,2021-07-01
2020-09-26,Preston,Stoke,away,7,0.08386045944236717,4.5059424157505354,-0.07817684358569177,4.7878416819168175,2020-07-01,2021-07-01
2020-09-26,QPR,Middlesbrough,home,7,0.08386045944236717,5.609101453006312,0.005239640080798247,5.362060616597684,2020-07-01,2021-07-01
2020-09-26,QPR,Middlesbrough,away,5,0.08386045944236717,5.332125690238107,-0.005239640080798247,5.237255799347191,2020-07-01,2021-07-01
2020-09-27,Bristol City,Sheffield Weds,home,6,0.08323151222255253,4.950465868004684,0.006527841242901067,5.150312093634771,2020-07-01,2021-07-01
2020-09-27,Bristol City,Sheffield Weds,away,2,0.08323151222255253,6.055674085352817,-0.006527841242901067,5.4567529159643975,2020-07-01,2021-07-01
2020-10-03,Norwich,Derby,home,7,0.08330762060001048,6.396257570925656,0.3683614085205341,6.649614112075482,2020-07-01,2021-07-01
2020-10-03,Norwich,Derby,away,2,0.08330762060001048,4.236858072069016,-0.3683614085205341,4.088991580354581,2020-07-01,2021-07-01
2020-10-03,Blackburn,Cardiff,home,5,0.08330762060001048,5.764510276681577,0.15230847994042634,5.801079882624349,2020-07-01,2021-07-01
2020-10-03,Blackburn,Cardiff,away,6,0.08330762060001048,4.145813986855028,-0.15230847994042634,4.498063472584472,2020-07-01,2021-07-01
2020-10-03,Middlesbrough,Barnsley,home,4,0.08330762060001048,5.898993392605781,0.12786529998547475,5.777688279466507,2020-07-01,2021-07-01
2020-10-03,Middlesbrough,Barnsley,away,3,0.08330762060001048,5.517012690793087,-0.12786529998547475,4.996836249917099,2020-07-01,2021-07-01
2020-10-03,Nott'm Forest,Bristol City,home,11,0.08330762060001048,6.43112460567732,0.011761640522902461,5.625015271783162,2020-07-01,2021-07-01
2020-10-03,Nott'm Forest,Bristol City,away,5,0.08330762060001048,4.949554116349971,-0.011761640522902461,5.095332103087696,2020-07-01,2021-07-01
2020-10-03,Rotherham,Huddersfield,home,2,0.08330762060001048,5.567647709689137,0.10225735899030841,5.600911774865564,2020-07-01,2021-07-01
2020-10-03,Rotherham,Huddersfield,away,6,0.08330762060001048,4.273357495943177,-0.10225735899030841,4.652038446111181,2020-07-01,2021-07-01
2020-10-03,Sheffield Weds,QPR,home,5,0.08330762060001048,6.513054544161589,0.2115384615384615,6.20969587680943,2020-07-01,2021-07-01
2020-10-03,Sheffield Weds,QPR,away,7,0.08330762060001048,3.523068781725045,-0.2115384615384615,4.146476004109425,2020-07-01,2021-07-01
2020-10-03,Swansea,Millwall,home,5,0.08330762060001048,5.670708587027213,0.10891920755486761,5.652481915003032,2020-07-01,2021-07-01
2020-10-03,Swansea,Millwall,away,7,0.08330762060001048,5.223512813476529,-0.10891920755486761,4.9524840483936705,2020-07-01,2021-07-01
2020-10-04,Brentford,Preston,home,4,0.08289126521646126,5.992849693860268,0.36318494642390453,6.493304481233615,2020-07-01,2021-07-01
2020-10-04,Brentford,Preston,away,4,0.08289126521646126,4.419746199278196,-0.36318494642390453,4.156160160705094,2020-07-01,2021-07-01
2020-10-04,Stoke,Birmingham,home,5,0.08289126521646126,6.387925835807464,0.1447221010177247,5.977918278769692,2020-07-01,2021-07-01
2020-10-04,Stoke,Birmingham,away,4,0.08289126521646126,4.74945441208182,-0.1447221010177247,4.71975000901699,2020-07-01,2021-07-01
2020-10-17,Barnsley,Bristol City,home,4,0.08272776209803244,6.06638052083665,-0.014606932625118418,5.449911393559213,2020-07-01,2021-07-01
2020-10-17,Barnsley,Bristol City,away,6,0.08272776209803244,4.769031881813557,0.014606932625118418,5.097058910879981,2020-07-01,2021-07-01
2020-10-17,Birmingham,Sheffield Weds,home,5,0.08272776209803244,5.515268966619523,0.016526501075689426,5.3611412786022905,2020-07-01,2021-07-01
2020-10-17,Birmingham,Sheffield Weds,away,4,0.08272776209803244,4.847767591649989,-0.016526501075689426,5.0493569770009366,2020-07-01,2021-07-01
2020-10-17,Blackburn,Nott'm Forest,home,5,0.08272776209803244,6.040614422683716,0.23559130397446726,6.127951996321995,2020-07-01,2021-07-01
2020-10-17,Blackburn,Nott'm Forest,away,3,0.08272776209803244,3.7802531362312775,-0.23559130397446726,4.195128046527961,2020-07-01,2021-07-01
2020-10-17,Luton,Stoke,home,16,0.08272776209803244,4.712119572626911,-0.09747807061084612,4.823863978957017,2020-07-01,2021-07-01
2020-10-17,Luton,Stoke,away,3,0.08272776209803244,5.468296564004784,0.09747807061084612,5.54428905465743,2020-07-01,2021-07-01
2020-10-17,Middlesbrough,Reading,home,3,0.08272776209803244,6.180771831848469,0.16488280407798683,5.970546552991672,2020-07-01,2021-07-01
2020-10-17,Middlesbrough,Reading,away,2,0.08272776209803244,4.3500371746834405,-0.16488280407798683,4.542281372564576,2020-07-01,2021-07-01
2020-10-17,Rotherham,Norwich,home,7,0.08272776209803244,4.820679017214177,-0.21029967225643365,4.6067780469213355,2020-07-01,2021-07-01
2020-10-17,Rotherham,Norwich,away,6,0.08272776209803244,5.5516738579298694,0.21029967225643365,5.878070249965347,2020-07-01,2021-07-01
2020-10-17,Swansea,Huddersfield,home,15,0.08272776209803244,5.017284662024881,0.2517814726840855,5.811028841757817,2020-07-01,2021-07-01
2020-10-17,Swansea,Huddersfield,away,2,0.08272776209803244,4.83689766306148,-0.2517814726840855,4.512979466781621,2020-07-01,2021-07-01
2020-10-18,Preston,Cardiff,home,9,0.08425977760175017,5.588857067303427,0.13788659793814434,5.703450763911812,2020-07-01,2021-07-01
2020-10-18,Preston,Cardiff,away,3,0.08425977760175017,5.134961771124702,-0.13788659793814434,4.857641048342936,2020-07-01,2021-07-01
2020-10-20,Bristol City,Middlesbrough,home,1,0.08427352463117088,5.33012691495951,0.09372557776041085,5.499224204521058,2020-07-01,2021-07-01
2020-10-20,Bristol City,Middlesbrough,away,4,0.08427352463117088,5.354914867344186,-0.09372557776041085,5.029045809986785,2020-07-01,2021-07-01
2020-10-20,Huddersfield,Derby,home,6,0.08427352463117088,5.201066008342433,0.0919615797828841,5.450700230645472,2020-07-01,2021-07-01
2020-10-20,Huddersfield,Derby,away,5,0.08427352463117088,3.843152040564498,-0.0919615797828841,4.5151708458066695,2020-07-01,2021-07-01
2020-10-20,Millwall,Luton,home,8,0.08427352463117088,7.475984429006038,0.21434613432583322,6.505156897821406,2020-07-01,2021-07-01
2020-10-20,Millwall,Luton,away,3,0.08427352463117088,3.672116174947581,-0.21434613432583322,4.197527216430559,2020-07-01,2021-07-01
2020-10-20,Norwich,Birmingham,home,6,0.08427352463117088,6.744990151118812,0.3736300475982392,6.783145996714115,2020-07-01,2021-07-01
2020-10-20,Norwich,Birmingham,away,3,0.08427352463117088,4.750527980806433,-0.3736300475982392,4.234526900779052,2020-07-01,2021-07-01
2020-10-20,Nott'm Forest,Rotherham,home,3,0.08427352463117088,5.933652061634962,0.2911300998916837,6.254800773598324,2020-07-01,2021-07-01
2020-10-20,Nott'm Forest,Rotherham,away,3,0.08427352463117088,5.145464442412567,-0.2911300998916837,4.52015907093237,2020-07-01,2021-07-01
2020-10-21,QPR,Preston,home,2,0.08458509888201864,5.372811723880446,0.021021130615670958,5.3267391425840644,2020-07-01,2021-07-01
2020-10-21,QPR,Preston,away,2,0.08458509888201864,5.42461398072271,-0.021021130615670958,5.227559516099233,2020-07-01,2021-07-01
2020-10-21,Sheffield Weds,Brentford,home,3,0.08458509888201864,4.609148492613761,-0.16836312463531555,4.630771305340938,2020-07-01,2021-07-01
2020-10-21,Sheffield Weds,Brentford,away,4,0.08458509888201864,4.855128218152262,0.16836312463531555,5.514828332293017,2020-07-01,2021-07-01
2020-10-21,Stoke,Barnsley,home,3,0.08458509888201864,5.347697020964844,0.23485592192643062,5.886225106827971,2020-07-01,2021-07-01
2020-10-21,Stoke,Barnsley,away,5,0.08458509888201864,4.771456118559527,-0.23485592192643062,4.529102630560138,2020-07-01,2021-07-01
2020-10-23,Nott'm Forest,Derby,home,8,0.08465120971801396,6.658355732997207,0.23716837036957258,6.331212156126847,2020-07-01,2021-07-01
2020-10-23,Nott'm Forest,Derby,away,5,0.08465120971801396,4.111599802771168,-0.23716837036957258,4.308927651155008,2020-07-01,2021-07-01
2020-10-24,Bristol City,Swansea,home,6,0.0845229088268721,4.983776809042576,0.011929447927593928,5.174874071348436,2020-07-01,2021-07-01
2020-10-24,Bristol City,Swansea,away,4,0.0845229088268721,4.946959278646252,-0.011929447927593928,5.094051822820728,2020-07-01,2021-07-01
2020-10-24,Cardiff,Middlesbrough,home,4,0.0845229088268721,4.688905088227196,0.09355301203854255,5.272757187886793,2020-07-01,2021-07-01
2020-10-24,Cardiff,Middlesbrough,away,8,0.0845229088268721,5.218630855550766,-0.09355301203854255,4.9871790020494675,2020-07-01,2021-07-01
2020-10-24,Huddersfield,Preston,home,8,0.0845229088268721,4.572217893223961,-0.036773346236261883,4.915998230123815,2020-07-01,2021-07-01
2020-10-24,Huddersfield,Preston,away,6,0.0845229088268721,4.691097597058559,0.036773346236261883,5.123206938293731,2020-07-01,2021-07-01
2020-10-24,Millwall,Barnsley,home,7,0.0845229088268721,5.965208602017226,0.21547692579193506,6.044858575689954,2020-07-01,2021-07-01
2020-10-24,Millwall,Barnsley,away,6,0.0845229088268721,4.389393787278797,-0.21547692579193506,4.447689398003477,2020-07-01,2021-07-01
2020-10-24,QPR,Birmingham,home,3,0.0845229088268721,5.995997806255983,0.08636025202750841,5.695412750377717,2020-07-01,2021-07-01
2020-10-24,QPR,Birmingham,away,3,0.0845229088268721,5.0262331411846395,-0.08636025202750841,4.943042157625235,2020-07-01,2021-07-01
2020-10-24,Reading,Rotherham,home,4,0.0845229088268721,4.445908295010115,0.22024952718849425,5.502557721862088,2020-07-01,2021-07-01
2020-10-24,Reading,Rotherham,away,5,0.0845229088268721,4.9668849507985655,-0.22024952718849425,4.620926759526358,2020-07-01,2021-07-01
2020-10-24,Sheffield Weds,Luton,home,4,0.0845229088268721,6.884148656237675,0.2749863227688909,6.51656174219243,2020-07-01,2021-07-01
2020-10-24,Sheffield Weds,Luton,away,2,0.0845229088268721,3.698974650435767,-0.2749863227688909,4.088277307018196,2020-07-01,2021-07-01
2020-10-24,Stoke,Brentford,home,2,0.0845229088268721,4.227310989447525,-0.10587564266079397,4.636874186887924,2020-07-01,2021-07-01
2020-10-24,Stoke,Brentford,away,3,0.0845229088268721,5.036160996831626,0.10587564266079397,5.418363574790215,2020-07-01,2021-07-01
2020-10-27,Barnsley,QPR,home,1,0.08437159634606552,5.703999442291265,0.0953368619645727,5.626964517621969,2020-07-01,2021-07-01
2020-10-27,Barnsley,QPR,away,5,0.08437159634606552,4.317410858466535,-0.0953368619645727,4.683032630123545,2020-07-01,2021-07-01
2020-10-27,Blackburn,Reading,home,3,0.08437159634606552,5.500908691683832,0.22280517663518706,5.907067992169485,2020-07-01,2021-07-01
2020-10-27,Blackburn,Reading,away,3,0.08437159634606552,3.45842070132915,-0.22280517663518706,4.099442809740471,2020-07-01,2021-07-01
2020-10-27,Brentford,Norwich,home,3,0.08437159634606552,5.623561509993807,0.10299350064044788,5.6212306186908485,2020-07-01,2021-07-01
2020-10-27,Brentford,Norwich,away,3,0.08437159634606552,5.096426696923481,-0.10299350064044788,4.9265263742739105,2020-07-01,2021-07-01
2020-10-27,Swansea,Stoke,home,10,0.08437159634606552,6.139751562148204,0.06130573248407639,5.671973879342322,2020-07-01,2021-07-01
2020-10-27,Swansea,Stoke,away,2,0.08437159634606552,4.615235199960452,-0.06130573248407639,4.864327345494989,2020-07-01,2021-07-01
2020-10-28,Preston,Millwall,home,2,0.08484199596581077,5.455988741494425,0.11977017332232875,5.6102816233181905,2020-07-01,2021-07-01
2020-10-28,Preston,Millwall,away,7,0.08484199596581077,5.0949644615619265,-0.11977017332232875,4.887026047880783,2020-07-01,2021-07-01
2020-10-28,Birmingham,Huddersfield,home,2,0.08484199596581077,5.714432778856806,0.09467821782178215,5.628574342940897,2020-07-01,2021-07-01
2020-10-28,Birmingham,Huddersfield,away,4,0.08484199596581077,4.162533848363803,-0.09467821782178215,4.628791067872813,2020-07-01,2021-07-01
2020-10-28,Derby,Cardiff,home,5,0.08484199596581077,5.874275592655081,-0.04641726089532722,5.312041417060061,2020-07-01,2021-07-01
2020-10-28,Derby,Cardiff,away,3,0.08484199596581077,4.707649036696582,0.04641726089532722,5.152631113896551,2020-07-01,2021-07-01
2020-10-28,Luton,Nott'm Forest,home,5,0.08484199596581077,6.448938885735374,-0.0646860822479145,5.429649498854639,2020-07-01,2021-07-01
2020-10-28,Luton,Nott'm Forest,away,2,0.08484199596581077,4.9334548667290905,0.0646860822479145,5.277818708583877,2020-07-01,2021-07-01
2020-10-28,Rotherham,Sheffield Weds,home,8,0.08484199596581077,5.5125353732314935,-0.08829440292670004,5.100322875330936,2020-07-01,2021-07-01
2020-10-28,Rotherham,Sheffield Weds,away,0,0.08484199596581077,5.194019511415038,0.08829440292670004,5.427955425991891,2020-07-01,2021-07-01
2020-10-31,Bristol City,Norwich,home,5,0.08489108328921571,4.439839367525865,-0.1639673639016639,4.583913673062305,2020-07-01,2021-07-01
2020-10-31,Bristol City,Norwich,away,4,0.08489108328921571,5.783908917051521,0.1639673639016639,5.828005683001083,2020-07-01,2021-07-01
2020-10-31,Luton,Brentford,home,5,0.08489108328921571,4.407593611552278,-0.3389495787815915,4.208818430494026,2020-07-01,2021-07-01
2020-10-31,Luton,Brentford,away,4,0.08489108328921571,5.681841477503911,0.3389495787815915,6.295461803953117,2020-07-01,2021-07-01
2020-10-31,Middlesbrough,Nott'm Forest,home,8,0.08489108328921571,6.0691258527678755,0.08993774221978962,5.727775278624654,2020-07-01,2021-07-01
2020-10-31,Middlesbrough,Nott'm Forest,away,2,0.08489108328921571,4.140833354555084,-0.08993774221978962,4.631275369783696,2020-07-01,2021-07-01
2020-10-31,Millwall,Huddersfield,home,10,0.08489108328921571,6.340354664973401,0.24555553968956603,6.2553954261463725,2020-07-01,2021-07-01
2020-10-31,Millwall,Huddersfield,away,2,0.08489108328921571,4.007389065119175,-0.24555553968956603,4.25589467120388,2020-07-01,2021-07-01
2020-10-31,Preston,Birmingham,home,4,0.08489108328921571,5.899160434023961,0.1920239282153539,5.956242156703867,2020-07-01,2021-07-01
2020-10-31,Preston,Birmingham,away,4,0.08489108328921571,4.897776294879242,-0.1920239282153539,4.661759484239661,2020-07-01,2021-07-01
2020-10-31,QPR,Cardiff,home,8,0.08489108328921571,5.627147980212683,-0.06118484946584657,5.201248923297943,2020-07-01,2021-07-01
2020-10-31,QPR,Cardiff,away,4,0.08489108328921571,4.880019471171797,0.06118484946584657,5.250306038216153,2020-07-01,2021-07-01
2020-10-31,Stoke,Rotherham,home,7,0.08489108328921571,4.686607440126045,0.307258905556175,5.834226317374291,2020-07-01,2021-07-01
2020-10-31,Stoke,Rotherham,away,2,0.08489108328921571,4.56193144059233,-0.307258905556175,4.312348537795878,2020-07-01,2021-07-01
2020-10-31,Swansea,Blackburn,home,9,0.08489108328921571,5.288752616951525,0.09622433365360661,5.491713486195845,2020-07-01,2021-07-01
2020-10-31,Swansea,Blackburn,away,5,0.08489108328921571,4.492571981178687,-0.09622433365360661,4.742420741305644,2020-07-01,2021-07-01
2020-11-03,Brentford,Swansea,home,2,0.08480091421910746,6.050881094281395,0.26402348166100265,6.2145944017829065,2020-07-01,2021-07-01
2020-11-03,Brentford,Swansea,away,9,0.08480091421910746,4.071872586788096,-0.26402348166100265,4.240893031371754,2020-07-01,2021-07-01
2020-11-03,Huddersfield,Bristol City,home,3,0.08480091421910746,5.523244893719597,0.03556760442200613,5.412332873532892,2020-07-01,2021-07-01
2020-11-03,Huddersfield,Bristol City,away,4,0.08480091421910746,4.813697827532252,-0.03556760442200613,4.9924227990143475,2020-07-01,2021-07-01
2020-11-03,Norwich,Millwall,home,8,0.08480091421910746,6.026278981272928,0.2675792571454051,6.216783588955046,2020-07-01,2021-07-01
2020-11-03,Norwich,Millwall,away,2,0.08480091421910746,4.989462257241333,-0.2675792571454051,4.525076721936699,2020-07-01,2021-07-01
2020-11-03,Blackburn,Middlesbrough,home,3,0.08480091421910746,5.2258471629602745,0.09359506343110552,5.463421527745607,2020-07-01,2021-07-01
2020-11-03,Blackburn,Middlesbrough,away,12,0.08480091421910746,4.315217437706439,-0.09359506343110552,4.686122742088803,2020-07-01,2021-07-01
2020-11-03,Cardiff,Barnsley,home,2,0.08480091421910746,4.4755010161956434,0.17382901318781263,5.394450510218048,2020-07-01,2021-07-01
2020-11-03,Cardiff,Barnsley,away,3,0.08480091421910746,5.592714535352666,-0.17382901318781263,4.910960635924669,2020-07-01,2021-07-01
2020-11-04,Reading,Preston,home,4,0.08518190052682806,4.738152949753454,0.052743513398553876,5.189415586069878,2020-07-01,2021-07-01
2020-11-04,Reading,Preston,away,1,0.08518190052682806,5.108923261784857,-0.052743513398553876,5.0493870097046845,2020-07-01,2021-07-01
2020-11-04,Derby,QPR,home,5,0.08518190052682806,5.539980662745109,0.10754971925806467,5.605834956661422,2020-07-01,2021-07-01
2020-11-04,Derby,QPR,away,6,0.08518190052682806,4.134958178499801,-0.10754971925806467,4.590619478243656,2020-07-01,2021-07-01
2020-11-04,Rotherham,Luton,home,5,0.08518190052682806,6.898276190487551,0.08967989510279206,5.972333561352829,2020-07-01,2021-07-01
2020-11-04,Rotherham,Luton,away,7,0.08518190052682806,3.615744927689355,-0.08967989510279206,4.430675381179477,2020-07-01,2021-07-01
2020-11-06,Cardiff,Bristol City,home,11,0.08489344363753394,4.831147795242232,0.1520941223792046,5.474506600894998,2020-07-01,2021-07-01
2020-11-06,Cardiff,Bristol City,away,2,0.08489344363753394,5.207171915526067,-0.1520941223792046,4.847135147293001,2020-07-01,2021-07-01
2020-11-07,Reading,Stoke,home,8,0.08514530958569444,5.060613744331693,-0.01635005055445493,5.131579968361167,2020-07-01,2021-07-01
2020-11-07,Reading,Stoke,away,1,0.08514530958569444,4.239901384438685,0.01635005055445493,4.90856005031158,2020-07-01,2021-07-01
2020-11-07,Birmingham,Bournemouth,home,5,0.08514530958569444,4.8229467320905,-0.20514883346741747,4.618756278381726,2020-07-01,2021-07-01
2020-11-07,Birmingham,Bournemouth,away,10,0.08514530958569444,5.625087823429492,0.20514883346741747,5.889007986334369,2020-07-01,2021-07-01
2020-11-07,Blackburn,QPR,home,12,0.08514530958569444,5.284022363772533,0.24395300621976504,5.888532152783948,2020-07-01,2021-07-01
2020-11-07,Blackburn,QPR,away,7,0.08514530958569444,4.175482486600929,-0.24395300621976504,4.316824638957316,2020-07-01,2021-07-01
2020-11-07,Brentford,Middlesbrough,home,1,0.08514530958569444,5.537971752695074,0.2972888854678772,6.132925755020773,2020-07-01,2021-07-01
2020-11-07,Brentford,Middlesbrough,away,4,0.08514530958569444,5.094673686684997,-0.2972888854678772,4.4923595017560105,2020-07-01,2021-07-01
2020-11-07,Derby,Barnsley,home,4,0.08514530958569444,4.9826369911849,0.05079711585670177,5.270751047412303,2020-07-01,2021-07-01
2020-11-07,Derby,Barnsley,away,3,0.08514530958569444,4.797118228459362,-0.05079711585670177,4.950898298436512,2020-07-01,2021-07-01
2020-11-07,Huddersfield,Luton,home,4,0.08514530958569444,5.777993936904562,0.12224177287426297,5.723326417532214,2020-07-01,2021-07-01
2020-11-07,Huddersfield,Luton,away,2,0.08514530958569444,4.052642332105312,-0.12224177287426297,4.5288265518240785,2020-07-01,2021-07-01
2020-11-07,Norwich,Swansea,home,4,0.08514530958569444,6.4225092693752295,0.18258219045486124,6.0969907607562845,2020-07-01,2021-07-01
2020-11-07,Norwich,Swansea,away,11,0.08514530958569444,4.442389128677422,-0.18258219045486124,4.535406437870957,2020-07-01,2021-07-01
2020-11-07,Nott'm Forest,Wycombe,home,6,0.08514530958569444,7.1882802200171945,0.37817860466205105,6.940967916727631,2020-07-01,2021-07-01
2020-11-07,Nott'm Forest,Wycombe,away,8,0.08514530958569444,4.280722955576483,-0.37817860466205105,4.0837488193693465,2020-07-01,2021-07-01
2020-11-07,Rotherham,Preston,home,3,0.08514530958569444,5.5144918879094345,-0.1150479366402668,5.036605493896912,2020-07-01,2021-07-01
2020-11-07,Rotherham,Preston,away,2,0.08514530958569444,4.5680915864164335,0.1150479366402668,5.270899579281064,2020-07-01,2021-07-01
2020-11-07,Sheffield Weds,Millwall,home,5,0.08514530958569444,5.397205866242606,-0.014158633906352747,5.2463827424796685,2020-07-01,2021-07-01
2020-11-07,Sheffield Weds,Millwall,away,4,0.08514530958569444,4.597200578756213,0.014158633906352747,5.035107582677303,2020-07-01,2021-07-01
2020-11-07,Watford,Coventry,home,7,0.08514530958569444,4.852142051088767,0.38698110605433733,6.128290358630924,2020-07-01,2021-07-01
2020-11-07,Watford,Coventry,away,1,0.08514530958569444,5.138179797182577,-0.38698110605433733,4.317283982123221,2020-07-01,2021-07-01
2020-11-20,Coventry,Birmingham,home,1,0.08572256226278113,4.649694844571089,-0.049744089690470394,4.912808685898063,2020-07-01,2021-07-01
2020-11-20,Coventry,Birmingham,away,2,0.08572256226278113,4.48261338939578,0.049744089690470394,5.078651128981096,2020-07-01,2021-07-01
2020-11-21,Bournemouth,Reading,home,10,0.08599945530013177,4.725559607805424,0.35547892954136284,5.985381459755828,2020-07-01,2021-07-01
2020-11-21,Bournemouth,Reading,away,2,0.08599945530013177,3.7791926885160447,-0.35547892954136284,3.962899671842863,2020-07-01,2021-07-01
2020-11-21,Barnsley,Nott'm Forest,home,4,0.08599945530013177,5.479929224721713,0.026034440545172566,5.3740456631894125,2020-07-01,2021-07-01
2020-11-21,Barnsley,Nott'm Forest,away,8,0.08599945530013177,4.040096469065993,-0.026034440545172566,4.735433815942038,2020-07-01,2021-07-01
2020-11-21,Bristol City,Derby,home,1,0.08599945530013177,5.468163653956561,0.12133765870309854,5.618553137831976,2020-07-01,2021-07-01
2020-11-21,Bristol City,Derby,away,6,0.08599945530013177,4.207202136291992,-0.12133765870309854,4.586640541255278,2020-07-01,2021-07-01
2020-11-21,Luton,Blackburn,home,4,0.08599945530013177,5.118488752589837,-0.15890318420486993,4.814018855095353,2020-07-01,2021-07-01
2020-11-21,Luton,Blackburn,away,6,0.08599945530013177,5.025441625639971,0.15890318420486993,5.552476917885985,2020-07-01,2021-07-01
2020-11-21,Middlesbrough,Norwich,home,5,0.08599945530013177,5.0861213709616795,-0.038811574092968204,5.08557304438054,2020-07-01,2021-07-01
2020-11-21,Middlesbrough,Norwich,away,5,0.08599945530013177,5.123162237422397,0.038811574092968204,5.27826623879051,2020-07-01,2021-07-01
2020-11-21,Millwall,Cardiff,home,0,0.08599945530013177,7.213609206221904,0.061659316091041305,5.9803891972643495,2020-07-01,2021-07-01
2020-11-21,Millwall,Cardiff,away,5,0.08599945530013177,4.165180304900901,-0.061659316091041305,4.702822528099754,2020-07-01,2021-07-01
2020-11-21,Preston,Sheffield Weds,home,6,0.08599945530013177,5.450531036652988,0.10360158648925288,5.565603035026387,2020-07-01,2021-07-01
2020-11-21,Preston,Sheffield Weds,away,6,0.08599945530013177,5.2323995445490254,-0.10360158648925288,4.967753628482556,2020-07-01,2021-07-01
2020-11-21,QPR,Watford,home,7,0.08599945530013177,4.059924784980717,-0.16304084760803506,4.453545488550758,2020-07-01,2021-07-01
2020-11-21,QPR,Watford,away,7,0.08599945530013177,5.1430182466301995,0.16304084760803506,5.605674271348871,2020-07-01,2021-07-01
2020-11-21,Stoke,Huddersfield,home,4,0.08599945530013177,5.54435869997773,0.2244841896292173,5.927023585841965,2020-07-01,2021-07-01
2020-11-21,Stoke,Huddersfield,away,2,0.08599945530013177,3.986958292061994,-0.2244841896292173,4.291448162914523,2020-07-01,2021-07-01
2020-11-21,Swansea,Rotherham,home,8,0.08599945530013177,5.912904496180115,0.3616426471297056,6.460084951182275,2020-07-01,2021-07-01
2020-11-21,Swansea,Rotherham,away,7,0.08599945530013177,4.541569331357774,-0.3616426471297056,4.196398404215173,2020-07-01,2021-07-01
2020-11-21,Wycombe,Brentford,home,3,0.08599945530013177,3.818172474708961,-0.48808722083689776,3.7413478964002764,2020-07-01,2021-07-01
2020-11-21,Wycombe,Brentford,away,5,0.08599945530013177,5.571522576205777,0.48808722083689776,6.713606330111897,2020-07-01,2021-07-01
2020-11-24,Luton,Birmingham,home,8,0.08565031827233967,5.848810349195141,0.00498912207809199,5.435398101624488,2020-07-01,2021-07-01
2020-11-24,Luton,Birmingham,away,4,0.08565031827233967,5.021911814233162,-0.00498912207809199,5.136074575245683,2020-07-01,2021-07-01
2020-11-24,QPR,Rotherham,home,5,0.08565031827233967,5.317939311689722,0.17564137858212248,5.712778524569419,2020-07-01,2021-07-01
2020-11-24,QPR,Rotherham,away,4,0.08565031827233967,4.985662635394965,-0.17564137858212248,4.725559958222176,2020-07-01,2021-07-01
2020-11-24,Stoke,Norwich,home,9,0.08565031827233967,4.758861819050128,-0.0831312017640573,4.87252062325796,2020-07-01,2021-07-01
2020-11-24,Stoke,Norwich,away,5,0.08565031827233967,4.728740574692355,0.0831312017640573,5.250811603496205,2020-07-01,2021-07-01
2020-11-24,Wycombe,Huddersfield,home,6,0.08565031827233967,4.841543114393425,-0.1344631799636028,4.782234430123945,2020-07-01,2021-07-01
2020-11-24,Wycombe,Huddersfield,away,4,0.08565031827233967,4.597051417482092,0.1344631799636028,5.330675599163354,2020-07-01,2021-07-01
2020-11-24,Barnsley,Brentford,home,2,0.08565031827233967,3.7264771575325426,-0.17299497575621164,4.309908276717696,2020-07-01,2021-07-01
2020-11-24,Barnsley,Brentford,away,12,0.08565031827233967,5.20685392799304,0.17299497575621164,5.654996071360941,2020-07-01,2021-07-01
2020-11-24,Preston,Blackburn,home,0,0.08565031827233967,4.729057313002052,0.009233558035461498,5.080235122044979,2020-07-01,2021-07-01
2020-11-24,Preston,Blackburn,away,4,0.08565031827233967,4.851300982466342,-0.009233558035461498,5.068060111805385,2020-07-01,2021-07-01
2020-11-24,Bournemouth,Nott'm Forest,home,5,0.08565031827233967,5.8263436086208324,0.3947145614847093,6.53059125337479,2020-07-01,2021-07-01
2020-11-24,Bournemouth,Nott'm Forest,away,7,0.08565031827233967,3.7887173301844035,-0.3947145614847093,3.8930502349908087,2020-07-01,2021-07-01
2020-11-25,Middlesbrough,Derby,home,4,0.08571477324183115,5.930403289668162,0.27078001229350224,6.193615780978769,2020-07-01,2021-07-01
2020-11-25,Middlesbrough,Derby,away,5,0.08571477324183115,3.96805719475995,-0.27078001229350224,4.191726324328074,2020-07-01,2021-07-01
2020-11-25,Millwall,Reading,home,5,0.08571477324183115,6.415623890635492,0.13743327480763107,5.965736297794658,2020-07-01,2021-07-01
2020-11-25,Millwall,Reading,away,0,0.08571477324183115,3.5050912923243853,-0.13743327480763107,4.28760178720227,2020-07-01,2021-07-01
2020-11-25,Bristol City,Watford,home,5,0.08571477324183115,3.873622442124678,-0.15974591497270213,4.39242367032926,2020-07-01,2021-07-01
2020-11-25,Bristol City,Watford,away,8,0.08571477324183115,5.5826322865303615,0.15974591497270213,5.749280111113444,2020-07-01,2021-07-01
2020-11-25,Coventry,Cardiff,home,3,0.08571477324183115,4.1481537305427185,-0.16220406132174775,4.486788857546645,2020-07-01,2021-07-01
2020-11-25,Coventry,Cardiff,away,5,0.08571477324183115,4.290366573974505,0.16220406132174775,5.2805249922824755,2020-07-01,2021-07-01
2020-11-25,Swansea,Sheffield Weds,home,6,0.08571477324183115,6.670985167185098,0.2515692080989558,6.378556028764308,2020-07-01,2021-07-01
2020-11-25,Swansea,Sheffield Weds,away,3,0.08571477324183115,5.201874555486548,-0.2515692080989558,4.622238332742762,2020-07-01,2021-07-01
2020-11-27,Brentford,QPR,home,2,0.08557562966451936,5.948293007442818,0.40212919793562546,6.598200333382454,2020-07-01,2021-07-01
2020-11-27,Brentford,QPR,away,9,0.08557562966451936,4.263945216883034,-0.40212919793562546,4.032437498833234,2020-07-01,2021-07-01
2020-11-28,Reading,Bristol City,home,5,0.0856634048007211,5.57889120142172,0.07352637899870196,5.528765260062018,2020-07-01,2021-07-01
2020-11-28,Reading,Bristol City,away,1,0.0856634048007211,4.488558626550923,-0.07352637899870196,4.792342945046071,2020-07-01,2021-07-01
2020-11-28,Birmingham,Millwall,home,3,0.0856634048007211,5.338646344005512,-0.03309650996421004,5.180934146841086,2020-07-01,2021-07-01
2020-11-28,Birmingham,Millwall,away,6,0.0856634048007211,4.895010256753021,0.03309650996421004,5.186037900467616,2020-07-01,2021-07-01
2020-11-28,Blackburn,Barnsley,home,3,0.0856634048007211,5.101179389444688,0.2587545987191716,5.862022835438043,2020-07-01,2021-07-01
2020-11-28,Blackburn,Barnsley,away,11,0.0856634048007211,4.671720215811432,-0.2587545987191716,4.447191701156851,2020-07-01,2021-07-01
2020-11-28,Cardiff,Luton,home,11,0.0856634048007211,5.608332728354664,0.27982046826037577,6.10752605499383,2020-07-01,2021-07-01
2020-11-28,Cardiff,Luton,away,0,0.0856634048007211,4.193474987678377,-0.27982046826037577,4.249996505811946,2020-07-01,2021-07-01
2020-11-28,Derby,Wycombe,home,5,0.0856634048007211,6.170816662514489,0.297351324337831,6.354308179280206,2020-07-01,2021-07-01
2020-11-28,Derby,Wycombe,away,3,0.0856634048007211,4.403121316251253,-0.297351324337831,4.28267909747524,2020-07-01,2021-07-01
2020-11-28,Huddersfield,Middlesbrough,home,5,0.0856634048007211,4.587562365980427,-0.10463409185204098,4.76553296688294,2020-07-01,2021-07-01
2020-11-28,Huddersfield,Middlesbrough,away,9,0.0856634048007211,5.051694248570762,0.10463409185204098,5.420637756946459,2020-07-01,2021-07-01
2020-11-28,Norwich,Coventry,home,1,0.0856634048007211,6.06992002686834,0.40302784700880473,6.644910110779804,2020-07-01,2021-07-01
2020-11-28,Norwich,Coventry,away,8,0.0856634048007211,4.7187301125656544,-0.40302784700880473,4.166726350014265,2020-07-01,2021-07-01
2020-11-28,Rotherham,Bournemouth,home,7,0.0856634048007211,4.90897323587284,-0.3260579064587974,4.386687354665188,2020-07-01,2021-07-01
2020-11-28,Rotherham,Bournemouth,away,4,0.0856634048007211,5.8468010561638435,0.3260579064587974,6.316004076676675,2020-07-01,2021-07-01
2020-11-28,Sheffield Weds,Stoke,home,1,0.0856634048007211,5.906563599006641,0.012435403841798587,5.4722051095163335,2020-07-01,2021-07-01
2020-11-28,Sheffield Weds,Stoke,away,5,0.0856634048007211,3.747766955845593,-0.012435403841798587,4.650282787886775,2020-07-01,2021-07-01
2020-11-28,Watford,Preston,home,9,0.0856634048007211,5.0770675638863025,0.2729309969186716,5.892417512189104,2020-07-01,2021-07-01
2020-11-28,Watford,Preston,away,3,0.0856634048007211,4.4072349016370715,-0.2729309969186716,4.333890968106257,2020-07-01,2021-07-01
2020-11-29,Nott'm Forest,Swansea,home,6,0.0863370033289146,6.025887212645921,-0.03851579270162531,5.376661368624406,2020-07-01,2021-07-01
2020-11-29,Nott'm Forest,Swansea,away,8,0.0863370033289146,5.2965790440016605,0.03851579270162531,5.335369421245826,2020-07-01,2021-07-01
2020-12-01,Cardiff,Huddersfield,home,4,0.0862013664508539,5.359488703928588,0.27174936779606634,5.994441563421198,2020-07-01,2021-07-01
2020-12-01,Cardiff,Huddersfield,away,2,0.0862013664508539,4.119516224054638,-0.27174936779606634,4.241509016667066,2020-07-01,2021-07-01
2020-12-01,Birmingham,Barnsley,home,1,0.0862013664508539,4.826324261789059,0.05155469827744075,5.2178989820268535,2020-07-01,2021-07-01
2020-12-01,Birmingham,Barnsley,away,1,0.0862013664508539,5.189362609237126,-0.05155469827744075,5.078145830873471,2020-07-01,2021-07-01
2020-12-01,Bournemouth,Preston,home,1,0.0862013664508539,5.1942308736536384,0.40385149009378996,6.316879920962567,2020-07-01,2021-07-01
2020-12-01,Bournemouth,Preston,away,4,0.0862013664508539,4.229504496076075,-0.40385149009378996,4.018459385635704,2020-07-01,2021-07-01
2020-12-01,Derby,Coventry,home,2,0.0862013664508539,4.765821731910699,0.12709470909433257,5.385921026356942,2020-07-01,2021-07-01
2020-12-01,Derby,Coventry,away,2,0.0862013664508539,4.582494929184845,-0.12709470909433257,4.703924618249009,2020-07-01,2021-07-01
2020-12-01,QPR,Bristol City,home,9,0.0862013664508539,6.023231194639178,0.1094208847769112,5.766592463156594,2020-07-01,2021-07-01
2020-12-01,QPR,Bristol City,away,2,0.0862013664508539,4.61916689575405,-0.1094208847769112,4.755914279425157,2020-07-01,2021-07-01
2020-12-01,Rotherham,Brentford,home,6,0.0862013664508539,4.215982366562466,-0.32741494633452595,4.170759121351437,2020-07-01,2021-07-01
2020-12-01,Rotherham,Brentford,away,3,0.0862013664508539,4.952274035648508,0.32741494633452595,5.985603824458413,2020-07-01,2021-07-01
2020-12-02,Middlesbrough,Swansea,home,6,0.08694985175558552,5.512553696378498,0.05104691162094405,5.448752729283217,2020-07-01,2021-07-01
2020-12-02,Middlesbrough,Swansea,away,8,0.08694985175558552,5.136997048814733,-0.05104691162094405,5.062527717104655,2020-07-01,2021-07-01
2020-12-02,Blackburn,Millwall,home,2,0.08694985175558552,5.187250233730198,0.2096836927088928,5.758644456894163,2020-07-01,2021-07-01
2020-12-02,Blackburn,Millwall,away,8,0.08694985175558552,5.177688299823437,-0.2096836927088928,4.707782421224283,2020-07-01,2021-07-01
2020-12-02,Luton,Norwich,home,4,0.08694985175558552,5.551550926551002,-0.1393893932598172,4.989729906126758,2020-07-01,2021-07-01
2020-12-02,Luton,Norwich,away,9,0.08694985175558552,5.724529381771489,0.1393893932598172,5.741036537769656,2020-07-01,2021-07-01
2020-12-02,Nott'm Forest,Watford,home,5,0.08694985175558552,5.0278632297262975,-0.0847947465389694,4.957135484379205,2020-07-01,2021-07-01
2020-12-02,Nott'm Forest,Watford,away,6,0.08694985175558552,5.88997737094452,0.0847947465389694,5.6467398361919106,2020-07-01,2021-07-01
2020-12-02,Sheffield Weds,Reading,home,2,0.08694985175558552,5.431794523827829,0.05036280020439454,5.420725054854637,2020-07-01,2021-07-01
2020-12-02,Sheffield Weds,Reading,away,7,0.08694985175558552,3.4734358689559897,-0.05036280020439454,4.4550997169367035,2020-07-01,2021-07-01
2020-12-02,Wycombe,Stoke,home,3,0.08694985175558552,5.0094677055652745,-0.2590870253386187,4.558395571797281,2020-07-01,2021-07-01
2020-12-02,Wycombe,Stoke,away,7,0.08694985175558552,4.447889775295403,0.2590870253386187,5.594471691903327,2020-07-01,2021-07-01
2020-12-04,Barnsley,Bournemouth,home,3,0.0865995522869229,4.392749288633729,-0.17238649167148817,4.54973418633156,2020-07-01,2021-07-01
2020-12-04,Barnsley,Bournemouth,away,4,0.0865995522869229,6.753306085080748,0.17238649167148817,6.155878274554664,2020-07-01,2021-07-01
2020-12-05,Reading,Nott'm Forest,home,7,0.08657399050389407,5.478941989195535,0.11953408439946539,5.617370433000859,2020-07-01,2021-07-01
2020-12-05,Reading,Nott'm Forest,away,3,0.08657399050389407,4.0706256975326385,-0.11953408439946539,4.541225080910966,2020-07-01,2021-07-01
2020-12-05,Brentford,Blackburn,home,4,0.08657399050389407,4.5297452428535285,0.23725834797891043,5.5811603326989205,2020-07-01,2021-07-01
2020-12-05,Brentford,Blackburn,away,2,0.08657399050389407,4.530171923006764,-0.23725834797891043,4.4477232904909,2020-07-01,2021-07-01
2020-12-05,Bristol City,Birmingham,home,4,0.08657399050389407,5.12387024950826,0.15261197073940125,5.5823540861374,2020-07-01,2021-07-01
2020-12-05,Bristol City,Birmingham,away,6,0.08657399050389407,4.924378311508656,-0.15261197073940125,4.758143514025621,2020-07-01,2021-07-01
2020-12-05,Coventry,Rotherham,home,5,0.08657399050389407,3.815794417350714,0.08750520816640489,4.91461404758638,2020-07-01,2021-07-01
2020-12-05,Coventry,Rotherham,away,6,0.08657399050389407,4.355680749864687,-0.08750520816640489,4.714061296961311,2020-07-01,2021-07-01
2020-12-05,Huddersfield,QPR,home,3,0.08657399050389407,5.176138643208427,0.07684895205974462,5.40326733145324,2020-07-01,2021-07-01
2020-12-05,Huddersfield,QPR,away,4,0.08657399050389407,4.77491821692289,-0.07684895205974462,4.882684648865576,2020-07-01,2021-07-01
2020-12-05,Millwall,Derby,home,4,0.08657399050389407,6.46259644076039,0.22961599158337712,6.24723110136686,2020-07-01,2021-07-01
2020-12-05,Millwall,Derby,away,3,0.08657399050389407,3.5036921676793944,-0.22961599158337712,4.103661857931989,2020-07-01,2021-07-01
2020-12-05,Norwich,Sheffield Weds,home,9,0.08657399050389407,6.109636803194233,0.2986046980203838,6.337375547190472,2020-07-01,2021-07-01
2020-12-05,Norwich,Sheffield Weds,away,4,0.08657399050389407,5.40742559204681,-0.2986046980203838,4.578003396109378,2020-07-01,2021-07-01
2020-12-05,Preston,Wycombe,home,8,0.08657399050389407,5.814476511665781,0.3542544049440203,6.402201113626506,2020-07-01,2021-07-01
2020-12-05,Preston,Wycombe,away,6,0.08657399050389407,4.611104653360595,-0.3542544049440203,4.232132818052504,2020-07-01,2021-07-01
2020-12-05,Stoke,Middlesbrough,home,0,0.08657399050389407,5.153359164087175,0.03719830090929177,5.294960313093013,2020-07-01,2021-07-01
2020-12-05,Stoke,Middlesbrough,away,2,0.08657399050389407,4.967854110119337,-0.03719830090929177,5.040322794949972,2020-07-01,2021-07-01
2020-12-05,Swansea,Luton,home,2,0.08657399050389407,7.737154981961246,0.3820581148204101,7.123333821031684,2020-07-01,2021-07-01
2020-12-05,Swansea,Luton,away,3,0.08657399050389407,3.7891721552747994,-0.3820581148204101,3.9166414936044065,2020-07-01,2021-07-01
2020-12-05,Watford,Cardiff,home,6,0.08657399050389407,5.799241414392075,0.19526909510268325,5.932139226360936,2020-07-01,2021-07-01
2020-12-05,Watford,Cardiff,away,5,0.08657399050389407,4.427790288262048,-0.19526909510268325,4.503343590177778,2020-07-01,2021-07-01
2020-12-08,Coventry,Luton,home,4,0.08637658911926674,4.651281685436683,0.13671475432965324,5.367619665215201,2020-07-01,2021-07-01
2020-12-08,Coventry,Luton,away,7,0.08637658911926674,3.583911786530151,-0.13671475432965324,4.32041015436129,2020-07-01,2021-07-01
2020-12-08,Huddersfield,Sheffield Weds,home,2,0.08637658911926674,5.179412474857138,0.07198845468179627,5.391943066133508,2020-07-01,2021-07-01
2020-12-08,Huddersfield,Sheffield Weds,away,8,0.08637658911926674,4.931154943584535,-0.07198845468179627,4.945821658420741,2020-07-01,2021-07-01
2020-12-08,Millwall,QPR,home,2,0.08637658911926674,6.274543485969595,0.17974663373436384,6.042502367406165,2020-07-01,2021-07-01
2020-12-08,Millwall,QPR,away,2,0.08637658911926674,3.975009101903262,-0.17974663373436384,4.379164207633519,2020-07-01,2021-07-01
2020-12-08,Stoke,Cardiff,home,3,0.08637658911926674,5.345869251762224,0.012742183160714793,5.297138845011898,2020-07-01,2021-07-01
2020-12-08,Stoke,Cardiff,away,4,0.08637658911926674,4.200452239201965,-0.012742183160714793,4.826506084129305,2020-07-01,2021-07-01
2020-12-08,Swansea,Bournemouth,home,1,0.08637658911926674,5.59366219786637,-0.0625335274733696,5.187774240229938,2020-07-01,2021-07-01
2020-12-08,Swansea,Bournemouth,away,3,0.08637658911926674,5.800108456220727,0.0625335274733696,5.559378490488174,2020-07-01,2021-07-01
2020-12-08,Watford,Rotherham,home,2,0.08637658911926674,5.561680280426691,0.503096849292459,6.771170672325176,2020-07-01,2021-07-01
2020-12-08,Watford,Rotherham,away,4,0.08637658911926674,4.561339416729654,-0.503096849292459,3.929708227918914,2020-07-01,2021-07-01
2020-12-09,Preston,Middlesbrough,home,0,0.0866859808712301,4.71993598271001,-0.07443628565858729,4.879512998483771,2020-07-01,2021-07-01
2020-12-09,Preston,Middlesbrough,away,4,0.0866859808712301,5.5563714204742745,0.07443628565858729,5.512802280237808,2020-07-01,2021-07-01
2020-12-09,Barnsley,Wycombe,home,7,0.0866859808712301,5.455463588349743,0.3824472701203637,6.354368003092448,2020-07-01,2021-07-01
2020-12-09,Barnsley,Wycombe,away,5,0.0866859808712301,5.056405346373809,-0.3824472701203637,4.303907231776811,2020-07-01,2021-07-01
2020-12-09,Brentford,Derby,home,10,0.0866859808712301,5.4705375053868375,0.42382765818448354,6.486158151868583,2020-07-01,2021-07-01
2020-12-09,Brentford,Derby,away,2,0.0866859808712301,3.9097234617626957,-0.42382765818448354,3.879402462344774,2020-07-01,2021-07-01
2020-12-09,Bristol City,Blackburn,home,5,0.0866859808712301,4.056159880605947,-0.09245301020894958,4.6037564051342645,2020-07-01,2021-07-01
2020-12-09,Bristol City,Blackburn,away,8,0.0866859808712301,4.949750124822072,0.09245301020894958,5.3535558923272175,2020-07-01,2021-07-01
2020-12-09,Norwich,Nott'm Forest,home,7,0.0866859808712301,6.755534659832264,0.33840226770864323,6.674177350299589,2020-07-01,2021-07-01
2020-12-09,Norwich,Nott'm Forest,away,7,0.0866859808712301,4.628688445676186,-0.33840226770864323,4.269386696639358,2020-07-01,2021-07-01
2020-12-09,Reading,Birmingham,home,4,0.0866859808712301,5.3889023808299275,0.1864529895128706,5.767124129703634,2020-07-01,2021-07-01
2020-12-09,Reading,Birmingham,away,1,0.0866859808712301,4.1820481208720715,-0.1864529895128706,4.438442955036837,2020-07-01,2021-07-01
2020-12-12,Cardiff,Swansea,home,2,0.08681051964933,5.190501869459546,0.06992469025832049,5.390442263822344,2020-07-01,2021-07-01
2020-12-12,Cardiff,Swansea,away,3,0.08681051964933,5.165603825180217,-0.06992469025832049,5.02653909213013,2020-07-01,2021-07-01
2020-12-12,Birmingham,Watford,home,5,0.08681051964933,4.292495023685787,-0.21824847610353665,4.418317873678714,2020-07-01,2021-07-01
2020-12-12,Birmingham,Watford,away,6,0.08681051964933,5.367555791485727,0.21824847610353665,5.835466390214307,2020-07-01,2021-07-01
2020-12-12,Blackburn,Norwich,home,6,0.08681051964933,4.982124559830593,0.0055195119589425135,5.158606852851902,2020-07-01,2021-07-01
2020-12-12,Blackburn,Norwich,away,3,0.08681051964933,5.8919753848992515,-0.0055195119589425135,5.410591487693985,2020-07-01,2021-07-01
2020-12-12,Bournemouth,Huddersfield,home,3,0.08681051964933,5.0368744825479554,0.42639906842934444,6.320795299746153,2020-07-01,2021-07-01
2020-12-12,Bournemouth,Huddersfield,away,2,0.08681051964933,3.8034656195035232,-0.42639906842934444,3.8398718212310152,2020-07-01,2021-07-01
2020-12-12,Derby,Stoke,home,8,0.08681051964933,5.234808232141552,-0.03222595698854552,5.149843882788957,2020-07-01,2021-07-01
2020-12-12,Derby,Stoke,away,3,0.08681051964933,3.913748750783029,0.03222595698854552,4.817710495548131,2020-07-01,2021-07-01
2020-12-12,Luton,Preston,home,10,0.08681051964933,5.430940837204611,-0.039368795135549195,5.194619800650927,2020-07-01,2021-07-01
2020-12-12,Luton,Preston,away,4,0.08681051964933,5.068517034696574,0.039368795135549195,5.261154292691578,2020-07-01,2021-07-01
2020-12-12,Middlesbrough,Millwall,home,7,0.08681051964933,5.25352043356381,0.1519694090599854,5.626504508123661,2020-07-01,2021-07-01
2020-12-12,Middlesbrough,Millwall,away,0,0.08681051964933,5.175789885323069,-0.1519694090599854,4.837836156136123,2020-07-01,2021-07-01
2020-12-12,Nott'm Forest,Brentford,home,6,0.08681051964933,4.704332276414438,-0.1868607395751377,4.621154014451277,2020-07-01,2021-07-01
2020-12-12,Nott'm Forest,Brentford,away,6,0.08681051964933,5.686527009812579,0.1868607395751377,5.858957701206299,2020-07-01,2021-07-01
2020-12-12,QPR,Reading,home,2,0.08681051964933,5.642293602088892,-0.0013607659401100314,5.355639719675617,2020-07-01,2021-07-01
2020-12-12,QPR,Reading,away,3,0.08681051964933,3.920464439658156,0.0013607659401100314,4.75037036047268,2020-07-01,2021-07-01
2020-12-12,Rotherham,Bristol City,home,6,0.08681051964933,6.470161087822489,-0.06490380732388912,5.4349327527774145,2020-07-01,2021-07-01
2020-12-12,Rotherham,Bristol City,away,3,0.08681051964933,3.941664658648166,0.06490380732388912,4.904354383870959,2020-07-01,2021-07-01
2020-12-12,Sheffield Weds,Barnsley,home,6,0.08681051964933,4.512312597390196,0.029390082075981705,5.050836009805415,2020-07-01,2021-07-01
2020-12-12,Sheffield Weds,Barnsley,away,4,0.08681051964933,4.7070037406561935,-0.029390082075981705,4.970455121354161,2020-07-01,2021-07-01
2020-12-12,Wycombe,Coventry,home,4,0.08681051964933,4.051260908625622,-0.10121457489878549,4.5828529832367275,2020-07-01,2021-07-01
2020-12-12,Wycombe,Coventry,away,4,0.08681051964933,5.149757156625766,0.10121457489878549,5.446032644839565,2020-07-01,2021-07-01
2020-12-15,QPR,Stoke,home,5,0.08664702979637563,5.661490479249432,-0.003939181975481432,5.35504749653282,2020-07-01,2021-07-01
2020-12-15,QPR,Stoke,away,3,0.08664702979637563,4.174097554638818,0.003939181975481432,4.854824065154078,2020-07-01,2021-07-01
2020-12-15,Barnsley,Preston,home,3,0.08664702979637563,4.753657854795523,0.1315757559160775,5.3928640436908895,2020-07-01,2021-07-01
2020-12-15,Barnsley,Preston,away,2,0.08664702979637563,4.903062901815181,-0.1315757559160775,4.799027989639982,2020-07-01,2021-07-01
2020-12-15,Bournemouth,Wycombe,home,8,0.08664702979637563,5.656740429631926,0.6411294606494871,7.269479483319346,2020-07-01,2021-07-01
2020-12-15,Bournemouth,Wycombe,away,4,0.08664702979637563,4.165116603408959,-0.6411294606494871,3.5727927953101175,2020-07-01,2021-07-01
2020-12-15,Bristol City,Millwall,home,0,0.08664702979637563,4.59270864347286,0.011264448680088024,5.036647611126225,2020-07-01,2021-07-01
2020-12-15,Bristol City,Millwall,away,2,0.08664702979637563,5.535335538307254,-0.011264448680088024,5.286666772169027,2020-07-01,2021-07-01
2020-12-15,Nott'm Forest,Sheffield Weds,home,6,0.08664702979637563,6.354608170916147,0.13925022139132148,5.952224441312937,2020-07-01,2021-07-01
2020-12-15,Nott'm Forest,Sheffield Weds,away,1,0.08664702979637563,5.578817099882102,-0.13925022139132148,4.988092879158719,2020-07-01,2021-07-01
2020-12-15,Watford,Brentford,home,2,0.08664702979637563,4.292928127174735,0.03054342532132509,4.971791165945343,2020-07-01,2021-07-01
2020-12-15,Watford,Brentford,away,0,0.08664702979637563,4.992359891586958,-0.03054342532132509,5.0644091686604815,2020-07-01,2021-07-01
2020-12-16,Derby,Swansea,home,2,0.08744262989568047,5.1710052693114985,-0.10363877992668635,4.958402872794891,2020-07-01,2021-07-01
2020-12-16,Derby,Swansea,away,5,0.08744262989568047,4.795289473478429,0.10363877992668635,5.326447388101269,2020-07-01,2021-07-01
2020-12-16,Cardiff,Birmingham,home,8,0.08744262989568047,5.215350471215482,0.24546639800877093,5.867572090591649,2020-07-01,2021-07-01
2020-12-16,Cardiff,Birmingham,away,1,0.08744262989568047,4.209218886432969,-0.24546639800877093,4.325109511648111,2020-07-01,2021-07-01
2020-12-16,Middlesbrough,Luton,home,4,0.08744262989568047,6.465583699606438,0.33114980175831754,6.556398708827026,2020-07-01,2021-07-01
2020-12-16,Middlesbrough,Luton,away,8,0.08744262989568047,3.825266456178881,-0.33114980175831754,4.024827049171853,2020-07-01,2021-07-01
2020-12-16,Blackburn,Rotherham,home,3,0.08744262989568047,4.938126387353314,0.4291782281077811,6.288229292923418,2020-07-01,2021-07-01
2020-12-16,Blackburn,Rotherham,away,0,0.08744262989568047,5.038568696823699,-0.4291782281077811,4.204705437160429,2020-07-01,2021-07-01
2020-12-16,Coventry,Huddersfield,home,0,0.08744262989568047,4.024597468910932,0.10617499801319247,5.0455805882247065,2020-07-01,2021-07-01
2020-12-16,Coventry,Huddersfield,away,3,0.08744262989568047,3.9646334184794005,-0.10617499801319247,4.530774737860119,2020-07-01,2021-07-01
2020-12-16,Reading,Norwich,home,4,0.08744262989568047,4.878826916332528,-0.11830524177742935,4.831141144625657,2020-07-01,2021-07-01
2020-12-16,Reading,Norwich,away,5,0.08744262989568047,4.73364127997511,0.11830524177742935,5.3409467010091145,2020-07-01,2021-07-01
2020-12-18,Preston,Bristol City,home,9,0.08798880079087618,5.7324988548533025,0.1427343078245915,5.764279158310819,2020-07-01,2021-07-01
2020-12-18,Preston,Bristol City,away,7,0.08798880079087618,4.502836727512247,-0.1427343078245915,4.642430084992257,2020-07-01,2021-07-01
2020-12-19,Norwich,Cardiff,home,6,0.08791295345274708,6.19663378767035,0.22517699002765862,6.148892074190233,2020-07-01,2021-07-01
2020-12-19,Norwich,Cardiff,away,7,0.08791295345274708,5.2032360515375595,-0.22517699002765862,4.680856574803017,2020-07-01,2021-07-01
2020-12-19,Birmingham,Middlesbrough,home,4,0.08791295345274708,4.4344655914263384,-0.1092469902400211,4.702561608632141,2020-07-01,2021-07-01
2020-12-19,Birmingham,Middlesbrough,away,2,0.08791295345274708,5.24157057397726,0.1092469902400211,5.498544187685541,2020-07-01,2021-07-01
2020-12-19,Brentford,Reading,home,5,0.08791295345274708,5.377348784347338,0.37737667572066935,6.309239580682383,2020-07-01,2021-07-01
2020-12-19,Brentford,Reading,away,5,0.08791295345274708,3.6503286368281604,-0.37737667572066935,3.87765533932079,2020-07-01,2021-07-01
2020-12-19,Huddersfield,Watford,home,5,0.08791295345274708,3.9585276204157798,-0.19896009592218655,4.342212242347614,2020-07-01,2021-07-01
2020-12-19,Huddersfield,Watford,away,7,0.08791295345274708,5.774409604601999,0.19896009592218655,5.922340441534925,2020-07-01,2021-07-01
2020-12-19,Luton,Bournemouth,home,6,0.08791295345274708,5.024196650195713,-0.3137528834595016,4.446010293522538,2020-07-01,2021-07-01
2020-12-19,Luton,Bournemouth,away,7,0.08791295345274708,6.387163093754842,0.3137528834595016,6.463666081133891,2020-07-01,2021-07-01
2020-12-19,Millwall,Nott'm Forest,home,5,0.08791295345274708,6.617758691604031,0.11348367085424133,5.958580761707024,2020-07-01,2021-07-01
2020-12-19,Millwall,Nott'm Forest,away,2,0.08791295345274708,3.711636012216645,-0.11348367085424133,4.418650356399317,2020-07-01,2021-07-01
2020-12-19,Sheffield Weds,Coventry,home,5,0.08791295345274708,4.438310675466191,0.07450662560278798,5.1322042918868656,2020-07-01,2021-07-01
2020-12-19,Sheffield Weds,Coventry,away,3,0.08791295345274708,4.3940661483166785,-0.07450662560278798,4.75685830724881,2020-07-01,2021-07-01
2020-12-19,Stoke,Blackburn,home,2,0.08791295345274708,4.376957244632947,-0.016305670479435375,4.893510231610264,2020-07-01,2021-07-01
2020-12-19,Stoke,Blackburn,away,6,0.08791295345274708,4.149329194472487,0.016305670479435375,4.873872288988452,2020-07-01,2021-07-01
2020-12-19,Swansea,Barnsley,home,4,0.08791295345274708,5.332702033937748,0.19326542055371376,5.765958321192761,2020-07-01,2021-07-01
2020-12-19,Swansea,Barnsley,away,6,0.08791295345274708,4.768314311228289,-0.19326542055371376,4.618325469747736,2020-07-01,2021-07-01
2020-12-19,Wycombe,QPR,home,5,0.08791295345274708,4.692044968741638,-0.14875097685197658,4.701404941212297,2020-07-01,2021-07-01
2020-12-19,Wycombe,QPR,away,8,0.08791295345274708,5.047107864879015,0.14875097685197658,5.533597899680713,2020-07-01,2021-07-01
2020-12-26,Barnsley,Huddersfield,home,5,0.08706181535226813,4.482589989337437,0.1582946390882229,5.357631100544621,2020-07-01,2021-07-01
2020-12-26,Barnsley,Huddersfield,away,4,0.08706181535226813,4.2017324324436816,-0.1582946390882229,4.5050330408371595,2020-07-01,2021-07-01
2020-12-26,Blackburn,Sheffield Weds,home,5,0.08706181535226813,5.461091276691703,0.3561907246042747,6.277853093968067,2020-07-01,2021-07-01
2020-12-26,Blackburn,Sheffield Weds,away,1,0.08706181535226813,4.954159936023528,-0.3561907246042747,4.328780973683716,2020-07-01,2021-07-01
2020-12-26,Bristol City,Wycombe,home,7,0.08706181535226813,5.541118252642174,0.29825970011441416,6.1368913564009375,2020-07-01,2021-07-01
2020-12-26,Bristol City,Wycombe,away,7,0.08706181535226813,5.082998145460929,-0.29825970011441416,4.486919421942048,2020-07-01,2021-07-01
2020-12-26,Cardiff,Brentford,home,3,0.08706181535226813,4.011177910357848,-0.12469704889987177,4.517367213296317,2020-07-01,2021-07-01
2020-12-26,Cardiff,Brentford,away,6,0.08706181535226813,4.636037012019623,0.12469704889987177,5.32073655460549,2020-07-01,2021-07-01
2020-12-26,Coventry,Stoke,home,7,0.08706181535226813,3.8884879000550696,-0.03286128745009054,4.670703402894192,2020-07-01,2021-07-01
2020-12-26,Coventry,Stoke,away,6,0.08706181535226813,4.058200841067579,0.03286128745009054,4.876698199194916,2020-07-01,2021-07-01
2020-12-26,Derby,Preston,home,2,0.08706181535226813,5.051300247436694,0.07775283801895783,5.362542099177206,2020-07-01,2021-07-01
2020-12-26,Derby,Preston,away,7,0.08706181535226813,3.99403117792096,-0.07775283801895783,4.603381333341496,2020-07-01,2021-07-01
2020-12-26,Nott'm Forest,Birmingham,home,7,0.08706181535226813,6.466028920735443,0.13756521739130445,5.981418121235165,2020-07-01,2021-07-01
2020-12-26,Nott'm Forest,Birmingham,away,3,0.08706181535226813,4.516387262791153,-0.13756521739130445,4.658405882710781,2020-07-01,2021-07-01
2020-12-26,QPR,Swansea,home,7,0.08706181535226813,5.180400627140215,-0.08487067135544746,5.0057075603499275,2020-07-01,2021-07-01
2020-12-26,QPR,Swansea,away,3,0.08706181535226813,5.135248696354288,0.08487067135544746,5.398993498144417,2020-07-01,2021-07-01
2020-12-26,Reading,Luton,home,2,0.08706181535226813,5.6505387345272196,0.19869460022131774,5.891457322192222,2020-07-01,2021-07-01
2020-12-26,Reading,Luton,away,4,0.08706181535226813,3.7208966130589682,-0.19869460022131774,4.247113223434669,2020-07-01,2021-07-01
2020-12-26,Watford,Norwich,home,11,0.08706181535226813,4.929019940278258,0.024957136251478218,5.188142064856176,2020-07-01,2021-07-01
2020-12-26,Watford,Norwich,away,4,0.08706181535226813,4.649825450807842,-0.024957136251478218,4.961021171422149,2020-07-01,2021-07-01
2020-12-29,Birmingham,Derby,home,2,0.08672253256725705,5.481710649528156,-0.004810711632317111,5.296569300752543,2020-07-01,2021-07-01
2020-12-29,Birmingham,Derby,away,7,0.08672253256725705,3.8725015097162845,0.004810711632317111,4.739008423982459,2020-07-01,2021-07-01
2020-12-29,Sheffield Weds,Middlesbrough,home,2,0.08672253256725705,4.456259575103204,-0.17631385520029402,4.562664227417097,2020-07-01,2021-07-01
2020-12-29,Sheffield Weds,Middlesbrough,away,5,0.08672253256725705,4.819642523369808,0.17631385520029402,5.522380336026127,2020-07-01,2021-07-01
2020-12-29,Huddersfield,Blackburn,home,5,0.08672253256725705,3.932757028960438,-0.13453323061839056,4.467367300657373,2020-07-01,2021-07-01
2020-12-29,Huddersfield,Blackburn,away,3,0.08672253256725705,5.01543505989121,0.13453323061839056,5.485093515642114,2020-07-01,2021-07-01
2020-12-29,Luton,Bristol City,home,6,0.08672253256725705,6.92279235188551,0.149063115030919,6.150058331343413,2020-07-01,2021-07-01
2020-12-29,Luton,Bristol City,away,3,0.08672253256725705,5.073350109915925,-0.149063115030919,4.812900086573166,2020-07-01,2021-07-01
2020-12-29,Norwich,QPR,home,8,0.08672253256725705,6.1619862822382085,0.4302013317828891,6.764358583513116,2020-07-01,2021-07-01
2020-12-29,Norwich,QPR,away,7,0.08672253256725705,5.365267047072218,-0.4302013317828891,4.290018591752336,2020-07-01,2021-07-01
2020-12-29,Preston,Coventry,home,3,0.08672253256725705,4.48196611063147,0.1348087030589455,5.298047069783682,2020-07-01,2021-07-01
2020-12-29,Preston,Coventry,away,8,0.08672253256725705,4.762013258250096,-0.1348087030589455,4.746093884178685,2020-07-01,2021-07-01
2020-12-29,Rotherham,Barnsley,home,5,0.08672253256725705,5.0352378185359985,-0.20036167851711817,4.695013836613995,2020-07-01,2021-07-01
2020-12-29,Rotherham,Barnsley,away,1,0.08672253256725705,4.407819903061086,0.20036167851711817,5.42471545137601,2020-07-01,2021-07-01
2020-12-29,Wycombe,Cardiff,home,5,0.08672253256725705,4.765440265878934,-0.24859122401847578,4.506835746587386,2020-07-01,2021-07-01
2020-12-29,Wycombe,Cardiff,away,7,0.08672253256725705,5.500032535506984,0.24859122401847578,5.967498600471091,2020-07-01,2021-07-01
2020-12-29,Stoke,Nott'm Forest,home,1,0.08672253256725705,5.535441390875976,0.06832723948811698,5.501047721301621,2020-07-01,2021-07-01
2020-12-29,Stoke,Nott'm Forest,away,9,0.08672253256725705,3.9640210530214444,-0.06832723948811698,4.612598857822232,2020-07-01,2021-07-01
2020-12-30,Brentford,Bournemouth,home,7,0.08659395499692181,4.788831288476929,0.04147207627943178,5.179763837070132,2020-07-01,2021-07-01
2020-12-30,Brentford,Bournemouth,away,6,0.08659395499692181,5.443688584832073,-0.04147207627943178,5.18305788967945,2020-07-01,2021-07-01
2020-12-30,Swansea,Reading,home,7,0.08659395499692181,5.75308806649456,0.19275885063045584,5.909598832815174,2020-07-01,2021-07-01
2020-12-30,Swansea,Reading,away,2,0.08659395499692181,3.8766779810312264,-0.19275885063045584,4.316671836443991,2020-07-01,2021-07-01
2021-01-01,Sheffield Weds,Derby,home,0,0.08644674080485314,5.276100506530308,-0.1344048937570701,4.918883036398068,2020-07-01,2021-07-01
2021-01-01,Sheffield Weds,Derby,away,7,0.08644674080485314,3.9224337261283013,0.1344048937570701,5.060586647545305,2020-07-01,2021-07-01
2021-01-02,Birmingham,Blackburn,home,7,0.08665639634769566,4.18038995426036,-0.175012853470437,4.4709354507057,2020-07-01,2021-07-01
2021-01-02,Birmingham,Blackburn,away,3,0.08665639634769566,4.600179852304454,0.175012853470437,5.435389553115606,2020-07-01,2021-07-01
2021-01-02,Huddersfield,Reading,home,4,0.08665639634769566,4.699436509656496,0.03877490919799742,5.1413200687887635,2020-07-01,2021-07-01
2021-01-02,Huddersfield,Reading,away,4,0.08665639634769566,3.998824161120816,-0.03877490919799742,4.691108360295057,2020-07-01,2021-07-01
2021-01-02,Millwall,Coventry,home,3,0.08665639634769566,4.948809706118446,0.23053892215568864,5.726953250860705,2020-07-01,2021-07-01
2021-01-02,Millwall,Coventry,away,9,0.08665639634769566,3.8445228994411447,-0.23053892215568864,4.228470430473942,2020-07-01,2021-07-01
2021-01-02,Norwich,Barnsley,home,7,0.08665639634769566,5.5792410811739,0.32708552575442984,6.2353453380220305,2020-07-01,2021-07-01
2021-01-02,Norwich,Barnsley,away,2,0.08665639634769566,5.453617114568053,-0.32708552575442984,4.529182294633969,2020-07-01,2021-07-01
2021-01-02,Preston,Nott'm Forest,home,6,0.08665639634769566,5.4721256854229585,0.06405198988181904,5.469263530919778,2020-07-01,2021-07-01
2021-01-02,Preston,Nott'm Forest,away,7,0.08665639634769566,4.987184617956759,-0.06405198988181904,4.982872916029894,2020-07-01,2021-07-01
2021-01-02,Swansea,Watford,home,6,0.08665639634769566,5.0884398990640145,-0.0050471007940551815,5.168433034180775,2020-07-01,2021-07-01
2021-01-02,Swansea,Watford,away,8,0.08665639634769566,5.418577950263945,0.0050471007940551815,5.290658277108922,2020-07-01,2021-07-01
2021-01-02,Wycombe,Middlesbrough,home,6,0.08665639634769566,3.9707804330539327,-0.2518526146100011,4.238934716285018,2020-07-01,2021-07-01
2021-01-02,Wycombe,Middlesbrough,away,10,0.08665639634769566,5.924324607292736,0.2518526146100011,6.123957602586266,2020-07-01,2021-07-01
2021-01-02,Stoke,Bournemouth,home,2,0.08665639634769566,4.341032118648515,-0.17958893113006075,4.516670026450912,2020-07-01,2021-07-01
2021-01-02,Stoke,Bournemouth,away,3,0.08665639634769566,5.505687173352016,0.17958893113006075,5.777322866449297,2020-07-01,2021-07-01
2021-01-12,Luton,QPR,home,2,0.08633673355448027,6.099505373814239,0.10868391808223532,5.7883800667659315,2020-07-01,2021-07-01
2021-01-12,Luton,QPR,away,6,0.08633673355448027,5.411875521116163,-0.10868391808223532,5.010827773553045,2020-07-01,2021-07-01
2021-01-12,Bournemouth,Millwall,home,7,0.08633673355448027,4.63798357602526,0.354160615187048,5.945112257556759,2020-07-01,2021-07-01
2021-01-12,Bournemouth,Millwall,away,7,0.08633673355448027,4.2598634624348755,-0.354160615187048,4.123928522316803,2020-07-01,2021-07-01
2021-01-16,Middlesbrough,Birmingham,home,6,0.08619068309748096,6.012153333585817,0.31735228631709944,6.360384119272726,2020-07-01,2021-07-01
2021-01-16,Middlesbrough,Birmingham,away,4,0.08619068309748096,4.217695350333298,-0.31735228631709944,4.1828999132359534,2020-07-01,2021-07-01
2021-01-16,Blackburn,Stoke,home,2,0.08619068309748096,5.451008622386458,0.19742896464826398,5.819015610845011,2020-07-01,2021-07-01
2021-01-16,Blackburn,Stoke,away,7,0.08619068309748096,4.124733337020427,-0.19742896464826398,4.395492368304647,2020-07-01,2021-07-01
2021-01-16,Bournemouth,Luton,home,8,0.08619068309748096,5.6486411617632655,0.4394360130150842,6.603260815307415,2020-07-01,2021-07-01
2021-01-16,Bournemouth,Luton,away,4,0.08619068309748096,3.909347221456184,-0.4394360130150842,3.8506711377588183,2020-07-01,2021-07-01
2021-01-16,Bristol City,Preston,home,5,0.08619068309748096,4.515703270427543,0.03080243280360989,5.055463505053686,2020-07-01,2021-07-01
2021-01-16,Bristol City,Preston,away,2,0.08619068309748096,4.991100276590404,-0.03080243280360989,5.063368728252467,2020-07-01,2021-07-01
2021-01-16,Cardiff,Norwich,home,3,0.08619068309748096,5.183270992593482,-0.11374191212354973,4.9385321200755286,2020-07-01,2021-07-01
2021-01-16,Cardiff,Norwich,away,7,0.08619068309748096,4.853107659778459,0.11374191212354973,5.373075343708097,2020-07-01,2021-07-01
2021-01-16,Derby,Rotherham,home,7,0.08619068309748096,4.596048543537432,0.2462584356401126,5.631767017375993,2020-07-01,2021-07-01
2021-01-16,Derby,Rotherham,away,2,0.08619068309748096,4.187713827281063,-0.2462584356401126,4.316239669440056,2020-07-01,2021-07-01
2021-01-16,Nott'm Forest,Millwall,home,5,0.08619068309748096,5.746939695779939,0.11119375232428408,5.68337954601163,2020-07-01,2021-07-01
2021-01-16,Nott'm Forest,Millwall,away,8,0.08619068309748096,5.017414334718993,-0.11119375232428408,4.882360351220545,2020-07-01,2021-07-01
2021-01-16,Watford,Huddersfield,home,4,0.08619068309748096,5.348064018045758,0.38984891703870544,6.335329797107921,2020-07-01,2021-07-01
2021-01-16,Watford,Huddersfield,away,3,0.08619068309748096,3.4571766054519375,-0.38984891703870544,3.7867712646087455,2020-07-01,2021-07-01
2021-01-16,Barnsley,Swansea,home,8,0.08619068309748096,4.592339154661983,-0.028966897904094624,4.9413317606297085,2020-07-01,2021-07-01
2021-01-16,Barnsley,Swansea,away,5,0.08619068309748096,5.41354298121562,0.028966897904094624,5.34938758418996,2020-07-01,2021-07-01
2021-01-19,Derby,Bournemouth,home,3,0.08569951995384531,4.4612232385666815,-0.1844066673693403,4.546843616813021,2020-07-01,2021-07-01
2021-01-19,Derby,Bournemouth,away,4,0.08569951995384531,5.109487897617616,0.1844066673693403,5.650647293670382,2020-07-01,2021-07-01
2021-01-19,Reading,Coventry,home,0,0.08569951995384531,4.065984382723858,0.17344814858504026,5.22663046106962,2020-07-01,2021-07-01
2021-01-19,Reading,Coventry,away,5,0.08569951995384531,4.485421930981356,-0.17344814858504026,4.569497338085733,2020-07-01,2021-07-01
2021-01-19,Rotherham,Stoke,home,5,0.08569951995384531,5.743637963624518,-0.06492490423009106,5.226985035311617,2020-07-01,2021-07-01
2021-01-19,Rotherham,Stoke,away,7,0.08569951995384531,3.714182742493342,0.06492490423009106,4.809860645362611,2020-07-01,2021-07-01
2021-01-19,Watford,Barnsley,home,5,0.08569951995384531,5.008920176289249,0.3321949587470725,6.033618347482509,2020-07-01,2021-07-01
2021-01-19,Watford,Barnsley,away,3,0.08569951995384531,3.9854642284394814,-0.3321949587470725,4.0772401200597805,2020-07-01,2021-07-01
2021-01-20,Norwich,Bristol City,home,6,0.08568437331739202,7.3551804090837205,0.43262706356427927,7.176265554854932,2020-07-01,2021-07-01
2021-01-20,Norwich,Bristol City,away,3,0.08568437331739202,4.806102125873852,-0.43262706356427927,4.133403352406255,2020-07-01,2021-07-01
2021-01-20,Brentford,Luton,home,6,0.08568437331739202,6.17384663921524,0.43853014920465283,6.795407397776934,2020-07-01,2021-07-01
2021-01-20,Brentford,Luton,away,5,0.08568437331739202,3.9791946141702166,-0.43853014920465283,3.874729893309061,2020-07-01,2021-07-01
2021-01-20,Cardiff,QPR,home,4,0.08568437331739202,4.987715585930855,0.1415567853423968,5.504405054968783,2020-07-01,2021-07-01
2021-01-20,Cardiff,QPR,away,6,0.08568437331739202,4.70954720867115,-0.1415567853423968,4.713797809019736,2020-07-01,2021-07-01
2021-01-20,Huddersfield,Millwall,home,3,0.08568437331739202,4.438061678396029,-0.08360599069079444,4.761357960588281,2020-07-01,2021-07-01
2021-01-20,Huddersfield,Millwall,away,7,0.08568437331739202,5.130871409264824,0.08360599069079444,5.394249822030741,2020-07-01,2021-07-01
2021-01-20,Nott'm Forest,Middlesbrough,home,4,0.08568437331739202,5.193609944451838,0.030155813220590133,5.290767401307603,2020-07-01,2021-07-01
2021-01-20,Nott'm Forest,Middlesbrough,away,6,0.08568437331739202,5.648890140004066,-0.030155813220590133,5.274471134554498,2020-07-01,2021-07-01
2021-01-20,Birmingham,Preston,home,5,0.08568437331739202,4.849960850338709,0.0025285691490014583,5.106142606459476,2020-07-01,2021-07-01
2021-01-20,Birmingham,Preston,away,3,0.08568437331739202,4.24572927896225,-0.0025285691490014583,4.8669981240726985,2020-07-01,2021-07-01
2021-01-22,Stoke,Watford,home,8,0.08511026255308443,4.127291149851258,-0.11977017332232875,4.570443496942268,2020-07-01,2021-07-01
2021-01-22,Stoke,Watford,away,4,0.08511026255308443,5.425396442106166,0.11977017332232875,5.588781060637054,2020-07-01,2021-07-01
2021-01-23,QPR,Derby,home,8,0.08502735108019109,5.520684944719678,0.039668684919522024,5.422046472772909,2020-07-01,2021-07-01
2021-01-23,QPR,Derby,away,5,0.08502735108019109,4.102036062117696,-0.039668684919522024,4.728412685456829,2020-07-01,2021-07-01
2021-01-24,Preston,Reading,home,4,0.08491383527638689,5.067975764900669,0.012790826797399013,5.205467470462081,2020-07-01,2021-07-01
2021-01-24,Preston,Reading,away,5,0.08491383527638689,4.265191290802984,-0.012790826797399013,4.850627704450192,2020-07-01,2021-07-01
2021-01-24,Middlesbrough,Blackburn,home,7,0.08491383527638689,4.86192243802645,0.06153621459781167,5.255288421989771,2020-07-01,2021-07-01
2021-01-24,Middlesbrough,Blackburn,away,5,0.08491383527638689,4.539814986554594,-0.06153621459781167,4.837624582142542,2020-07-01,2021-07-01
2021-01-26,Bristol City,Huddersfield,home,0,0.0846660862106693,4.492890281862772,0.0715783361827037,5.145635106299178,2020-07-01,2021-07-01
2021-01-26,Bristol City,Huddersfield,away,13,0.0846660862106693,4.235433188821583,-0.0715783361827037,4.706459125167725,2020-07-01,2021-07-01
2021-01-26,Millwall,Watford,home,2,0.0846660862106693,5.29039573486661,-0.10802727598995099,4.985216951437059,2020-07-01,2021-07-01
2021-01-26,Millwall,Watford,away,8,0.0846660862106693,4.878057529118745,0.10802727598995099,5.367538564173309,2020-07-01,2021-07-01
2021-01-27,Barnsley,Cardiff,home,1,0.08536429365799868,4.977380026379659,0.07151819322459219,5.320961651598155,2020-07-01,2021-07-01
2021-01-27,Barnsley,Cardiff,away,3,0.08536429365799868,5.175454656221548,-0.07151819322459219,5.025876402309651,2020-07-01,2021-07-01
2021-01-27,Coventry,Sheffield Weds,home,5,0.08536429365799868,4.243492019549279,0.1243225636819571,5.178221307064057,2020-07-01,2021-07-01
2021-01-27,Coventry,Sheffield Weds,away,7,0.08536429365799868,4.677386834001959,-0.1243225636819571,4.7418310631454546,2020-07-01,2021-07-01
2021-01-27,Middlesbrough,Rotherham,home,7,0.08536429365799868,5.372762254323691,0.2984630639563708,6.075786410147502,2020-07-01,2021-07-01
2021-01-27,Middlesbrough,Rotherham,away,3,0.08536429365799868,4.268998896319472,-0.2984630639563708,4.237281689496497,2020-07-01,2021-07-01
2021-01-27,Swansea,Brentford,home,1,0.08536429365799868,4.613782969249745,-0.03366065757975467,4.937871539119974,2020-07-01,2021-07-01
2021-01-27,Swansea,Brentford,away,9,0.08536429365799868,5.014014554124592,0.03366065757975467,5.228388830207582,2020-07-01,2021-07-01
2021-01-29,Reading,Bournemouth,home,2,0.0855168739399163,4.016884041640543,-0.14261094355881082,4.481237709948981,2020-07-01,2021-07-01
2021-01-29,Reading,Bournemouth,away,12,0.0855168739399163,4.905382391499584,0.14261094355881082,5.466287479632024,2020-07-01,2021-07-01
2021-01-30,Norwich,Middlesbrough,home,3,0.08585566752189722,5.3669391215502475,0.29179210980668724,6.054444770187455,2020-07-01,2021-07-01
2021-01-30,Norwich,Middlesbrough,away,7,0.08585566752189722,5.674559531216242,-0.29179210980668724,4.665913275928218,2020-07-01,2021-07-01
2021-01-30,Birmingham,Coventry,home,9,0.08585566752189722,3.957530951788237,0.007527181488709178,4.788546208192468,2020-07-01,2021-07-01
2021-01-30,Birmingham,Coventry,away,0,0.08585566752189722,4.784541307626046,-0.007527181488709178,5.0492004683814855,2020-07-01,2021-07-01
2021-01-30,Blackburn,Luton,home,3,0.08585566752189722,5.62246859471304,0.3033636218715128,6.181193062559411,2020-07-01,2021-07-01
2021-01-30,Blackburn,Luton,away,3,0.08585566752189722,4.141396312900835,-0.3033636218715128,4.185645143233034,2020-07-01,2021-07-01
2021-01-30,Brentford,Wycombe,home,5,0.08585566752189722,6.760687812833875,0.5940408705162064,7.536295363103375,2020-07-01,2021-07-01
2021-01-30,Brentford,Wycombe,away,2,0.08585566752189722,4.571702337739752,-0.5940408705162064,3.766622156245755,2020-07-01,2021-07-01
2021-01-30,Cardiff,Millwall,home,5,0.08585566752189722,4.591342135543362,0.11888732238186522,5.29987252177616,2020-07-01,2021-07-01
2021-01-30,Cardiff,Millwall,away,3,0.08585566752189722,4.914250517245576,-0.11888732238186522,4.831597367226031,2020-07-01,2021-07-01
2021-01-30,Derby,Bristol City,home,4,0.08585566752189722,5.888126168159294,0.2634257155838256,6.157609132040968,2020-07-01,2021-07-01
2021-01-30,Derby,Bristol City,away,0,0.08585566752189722,3.9264486628419646,-0.2634257155838256,4.191877053254735,2020-07-01,2021-07-01
2021-01-30,Huddersfield,Stoke,home,10,0.08585566752189722,4.742733675027908,-0.1027582520166278,4.822014179758905,2020-07-01,2021-07-01
2021-01-30,Huddersfield,Stoke,away,3,0.08585566752189722,4.6946937082980185,0.1027582520166278,5.287388581434951,2020-07-01,2021-07-01
2021-01-30,Nott'm Forest,Barnsley,home,4,0.08585566752189722,5.496661723304292,0.06879136964090032,5.4896063924587395,2020-07-01,2021-07-01
2021-01-30,Nott'm Forest,Barnsley,away,8,0.08585566752189722,4.856287546059021,-0.06879136964090032,4.9285735071117145,2020-07-01,2021-07-01
2021-01-30,Rotherham,Swansea,home,7,0.08585566752189722,5.590137198936314,-0.11634112160632137,5.056023974310631,2020-07-01,2021-07-01
2021-01-30,Rotherham,Swansea,away,7,0.08585566752189722,4.545906722802003,0.11634112160632137,5.2657320684283535,2020-07-01,2021-07-01
2021-01-30,Sheffield Weds,Preston,home,6,0.08585566752189722,4.659731847540836,-0.04575354480339133,4.925591641076946,2020-07-01,2021-07-01
2021-01-30,Sheffield Weds,Preston,away,3,0.08585566752189722,4.144160120497968,0.04575354480339133,4.940398754253763,2020-07-01,2021-07-01
2021-02-01,Watford,QPR,home,7,0.08607590320560904,5.426930905769632,0.332864441600752,6.19604367758444,2020-07-01,2021-07-01
2021-02-01,Watford,QPR,away,5,0.08607590320560904,4.198275769201351,-0.332864441600752,4.1459710614849685,2020-07-01,2021-07-01
2021-02-02,Millwall,Norwich,home,4,0.08593556541391535,5.542510965967483,-0.21038371547170653,4.821955230934508,2020-07-01,2021-07-01
2021-02-02,Millwall,Norwich,away,4,0.08593556541391535,4.772824650059502,0.21038371547170653,5.594421738761875,2020-07-01,2021-07-01
2021-02-02,Bournemouth,Sheffield Weds,home,7,0.08593556541391535,5.645087620608086,0.5215120003942634,6.8639396779261475,2020-07-01,2021-07-01
2021-02-02,Bournemouth,Sheffield Weds,away,5,0.08593556541391535,4.518148481380631,-0.5215120003942634,3.883421107305039,2020-07-01,2021-07-01
2021-02-02,Coventry,Nott'm Forest,home,6,0.08593556541391535,4.439047216897712,0.01850371918608229,4.997963575950977,2020-07-01,2021-07-01
2021-02-02,Coventry,Nott'm Forest,away,5,0.08593556541391535,4.7932423413603065,-0.01850371918608229,5.0259742136659105,2020-07-01,2021-07-01
2021-02-02,Wycombe,Birmingham,home,4,0.08593556541391535,5.229284103767173,-0.12169503802969944,4.934199669555094,2020-07-01,2021-07-01
2021-02-02,Wycombe,Birmingham,away,7,0.08593556541391535,5.095858348028206,0.12169503802969944,5.480272550325513,2020-07-01,2021-07-01
2021-02-03,Rotherham,Derby,home,5,0.08546229545057937,5.836402229153205,-0.04203205814251587,5.311837524774244,2020-07-01,2021-07-01
2021-02-03,Rotherham,Derby,away,5,0.08546229545057937,4.002787874259476,0.04203205814251587,4.875952750068958,2020-07-01,2021-07-01
2021-02-03,Brentford,Bristol City,home,5,0.08546229545057937,6.395148917255457,0.5485549132947977,7.2424370691845565,2020-07-01,2021-07-01
2021-02-03,Brentford,Bristol City,away,3,0.08546229545057937,3.862477987500694,-0.5485549132947977,3.6420579198788636,2020-07-01,2021-07-01
2021-02-05,Swansea,Norwich,home,4,0.08526943644408377,5.613359022865881,-0.01496932515337418,5.31223590924472,2020-07-01,2021-07-01
2021-02-05,Swansea,Norwich,away,2,0.08526943644408377,5.382839768447246,0.01496932515337418,5.304106627327637,2020-07-01,2021-07-01
2021-02-06,Coventry,Watford,home,5,0.08531186375378348,3.794171445460495,-0.19826927971494024,4.283735923595876,2020-07-01,2021-07-01
2021-02-06,Coventry,Watford,away,6,0.08531186375378348,5.959585918536396,0.19826927971494024,5.981911662750279,2020-07-01,2021-07-01
2021-02-06,Bournemouth,Birmingham,home,2,0.08531186375378348,5.873591841739679,0.38659379520977344,6.5227170348058365,2020-07-01,2021-07-01
2021-02-06,Bournemouth,Birmingham,away,6,0.08531186375378348,4.100713148998057,-0.38659379520977344,4.010663817174164,2020-07-01,2021-07-01
2021-02-06,Bristol City,Cardiff,home,3,0.08531186375378348,4.429864353873632,-0.12686355470104332,4.661852431326363,2020-07-01,2021-07-01
2021-02-06,Bristol City,Cardiff,away,11,0.08531186375378348,5.574503071598708,0.12686355470104332,5.657619444524032,2020-07-01,2021-07-01
2021-02-06,Luton,Huddersfield,home,7,0.08531186375378348,5.196650037785127,0.10532994923857869,5.4838412272731345,2020-07-01,2021-07-01
2021-02-06,Luton,Huddersfield,away,6,0.08531186375378348,4.843100244341092,-0.10532994923857869,4.83959469711956,2020-07-01,2021-07-01
2021-02-06,Middlesbrough,Brentford,home,7,0.08531186375378348,4.320119834814818,-0.11788966149309632,4.643434281118318,2020-07-01,2021-07-01
2021-02-06,Middlesbrough,Brentford,away,2,0.08531186375378348,5.146781148633688,0.11788966149309632,5.488231985701852,2020-07-01,2021-07-01
2021-02-06,Millwall,Sheffield Weds,home,9,0.08531186375378348,5.825913621283001,0.22326575033254062,6.020466429119709,2020-07-01,2021-07-01
2021-02-06,Millwall,Sheffield Weds,away,1,0.08531186375378348,4.346777636791829,-0.22326575033254062,4.417156519871176,2020-07-01,2021-07-01
2021-02-06,Preston,Rotherham,home,5,0.08531186375378348,4.956623218671227,0.0896315215175606,5.35952725358434,2020-07-01,2021-07-01
2021-02-06,Preston,Rotherham,away,3,0.08531186375378348,4.628725054338128,-0.0896315215175606,4.804009223362389,2020-07-01,2021-07-01
2021-02-06,QPR,Blackburn,home,5,0.08531186375378348,5.018221728694598,-0.0764807659265001,4.973592283668271,2020-07-01,2021-07-01
2021-02-06,QPR,Blackburn,away,7,0.08531186375378348,4.417459389343003,0.0764807659265001,5.118856068688763,2020-07-01,2021-07-01
2021-02-06,Stoke,Reading,home,6,0.08531186375378348,4.741718503555078,0.05046291586122703,5.185083005915995,2020-07-01,2021-07-01
2021-02-06,Stoke,Reading,away,4,0.08531186375378348,3.666817713201594,-0.05046291586122703,4.534629645375369,2020-07-01,2021-07-01
2021-02-06,Wycombe,Nott'm Forest,home,3,0.08531186375378348,5.174358518942522,-0.2279811525915187,4.675458964246789,2020-07-01,2021-07-01
2021-02-06,Wycombe,Nott'm Forest,away,6,0.08531186375378348,5.76290545370402,0.2279811525915187,6.000493721902879,2020-07-01,2021-07-01
2021-02-09,Rotherham,Cardiff,home,12,0.08497952468336563,5.402746916205866,-0.04782071499406615,5.165029452596669,2020-07-01,2021-07-01
2021-02-09,Rotherham,Cardiff,away,7,0.08497952468336563,4.806908164327151,0.04782071499406615,5.191411062352817,2020-07-01,2021-07-01
2021-02-09,Sheffield Weds,Wycombe,home,9,0.08497952468336563,5.83080502341762,0.24123422159887797,6.073657580261261,2020-07-01,2021-07-01
2021-02-09,Sheffield Weds,Wycombe,away,2,0.08497952468336563,4.3465686316828505,-0.24123422159887797,4.379606944901324,2020-07-01,2021-07-01
2021-02-10,Reading,Brentford,home,9,0.08524575355644246,3.560220146953599,-0.1966883642799292,4.198531603266462,2020-07-01,2021-07-01
2021-02-10,Reading,Brentford,away,5,0.08524575355644246,4.96559993928211,0.1966883642799292,5.6307399941542675,2020-07-01,2021-07-01
2021-02-12,Blackburn,Preston,home,6,0.08518030100649326,4.781162699309578,0.24099859932437998,5.6908461358659395,2020-07-01,2021-07-01
2021-02-12,Blackburn,Preston,away,5,0.08518030100649326,4.142054322843261,-0.24099859932437998,4.311513977422408,2020-07-01,2021-07-01
2021-02-13,Nott'm Forest,Bournemouth,home,3,0.08503417676418212,4.871544438798651,-0.09832179576290595,4.874758601907773,2020-07-01,2021-07-01
2021-02-13,Nott'm Forest,Bournemouth,away,6,0.08503417676418212,6.403072084588879,0.09832179576290595,5.84066318714676,2020-07-01,2021-07-01
2021-02-13,Birmingham,Luton,home,4,0.08503417676418212,5.677516011213749,0.03160791313401751,5.451131282292408,2020-07-01,2021-07-01
2021-02-13,Birmingham,Luton,away,7,0.08503417676418212,3.795844044753161,-0.03160791313401751,4.627466461556184,2020-07-01,2021-07-01
2021-02-13,Cardiff,Coventry,home,1,0.08503417676418212,4.152113016879054,0.2070170721871219,5.3470798751495074,2020-07-01,2021-07-01
2021-02-13,Cardiff,Coventry,away,4,0.08503417676418212,4.492755556436041,-0.2070170721871219,4.49973403867745,2020-07-01,2021-07-01
2021-02-13,Derby,Middlesbrough,home,3,0.08503417676418212,4.200020762508634,0.008844953173777259,4.885761872852081,2020-07-01,2021-07-01
2021-02-13,Derby,Middlesbrough,away,1,0.08503417676418212,4.714729507994338,-0.008844953173777259,5.021817080895909,2020-07-01,2021-07-01
2021-02-13,Huddersfield,Wycombe,home,2,0.08503417676418212,5.9734283227478695,0.3456259678268645,6.43261666261111,2020-07-01,2021-07-01
2021-02-13,Huddersfield,Wycombe,away,2,0.08503417676418212,4.514303395781082,-0.3456259678268645,4.2200653218744835,2020-07-01,2021-07-01
2021-02-13,Norwich,Stoke,home,3,0.08503417676418212,6.405163777139107,0.3185387704765602,6.497297803851911,2020-07-01,2021-07-01
2021-02-13,Norwich,Stoke,away,7,0.08503417676418212,4.838464113693936,-0.3185387704765602,4.372803557006902,2020-07-01,2021-07-01
2021-02-13,Reading,Millwall,home,4,0.08503417676418212,4.432040325192709,0.14256438659651072,5.2981001524786056,2020-07-01,2021-07-01
2021-02-13,Reading,Millwall,away,5,0.08503417676418212,4.865574320138496,-0.14256438659651072,4.762100161300783,2020-07-01,2021-07-01
2021-02-13,Watford,Bristol City,home,11,0.08503417676418212,6.318425044469159,0.4315578313889035,6.824508332084568,2020-07-01,2021-07-01
2021-02-13,Watford,Bristol City,away,2,0.08503417676418212,3.5161060719614947,-0.4315578313889035,3.733208845956414,2020-07-01,2021-07-01
2021-02-14,Brentford,Barnsley,home,7,0.08539216915938017,5.048191110335723,0.3973819541841982,6.238992616496116,2020-07-01,2021-07-01
2021-02-14,Brentford,Barnsley,away,5,0.08539216915938017,4.3625099620516945,-0.3973819541841982,4.071883266014965,2020-07-01,2021-07-01
2021-02-16,Preston,Watford,home,4,0.08525436601216628,4.568301523472091,-0.21446509291813154,4.517437791455298,2020-07-01,2021-07-01
2021-02-16,Preston,Watford,away,8,0.08525436601216628,6.2393184715353085,0.21446509291813154,6.119260645897361,2020-07-01,2021-07-01
2021-02-16,Stoke,Sheffield Weds,home,7,0.08525436601216628,5.336338923568901,0.22441438032861555,5.853073025766215,2020-07-01,2021-07-01
2021-02-16,Stoke,Sheffield Weds,away,4,0.08525436601216628,4.343930718714089,-0.22441438032861555,4.413803990809957,2020-07-01,2021-07-01
2021-02-16,Bristol City,Reading,home,5,0.08525436601216628,4.405223390864077,-0.21847997291448928,4.455493398679108,2020-07-01,2021-07-01
2021-02-16,Bristol City,Reading,away,6,0.08525436601216628,4.741271409451748,0.21847997291448928,5.603758817698218,2020-07-01,2021-07-01
2021-02-16,Middlesbrough,Huddersfield,home,9,0.08525436601216628,5.367340133065626,0.27543813758828145,6.007816473754152,2020-07-01,2021-07-01
2021-02-16,Middlesbrough,Huddersfield,away,4,0.08525436601216628,4.22564720297261,-0.27543813758828145,4.2695100899643,2020-07-01,2021-07-01
2021-02-16,Wycombe,Derby,home,5,0.08525436601216628,4.786248040991455,-0.2836449558249435,4.438861641040306,2020-07-01,2021-07-01
2021-02-16,Wycombe,Derby,away,3,0.08525436601216628,5.339221438051517,0.2836449558249435,6.0088593187146175,2020-07-01,2021-07-01
2021-02-16,Luton,Cardiff,home,9,0.08525436601216628,5.89120206030652,-0.025639345336588015,5.36970085749839,2020-07-01,2021-07-01
2021-02-16,Luton,Cardiff,away,5,0.08525436601216628,5.850450100209771,0.025639345336588015,5.478434188097367,2020-07-01,2021-07-01
2021-02-17,Coventry,Norwich,home,4,0.08476580593834128,4.186779397124824,-0.26251355305957036,4.291348772705328,2020-07-01,2021-07-01
2021-02-17,Coventry,Norwich,away,5,0.08476580593834128,5.249407888381944,0.26251355305957036,5.915987146898422,2020-07-01,2021-07-01
2021-02-17,Millwall,Birmingham,home,2,0.08476580593834128,5.833126020469641,0.1976619249394673,5.950215321627362,2020-07-01,2021-07-01
2021-02-17,Millwall,Birmingham,away,5,0.08476580593834128,3.83981314965439,-0.1976619249394673,4.293192602266971,2020-07-01,2021-07-01
2021-02-17,QPR,Brentford,home,5,0.08476580593834128,4.593122705858741,-0.2538932039853539,4.44162714713856,2020-07-01,2021-07-01
2021-02-17,QPR,Brentford,away,4,0.08476580593834128,5.029144927578365,0.2538932039853539,5.809728197581716,2020-07-01,2021-07-01
2021-02-17,Swansea,Nott'm Forest,home,7,0.08476580593834128,5.938275909416237,0.20949642541479735,6.018813096472322,2020-07-01,2021-07-01
2021-02-17,Swansea,Nott'm Forest,away,6,0.08476580593834128,4.763283526420376,-0.20949642541479735,4.581328712445118,2020-07-01,2021-07-01
2021-02-17,Barnsley,Blackburn,home,7,0.08476580593834128,4.212242427624191,0.015931177314003564,4.906875144956123,2020-07-01,2021-07-01
2021-02-17,Barnsley,Blackburn,away,2,0.08476580593834128,4.840763501914639,-0.015931177314003564,5.048392026834196,2020-07-01,2021-07-01
2021-02-17,Bournemouth,Rotherham,home,5,0.08476580593834128,5.115779097539531,0.31752836919500893,6.033357732327915,2020-07-01,2021-07-01
2021-02-17,Bournemouth,Rotherham,away,4,0.08476580593834128,4.006819165290986,-0.31752836919500893,4.112889181321453,2020-07-01,2021-07-01
2021-02-19,Watford,Derby,home,3,0.08432773827005466,5.999269648582019,0.3051962876569556,6.319381840789696,2020-07-01,2021-07-01
2021-02-19,Watford,Derby,away,10,0.08432773827005466,3.593857623356407,-0.3051962876569556,3.9922558466016684,2020-07-01,2021-07-01
2021-02-20,Coventry,Brentford,home,4,0.08440648109527044,3.564928726126248,-0.30368838787030034,3.9925235918164907,2020-07-01,2021-07-01
2021-02-20,Coventry,Brentford,away,7,0.08440648109527044,5.266601883197049,0.30368838787030034,6.039106615605926,2020-07-01,2021-07-01
2021-02-20,Bristol City,Barnsley,home,0,0.08440648109527044,4.190619955378213,-0.20175288106515493,4.41813079079228,2020-07-01,2021-07-01
2021-02-20,Bristol City,Barnsley,away,5,0.08440648109527044,5.691607939111225,0.20175288106515493,5.9022089642728135,2020-07-01,2021-07-01
2021-02-20,Cardiff,Preston,home,1,0.08440648109527044,4.646784451263809,0.24544792425345963,5.649877379457962,2020-07-01,2021-07-01
2021-02-20,Cardiff,Preston,away,5,0.08440648109527044,4.078239836652179,-0.24544792425345963,4.280607166871313,2020-07-01,2021-07-01
2021-02-20,Huddersfield,Swansea,home,4,0.08440648109527044,4.8283582523907675,-0.17734112910955618,4.681789053516507,2020-07-01,2021-07-01
2021-02-20,Huddersfield,Swansea,away,4,0.08440648109527044,5.183290492466132,0.17734112910955618,5.658253668935867,2020-07-01,2021-07-01
2021-02-20,Millwall,Wycombe,home,2,0.08440648109527044,6.394080514733963,0.3858598428871432,6.70427833831864,2020-07-01,2021-07-01
2021-02-20,Millwall,Wycombe,away,0,0.08440648109527044,3.728259263895906,-0.3858598428871432,3.888894045629735,2020-07-01,2021-07-01
2021-02-20,Norwich,Rotherham,home,3,0.08440648109527044,5.705008769051389,0.4534905344590323,6.669069359085485,2020-07-01,2021-07-01
2021-02-20,Norwich,Rotherham,away,5,0.08440648109527044,4.606792007770345,-0.4534905344590323,4.036336730319814,2020-07-01,2021-07-01
2021-02-20,Nott'm Forest,Blackburn,home,2,0.08440648109527044,5.250708743888022,0.029076505776668038,5.307027313126434,2020-07-01,2021-07-01
2021-02-20,Nott'm Forest,Blackburn,away,2,0.08440648109527044,5.044077066632788,-0.029076505776668038,5.085065425136295,2020-07-01,2021-07-01
2021-02-20,QPR,Bournemouth,home,2,0.08440648109527044,4.542726593521023,-0.07625984837223132,4.8145839539652275,2020-07-01,2021-07-01
2021-02-20,QPR,Bournemouth,away,3,0.08440648109527044,5.729783741890378,0.07625984837223132,5.573378293225286,2020-07-01,2021-07-01
2021-02-20,Reading,Middlesbrough,home,5,0.08440648109527044,3.954796265523775,0.07489990560203114,4.942897125473875,2020-07-01,2021-07-01
2021-02-20,Reading,Middlesbrough,away,4,0.08440648109527044,5.0952837021860296,-0.07489990560203114,4.992236087730284,2020-07-01,2021-07-01
2021-02-20,Sheffield Weds,Birmingham,home,7,0.08440648109527044,5.123048510146108,0.09311288972292214,5.426752894449314,2020-07-01,2021-07-01
2021-02-20,Sheffield Weds,Birmingham,away,2,0.08440648109527044,4.127099536536994,-0.09311288972292214,4.6192789743193545,2020-07-01,2021-07-01
2021-02-20,Stoke,Luton,home,8,0.08440648109527044,5.353526895609436,0.14270601841800912,5.636538491218186,2020-07-01,2021-07-01
2021-02-20,Stoke,Luton,away,2,0.08440648109527044,3.9637263026167595,-0.14270601841800912,4.452623168405976,2020-07-01,2021-07-01
2021-02-23,Birmingham,Norwich,home,4,0.08500534280942412,4.988311463605357,-0.4100331005253921,4.237610645395938,2020-07-01,2021-07-01
2021-02-23,Birmingham,Norwich,away,3,0.08500534280942412,4.7495567296038415,0.4100331005253921,6.140168876805294,2020-07-01,2021-07-01
2021-02-23,Derby,Huddersfield,home,3,0.08500534280942412,4.735541723352232,0.16655408143964984,5.476217145339628,2020-07-01,2021-07-01
2021-02-23,Derby,Huddersfield,away,6,0.08500534280942412,3.745523248222715,-0.16655408143964984,4.321670713279775,2020-07-01,2021-07-01
2021-02-23,Middlesbrough,Bristol City,home,6,0.08500534280942412,7.025833413613936,0.40998438908555224,6.993911255994547,2020-07-01,2021-07-01
2021-02-23,Middlesbrough,Bristol City,away,2,0.08500534280942412,3.802558568498739,-0.40998438908555224,3.869577970755947,2020-07-01,2021-07-01
2021-02-23,Luton,Millwall,home,1,0.08500534280942412,5.508414814961165,-0.016001877246211493,5.276923657701977,2020-07-01,2021-07-01
2021-02-23,Luton,Millwall,away,4,0.08500534280942412,5.579451662579402,0.016001877246211493,5.369411314208137,2020-07-01,2021-07-01
2021-02-23,Rotherham,Nott'm Forest,home,2,0.08500534280942412,6.4524243796475025,-0.03877490919799742,5.497754499154064,2020-07-01,2021-07-01
2021-02-23,Rotherham,Nott'm Forest,away,5,0.08500534280942412,4.670747641998702,0.03877490919799742,5.120777290662447,2020-07-01,2021-07-01
2021-02-23,Wycombe,Reading,home,3,0.08500534280942412,4.643557228870431,-0.27831094049904026,4.406218394162295,2020-07-01,2021-07-01
2021-02-23,Wycombe,Reading,away,11,0.08500534280942412,4.81048640383168,0.27831094049904026,5.792464367738426,2020-07-01,2021-07-01
2021-02-24,Barnsley,Stoke,home,5,0.08521245271911186,5.046593704226282,0.10513151460249004,5.4309662357034245,2020-07-01,2021-07-01
2021-02-24,Barnsley,Stoke,away,8,0.08521245271911186,4.567942756007254,-0.10513151460249004,4.748228404290918,2020-07-01,2021-07-01
2021-02-24,Brentford,Sheffield Weds,home,4,0.08521245271911186,6.187306282782635,0.4580907732728864,6.8636311201231885,2020-07-01,2021-07-01
2021-02-24,Brentford,Sheffield Weds,away,4,0.08521245271911186,4.334061879825224,-0.4580907732728864,3.947855342336907,2020-07-01,2021-07-01
2021-02-24,Swansea,Coventry,home,2,0.08521245271911186,4.597494270197153,0.22993935665319037,5.588925282420789,2020-07-01,2021-07-01
2021-02-24,Swansea,Coventry,away,4,0.08521245271911186,4.73428217834946,-0.22993935665319037,4.528063308731766,2020-07-01,2021-07-01
2021-02-24,Blackburn,Watford,home,7,0.08521245271911186,4.46985315112342,-0.0761241056297296,4.789463821024462,2020-07-01,2021-07-01
2021-02-24,Blackburn,Watford,away,6,0.08521245271911186,5.8075646740037055,0.0761241056297296,5.597680150198253,2020-07-01,2021-07-01
2021-02-24,Bournemouth,Cardiff,home,4,0.08521245271911186,5.556658558958146,0.15607702170351057,5.741991518008699,2020-07-01,2021-07-01
2021-02-24,Bournemouth,Cardiff,away,5,0.08521245271911186,4.997258025101067,-0.15607702170351057,4.773238643550629,2020-07-01,2021-07-01
2021-02-24,Preston,QPR,home,8,0.08521245271911186,5.127044003189464,-0.013175607939735934,5.16130552854607,2020-07-01,2021-07-01
2021-02-24,Preston,QPR,away,2,0.08521245271911186,5.463748349242538,0.013175607939735934,5.325549963316403,2020-07-01,2021-07-01
2021-02-26,Derby,Nott'm Forest,home,3,0.08485540218810127,5.050226204273917,0.03883495145631072,5.264109130936338,2020-07-01,2021-07-01
2021-02-26,Derby,Nott'm Forest,away,5,0.08485540218810127,4.177233720642229,-0.03883495145631072,4.758504421860651,2020-07-01,2021-07-01
2021-02-27,Bournemouth,Watford,home,5,0.08479986434028364,4.780462563508644,-0.030500256270491466,5.003082733608113,2020-07-01,2021-07-01
2021-02-27,Bournemouth,Watford,away,4,0.08479986434028364,5.72513984175,0.030500256270491466,5.4522843464804005,2020-07-01,2021-07-01
2021-02-27,Barnsley,Millwall,home,10,0.08479986434028364,4.358427535861631,0.15267306374228934,5.29444329109864,2020-07-01,2021-07-01
2021-02-27,Barnsley,Millwall,away,3,0.08479986434028364,5.116395006155694,-0.15267306374228934,4.817978322354933,2020-07-01,2021-07-01
2021-02-27,Birmingham,QPR,home,7,0.08479986434028364,5.336038480446884,-0.020982922865765474,5.209949575873018,2020-07-01,2021-07-01
2021-02-27,Birmingham,QPR,away,3,0.08479986434028364,4.482189104667711,0.020982922865765474,5.009694286923596,2020-07-01,2021-07-01
2021-02-27,Blackburn,Coventry,home,5,0.08479986434028364,3.9975870357936323,0.19816451393609785,5.258959247800393,2020-07-01,2021-07-01
2021-02-27,Blackburn,Coventry,away,2,0.08479986434028364,4.590940508292724,-0.19816451393609785,4.550766583847973,2020-07-01,2021-07-01
2021-02-27,Brentford,Stoke,home,4,0.08479986434028364,5.7585279653323855,0.30541881718826136,6.235855327826819,2020-07-01,2021-07-01
2021-02-27,Brentford,Stoke,away,1,0.08479986434028364,4.375541329089293,-0.30541881718826136,4.257555937933656,2020-07-01,2021-07-01
2021-02-27,Luton,Sheffield Weds,home,7,0.08479986434028364,6.238130669399592,0.14314852878179912,5.92722386625055,2020-07-01,2021-07-01
2021-02-27,Luton,Sheffield Weds,away,7,0.08479986434028364,5.10486404868313,-0.14314852878179912,4.836215693072514,2020-07-01,2021-07-01
2021-02-27,Middlesbrough,Cardiff,home,11,0.08479986434028364,6.201422388693516,0.025961222477817902,5.595977140251756,2020-07-01,2021-07-01
2021-02-27,Middlesbrough,Cardiff,away,0,0.08479986434028364,4.831481476318281,-0.025961222477817902,5.0212786154452145,2020-07-01,2021-07-01
2021-02-27,Preston,Huddersfield,home,5,0.08479986434028364,4.938428177686322,0.08535424723216117,5.342229372355448,2020-07-01,2021-07-01
2021-02-27,Preston,Huddersfield,away,8,0.08479986434028364,4.817036415065027,-0.08535424723216117,4.877034417405245,2020-07-01,2021-07-01
2021-02-27,Rotherham,Reading,home,10,0.08479986434028364,5.6244162791937065,-0.03287727179906064,5.270706811307246,2020-07-01,2021-07-01
2021-02-27,Rotherham,Reading,away,8,0.08479986434028364,4.232399147839277,0.03287727179906064,4.944316046988748,2020-07-01,2021-07-01
2021-02-27,Swansea,Bristol City,home,8,0.08479986434028364,6.563898281892353,0.3390880976525349,6.613730746848529,2020-07-01,2021-07-01
2021-02-27,Swansea,Bristol City,away,3,0.08479986434028364,3.9460429074324184,-0.3390880976525349,4.050726394783504,2020-07-01,2021-07-01
2021-02-28,Wycombe,Norwich,home,5,0.08501836612429609,4.38473805025737,-0.5342241977941953,3.830026381576978,2020-07-01,2021-07-01
2021-02-28,Wycombe,Norwich,away,4,0.08501836612429609,6.202170163841306,0.5342241977941953,7.10735153445497,2020-07-01,2021-07-01
2021-03-02,Cardiff,Derby,home,6,0.08491549891552626,4.619041408980891,0.180078205392056,5.466681484147603,2020-07-01,2021-07-01
2021-03-02,Cardiff,Derby,away,5,0.08491549891552626,4.360848195236145,-0.180078205392056,4.5133328210065,2020-07-01,2021-07-01
2021-03-02,Coventry,Middlesbrough,home,3,0.08491549891552626,3.6214469745579723,-0.057167151780750214,4.5108493816497095,2020-07-01,2021-07-01
2021-03-02,Coventry,Middlesbrough,away,2,0.08491549891552626,5.51695153030828,0.057167151780750214,5.455105028849787,2020-07-01,2021-07-01
2021-03-02,Huddersfield,Birmingham,home,7,0.08491549891552626,4.849813056581149,0.07312740470990059,5.279943237273935,2020-07-01,2021-07-01
2021-03-02,Huddersfield,Birmingham,away,3,0.08491549891552626,4.326863061831016,-0.07312740470990059,4.736008634047472,2020-07-01,2021-07-01
2021-03-02,Millwall,Preston,home,4,0.08491549891552626,5.04811219939817,0.14018485568974481,5.522548372202238,2020-07-01,2021-07-01
2021-03-02,Millwall,Preston,away,2,0.08491549891552626,3.653844788297657,-0.14018485568974481,4.340687537553378,2020-07-01,2021-07-01
2021-03-02,Nott'm Forest,Luton,home,8,0.08491549891552626,6.1174981570684555,0.24968835569003908,6.194659288634672,2020-07-01,2021-07-01
2021-03-02,Nott'm Forest,Luton,away,1,0.08491549891552626,4.507269417474599,-0.24968835569003908,4.41424948413132,2020-07-01,2021-07-01
2021-03-02,Reading,Blackburn,home,2,0.08491549891552626,4.259619418726669,0.0929452896757611,5.108078298807898,2020-07-01,2021-07-01
2021-03-02,Reading,Blackburn,away,5,0.08491549891552626,4.379106383571475,-0.0929452896757611,4.710180693081059,2020-07-01,2021-07-01
2021-03-03,Norwich,Brentford,home,2,0.0849740717023014,4.749884554914256,0.13863222776636341,5.409534637330914,2020-07-01,2021-07-01
2021-03-03,Norwich,Brentford,away,1,0.0849740717023014,5.720659370218032,-0.13863222776636341,5.030745715160747,2020-07-01,2021-07-01
2021-03-03,QPR,Barnsley,home,3,0.0849740717023014,4.840261907969654,-0.0343698521486242,5.0142802529024575,2020-07-01,2021-07-01
2021-03-03,QPR,Barnsley,away,6,0.0849740717023014,4.602371185915103,0.0343698521486242,5.085472948476852,2020-07-01,2021-07-01
2021-03-03,Watford,Wycombe,home,3,0.0849740717023014,6.405293911070218,0.5857849656860137,7.375273165014,2020-07-01,2021-07-01
2021-03-03,Watford,Wycombe,away,3,0.0849740717023014,3.665983050294995,-0.5857849656860137,3.517658493783009,2020-07-01,2021-07-01
2021-03-03,Bristol City,Bournemouth,home,4,0.0849740717023014,3.4331412843259335,-0.26965668452166186,4.007742688856745,2020-07-01,2021-07-01
2021-03-03,Bristol City,Bournemouth,away,5,0.0849740717023014,6.840387768699994,0.26965668452166186,6.473602017215971,2020-07-01,2021-07-01
2021-03-03,Sheffield Weds,Rotherham,home,7,0.0849740717023014,4.9144658771157514,0.09400024143897628,5.3556421742770715,2020-07-01,2021-07-01
2021-03-03,Sheffield Weds,Rotherham,away,4,0.0849740717023014,3.8350026784630313,-0.09400024143897628,4.507673207414665,2020-07-01,2021-07-01
2021-03-03,Stoke,Swansea,home,5,0.0849740717023014,5.162416516807119,0.05672009864364985,5.347283082984761,2020-07-01,2021-07-01
2021-03-03,Stoke,Swansea,away,4,0.0849740717023014,4.682729836219142,-0.05672009864364985,4.898148458033356,2020-07-01,2021-07-01
2021-03-05,Huddersfield,Cardiff,home,4,0.08485679728920643,5.261352650755497,-0.18162563483568284,4.805546325787817,2020-07-01,2021-07-01
2021-03-05,Huddersfield,Cardiff,away,4,0.08485679728920643,4.891814637325223,0.18162563483568284,5.563320864062746,2020-07-01,2021-07-01
2021-03-06,Watford,Nott'm Forest,home,7,0.08478302145876439,5.706034964709946,0.28350633347783194,6.152910504045514,2020-07-01,2021-07-01
2021-03-06,Watford,Nott'm Forest,away,8,0.08478302145876439,4.361637697623146,-0.28350633347783194,4.297549464230081,2020-07-01,2021-07-01
2021-03-06,Barnsley,Birmingham,home,5,0.08478302145876439,5.288520398602045,0.31321101995261497,6.086849264373188,2020-07-01,2021-07-01
2021-03-06,Barnsley,Birmingham,away,3,0.08478302145876439,4.395525763611826,-0.31321101995261497,4.248185903517396,2020-07-01,2021-07-01
2021-03-06,Bristol City,QPR,home,4,0.08478302145876439,4.5201652860163515,-0.09081526109237548,4.773675119348475,2020-07-01,2021-07-01
2021-03-06,Bristol City,QPR,away,8,0.08478302145876439,5.701928151679533,0.09081526109237548,5.603034847756714,2020-07-01,2021-07-01
2021-03-06,Coventry,Derby,home,5,0.08478302145876439,4.280171000333651,0.0460091353434372,5.003512469319796,2020-07-01,2021-07-01
2021-03-06,Coventry,Derby,away,7,0.08478302145876439,4.741783095624657,-0.0460091353434372,4.943336655900084,2020-07-01,2021-07-01
2021-03-06,Millwall,Blackburn,home,3,0.08478302145876439,4.625738619366905,0.06932190572220825,5.189413455175845,2020-07-01,2021-07-01
2021-03-06,Millwall,Blackburn,away,2,0.08478302145876439,3.741834934526354,-0.06932190572220825,4.524156887316123,2020-07-01,2021-07-01
2021-03-06,Norwich,Luton,home,6,0.08478302145876439,6.168868016800679,0.5449328220118533,7.145220482252994,2020-07-01,2021-07-01
2021-03-06,Norwich,Luton,away,1,0.08478302145876439,4.318686956192388,-0.5449328220118533,3.784161980411765,2020-07-01,2021-07-01
2021-03-06,Preston,Bournemouth,home,5,0.08478302145876439,4.116842506391278,-0.16929853405623657,4.460637444486757,2020-07-01,2021-07-01
2021-03-06,Preston,Bournemouth,away,4,0.08478302145876439,6.237141695328851,0.16929853405623657,5.988895743967119,2020-07-01,2021-07-01
2021-03-06,Reading,Sheffield Weds,home,7,0.08478302145876439,5.112148113693358,0.3223731927856487,6.045830284958304,2020-07-01,2021-07-01
2021-03-06,Reading,Sheffield Weds,away,3,0.08478302145876439,4.655848467111294,-0.3223731927856487,4.310214571485042,2020-07-01,2021-07-01
2021-03-06,Stoke,Wycombe,home,6,0.08478302145876439,5.594306224773104,0.4444026082067434,6.597916379452117,2020-07-01,2021-07-01
2021-03-06,Stoke,Wycombe,away,4,0.08478302145876439,3.5863240122063176,-0.4444026082067434,3.734640380648277,2020-07-01,2021-07-01
2021-03-06,Swansea,Middlesbrough,home,1,0.08478302145876439,4.69676893662705,0.09406657018813319,5.276936299212077,2020-07-01,2021-07-01
2021-03-06,Swansea,Middlesbrough,away,7,0.08478302145876439,5.01827839723246,-0.09406657018813319,4.9224561960336946,2020-07-01,2021-07-01
2021-03-09,Blackburn,Swansea,home,5,0.08439967814581475,5.1253057668747335,-0.020646683626442508,5.142479761654376,2020-07-01,2021-07-01
2021-03-09,Blackburn,Swansea,away,3,0.08439967814581475,4.957624586376768,0.020646683626442508,5.177010655320486,2020-07-01,2021-07-01
2021-03-09,QPR,Wycombe,home,4,0.08439967814581475,5.804196229345099,0.4201546709177621,6.601620814138795,2020-07-01,2021-07-01
2021-03-09,QPR,Wycombe,away,6,0.08439967814581475,3.892695172449419,-0.4201546709177621,3.8806153249358526,2020-07-01,2021-07-01
2021-03-10,Barnsley,Derby,home,3,0.08423248422802142,5.140166761076081,0.2778161713890808,5.930020876838738,2020-07-01,2021-07-01
2021-03-10,Barnsley,Derby,away,5,0.08423248422802142,4.699924811672579,-0.2778161713890808,4.415866064947392,2020-07-01,2021-07-01
2021-03-12,Blackburn,Brentford,home,2,0.0841775536406556,4.152177982243533,-0.17989487863500697,4.450716186512932,2020-07-01,2021-07-01
2021-03-12,Blackburn,Brentford,away,3,0.0841775536406556,4.764268806118265,0.17989487863500697,5.510874415132482,2020-07-01,2021-07-01
2021-03-13,Luton,Swansea,home,7,0.08426355487634865,5.795603467506908,-0.13200706223595432,5.078269938197688,2020-07-01,2021-07-01
2021-03-13,Luton,Swansea,away,4,0.08426355487634865,5.6389367524526905,0.13200706223595432,5.692819873639311,2020-07-01,2021-07-01
2021-03-13,Birmingham,Bristol City,home,5,0.08426355487634865,6.253074955677583,0.18831810183345626,6.06030953692427,2020-07-01,2021-07-01
2021-03-13,Birmingham,Bristol City,away,2,0.08426355487634865,3.59002164293747,-0.18831810183345626,4.218314029962744,2020-07-01,2021-07-01
2021-03-13,Bournemouth,Barnsley,home,6,0.08426355487634865,4.588122456805881,0.1439254235169094,5.361947402731734,2020-07-01,2021-07-01
2021-03-13,Bournemouth,Barnsley,away,6,0.08426355487634865,4.628601031019507,-0.1439254235169094,4.681850743323769,2020-07-01,2021-07-01
2021-03-13,Cardiff,Watford,home,2,0.08426355487634865,4.317968439378264,-0.06987964539900732,4.749596148358814,2020-07-01,2021-07-01
2021-03-13,Cardiff,Watford,away,4,0.08426355487634865,5.627658643583195,0.06987964539900732,5.523913480532206,2020-07-01,2021-07-01
2021-03-13,Derby,Millwall,home,3,0.08426355487634865,4.474767438189082,0.05106456142361809,5.089078397327925,2020-07-01,2021-07-01
2021-03-13,Derby,Millwall,away,1,0.08426355487634865,4.288732475264335,-0.05106456142361809,4.771970883653867,2020-07-01,2021-07-01
2021-03-13,Middlesbrough,Stoke,home,4,0.08426355487634865,6.322658164118857,0.14947945976364657,5.971305719455168,2020-07-01,2021-07-01
2021-03-13,Middlesbrough,Stoke,away,9,0.08426355487634865,4.089065561884732,-0.14947945976364657,4.483820234798428,2020-07-01,2021-07-01
2021-03-13,Nott'm Forest,Reading,home,4,0.08426355487634865,5.761122877146959,0.01612876721333023,5.437227002507926,2020-07-01,2021-07-01
2021-03-13,Nott'm Forest,Reading,away,6,0.08426355487634865,4.700194880506772,-0.01612876721333023,4.999442924954177,2020-07-01,2021-07-01
2021-03-13,QPR,Huddersfield,home,5,0.08426355487634865,5.010456274599292,0.2035322772585555,5.677038932638397,2020-07-01,2021-07-01
2021-03-13,QPR,Huddersfield,away,7,0.08426355487634865,4.63610341054477,-0.2035322772585555,4.553770750891332,2020-07-01,2021-07-01
2021-03-13,Wycombe,Preston,home,9,0.08426355487634865,4.378131925673401,-0.1946294637335122,4.497082059986172,2020-07-01,2021-07-01
2021-03-13,Wycombe,Preston,away,5,0.08426355487634865,5.241731441303604,0.1946294637335122,5.725818704616817,2020-07-01,2021-07-01
2021-03-14,Sheffield Weds,Norwich,home,3,0.08389188214049242,5.025018758079044,-0.44875676736863557,4.17049993842568,2020-07-01,2021-07-01
2021-03-14,Sheffield Weds,Norwich,away,5,0.08389188214049242,4.44759670444688,0.44875676736863557,6.120887386041487,2020-07-01,2021-07-01
2021-03-16,Cardiff,Stoke,home,5,0.08383716493753589,4.649784202924283,0.14578253365010152,5.3901835831874125,2020-07-01,2021-07-01
2021-03-16,Cardiff,Stoke,away,3,0.08383716493753589,4.571058185759392,-0.14578253365010152,4.65860632333657,2020-07-01,2021-07-01
2021-03-16,Derby,Brentford,home,7,0.08383716493753589,3.7399922685978026,-0.2640920479836509,4.1325714226139425,2020-07-01,2021-07-01
2021-03-16,Derby,Brentford,away,4,0.08383716493753589,4.169005026275716,0.2640920479836509,5.490114248669618,2020-07-01,2021-07-01
2021-03-16,Luton,Coventry,home,5,0.08383716493753589,4.650373539116835,-0.06893889839150696,4.868522882803635,2020-07-01,2021-07-01
2021-03-16,Luton,Coventry,away,4,0.08383716493753589,4.9934820396026955,0.06893889839150696,5.309459158149477,2020-07-01,2021-07-01
2021-03-16,Middlesbrough,Preston,home,2,0.08383716493753589,5.910814471205328,0.30228578454013494,6.280044481049995,2020-07-01,2021-07-01
2021-03-16,Middlesbrough,Preston,away,2,0.08383716493753589,4.010238177472955,-0.30228578454013494,4.143884975613443,2020-07-01,2021-07-01
2021-03-16,Rotherham,Watford,home,5,0.08383716493753589,5.3753834706670185,-0.4034989168430215,4.356068147742362,2020-07-01,2021-07-01
2021-03-16,Rotherham,Watford,away,8,0.08383716493753589,5.824952598718239,0.4034989168430215,6.544249662460819,2020-07-01,2021-07-01
2021-03-16,Bournemouth,Swansea,home,8,0.08383716493753589,5.342056558588765,0.19251433473294505,5.767213782384701,2020-07-01,2021-07-01
2021-03-16,Bournemouth,Swansea,away,7,0.08383716493753589,4.865908834312201,-0.19251433473294505,4.650723632203734,2020-07-01,2021-07-01
2021-03-17,Nott'm Forest,Norwich,home,4,0.08351751130390084,5.27013299204628,-0.2538778049573689,4.646208848554316,2020-07-01,2021-07-01
2021-03-17,Nott'm Forest,Norwich,away,5,0.08351751130390084,5.152025584421765,0.2538778049573689,5.855791828163359,2020-07-01,2021-07-01
2021-03-17,QPR,Millwall,home,4,0.08351751130390084,4.868385851273602,0.0770215099628298,5.296327862995124,2020-07-01,2021-07-01
2021-03-17,QPR,Millwall,away,2,0.08351751130390084,4.79139034885904,-0.0770215099628298,4.88779386379267,2020-07-01,2021-07-01
2021-03-17,Wycombe,Barnsley,home,5,0.08351751130390084,4.389655853244319,-0.3367300717464642,4.207628406883582,2020-07-01,2021-07-01
2021-03-17,Wycombe,Barnsley,away,8,0.08351751130390084,5.954036836534952,0.3367300717464642,6.385944221929754,2020-07-01,2021-07-01
2021-03-17,Birmingham,Reading,home,3,0.08351751130390084,5.223810969616347,-0.15225616591928243,4.861534595523178,2020-07-01,2021-07-01
2021-03-17,Birmingham,Reading,away,2,0.08351751130390084,4.12027870877563,0.15225616591928243,5.186514098149034,2020-07-01,2021-07-01
2021-03-17,Blackburn,Bristol City,home,6,0.08351751130390084,5.9092960938692904,0.33476911382783303,6.377001238966581,2020-07-01,2021-07-01
2021-03-17,Blackburn,Bristol City,away,4,0.08351751130390084,3.6079499533012838,-0.33476911382783303,3.941704409913553,2020-07-01,2021-07-01
2021-03-17,Sheffield Weds,Huddersfield,home,2,0.08351751130390084,4.926879941521042,0.012692028746620843,5.157318611956164,2020-07-01,2021-07-01
2021-03-17,Sheffield Weds,Huddersfield,away,6,0.08351751130390084,4.361986204385002,-0.012692028746620843,4.886631476253229,2020-07-01,2021-07-01
2021-03-20,Brentford,Nott'm Forest,home,6,0.0833252538635494,5.695640422689542,0.37908769741699583,6.434390093025319,2020-07-01,2021-07-01
2021-03-20,Brentford,Nott'm Forest,away,2,0.0833252538635494,4.497881033165088,-0.37908769741699583,4.148671565573267,2020-07-01,2021-07-01
2021-03-20,Barnsley,Sheffield Weds,home,6,0.0833252538635494,5.566754735709663,0.400529834742021,6.451617194908861,2020-07-01,2021-07-01
2021-03-20,Barnsley,Sheffield Weds,away,2,0.0833252538635494,4.693806318430082,-0.400529834742021,4.1644373912860955,2020-07-01,2021-07-01
2021-03-20,Bristol City,Rotherham,home,7,0.0833252538635494,4.209925935804688,0.07186700151645231,5.0378752412573355,2020-07-01,2021-07-01
2021-03-20,Bristol City,Rotherham,away,2,0.0833252538635494,5.119956240148727,-0.07186700151645231,5.007336029190711,2020-07-01,2021-07-01
2021-03-20,Coventry,Wycombe,home,1,0.0833252538635494,4.624872065180834,0.34249587685541505,5.906836802446556,2020-07-01,2021-07-01
2021-03-20,Coventry,Wycombe,away,2,0.0833252538635494,4.3230764391399035,-0.34249587685541505,4.166855308156106,2020-07-01,2021-07-01
2021-03-20,Millwall,Middlesbrough,home,7,0.0833252538635494,4.223509051952162,-0.03960086668009721,4.783517978192714,2020-07-01,2021-07-01
2021-03-20,Millwall,Middlesbrough,away,11,0.0833252538635494,4.166545838089715,0.03960086668009721,4.934701787508193,2020-07-01,2021-07-01
2021-03-20,Norwich,Blackburn,home,5,0.0833252538635494,4.8223338627012415,0.4371817208915175,6.263288083199731,2020-07-01,2021-07-01
2021-03-20,Norwich,Blackburn,away,4,0.0833252538635494,4.507793794704373,-0.4371817208915175,4.038843170165867,2020-07-01,2021-07-01
2021-03-20,Preston,Luton,home,4,0.0833252538635494,5.797677031335148,0.09400024143897628,5.6534749835400975,2020-07-01,2021-07-01
2021-03-20,Preston,Luton,away,3,0.0833252538635494,4.2956362080046375,-0.09400024143897628,4.678249976579285,2020-07-01,2021-07-01
2021-03-20,Reading,QPR,home,7,0.0833252538635494,4.949656719975216,0.1776691116544417,5.585458464306513,2020-07-01,2021-07-01
2021-03-20,Reading,QPR,away,5,0.0833252538635494,4.748879245135696,-0.1776691116544417,4.646393151659899,2020-07-01,2021-07-01
2021-03-20,Stoke,Derby,home,1,0.0833252538635494,5.152673131662423,0.1407388781279344,5.561208232279047,2020-07-01,2021-07-01
2021-03-20,Stoke,Derby,away,2,0.0833252538635494,4.25754717807302,-0.1407388781279344,4.562369537555216,2020-07-01,2021-07-01
2021-03-20,Watford,Birmingham,home,6,0.0833252538635494,5.8662322145138335,0.47868639655583,6.81110809415293,2020-07-01,2021-07-01
2021-03-20,Watford,Birmingham,away,5,0.0833252538635494,4.026080588344337,-0.47868639655583,3.816248465400986,2020-07-01,2021-07-01
2021-03-20,Swansea,Cardiff,home,11,0.0833252538635494,5.8634029484598456,0.04121922162081948,5.534109379121297,2020-07-01,2021-07-01
2021-03-20,Swansea,Cardiff,away,0,0.0833252538635494,5.028736082875283,-0.04121922162081948,5.050826292617152,2020-07-01,2021-07-01
2021-04-02,Bournemouth,Middlesbrough,home,6,0.08389212629419153,4.498201273464965,0.17986050234401796,5.418872826873454,2020-07-01,2021-07-01
2021-04-02,Bournemouth,Middlesbrough,away,6,0.08389212629419153,5.400433929997384,-0.17986050234401796,4.841153547066195,2020-07-01,2021-07-01
2021-04-02,Bristol City,Stoke,home,8,0.08389212629419153,4.506483083168203,-0.16126975293612977,4.612228594092293,2020-07-01,2021-07-01
2021-04-02,Bristol City,Stoke,away,2,0.08389212629419153,5.5625656881294665,0.16126975293612977,5.7466563128653965,2020-07-01,2021-07-01
2021-04-02,Cardiff,Nott'm Forest,home,6,0.08389212629419153,4.801485994185695,0.1570949876669614,5.47645018458928,2020-07-01,2021-07-01
2021-04-02,Cardiff,Nott'm Forest,away,4,0.08389212629419153,4.615962508995315,-0.1570949876669614,4.648537044598129,2020-07-01,2021-07-01
2021-04-02,Derby,Luton,home,5,0.08389212629419153,5.27942073843833,0.19042923368129944,5.739305072156498,2020-07-01,2021-07-01
2021-04-02,Derby,Luton,away,4,0.08389212629419153,3.34330794441868,-0.19042923368129944,4.116982116887914,2020-07-01,2021-07-01
2021-04-02,Millwall,Rotherham,home,8,0.08389212629419153,5.252067926442933,0.1749610008258648,5.687674460854001,2020-07-01,2021-07-01
2021-04-02,Millwall,Rotherham,away,3,0.08389212629419153,3.607558695703206,-0.1749610008258648,4.251899213883327,2020-07-01,2021-07-01
2021-04-02,Preston,Norwich,home,4,0.08389212629419153,4.771273233861264,-0.38374224866261364,4.228728227725864,2020-07-01,2021-07-01
2021-04-02,Preston,Norwich,away,2,0.08389212629419153,5.27932652550808,0.38374224866261364,6.277748305818768,2020-07-01,2021-07-01
2021-04-02,QPR,Coventry,home,6,0.08389212629419153,4.217935528474141,0.1378561948629869,5.20126467749892,2020-07-01,2021-07-01
2021-04-02,QPR,Coventry,away,6,0.08389212629419153,4.449856125990864,-0.1378561948629869,4.635182997419631,2020-07-01,2021-07-01
2021-04-02,Watford,Sheffield Weds,home,6,0.08389212629419153,6.29259089022132,0.4734258392213615,6.952034463130601,2020-07-01,2021-07-01
2021-04-02,Watford,Sheffield Weds,away,3,0.08389212629419153,4.354703576482128,-0.4734258392213615,3.925350987013793,2020-07-01,2021-07-01
2021-04-02,Wycombe,Blackburn,home,7,0.08389212629419153,4.282240841076966,-0.2766649734345612,4.294229719526423,2020-07-01,2021-07-01
2021-04-02,Wycombe,Blackburn,away,4,0.08389212629419153,5.502650488794762,0.2766649734345612,6.048422420238684,2020-07-01,2021-07-01
2021-04-02,Barnsley,Reading,home,7,0.08389212629419153,4.980871343567862,0.12678224622234852,5.463514726001629,2020-07-01,2021-07-01
2021-04-02,Barnsley,Reading,away,5,0.08389212629419153,4.407274439959893,-0.12678224622234852,4.644941879452719,2020-07-01,2021-07-01
2021-04-02,Birmingham,Swansea,home,2,0.08389212629419153,5.338706149582446,-0.08361419748109211,5.0583044204598595,2020-07-01,2021-07-01
2021-04-02,Birmingham,Swansea,away,4,0.08389212629419153,4.480902036069975,0.08361419748109211,5.160241392346971,2020-07-01,2021-07-01
2021-04-03,Huddersfield,Brentford,home,2,0.08317152288367287,3.9578162828088597,-0.2984376414724197,4.141874522640323,2020-07-01,2021-07-01
2021-04-03,Huddersfield,Brentford,away,4,0.08317152288367287,4.7642398661482,0.2984376414724197,5.829548297592108,2020-07-01,2021-07-01
2021-04-05,Middlesbrough,Watford,home,5,0.08320914048003857,5.293976183181754,-0.12195326241728788,4.953498762059304,2020-07-01,2021-07-01
2021-04-05,Middlesbrough,Watford,away,2,0.08320914048003857,5.377870283120971,0.12195326241728788,5.578474790347826,2020-07-01,2021-07-01
2021-04-05,Blackburn,Bournemouth,home,4,0.08320914048003857,4.07022283452374,-0.14021602690263296,4.505751059604745,2020-07-01,2021-07-01
2021-04-05,Blackburn,Bournemouth,away,3,0.08320914048003857,5.241392122097696,0.14021602690263296,5.57983439215891,2020-07-01,2021-07-01
2021-04-05,Coventry,Bristol City,home,2,0.08320914048003857,4.893324872755003,0.21603425593932984,5.666733472255502,2020-07-01,2021-07-01
2021-04-05,Coventry,Bristol City,away,0,0.08320914048003857,3.9585315035535578,-0.21603425593932984,4.298596093221897,2020-07-01,2021-07-01
2021-04-05,Luton,Barnsley,home,3,0.08320914048003857,5.208606440082692,-0.1508834623783999,4.860059398928502,2020-07-01,2021-07-01
2021-04-05,Luton,Barnsley,away,4,0.08320914048003857,5.523689919578777,0.1508834623783999,5.705302377193896,2020-07-01,2021-07-01
2021-04-05,Nott'm Forest,QPR,home,6,0.08320914048003857,5.838859363031679,0.0381460481380414,5.518464467952413,2020-07-01,2021-07-01
2021-04-05,Nott'm Forest,QPR,away,2,0.08320914048003857,5.185242485312934,-0.0381460481380414,5.109211495525008,2020-07-01,2021-07-01
2021-04-05,Reading,Derby,home,2,0.08320914048003857,4.671723186557361,0.16097165237575844,5.437526019696093,2020-07-01,2021-07-01
2021-04-05,Reading,Derby,away,4,0.08320914048003857,4.499384632522886,-0.16097165237575844,4.6012953571100805,2020-07-01,2021-07-01
2021-04-05,Rotherham,Wycombe,home,6,0.08320914048003857,6.111691018696023,0.2921263866758861,6.318630619456675,2020-07-01,2021-07-01
2021-04-05,Rotherham,Wycombe,away,2,0.08320914048003857,4.217037881907434,-0.2921263866758861,4.233025347067102,2020-07-01,2021-07-01
2021-04-05,Stoke,Millwall,home,5,0.08320914048003857,4.6109822064489565,0.16406295416406685,5.422217066407464,2020-07-01,2021-07-01
2021-04-05,Stoke,Millwall,away,4,0.08320914048003857,4.115967063661556,-0.16406295416406685,4.462488225765857,2020-07-01,2021-07-01
2021-04-05,Swansea,Preston,home,1,0.08320914048003857,5.402284235055232,0.2661802496971565,5.994221085984299,2020-07-01,2021-07-01
2021-04-05,Swansea,Preston,away,6,0.08320914048003857,4.115876133160659,-0.2661802496971565,4.251495289010997,2020-07-01,2021-07-01
2021-04-05,Sheffield Weds,Cardiff,home,4,0.08320914048003857,5.624102689159486,-0.12281163617217317,5.050541057697928,2020-07-01,2021-07-01
2021-04-05,Sheffield Weds,Cardiff,away,7,0.08320914048003857,4.443117721131244,0.12281163617217317,5.242505907784157,2020-07-01,2021-07-01
2021-04-06,Brentford,Birmingham,home,5,0.08341176600258744,5.732754582618554,0.46258883557067365,6.70855665945392,2020-07-01,2021-07-01
2021-04-06,Brentford,Birmingham,away,3,0.08341176600258744,3.841480460014945,-0.46258883557067365,3.7868433945458477,2020-07-01,2021-07-01
2021-04-06,Norwich,Huddersfield,home,7,0.08341176600258744,5.157488248425007,0.5453446191051996,6.7396171504066835,2020-07-01,2021-07-01
2021-04-06,Norwich,Huddersfield,away,3,0.08341176600258744,4.913371854311404,-0.5453446191051996,3.946676128541643,2020-07-01,2021-07-01
2021-04-09,Watford,Reading,home,3,0.08330192132388439,5.689940830819942,0.3181295589585044,6.248992034976502,2020-07-01,2021-07-01
2021-04-09,Watford,Reading,away,3,0.08330192132388439,4.247980570893591,-0.3181295589585044,4.191166254524175,2020-07-01,2021-07-01
2021-04-10,Millwall,Swansea,home,4,0.08332067455778663,5.471980728095883,-0.008760951188986177,5.283581543812552,2020-07-01,2021-07-01
2021-04-10,Millwall,Swansea,away,3,0.08332067455778663,4.396160653123333,0.008760951188986177,4.949233092424242,2020-07-01,2021-07-01
2021-04-10,Barnsley,Middlesbrough,home,5,0.08332067455778663,4.371986453989861,0.15833844090062793,5.3140896857700275,2020-07-01,2021-07-01
2021-04-10,Barnsley,Middlesbrough,away,6,0.08332067455778663,5.35572100032111,-0.15833844090062793,4.877521938659084,2020-07-01,2021-07-01
2021-04-10,Birmingham,Stoke,home,3,0.08332067455778663,5.2027928665097445,-0.03914461168365202,5.122673415509423,2020-07-01,2021-07-01
2021-04-10,Birmingham,Stoke,away,4,0.08332067455778663,4.0864290309804225,0.03914461168365202,4.902366542012381,2020-07-01,2021-07-01
2021-04-10,Bournemouth,Coventry,home,4,0.08332067455778663,4.510992746633839,0.4057169900094376,6.0371302905716595,2020-07-01,2021-07-01
2021-04-10,Bournemouth,Coventry,away,3,0.08332067455778663,4.689918266390123,-0.4057169900094376,4.153078447842241,2020-07-01,2021-07-01
2021-04-10,Bristol City,Nott'm Forest,home,3,0.08332067455778663,4.821436609832226,-0.09753027717953744,4.860106639358131,2020-07-01,2021-07-01
2021-04-10,Bristol City,Nott'm Forest,away,8,0.08332067455778663,5.60585308047029,0.09753027717953744,5.589715908097075,2020-07-01,2021-07-01
2021-04-10,Cardiff,Blackburn,home,5,0.08332067455778663,4.165021137692197,0.16487884834117783,5.246615518369828,2020-07-01,2021-07-01
2021-04-10,Cardiff,Blackburn,away,2,0.08332067455778663,4.189868888302179,-0.16487884834117783,4.486831761611905,2020-07-01,2021-07-01
2021-04-10,Derby,Norwich,home,5,0.08332067455778663,4.437347153530128,-0.34460948049179163,4.206793990382803,2020-07-01,2021-07-01
2021-04-10,Derby,Norwich,away,5,0.08332067455778663,4.107920361006137,0.34460948049179163,5.6763055468475505,2020-07-01,2021-07-01
2021-04-10,Huddersfield,Rotherham,home,6,0.08332067455778663,4.82123067412722,0.0772387743489788,5.2800183727550385,2020-07-01,2021-07-01
2021-04-10,Huddersfield,Rotherham,away,9,0.08332067455778663,3.9587291209323303,-0.0772387743489788,4.591137242207974,2020-07-01,2021-07-01
2021-04-10,Preston,Brentford,home,3,0.08332067455778663,4.111217372618712,-0.24507081415784082,4.301265995369173,2020-07-01,2021-07-01
2021-04-10,Preston,Brentford,away,7,0.08332067455778663,5.104128853454002,0.24507081415784082,5.8135772490146795,2020-07-01,2021-07-01
2021-04-10,QPR,Sheffield Weds,home,2,0.08332067455778663,5.842912253817089,0.1344631799636028,5.77769427042892,2020-07-01,2021-07-01
2021-04-10,QPR,Sheffield Weds,away,4,0.08332067455778663,4.565409734200757,-0.1344631799636028,4.681785630484677,2020-07-01,2021-07-01
2021-04-10,Wycombe,Luton,home,4,0.08332067455778663,5.519824534585297,-0.10467849935973422,5.063036941684845,2020-07-01,2021-07-01
2021-04-10,Wycombe,Luton,away,3,0.08332067455778663,4.83521181221628,0.10467849935973422,5.343561850799649,2020-07-01,2021-07-01
2021-04-13,Huddersfield,Bournemouth,home,6,0.08284473626653022,3.872854909445875,-0.31938811356305685,4.071888554947443,2020-07-01,2021-07-01
2021-04-13,Huddersfield,Bournemouth,away,5,0.08284473626653022,5.501459596567247,0.31938811356305685,6.171783156927052,2020-07-01,2021-07-01
2021-04-13,Sheffield Weds,Swansea,home,6,0.08284473626653022,5.041490500046543,-0.043828819516229134,5.058865322554061,2020-07-01,2021-07-01
2021-04-13,Sheffield Weds,Swansea,away,5,0.08284473626653022,4.757079626515618,0.043828819516229134,5.163942260366454,2020-07-01,2021-07-01
2021-04-13,Rotherham,QPR,home,7,0.08284473626653022,6.301849854261318,0.009503627815535376,5.581756198917321,2020-07-01,2021-07-01
2021-04-13,Rotherham,QPR,away,4,0.08284473626653022,4.914637163198946,-0.009503627815535376,5.088980219183253,2020-07-01,2021-07-01
2021-04-15,Rotherham,Coventry,home,5,0.08247256470043991,4.988862554958196,0.04652859400964621,5.262243349119301,2020-07-01,2021-07-01
2021-04-15,Rotherham,Coventry,away,5,0.08247256470043991,4.562780733467811,-0.04652859400964621,4.880235209567532,2020-07-01,2021-07-01
2021-04-16,Blackburn,Derby,home,4,0.08234612845590622,4.706147915302306,0.18152262259550256,5.50399635207981,2020-07-01,2021-07-01
2021-04-16,Blackburn,Derby,away,5,0.08234612845590622,4.289408986748346,-0.18152262259550256,4.485913221065717,2020-07-01,2021-07-01
2021-04-16,Reading,Cardiff,home,3,0.08234612845590622,5.250858457004431,0.1771540380867151,5.6931635441993205,2020-07-01,2021-07-01
2021-04-16,Reading,Cardiff,away,3,0.08234612845590622,4.731112043137107,-0.1771540380867151,4.6418273077175005,2020-07-01,2021-07-01
2021-04-17,Brentford,Millwall,home,5,0.08226541210403544,5.079318605050614,0.44250899491392404,6.386796851512426,2020-07-01,2021-07-01
2021-04-17,Brentford,Millwall,away,4,0.08226541210403544,4.060033340555237,-0.44250899491392404,3.8929790644076574,2020-07-01,2021-07-01
2021-04-17,Luton,Watford,home,6,0.08226541210403544,5.1428804666893555,-0.3310123379785064,4.443610678310233,2020-07-01,2021-07-01
2021-04-17,Luton,Watford,away,3,0.08226541210403544,6.163646583210693,0.3310123379785064,6.441216347697266,2020-07-01,2021-07-01
2021-04-17,Middlesbrough,QPR,home,9,0.08226541210403544,6.270942420701478,0.17411161351015075,6.025243328502588,2020-07-01,2021-07-01
2021-04-17,Middlesbrough,QPR,away,4,0.08226541210403544,4.309809950258784,-0.17411161351015075,4.508707109810778,2020-07-01,2021-07-01
2021-04-17,Nott'm Forest,Huddersfield,home,5,0.08226541210403544,5.322909957454406,0.2066488976123298,5.799180244531746,2020-07-01,2021-07-01
2021-04-17,Nott'm Forest,Huddersfield,away,2,0.08226541210403544,4.90703028549341,-0.2066488976123298,4.632400782196785,2020-07-01,2021-07-01
2021-04-17,Sheffield Weds,Bristol City,home,5,0.08226541210403544,5.8371516508489885,0.21767222433850034,6.0083074224657835,2020-07-01,2021-07-01
2021-04-17,Sheffield Weds,Bristol City,away,0,0.08226541210403544,3.581611303185436,-0.21767222433850034,4.156803893042419,2020-07-01,2021-07-01
2021-04-17,Stoke,Preston,home,7,0.08226541210403544,4.647466907703363,0.18982272129611438,5.503047384560836,2020-07-01,2021-07-01
2021-04-17,Stoke,Preston,away,1,0.08226541210403544,3.830269441987511,-0.18982272129611438,4.305673018636285,2020-07-01,2021-07-01
2021-04-17,Swansea,Wycombe,home,4,0.08226541210403544,5.7028454540058515,0.4833439169935375,6.763320179059353,2020-07-01,2021-07-01
2021-04-17,Swansea,Wycombe,away,5,0.08226541210403544,3.874528103282628,-0.4833439169935375,3.7602852177804995,2020-07-01,2021-07-01
2021-04-17,Norwich,Bournemouth,home,1,0.08226541210403544,4.665836723925015,0.22546840266751356,5.604100282361691,2020-07-01,2021-07-01
2021-04-17,Norwich,Bournemouth,away,7,0.08226541210403544,5.384396605875637,-0.22546840266751356,4.73295567418394,2020-07-01,2021-07-01
2021-04-18,Rotherham,Birmingham,home,5,0.08235153132927563,6.218569486499438,-0.016959133681485605,5.488184005612855,2020-07-01,2021-07-01
2021-04-18,Rotherham,Birmingham,away,5,0.08235153132927563,4.357172485298674,0.016959133681485605,4.954040610259136,2020-07-01,2021-07-01
2021-04-18,Coventry,Barnsley,home,3,0.08235153132927563,3.602147264425596,-0.18600922560275324,4.236057990400748,2020-07-01,2021-07-01
2021-04-18,Coventry,Barnsley,away,3,0.08235153132927563,4.865319074400455,0.18600922560275324,5.564992771907683,2020-07-01,2021-07-01
2021-04-20,Brentford,Cardiff,home,10,0.08224355545672478,5.918125808464887,0.40545774115200645,6.597630323862251,2020-07-01,2021-07-01
2021-04-20,Brentford,Cardiff,away,3,0.08224355545672478,4.223909377195733,-0.40545774115200645,4.013659295493682,2020-07-01,2021-07-01
2021-04-20,Norwich,Watford,home,5,0.08224355545672478,4.957238106227437,0.08429728510011636,5.346203387154939,2020-07-01,2021-07-01
2021-04-20,Norwich,Watford,away,13,0.08224355545672478,5.647429044668702,-0.08429728510011636,5.140330806073412,2020-07-01,2021-07-01
2021-04-20,Preston,Derby,home,1,0.08224355545672478,4.702675234904557,-0.041791480967341255,4.949701800574275,2020-07-01,2021-07-01
2021-04-20,Preston,Derby,away,7,0.08224355545672478,4.949501748513536,0.041791480967341255,5.226378714052645,2020-07-01,2021-07-01
2021-04-20,Sheffield Weds,Blackburn,home,3,0.08224355545672478,4.543810269995314,0.019920641347477452,5.039670820656837,2020-07-01,2021-07-01
2021-04-20,Sheffield Weds,Blackburn,away,2,0.08224355545672478,4.016403387289481,-0.019920641347477452,4.7400456676616605,2020-07-01,2021-07-01
2021-04-20,Swansea,QPR,home,4,0.08224355545672478,5.959468418149709,0.24290950018342874,6.122084054556994,2020-07-01,2021-07-01
2021-04-20,Swansea,QPR,away,7,0.08224355545672478,4.741455779137371,-0.24290950018342874,4.502528407217963,2020-07-01,2021-07-01
2021-04-21,Millwall,Bournemouth,home,3,0.08269267747121914,4.274572982957363,-0.2181159605691666,4.412545994491162,2020-07-01,2021-07-01
2021-04-21,Millwall,Bournemouth,away,1,0.08269267747121914,4.743943010284603,0.2181159605691666,5.60382511394011,2020-07-01,2021-07-01
2021-04-21,Rotherham,Middlesbrough,home,3,0.08269267747121914,5.080591603977909,-0.02224154463748801,5.123868619110856,2020-07-01,2021-07-01
2021-04-21,Rotherham,Middlesbrough,away,13,0.08269267747121914,5.541357312419778,0.02224154463748801,5.373255712782489,2020-07-01,2021-07-01
2021-04-21,Stoke,Coventry,home,6,0.08269267747121914,4.282138462688683,0.15752992580953523,5.276055309098279,2020-07-01,2021-07-01
2021-04-21,Stoke,Coventry,away,2,0.08269267747121914,3.91547217251106,-0.15752992580953523,4.4037320625898815,2020-07-01,2021-07-01
2021-04-21,Wycombe,Bristol City,home,5,0.08269267747121914,5.723044377736023,-0.03668197265884837,5.291239321178125,2020-07-01,2021-07-01
2021-04-21,Wycombe,Bristol City,away,2,0.08269267747121914,4.266480588959319,0.03668197265884837,4.96627106880421,2020-07-01,2021-07-01
2021-04-21,Birmingham,Nott'm Forest,home,5,0.08269267747121914,5.106927286110906,0.06846149167798571,5.358146554557738,2020-07-01,2021-07-01
2021-04-21,Birmingham,Nott'm Forest,away,3,0.08269267747121914,4.411499644158221,-0.06846149167798571,4.7767046616536515,2020-07-01,2021-07-01
2021-04-21,Huddersfield,Barnsley,home,4,0.08269267747121914,4.244881230057682,-0.16423542404859415,4.516430149713695,2020-07-01,2021-07-01
2021-04-21,Huddersfield,Barnsley,away,6,0.08269267747121914,4.98913710838776,0.16423542404859415,5.553335503224547,2020-07-01,2021-07-01
2021-04-21,Luton,Reading,home,7,0.08269267747121914,5.6169842960209575,-0.09496635992880914,5.115556109982776,2020-07-01,2021-07-01
2021-04-21,Luton,Reading,away,8,0.08269267747121914,4.792304204311903,0.09496635992880914,5.303503942719741,2020-07-01,2021-07-01
2021-04-24,Bournemouth,Brentford,home,3,0.08297037712869554,4.299979373583967,0.06936499543335095,5.066896402933396,2020-07-01,2021-07-01
2021-04-24,Bournemouth,Brentford,away,5,0.08297037712869554,4.9600810395584904,-0.06936499543335095,4.961472156161699,2020-07-01,2021-07-01
2021-04-24,Barnsley,Rotherham,home,3,0.08297037712869554,5.328388653610592,0.3698063390657599,6.267827994194435,2020-07-01,2021-07-01
2021-04-24,Barnsley,Rotherham,away,9,0.08297037712869554,4.343481139470435,-0.3698063390657599,4.119582141105056,2020-07-01,2021-07-01
2021-04-24,Blackburn,Huddersfield,home,7,0.08297037712869554,4.730369116093301,0.25228831133045304,5.701422114657679,2020-07-01,2021-07-01
2021-04-24,Blackburn,Huddersfield,away,2,0.08297037712869554,4.365408639358481,-0.25228831133045304,4.362882290261062,2020-07-01,2021-07-01
2021-04-24,Cardiff,Wycombe,home,7,0.08297037712869554,4.814506442935456,0.38411810527949686,6.104390418305799,2020-07-01,2021-07-01
2021-04-24,Cardiff,Wycombe,away,6,0.08297037712869554,3.68577323266162,-0.38411810527949686,3.87752797277996,2020-07-01,2021-07-01
2021-04-24,Coventry,Preston,home,5,0.08297037712869554,3.776354407225573,0.09574668694155458,4.917102918639183,2020-07-01,2021-07-01
2021-04-24,Coventry,Preston,away,2,0.08297037712869554,3.9936699983299504,-0.09574668694155458,4.5641304638576665,2020-07-01,2021-07-01
2021-04-24,Derby,Birmingham,home,0,0.08297037712869554,5.021576815881606,0.09960805351931107,5.4079511478291025,2020-07-01,2021-07-01
2021-04-24,Derby,Birmingham,away,3,0.08297037712869554,3.7376177228848686,-0.09960805351931107,4.457994259872995,2020-07-01,2021-07-01
2021-04-24,Middlesbrough,Sheffield Weds,home,8,0.08297037712869554,6.515498563264534,0.14071692141393483,6.0053340403552005,2020-07-01,2021-07-01
2021-04-24,Middlesbrough,Sheffield Weds,away,7,0.08297037712869554,4.060942835787183,-0.14071692141393483,4.492328363532102,2020-07-01,2021-07-01
2021-04-24,Nott'm Forest,Stoke,home,3,0.08297037712869554,5.699104186028307,0.011406656959455308,5.405871008988342,2020-07-01,2021-07-01
2021-04-24,Nott'm Forest,Stoke,away,6,0.08297037712869554,4.612304127519615,-0.011406656959455308,4.979775223890794,2020-07-01,2021-07-01
2021-04-24,QPR,Norwich,home,5,0.08297037712869554,4.756928810158599,-0.27725330888943756,4.443387753241271,2020-07-01,2021-07-01
2021-04-24,QPR,Norwich,away,5,0.08297037712869554,4.8086819359124355,0.27725330888943756,5.788848505924591,2020-07-01,2021-07-01
2021-04-24,Watford,Millwall,home,5,0.08297037712869554,5.163821479694819,0.4618004913338212,6.480415777035064,2020-07-01,2021-07-01
2021-04-24,Watford,Millwall,away,5,0.08297037712869554,4.24608230923213,-0.4618004913338212,3.914539084807446,2020-07-01,2021-07-01
2021-04-25,Reading,Swansea,home,7,0.08265918730697179,4.75865190802539,0.13228435483111128,5.396531802716903,2020-07-01,2021-07-01
2021-04-25,Reading,Swansea,away,4,0.08265918730697179,4.7549784215283815,-0.13228435483111128,4.749479326389913,2020-07-01,2021-07-01
2021-04-25,Bristol City,Luton,home,4,0.08265918730697179,4.935164284929254,-0.07886946119361504,4.9408848846278195,2020-07-01,2021-07-01
2021-04-25,Bristol City,Luton,away,5,0.08265918730697179,4.588449513415768,0.07886946119361504,5.188785664570875,2020-07-01,2021-07-01
2021-04-27,Brentford,Rotherham,home,2,0.08246266727137144,5.722251513264656,0.428716697173073,6.597690608502813,2020-07-01,2021-07-01
2021-04-27,Brentford,Rotherham,away,4,0.08246266727137144,3.991636722488002,-0.428716697173073,3.8967863891321812,2020-07-01,2021-07-01
2021-05-01,Sheffield Weds,Nott'm Forest,home,6,0.0824979565526184,5.150273218781537,0.17846903181089957,5.660748588196725,2020-07-01,2021-07-01
2021-05-01,Sheffield Weds,Nott'm Forest,away,2,0.0824979565526184,4.4406964836243175,-0.17846903181089957,4.543694974936062,2020-07-01,2021-07-01
2021-05-01,Birmingham,Cardiff,home,4,0.0824979565526184,5.540720712574429,0.02748125257687778,5.397197065463881,2020-07-01,2021-07-01
2021-05-01,Birmingham,Cardiff,away,4,0.0824979565526184,4.13508363548395,-0.02748125257687778,4.7683336635653495,2020-07-01,2021-07-01
2021-05-01,Brentford,Watford,home,5,0.0824979565526184,5.099100174876277,0.0732146509510766,5.367541723653594,2020-07-01,2021-07-01
2021-05-01,Brentford,Watford,away,1,0.0824979565526184,5.11540161712562,-0.0732146509510766,5.00267865970939,2020-07-01,2021-07-01
2021-05-01,Huddersfield,Coventry,home,7,0.0824979565526184,4.114588613635208,0.051634833279378456,4.952481148341936,2020-07-01,2021-07-01
2021-05-01,Huddersfield,Coventry,away,4,0.0824979565526184,4.533590462408605,-0.051634833279378456,4.858210708076445,2020-07-01,2021-07-01
2021-05-01,Luton,Middlesbrough,home,10,0.0824979565526184,4.882203229596558,0.0013079435228362524,5.114272062972865,2020-07-01,2021-07-01
2021-05-01,Luton,Middlesbrough,away,6,0.0824979565526184,6.289566686131383,-0.0013079435228362524,5.538583508981561,2020-07-01,2021-07-01
2021-05-01,Millwall,Bristol City,home,5,0.0824979565526184,6.000676089201882,0.23951582055617715,6.126046383810203,2020-07-01,2021-07-01
2021-05-01,Millwall,Bristol City,away,0,0.0824979565526184,2.9477163027391176,-0.23951582055617715,3.8597601713975815,2020-07-01,2021-07-01
2021-05-01,Norwich,Reading,home,5,0.0824979565526184,5.392624329142961,0.41288572894524656,6.422349421579885,2020-07-01,2021-07-01
2021-05-01,Norwich,Reading,away,2,0.0824979565526184,5.088596591107039,-0.41288572894524656,4.251050451730351,2020-07-01,2021-07-01
2021-05-01,Preston,Barnsley,home,6,0.0824979565526184,4.268202614953702,-0.13846153846153847,4.5801837394921305,2020-07-01,2021-07-01
2021-05-01,Preston,Barnsley,away,4,0.0824979565526184,5.359553918942636,0.13846153846153847,5.616042210733812,2020-07-01,2021-07-01
2021-05-01,Rotherham,Blackburn,home,4,0.0824979565526184,5.144791343276948,0.03826117620658148,5.294744247836964,2020-07-01,2021-07-01
2021-05-01,Rotherham,Blackburn,away,7,0.0824979565526184,4.659369907528467,-0.03826117620658148,4.933130117394454,2020-07-01,2021-07-01
2021-05-01,Stoke,QPR,home,9,0.0824979565526184,5.597561591842385,0.0879506348831342,5.572808587070869,2020-07-01,2021-07-01
2021-05-01,Stoke,QPR,away,1,0.0824979565526184,4.097131042070229,-0.0879506348831342,4.619564077511831,2020-07-01,2021-07-01
2021-05-01,Swansea,Derby,home,4,0.0824979565526184,4.900821800043826,0.08771057475228267,5.334832037604182,2020-07-01,2021-07-01
2021-05-01,Swansea,Derby,away,6,0.0824979565526184,4.781843864808132,-0.08771057475228267,4.859904291454754,2020-07-01,2021-07-01
2021-05-01,Wycombe,Bournemouth,home,4,0.0824979565526184,3.9572789459119107,-0.4746758013212626,3.8095996632247506,2020-07-01,2021-07-01
2021-05-01,Wycombe,Bournemouth,away,1,0.0824979565526184,6.076344205154752,0.4746758013212626,6.863226656830501,2020-07-01,2021-07-01
2021-05-04,Luton,Rotherham,home,6,0.08256810540076852,5.81656588182527,-0.04020661844513285,5.310514403141084,2020-07-01,2021-07-01
2021-05-04,Luton,Rotherham,away,7,0.08256810540076852,5.067394018903431,0.04020661844513285,5.262863243783252,2020-07-01,2021-07-01
2021-05-08,Barnsley,Norwich,home,2,0.08243470354830112,4.712465204630186,-0.028569593989910935,4.984228941016608,2020-07-01,2021-07-01
2021-05-08,Barnsley,Norwich,away,1,0.08243470354830112,5.015374589345363,0.028569593989910935,5.216243828558799,2020-07-01,2021-07-01
2021-05-08,Blackburn,Birmingham,home,5,0.08243470354830112,5.038770958659837,0.23935069757572552,5.7849616408238225,2020-07-01,2021-07-01
2021-05-08,Blackburn,Birmingham,away,1,0.08243470354830112,3.931357120320978,-0.23935069757572552,4.241746722855953,2020-07-01,2021-07-01
2021-05-08,Bournemouth,Stoke,home,6,0.08243470354830112,5.2704383337602145,0.3181440165180236,6.094267084110291,2020-07-01,2021-07-01
2021-05-08,Bournemouth,Stoke,away,3,0.08243470354830112,4.6926982254286305,-0.3181440165180236,4.330031678338048,2020-07-01,2021-07-01
2021-05-08,Bristol City,Brentford,home,1,0.08243470354830112,3.600994625480075,-0.3776744561674733,3.8675925101515753,2020-07-01,2021-07-01
2021-05-08,Bristol City,Brentford,away,2,0.08243470354830112,5.803673339942501,0.3776744561674733,6.4568477345967645,2020-07-01,2021-07-01
2021-05-08,Cardiff,Rotherham,home,6,0.08243470354830112,4.743524480886048,0.02376841320903622,5.120493570502487,2020-07-01,2021-07-01
2021-05-08,Cardiff,Rotherham,away,4,0.08243470354830112,4.434375167932916,-0.02376841320903622,4.887299683619154,2020-07-01,2021-07-01
2021-05-08,Coventry,Millwall,home,10,0.08243470354830112,3.792866895067834,0.053252919286539246,4.825893062994966,2020-07-01,2021-07-01
2021-05-08,Coventry,Millwall,away,8,0.08243470354830112,4.3106223578746,-0.053252919286539246,4.774974712379929,2020-07-01,2021-07-01
2021-05-08,Derby,Sheffield Weds,home,6,0.08243470354830112,5.121944737892376,0.09310846361100295,5.426358614795406,2020-07-01,2021-07-01
2021-05-08,Derby,Sheffield Weds,away,10,0.08243470354830112,3.978608597330489,-0.09310846361100295,4.564193871071159,2020-07-01,2021-07-01
2021-05-08,Middlesbrough,Wycombe,home,6,0.08243470354830112,6.317359914778235,0.30972835144431166,6.4410282076939955,2020-07-01,2021-07-01
2021-05-08,Middlesbrough,Wycombe,away,6,0.08243470354830112,3.7936027196536375,-0.30972835144431166,4.054872093142424,2020-07-01,2021-07-01
2021-05-08,Nott'm Forest,Preston,home,4,0.08243470354830112,5.167786320041578,0.1150617516512239,5.4991702170550125,2020-07-01,2021-07-01
2021-05-08,Nott'm Forest,Preston,away,3,0.08243470354830112,4.172763744855791,-0.1150617516512239,4.587947354577072,2020-07-01,2021-07-01
2021-05-08,QPR,Luton,home,8,0.08243470354830112,5.4892451393864174,0.13019710502001852,5.649323106473477,2020-07-01,2021-07-01
2021-05-08,QPR,Luton,away,6,0.08243470354830112,3.994232666648412,-0.13019710502001852,4.490375114794028,2020-07-01,2021-07-01
2021-05-08,Reading,Huddersfield,home,3,0.08243470354830112,4.649569426887001,0.21713156033997605,5.575606889890733,2020-07-01,2021-07-01
2021-05-08,Reading,Huddersfield,away,3,0.08243470354830112,4.355535073852141,-0.21713156033997605,4.432945796584032,2020-07-01,2021-07-01
2021-05-08,Watford,Swansea,home,3,0.08243470354830112,5.6694344854882965,0.20373374229510133,5.912012951044638,2020-07-01,2021-07-01
2021-05-08,Watford,Swansea,away,8,0.08243470354830112,4.604090280434973,-0.20373374229510133,4.543015997154796,2020-07-01,2021-07-01
2021-08-06,Bournemouth,West Brom,home,4,0.08253815153494651,5.126451110080329,0.1087133197093193,5.167662053274845,2021-07-01,2022-07-01
2021-08-06,Bournemouth,West Brom,away,8,0.08253815153494651,4.836092347942997,-0.1087133197093193,4.659762355774391,2021-07-01,2022-07-01
2021-08-07,Blackburn,Swansea,home,7,0.08246692950994237,5.100660805965531,0.174489192437568,5.25902574493194,2021-07-01,2022-07-01
2021-08-07,Blackburn,Swansea,away,5,0.08246692950994237,4.519750793694941,-0.174489192437568,4.434779228176488,2021-07-01,2022-07-01
2021-08-07,Cardiff,Barnsley,home,2,0.08246692950994237,4.372629429882408,0.12934486435256487,4.848570831480577,2021-07-01,2022-07-01
2021-08-07,Cardiff,Barnsley,away,4,0.08246692950994237,4.620457686474322,-0.12934486435256487,4.539046866246829,2021-07-01,2022-07-01
2021-08-07,Derby,Huddersfield,home,4,0.08246692950994237,4.536087545935964,-0.33734317643413947,4.283376678836243,2021-07-01,2022-07-01
2021-08-07,Derby,Huddersfield,away,6,0.08246692950994237,4.129673033404762,0.33734317643413947,4.9700132086321585,2021-07-01,2022-07-01
2021-08-07,Preston,Hull,home,2,0.08246692950994237,4.962221422844447,0.10031913749208132,5.081391459590395,2021-07-01,2022-07-01
2021-08-07,Preston,Hull,away,7,0.08246692950994237,4.94623207354242,-0.10031913749208132,4.717999815878875,2021-07-01,2022-07-01
2021-08-07,QPR,Millwall,home,7,0.08246692950994237,5.104431977432025,0.18819938962360122,5.28242837869524,2021-07-01,2022-07-01
2021-08-07,QPR,Millwall,away,5,0.08246692950994237,4.8224233262362874,-0.18819938962360122,4.544246408012462,2021-07-01,2022-07-01
2021-08-07,Stoke,Reading,home,6,0.08246692950994237,5.300474286454369,0.2011746061340543,5.391644042685102,2021-07-01,2022-07-01
2021-08-07,Stoke,Reading,away,9,0.08246692950994237,3.7860926054888817,-0.2011746061340543,4.069795751266649,2021-07-01,2022-07-01
2021-08-07,Sheffield United,Birmingham,home,8,0.08246692950994237,5.430127249236172,0.31657761667067985,5.641298211026678,2021-07-01,2022-07-01
2021-08-07,Sheffield United,Birmingham,away,2,0.08246692950994237,4.018174591533245,-0.31657761667067985,4.03542434978381,2021-07-01,2022-07-01
2021-08-08,Fulham,Middlesbrough,home,4,0.08217103360319727,5.02318764019874,0.2647202808128574,5.367164373338764,2021-07-01,2022-07-01
2021-08-08,Fulham,Middlesbrough,away,2,0.08217103360319727,5.43837983662016,-0.2647202808128574,4.682087899823038,2021-07-01,2022-07-01
2021-08-08,Coventry,Nott'm Forest,home,0,0.08217103360319727,4.59747493328861,0.06271200934979054,4.858501561233461,2021-07-01,2022-07-01
2021-08-08,Coventry,Nott'm Forest,away,5,0.08217103360319727,4.643856408252944,-0.06271200934979054,4.6410383066161165,2021-07-01,2022-07-01
2021-08-14,Barnsley,Coventry,home,1,0.08238793280763637,4.426398787092265,0.22264958657931053,5.013144413768371,2021-07-01,2022-07-01
2021-08-14,Barnsley,Coventry,away,5,0.08238793280763637,4.444061062750357,-0.22264958657931053,4.338796676453334,2021-07-01,2022-07-01
2021-08-14,Birmingham,Stoke,home,7,0.08238793280763637,4.9949220643305985,0.006192264744695974,4.9541243972812365,2021-07-01,2022-07-01
2021-08-14,Birmingham,Stoke,away,6,0.08238793280763637,4.073343632994071,-0.006192264744695974,4.45608449034054,2021-07-01,2022-07-01
2021-08-14,Huddersfield,Fulham,home,5,0.08238793280763637,4.976542287634947,-0.28459220020093157,4.532707480046731,2021-07-01,2022-07-01
2021-08-14,Huddersfield,Fulham,away,7,0.08238793280763637,4.869049270415024,0.28459220020093157,5.259325737525595,2021-07-01,2022-07-01
2021-08-14,Hull,QPR,home,7,0.08238793280763637,5.506321464305515,-0.011705312972274284,5.14335288239861,2021-07-01,2022-07-01
2021-08-14,Hull,QPR,away,2,0.08238793280763637,4.868408579099723,0.011705312972274284,4.8454340888230485,2021-07-01,2022-07-01
2021-08-14,Middlesbrough,Bristol City,home,1,0.08238793280763637,6.735517408869606,0.33330186452678784,6.232970129143205,2021-07-01,2022-07-01
2021-08-14,Middlesbrough,Bristol City,away,1,0.08238793280763637,3.296156445017495,-0.33330186452678784,3.6803431770499047,2021-07-01,2022-07-01
2021-08-14,Millwall,Blackburn,home,7,0.08238793280763637,4.6873349906851605,0.06756044892854701,4.907163195723337,2021-07-01,2022-07-01
2021-08-14,Millwall,Blackburn,away,3,0.08238793280763637,3.60449018422234,-0.06756044892854701,4.145759788524626,2021-07-01,2022-07-01
2021-08-14,Nott'm Forest,Bournemouth,home,6,0.08238793280763637,4.3795694116404595,-0.15783131142948154,4.451246301627395,2021-07-01,2022-07-01
2021-08-14,Nott'm Forest,Bournemouth,away,4,0.08238793280763637,5.0209481927727495,0.15783131142948154,5.131826878254195,2021-07-01,2022-07-01
2021-08-14,Reading,Preston,home,2,0.08238793280763637,4.4980009338451765,0.1545651491606127,4.94651244302266,2021-07-01,2022-07-01
2021-08-14,Reading,Preston,away,12,0.08238793280763637,3.8910974762465584,-0.1545651491606127,4.177072977616096,2021-07-01,2022-07-01
2021-08-14,West Brom,Luton,home,8,0.08238793280763637,6.618525946963627,0.40020010005002504,6.310588160091926,2021-07-01,2022-07-01
2021-08-14,West Brom,Luton,away,4,0.08238793280763637,4.0593524855998435,-0.40020010005002504,3.953078288046672,2021-07-01,2022-07-01
2021-08-14,Swansea,Sheffield United,home,1,0.08238793280763637,5.1065306776404995,-0.07130587288430812,4.887471328578774,2021-07-01,2022-07-01
2021-08-14,Swansea,Sheffield United,away,6,0.08238793280763637,4.933637276665335,0.07130587288430812,4.9618463946246285,2021-07-01,2022-07-01
2021-08-17,Barnsley,Luton,home,4,0.08263784188783782,5.288362495581146,0.11788753149213294,5.253242900385564,2021-07-01,2022-07-01
2021-08-17,Barnsley,Luton,away,4,0.08263784188783782,4.141245939012336,-0.11788753149213294,4.340603954004381,2021-07-01,2022-07-01
2021-08-17,Huddersfield,Preston,home,4,0.08263784188783782,4.535625832173454,0.07731305449936626,4.850868131402723,2021-07-01,2022-07-01
2021-08-17,Huddersfield,Preston,away,4,0.08263784188783782,4.7151964356270675,-0.07731305449936626,4.65181981358691,2021-07-01,2022-07-01
2021-08-17,Millwall,Fulham,home,2,0.08263784188783782,5.3802857514087155,-0.18128517289304402,4.838595037076642,2021-07-01,2022-07-01
2021-08-17,Millwall,Fulham,away,5,0.08263784188783782,4.110276683933615,0.18128517289304402,4.732772210777543,2021-07-01,2022-07-01
2021-08-17,Swansea,Stoke,home,5,0.08263784188783782,5.256616869000906,-0.07820220371907821,4.9398806658801435,2021-07-01,2022-07-01
2021-08-17,Swansea,Stoke,away,5,0.08263784188783782,4.838813883331767,0.07820220371907821,4.929883125707373,2021-07-01,2022-07-01
2021-08-17,Reading,Bristol City,home,5,0.08263784188783782,4.98684686713848,0.12958559181796386,5.137394696579969,2021-07-01,2022-07-01
2021-08-17,Reading,Bristol City,away,2,0.08263784188783782,3.4686116292686453,-0.12958559181796386,4.001119750762379,2021-07-01,2022-07-01
2021-08-18,Birmingham,Bournemouth,home,5,0.08263953105661577,4.229477564041189,-0.08579157129823772,4.479336934507929,2021-07-01,2022-07-01
2021-08-18,Birmingham,Bournemouth,away,3,0.08263953105661577,4.488806633438258,0.08579157129823772,4.780674637994895,2021-07-01,2022-07-01
2021-08-18,Hull,Derby,home,5,0.08263953105661577,4.653093393045622,0.28337465457583433,5.21870828667354,2021-07-01,2022-07-01
2021-08-18,Hull,Derby,away,3,0.08263953105661577,4.643677683394293,-0.28337465457583433,4.343534332411302,2021-07-01,2022-07-01
2021-08-18,Middlesbrough,QPR,home,7,0.08263953105661577,6.437214231279695,0.07310757614868352,5.65103144460367,2021-07-01,2022-07-01
2021-08-18,Middlesbrough,QPR,away,1,0.08263953105661577,4.131153553945474,-0.07310757614868352,4.394622299068194,2021-07-01,2022-07-01
2021-08-18,Nott'm Forest,Blackburn,home,3,0.08263953105661577,5.008623554190091,0.0704574742268041,5.056701083855288,2021-07-01,2022-07-01
2021-08-18,Nott'm Forest,Blackburn,away,1,0.08263953105661577,4.280238162278223,-0.0704574742268041,4.467210558184853,2021-07-01,2022-07-01
2021-08-18,West Brom,Sheffield United,home,5,0.08263953105661577,5.346801724197127,0.19059301180180754,5.395149815628832,2021-07-01,2022-07-01
2021-08-18,West Brom,Sheffield United,away,4,0.08263953105661577,4.894794067766216,-0.19059301180180754,4.570819947986492,2021-07-01,2022-07-01
2021-08-20,Bristol City,Swansea,home,1,0.0826773432364876,4.475291337990455,0.14476210423430025,4.921015502102863,2021-07-01,2022-07-01
2021-08-20,Bristol City,Swansea,away,2,0.0826773432364876,5.607060988449989,-0.14476210423430025,4.919367738427975,2021-07-01,2022-07-01
2021-08-21,QPR,Barnsley,home,6,0.08289209196457008,4.684228637114103,0.18414184141841416,5.080435238537707,2021-07-01,2022-07-01
2021-08-21,QPR,Barnsley,away,9,0.08289209196457008,4.941048772681963,-0.18414184141841416,4.598656628883326,2021-07-01,2022-07-01
2021-08-21,Blackburn,West Brom,home,5,0.08289209196457008,4.926262576150363,-0.21612458946922347,4.606210742384721,2021-07-01,2022-07-01
2021-08-21,Blackburn,West Brom,away,6,0.08289209196457008,4.754981256861946,0.21612458946922347,5.098922354799533,2021-07-01,2022-07-01
2021-08-21,Cardiff,Millwall,home,2,0.08289209196457008,4.739686045929462,0.14137894625699504,5.041664195614756,2021-07-01,2022-07-01
2021-08-21,Cardiff,Millwall,away,3,0.08289209196457008,4.489063291001232,-0.14137894625699504,4.465676139728729,2021-07-01,2022-07-01
2021-08-21,Coventry,Reading,home,10,0.08289209196457008,4.2550138614944535,0.1902555671797937,4.87918568733434,2021-07-01,2022-07-01
2021-08-21,Coventry,Reading,away,2,0.08289209196457008,4.66588838283649,-0.1902555671797937,4.476029523115495,2021-07-01,2022-07-01
2021-08-21,Derby,Middlesbrough,home,7,0.08289209196457008,4.238167407634718,-0.06530775476568468,4.5110310727351495,2021-07-01,2022-07-01
2021-08-21,Derby,Middlesbrough,away,3,0.08289209196457008,5.135704388700922,0.06530775476568468,5.041109127279268,2021-07-01,2022-07-01
2021-08-21,Fulham,Hull,home,9,0.08289209196457008,5.090213658285512,0.5527610057413199,5.886044444994454,2021-07-01,2022-07-01
2021-08-21,Fulham,Hull,away,1,0.08289209196457008,4.408778880421435,-0.5527610057413199,3.915755095910632,2021-07-01,2022-07-01
2021-08-21,Luton,Birmingham,home,5,0.08289209196457008,6.129168531229621,0.19009390866745546,5.7281467588372195,2021-07-01,2022-07-01
2021-08-21,Luton,Birmingham,away,5,0.08289209196457008,4.395939300501192,-0.19009390866745546,4.360479022477379,2021-07-01,2022-07-01
2021-08-21,Sheffield United,Huddersfield,home,6,0.08289209196457008,5.536281806187434,0.40512927611421473,5.842773578288055,2021-07-01,2022-07-01
2021-08-21,Sheffield United,Huddersfield,away,4,0.08289209196457008,4.0646754780600745,-0.40512927611421473,3.949508864144291,2021-07-01,2022-07-01
2021-08-21,Stoke,Nott'm Forest,home,6,0.08289209196457008,5.282293262596235,0.2862126780361407,5.522685227075822,2021-07-01,2022-07-01
2021-08-21,Stoke,Nott'm Forest,away,2,0.08289209196457008,4.283813383894438,-0.2862126780361407,4.1886205246836115,2021-07-01,2022-07-01
2021-08-28,Cardiff,Bristol City,home,4,0.08274166198692319,4.941904021682933,0.2432295981312731,5.294541685415475,2021-07-01,2022-07-01
2021-08-28,Cardiff,Bristol City,away,3,0.08274166198692319,3.081889539985238,-0.2432295981312731,3.671093404434424,2021-07-01,2022-07-01
2021-08-28,Derby,Nott'm Forest,home,8,0.08274166198692319,4.810331327341886,0.06282426338672398,4.9563156282791105,2021-07-01,2022-07-01
2021-08-28,Derby,Nott'm Forest,away,4,0.08274166198692319,4.317753132906396,-0.06282426338672398,4.494669303917947,2021-07-01,2022-07-01
2021-08-28,Barnsley,Birmingham,home,2,0.08274166198692319,4.849085866355798,0.13079743676854766,5.07635301368021,2021-07-01,2022-07-01
2021-08-28,Barnsley,Birmingham,away,2,0.08274166198692319,4.15233956901965,-0.13079743676854766,4.328905568759148,2021-07-01,2022-07-01
2021-08-28,Fulham,Stoke,home,8,0.08274166198692319,5.960635356765575,0.29447579249953426,5.838441152681502,2021-07-01,2022-07-01
2021-08-28,Fulham,Stoke,away,7,0.08274166198692319,3.9148889740311237,-0.29447579249953426,4.016039014541334,2021-07-01,2022-07-01
2021-08-28,Huddersfield,Reading,home,5,0.08274166198692319,5.179565364281526,0.10565261590108521,5.186367714175448,2021-07-01,2022-07-01
2021-08-28,Huddersfield,Reading,away,3,0.08274166198692319,4.808344202566476,-0.10565261590108521,4.652260208619996,2021-07-01,2022-07-01
2021-08-28,Hull,Bournemouth,home,2,0.08274166198692319,4.409894109181784,-0.15443037974683543,4.469331141445351,2021-07-01,2022-07-01
2021-08-28,Hull,Bournemouth,away,6,0.08274166198692319,4.56761633056342,0.15443037974683543,4.917676522483017,2021-07-01,2022-07-01
2021-08-28,Luton,Sheffield United,home,2,0.08274166198692319,5.111289989844041,-0.030977734753146136,4.949018634257582,2021-07-01,2022-07-01
2021-08-28,Luton,Sheffield United,away,6,0.08274166198692319,5.2704584037265745,0.030977734753146136,5.04657305314199,2021-07-01,2022-07-01
2021-08-28,Middlesbrough,Blackburn,home,11,0.08274166198692319,5.254965229708378,0.16727480045610033,5.316865587643457,2021-07-01,2022-07-01
2021-08-28,Middlesbrough,Blackburn,away,5,0.08274166198692319,3.652931348821046,-0.16727480045610033,4.047202138551562,2021-07-01,2022-07-01
2021-08-28,Preston,Swansea,home,3,0.08274166198692319,4.759865169428831,0.11838790931989929,5.016353524885955,2021-07-01,2022-07-01
2021-08-28,Preston,Swansea,away,1,0.08274166198692319,5.125464294001699,-0.11838790931989929,4.766496599855931,2021-07-01,2022-07-01
2021-08-28,QPR,Coventry,home,5,0.08274166198692319,4.686992539884643,0.13111354474916698,5.001508756850459,2021-07-01,2022-07-01
2021-08-28,QPR,Coventry,away,11,0.08274166198692319,5.182731673244896,-0.13111354474916698,4.771578398026335,2021-07-01,2022-07-01
2021-09-10,Birmingham,Derby,home,2,0.08344846690227094,4.519529621951901,0.2984818634836019,5.175724524858038,2021-07-01,2022-07-01
2021-09-10,Birmingham,Derby,away,2,0.08344846690227094,4.230190213499443,-0.2984818634836019,4.150174778183949,2021-07-01,2022-07-01
2021-09-11,Blackburn,Luton,home,1,0.08358393836226408,5.6339830588631985,0.1609509276363345,5.471790191047964,2021-07-01,2022-07-01
2021-09-11,Blackburn,Luton,away,4,0.08358393836226408,3.8480187368197623,-0.1609509276363345,4.148717571586534,2021-07-01,2022-07-01
2021-09-11,Bournemouth,Barnsley,home,6,0.08358393836226408,4.683906294537322,0.28355490803132405,5.234157654385039,2021-07-01,2022-07-01
2021-09-11,Bournemouth,Barnsley,away,0,0.08358393836226408,5.256812748053699,-0.28355490803132405,4.586702276680157,2021-07-01,2022-07-01
2021-09-11,Bristol City,Preston,home,8,0.08358393836226408,3.83263139539838,0.11089119884730786,4.5502898461358585,2021-07-01,2022-07-01
2021-09-11,Bristol City,Preston,away,6,0.08358393836226408,4.883235287418781,-0.11089119884730786,4.676621547869035,2021-07-01,2022-07-01
2021-09-11,Coventry,Middlesbrough,home,7,0.08358393836226408,4.198831653120093,0.13165758481279666,4.7661838372879455,2021-07-01,2022-07-01
2021-09-11,Coventry,Middlesbrough,away,7,0.08358393836226408,5.083513382264631,-0.13165758481279666,4.730425735314387,2021-07-01,2022-07-01
2021-09-11,Reading,QPR,home,3,0.08358393836226408,5.240950279719855,-0.07825148407987054,4.933329201151559,2021-07-01,2022-07-01
2021-09-11,Reading,QPR,away,6,0.08358393836226408,4.421787356546104,0.07825148407987054,4.738423979900659,2021-07-01,2022-07-01
2021-09-11,Stoke,Huddersfield,home,3,0.08358393836226408,5.175462086866883,0.35171801776065065,5.5819752454786205,2021-07-01,2022-07-01
2021-09-11,Stoke,Huddersfield,away,5,0.08358393836226408,3.9935583151879976,-0.35171801776065065,3.9823102802071246,2021-07-01,2022-07-01
2021-09-11,Swansea,Hull,home,7,0.08358393836226408,5.196190316757382,0.16584887144259075,5.288373346593599,2021-07-01,2022-07-01
2021-09-11,Swansea,Hull,away,2,0.08358393836226408,4.696238121623914,-0.16584887144259075,4.521811874788688,2021-07-01,2022-07-01
2021-09-11,West Brom,Millwall,home,4,0.08358393836226408,5.943456119154667,0.4574124501298208,6.123298643300797,2021-07-01,2022-07-01
2021-09-11,West Brom,Millwall,away,5,0.08358393836226408,4.52596566365284,-0.4574124501298208,4.076184542709279,2021-07-01,2022-07-01
2021-09-12,Nott'm Forest,Cardiff,home,4,0.0835183030228745,5.49012366183926,-0.04738461538461536,5.0819783099119675,2021-07-01,2022-07-01
2021-09-12,Nott'm Forest,Cardiff,away,4,0.0835183030228745,4.507555497689794,0.04738461538461536,4.734547961361864,2021-07-01,2022-07-01
2021-09-14,Blackburn,Hull,home,6,0.08344854968812027,5.2063753712047,0.3501598148352254,5.593993059178352,2021-07-01,2022-07-01
2021-09-14,Blackburn,Hull,away,6,0.08344854968812027,3.9864105718465543,-0.3501598148352254,3.9810364142016392,2021-07-01,2022-07-01
2021-09-14,Bournemouth,QPR,home,3,0.08344854968812027,5.824759042808246,0.25541632913355977,5.71218401797173,2021-07-01,2022-07-01
2021-09-14,Bournemouth,QPR,away,6,0.08344854968812027,4.387981156471584,-0.25541632913355977,4.272411617322089,2021-07-01,2022-07-01
2021-09-14,Sheffield United,Preston,home,2,0.08344854968812027,6.106384231302716,0.30840327032713116,5.92550340350468,2021-07-01,2022-07-01
2021-09-14,Sheffield United,Preston,away,6,0.08344854968812027,3.949960290056888,-0.30840327032713116,4.0149982959403205,2021-07-01,2022-07-01
2021-09-14,West Brom,Derby,home,5,0.08344854968812027,5.183165505675925,0.46964833575213794,5.78688364999271,2021-07-01,2022-07-01
2021-09-14,West Brom,Derby,away,4,0.08344854968812027,4.4687731391105405,-0.46964833575213794,4.038597333791091,2021-07-01,2022-07-01
2021-09-15,Birmingham,Fulham,home,10,0.08307369236963857,4.566645262596845,-0.21455415100785796,4.4573268126477705,2021-07-01,2022-07-01
2021-09-15,Birmingham,Fulham,away,2,0.08307369236963857,4.334558574356022,0.21455415100785796,4.8932481757267094,2021-07-01,2022-07-01
2021-09-15,Bristol City,Luton,home,7,0.08307369236963857,4.6018173862552905,0.06450391518705895,4.863133594297517,2021-07-01,2022-07-01
2021-09-15,Bristol City,Luton,away,9,0.08307369236963857,4.517715853985711,-0.06450391518705895,4.582718480681591,2021-07-01,2022-07-01
2021-09-15,Coventry,Cardiff,home,7,0.08307369236963857,4.824537089373384,0.13334401137602214,5.068910752573481,2021-07-01,2022-07-01
2021-09-15,Coventry,Cardiff,away,6,0.08307369236963857,4.583641030919114,-0.13334401137602214,4.517683167204778,2021-07-01,2022-07-01
2021-09-15,Nott'm Forest,Middlesbrough,home,6,0.08307369236963857,4.954745782425105,-0.04004299919376514,4.868529721617244,2021-07-01,2022-07-01
2021-09-15,Nott'm Forest,Middlesbrough,away,7,0.08307369236963857,5.199024998241479,0.04004299919376514,5.030053167581968,2021-07-01,2022-07-01
2021-09-15,Stoke,Barnsley,home,12,0.08307369236963857,4.766836425947401,0.33000433255010103,5.3487575350956424,2021-07-01,2022-07-01
2021-09-15,Stoke,Barnsley,away,4,0.08307369236963857,4.261623717210828,-0.33000433255010103,4.124496059363364,2021-07-01,2022-07-01
2021-09-15,Swansea,Millwall,home,7,0.08307369236963857,4.982782380076119,0.02869263808916217,4.9823623530841195,2021-07-01,2022-07-01
2021-09-15,Swansea,Millwall,away,3,0.08307369236963857,4.763223442707273,-0.02869263808916217,4.74128291514504,2021-07-01,2022-07-01
2021-09-18,Hull,Sheffield United,home,6,0.08305147043234153,4.053925868598393,-0.12450446423319889,4.345828465896472,2021-07-01,2022-07-01
2021-09-18,Hull,Sheffield United,away,4,0.08305147043234153,4.8864050061482,0.12450446423319889,5.020433306178379,2021-07-01,2022-07-01
2021-09-18,Barnsley,Blackburn,home,8,0.08305147043234153,4.419983305839633,-0.022831959865187323,4.654075699685055,2021-07-01,2022-07-01
2021-09-18,Barnsley,Blackburn,away,1,0.08305147043234153,4.113733508119387,0.022831959865187323,4.514616951713131,2021-07-01,2022-07-01
2021-09-18,Cardiff,Bournemouth,home,2,0.08305147043234153,3.7686255863403617,-0.040769295737261846,4.315722810764884,2021-07-01,2022-07-01
2021-09-18,Cardiff,Bournemouth,away,5,0.08305147043234153,4.502653566656026,0.040769295737261846,4.7228963343512,2021-07-01,2022-07-01
2021-09-18,Derby,Stoke,home,7,0.08305147043234153,5.2353893867530035,-0.0840187661008257,4.922498482541492,2021-07-01,2022-07-01
2021-09-18,Derby,Stoke,away,6,0.08305147043234153,4.449563947854086,0.0840187661008257,4.759720358072809,2021-07-01,2022-07-01
2021-09-18,Fulham,Reading,home,9,0.08305147043234153,6.283091295827735,0.581239195249668,6.512354482691473,2021-07-01,2022-07-01
2021-09-18,Fulham,Reading,away,0,0.08305147043234153,4.108981029210761,-0.581239195249668,3.764058018143323,2021-07-01,2022-07-01
2021-09-18,Huddersfield,Nott'm Forest,home,6,0.08305147043234153,4.9892034348703,0.20039109372916764,5.248836164388262,2021-07-01,2022-07-01
2021-09-18,Huddersfield,Nott'm Forest,away,5,0.08305147043234153,4.71834963244357,-0.20039109372916764,4.484423896236413,2021-07-01,2022-07-01
2021-09-18,Luton,Swansea,home,5,0.08305147043234153,5.489605506196227,0.18819121901561053,5.454103104548617,2021-07-01,2022-07-01
2021-09-18,Luton,Swansea,away,7,0.08305147043234153,5.1106572495603055,-0.18819121901561053,4.661735519619331,2021-07-01,2022-07-01
2021-09-18,Millwall,Coventry,home,8,0.08305147043234153,4.913835311678984,0.05745676796585092,4.994871090801353,2021-07-01,2022-07-01
2021-09-18,Millwall,Coventry,away,4,0.08305147043234153,4.19814528335481,-0.05745676796585092,4.446653685323632,2021-07-01,2022-07-01
2021-09-18,Preston,West Brom,home,3,0.08305147043234153,4.6077542589872555,-0.21889448548209883,4.469098224385445,2021-07-01,2022-07-01
2021-09-18,Preston,West Brom,away,10,0.08305147043234153,5.313803428494007,0.21889448548209883,5.358663112201116,2021-07-01,2022-07-01
2021-09-18,QPR,Bristol City,home,9,0.08305147043234153,5.632115290094753,0.29240597575573213,5.691175605191052,2021-07-01,2022-07-01
2021-09-18,QPR,Bristol City,away,4,0.08305147043234153,3.7513523110855895,-0.29240597575573213,3.9438460887158278,2021-07-01,2022-07-01
2021-09-24,West Brom,QPR,home,8,0.0826755268188984,6.267730988569059,0.36313799119676216,6.093123851514972,2021-07-01,2022-07-01
2021-09-24,West Brom,QPR,away,5,0.0826755268188984,4.412998073469649,-0.36313799119676216,4.146832890319897,2021-07-01,2022-07-01
2021-09-25,Reading,Middlesbrough,home,2,0.08269020331784857,4.278362845973944,-0.06296914595918945,4.532972626806525,2021-07-01,2022-07-01
2021-09-25,Reading,Middlesbrough,away,4,0.08269020331784857,5.625455873365763,0.06296914595918945,5.2434069177543465,2021-07-01,2022-07-01
2021-09-25,Birmingham,Preston,home,5,0.08269020331784857,4.712528161756685,0.1996214651525272,5.117630080518883,2021-07-01,2022-07-01
2021-09-25,Birmingham,Preston,away,8,0.08269020331784857,3.9933037918847814,-0.1996214651525272,4.168209285262225,2021-07-01,2022-07-01
2021-09-25,Blackburn,Cardiff,home,2,0.08269020331784857,5.165898230048486,0.1051637279596978,5.179586229704121,2021-07-01,2022-07-01
2021-09-25,Blackburn,Cardiff,away,6,0.08269020331784857,4.4777943167487955,-0.1051637279596978,4.5094973061260175,2021-07-01,2022-07-01
2021-09-25,Bournemouth,Luton,home,4,0.08269020331784857,5.4570049349914855,0.398987842475714,5.795147155341141,2021-07-01,2022-07-01
2021-09-25,Bournemouth,Luton,away,7,0.08269020331784857,4.355973342973559,-0.398987842475714,4.079057550382205,2021-07-01,2022-07-01
2021-09-25,Bristol City,Fulham,home,3,0.08269020331784857,4.60544084455139,-0.33869002474231924,4.31030521714643,2021-07-01,2022-07-01
2021-09-25,Bristol City,Fulham,away,7,0.08269020331784857,5.304388530455322,0.33869002474231924,5.550521939352942,2021-07-01,2022-07-01
2021-09-25,Nott'm Forest,Millwall,home,3,0.08269020331784857,5.1293414768914865,0.06882591093117407,5.107427343247437,2021-07-01,2022-07-01
2021-09-25,Nott'm Forest,Millwall,away,4,0.08269020331784857,4.549133459694953,-0.06882591093117407,4.5907441149835675,2021-07-01,2022-07-01
2021-09-25,Sheffield United,Derby,home,11,0.08269020331784857,5.2164214965347995,0.42162196356275305,5.720124532937728,2021-07-01,2022-07-01
2021-09-25,Sheffield United,Derby,away,1,0.08269020331784857,4.138046520413821,-0.42162196356275305,3.9610396667169567,2021-07-01,2022-07-01
2021-09-25,Stoke,Hull,home,1,0.08269020331784857,5.895217591674089,0.43844293682483043,6.066756682887439,2021-07-01,2022-07-01
2021-09-25,Stoke,Hull,away,5,0.08269020331784857,3.9390563928474633,-0.43844293682483043,3.8566139565880286,2021-07-01,2022-07-01
2021-09-25,Swansea,Huddersfield,home,3,0.08269020331784857,4.920264520694145,0.05289906684211171,4.9909110779698524,2021-07-01,2022-07-01
2021-09-25,Swansea,Huddersfield,away,2,0.08269020331784857,4.485687790861838,-0.05289906684211171,4.584346245707525,2021-07-01,2022-07-01
2021-09-28,Cardiff,West Brom,home,4,0.08279633179202435,4.199518998451351,-0.26815435827888057,4.227508005411433,2021-07-01,2022-07-01
2021-09-28,Cardiff,West Brom,away,6,0.08279633179202435,5.257232921299274,0.26815435827888057,5.412950303208576,2021-07-01,2022-07-01
2021-09-28,Huddersfield,Blackburn,home,5,0.08279633179202435,4.91159864693067,0.03003660648629969,4.95293908676535,2021-07-01,2022-07-01
2021-09-28,Huddersfield,Blackburn,away,3,0.08279633179202435,4.147401132760075,-0.03003660648629969,4.459494067836536,2021-07-01,2022-07-01
2021-09-28,Middlesbrough,Sheffield United,home,4,0.08279633179202435,5.189487782352823,-0.0530459201064814,4.949274621315227,2021-07-01,2022-07-01
2021-09-28,Middlesbrough,Sheffield United,away,7,0.08279633179202435,4.465963584486327,0.0530459201064814,4.7233098251343595,2021-07-01,2022-07-01
2021-09-28,Preston,Stoke,home,1,0.08279633179202435,4.945631876657395,0.003740542033376537,4.928941766502684,2021-07-01,2022-07-01
2021-09-28,Preston,Stoke,away,6,0.08279633179202435,5.184601774890517,-0.003740542033376537,4.958321658219551,2021-07-01,2022-07-01
2021-09-28,QPR,Birmingham,home,1,0.08279633179202435,5.4223865111848255,0.22765659251805798,5.489279446424897,2021-07-01,2022-07-01
2021-09-28,QPR,Birmingham,away,4,0.08279633179202435,4.614075937529477,-0.22765659251805798,4.40438521628018,2021-07-01,2022-07-01
2021-09-29,Barnsley,Nott'm Forest,home,2,0.08274713245874238,4.900413051538996,0.08629898963897298,5.032244495418361,2021-07-01,2022-07-01
2021-09-29,Barnsley,Nott'm Forest,away,6,0.08274713245874238,4.365612649052043,-0.08629898963897298,4.48479461077444,2021-07-01,2022-07-01
2021-09-29,Derby,Reading,home,2,0.08274713245874238,5.516560005020538,0.12375533428165009,5.361163519924093,2021-07-01,2022-07-01
2021-09-29,Derby,Reading,away,4,0.08274713245874238,4.085390999150338,-0.12375533428165009,4.307173418703817,2021-07-01,2022-07-01
2021-09-29,Fulham,Swansea,home,3,0.08274713245874238,6.056166698926903,0.5589396215844559,6.36512891071687,2021-07-01,2022-07-01
2021-09-29,Fulham,Swansea,away,4,0.08274713245874238,3.960499252785729,-0.5589396215844559,3.7285108570791365,2021-07-01,2022-07-01
2021-09-29,Luton,Coventry,home,5,0.08274713245874238,5.1804201952056,0.005140635421580886,5.032601544870064,2021-07-01,2022-07-01
2021-09-29,Luton,Coventry,away,7,0.08274713245874238,5.687781475727344,-0.005140635421580886,5.162249479122566,2021-07-01,2022-07-01
2021-09-29,Millwall,Bristol City,home,4,0.08274713245874238,6.211396404645187,0.20606531881804047,5.789496047268261,2021-07-01,2022-07-01
2021-09-29,Millwall,Bristol City,away,6,0.08274713245874238,2.7380341002105855,-0.20606531881804047,3.52411899034505,2021-07-01,2022-07-01
2021-10-01,Stoke,West Brom,home,1,0.08243036054798542,4.988951423237879,-0.15441710367083505,4.718481347513901,2021-07-01,2022-07-01
2021-10-01,Stoke,West Brom,away,5,0.08243036054798542,5.109214625360848,0.15441710367083505,5.166001572171134,2021-07-01,2022-07-01
2021-10-02,Coventry,Fulham,home,7,0.08251219174343564,4.740800190017608,-0.22191241770568648,4.521284551082626,2021-07-01,2022-07-01
2021-10-02,Coventry,Fulham,away,7,0.08251219174343564,4.676511571306578,0.22191241770568648,5.070554690985135,2021-07-01,2022-07-01
2021-10-02,Barnsley,Millwall,home,5,0.08251219174343564,4.464936672674867,-0.04063626499120132,4.649912294969836,2021-07-01,2022-07-01
2021-10-02,Barnsley,Millwall,away,8,0.08251219174343564,4.391133723329348,0.04063626499120132,4.67091806408683,2021-07-01,2022-07-01
2021-10-02,Birmingham,Nott'm Forest,home,6,0.08251219174343564,5.145907171838511,0.17104586050873105,5.274032407111733,2021-07-01,2022-07-01
2021-10-02,Birmingham,Nott'm Forest,away,4,0.08251219174343564,4.235715590928754,-0.17104586050873105,4.314471373357628,2021-07-01,2022-07-01
2021-10-02,Blackpool,Blackburn,home,2,0.08251219174343564,5.088538974538692,-0.060581631553531745,4.895626100198964,2021-07-01,2022-07-01
2021-10-02,Blackpool,Blackburn,away,9,0.08251219174343564,4.080405818978796,0.060581631553531745,4.5497602840206,2021-07-01,2022-07-01
2021-10-02,Bournemouth,Sheffield United,home,4,0.08251219174343564,4.372314228048924,0.22793270338787738,4.994033220975278,2021-07-01,2022-07-01
2021-10-02,Bournemouth,Sheffield United,away,7,0.08251219174343564,5.235072052680309,-0.22793270338787738,4.655430674208767,2021-07-01,2022-07-01
2021-10-02,Cardiff,Reading,home,7,0.08251219174343564,4.688212903552535,0.21450377512962798,5.128863049046425,2021-07-01,2022-07-01
2021-10-02,Cardiff,Reading,away,2,0.08251219174343564,4.070187186397895,-0.21450377512962798,4.1845704623480025,2021-07-01,2022-07-01
2021-10-02,Derby,Swansea,home,0,0.08251219174343564,4.718440709061027,0.06358255564835325,4.915581676481443,2021-07-01,2022-07-01
2021-10-02,Derby,Swansea,away,4,0.08251219174343564,4.477064409307203,-0.06358255564835325,4.565804692985915,2021-07-01,2022-07-01
2021-10-02,Hull,Middlesbrough,home,1,0.08251219174343564,4.997274967703216,-0.07234689996196264,4.839704401418876,2021-07-01,2022-07-01
2021-10-02,Hull,Middlesbrough,away,1,0.08251219174343564,5.100729821133,0.07234689996196264,5.036616487822853,2021-07-01,2022-07-01
2021-10-02,Luton,Huddersfield,home,6,0.08251219174343564,5.183049998576425,0.17435962989559328,5.296000863946905,2021-07-01,2022-07-01
2021-10-02,Luton,Huddersfield,away,4,0.08251219174343564,4.944169661589878,-0.17435962989559328,4.613459519771454,2021-07-01,2022-07-01
2021-10-02,Peterboro,Bristol City,home,5,0.08251219174343564,4.61433595620422,0.0355004603921979,4.826743067426839,2021-07-01,2022-07-01
2021-10-02,Peterboro,Bristol City,away,10,0.08251219174343564,3.825178204783033,-0.0355004603921979,4.296652556403453,2021-07-01,2022-07-01
2021-10-02,QPR,Preston,home,7,0.08251219174343564,4.915621229745387,0.17948469151651764,5.182038760478311,2021-07-01,2022-07-01
2021-10-02,QPR,Preston,away,3,0.08251219174343564,5.287592841535208,-0.17948469151651764,4.744401522002874,2021-07-01,2022-07-01
2021-10-15,West Brom,Birmingham,home,8,0.08252638667676945,5.719996118843078,0.39517788885621874,5.909561738814953,2021-07-01,2022-07-01
2021-10-15,West Brom,Birmingham,away,2,0.08252638667676945,4.047577947967985,-0.39517788885621874,3.953988713660763,2021-07-01,2022-07-01
2021-10-16,Fulham,QPR,home,7,0.08255869406733712,6.533310441814831,0.3867403314917127,6.24943614515434,2021-07-01,2022-07-01
2021-10-16,Fulham,QPR,away,2,0.08255869406733712,3.8074120407298904,-0.3867403314917127,3.8588272483763446,2021-07-01,2022-07-01
2021-10-16,Blackburn,Coventry,home,4,0.08255869406733712,4.505917206804424,-0.022261863736798337,4.694447950508347,2021-07-01,2022-07-01
2021-10-16,Blackburn,Coventry,away,5,0.08255869406733712,5.030070418282885,0.022261863736798337,4.931129445885378,2021-07-01,2022-07-01
2021-10-16,Bristol City,Bournemouth,home,5,0.08255869406733712,3.600871664128877,-0.2763819095477388,3.94135517791725,2021-07-01,2022-07-01
2021-10-16,Bristol City,Bournemouth,away,11,0.08255869406733712,5.690138797791366,0.2763819095477388,5.618444135507453,2021-07-01,2022-07-01
2021-10-16,Huddersfield,Hull,home,4,0.08255869406733712,4.9393711352216645,0.22719349215572338,5.267931140089801,2021-07-01,2022-07-01
2021-10-16,Huddersfield,Hull,away,5,0.08255869406733712,4.5049977139553,-0.22719349215572338,4.358905229045773,2021-07-01,2022-07-01
2021-10-16,Middlesbrough,Peterboro,home,4,0.08255869406733712,6.296990447983656,0.3144094633366866,6.01696239609357,2021-07-01,2022-07-01
2021-10-16,Middlesbrough,Peterboro,away,3,0.08255869406733712,3.415002025070196,-0.3144094633366866,3.759365417193608,2021-07-01,2022-07-01
2021-10-16,Millwall,Luton,home,12,0.08255869406733712,5.904575061637243,0.09632182257639932,5.478505784238837,2021-07-01,2022-07-01
2021-10-16,Millwall,Luton,away,3,0.08255869406733712,3.761322158895145,-0.09632182257639932,4.1878138088053865,2021-07-01,2022-07-01
2021-10-16,Nott'm Forest,Blackpool,home,4,0.08255869406733712,6.214389129321454,0.21639740066267693,5.808708481142368,2021-07-01,2022-07-01
2021-10-16,Nott'm Forest,Blackpool,away,3,0.08255869406733712,4.186582010036001,-0.21639740066267693,4.234361089354533,2021-07-01,2022-07-01
2021-10-16,Preston,Derby,home,4,0.08255869406733712,4.216714724282192,0.22204755498362186,4.906424549379185,2021-07-01,2022-07-01
2021-10-16,Preston,Derby,away,10,0.08255869406733712,4.691609326327537,-0.22204755498362186,4.4442491404040245,2021-07-01,2022-07-01
2021-10-16,Reading,Barnsley,home,4,0.08255869406733712,4.353997048393174,0.1673315330796612,4.894970988277662,2021-07-01,2022-07-01
2021-10-16,Reading,Barnsley,away,6,0.08255869406733712,4.777354262258395,-0.1673315330796612,4.553959745283099,2021-07-01,2022-07-01
2021-10-16,Sheffield United,Stoke,home,8,0.08255869406733712,6.6015526153865025,0.1424110805650715,5.834120025162386,2021-07-01,2022-07-01
2021-10-16,Sheffield United,Stoke,away,4,0.08255869406733712,4.169478944497548,-0.1424110805650715,4.321661497854488,2021-07-01,2022-07-01
2021-10-17,Swansea,Cardiff,home,8,0.08251746137406216,5.219032394099039,0.06978957386063228,5.1479914202317465,2021-07-01,2022-07-01
2021-10-17,Swansea,Cardiff,away,5,0.08251746137406216,4.601803029005429,-0.06978957386063228,4.612703377128732,2021-07-01,2022-07-01
2021-10-19,Bristol City,Nott'm Forest,home,1,0.08242606723866551,4.526914142301962,-0.03253268470659776,4.689573930947087,2021-07-01,2022-07-01
2021-10-19,Bristol City,Nott'm Forest,away,9,0.08242606723866551,5.6211973509915225,0.03253268470659776,5.193993550297346,2021-07-01,2022-07-01
2021-10-19,Derby,Luton,home,5,0.08242606723866551,5.244356872045263,-0.09821172420388258,4.90526243580261,2021-07-01,2022-07-01
2021-10-19,Derby,Luton,away,5,0.08242606723866551,4.14181712969946,0.09821172420388258,4.6317614094145725,2021-07-01,2022-07-01
2021-10-19,QPR,Blackburn,home,4,0.08242606723866551,5.204811288585241,0.15492502216421689,5.2749052257617475,2021-07-01,2022-07-01
2021-10-19,QPR,Blackburn,away,2,0.08242606723866551,4.565403260279823,-0.15492502216421689,4.480652914329651,2021-07-01,2022-07-01
2021-10-19,Sheffield United,Millwall,home,5,0.08242606723866551,6.326527558771214,0.31649793398489356,6.033135944474472,2021-07-01,2022-07-01
2021-10-19,Sheffield United,Millwall,away,4,0.08242606723866551,4.03903007294605,-0.31649793398489356,4.044716613494955,2021-07-01,2022-07-01
2021-10-19,Stoke,Bournemouth,home,9,0.08242606723866551,4.2030264406817945,0.014104509710037905,4.602966244134355,2021-07-01,2022-07-01
2021-10-19,Stoke,Bournemouth,away,7,0.08242606723866551,4.78705888398771,-0.014104509710037905,4.772551599037932,2021-07-01,2022-07-01
2021-10-20,Fulham,Cardiff,home,6,0.08234739900037821,6.260501832476179,0.5077476391658066,6.3601927456976135,2021-07-01,2022-07-01
2021-10-20,Fulham,Cardiff,away,2,0.08234739900037821,3.831603780187418,-0.5077476391658066,3.731563165548027,2021-07-01,2022-07-01
2021-10-20,Huddersfield,Birmingham,home,2,0.08234739900037821,4.818880853087475,0.0668172506172191,4.966135150190234,2021-07-01,2022-07-01
2021-10-20,Huddersfield,Birmingham,away,2,0.08234739900037821,4.056095847275866,-0.0668172506172191,4.3675751659553335,2021-07-01,2022-07-01
2021-10-20,Hull,Peterboro,home,8,0.08234739900037821,5.215251200360538,0.18103841729060977,5.321098522628753,2021-07-01,2022-07-01
2021-10-20,Hull,Peterboro,away,4,0.08234739900037821,3.192722327956125,-0.18103841729060977,3.7988199309379573,2021-07-01,2022-07-01
2021-10-20,Middlesbrough,Barnsley,home,8,0.08234739900037821,5.698419551686687,0.2813344802162694,5.70155801051957,2021-07-01,2022-07-01
2021-10-20,Middlesbrough,Barnsley,away,4,0.08234739900037821,4.41327018081515,-0.2813344802162694,4.250028370881705,2021-07-01,2022-07-01
2021-10-20,Preston,Coventry,home,9,0.08234739900037821,4.0983287455258255,-0.0026197879685624925,4.529403020631245,2021-07-01,2022-07-01
2021-10-20,Preston,Coventry,away,3,0.08234739900037821,5.842156386583977,0.0026197879685624925,5.235571299310586,2021-07-01,2022-07-01
2021-10-20,Swansea,West Brom,home,5,0.08234739900037821,4.663783599842811,-0.21056785824936192,4.5041534796427705,2021-07-01,2022-07-01
2021-10-20,Swansea,West Brom,away,3,0.08234739900037821,5.452609595789298,0.21056785824936192,5.4062342192678505,2021-07-01,2022-07-01
2021-10-20,Reading,Blackpool,home,0,0.08234739900037821,5.084279612880331,0.14179756519037723,5.200313720844349,2021-07-01,2022-07-01
2021-10-20,Reading,Blackpool,away,8,0.08234739900037821,4.27442356032901,-0.14179756519037723,4.369958293007939,2021-07-01,2022-07-01
2021-10-23,Cardiff,Middlesbrough,home,4,0.0825047124781945,4.11101184923075,0.006385852879774057,4.5478371692359065,2021-07-01,2022-07-01
2021-10-23,Cardiff,Middlesbrough,away,14,0.0825047124781945,4.77739094970162,-0.006385852879774057,4.779371354160285,2021-07-01,2022-07-01
2021-10-23,Birmingham,Swansea,home,6,0.0825047124781945,4.72452209383764,0.07562461888858824,4.936175665012172,2021-07-01,2022-07-01
2021-10-23,Birmingham,Swansea,away,12,0.0825047124781945,4.239739155595549,-0.07562461888858824,4.44168292401937,2021-07-01,2022-07-01
2021-10-23,Blackburn,Reading,home,2,0.0825047124781945,5.14583883285913,0.2791646271822483,5.447962538041363,2021-07-01,2022-07-01
2021-10-23,Blackburn,Reading,away,2,0.0825047124781945,4.0777191807561515,-0.2791646271822483,4.107475907164794,2021-07-01,2022-07-01
2021-10-23,Blackpool,Preston,home,3,0.0825047124781945,4.571831973973981,-0.03487351952039769,4.706667842552877,2021-07-01,2022-07-01
2021-10-23,Blackpool,Preston,away,5,0.0825047124781945,5.198187022942805,0.03487351952039769,5.021898462176191,2021-07-01,2022-07-01
2021-10-23,Bournemouth,Huddersfield,home,7,0.0825047124781945,4.72481182601859,0.4182616881079384,5.471002009289905,2021-07-01,2022-07-01
2021-10-23,Bournemouth,Huddersfield,away,2,0.0825047124781945,4.568278241231086,-0.4182616881079384,4.141276043726119,2021-07-01,2022-07-01
2021-10-23,Coventry,Derby,home,4,0.0825047124781945,4.59023646526545,0.2674269823051504,5.162822067655342,2021-07-01,2022-07-01
2021-10-23,Coventry,Derby,away,0,0.0825047124781945,4.581379770048259,-0.2674269823051504,4.338535152847262,2021-07-01,2022-07-01
2021-10-23,Luton,Hull,home,6,0.0825047124781945,5.492248605354089,0.310035555061281,5.658460805026205,2021-07-01,2022-07-01
2021-10-23,Luton,Hull,away,7,0.0825047124781945,5.045073659377099,-0.310035555061281,4.468876595954668,2021-07-01,2022-07-01
2021-10-23,Millwall,Stoke,home,0,0.0825047124781945,6.233642921020013,0.04728905373090625,5.528739118947325,2021-07-01,2022-07-01
2021-10-23,Millwall,Stoke,away,10,0.0825047124781945,4.024097184916803,-0.04728905373090625,4.377978653726687,2021-07-01,2022-07-01
2021-10-23,Peterboro,QPR,home,1,0.0825047124781945,4.86719554389651,-0.20003232845712438,4.6040304986479015,2021-07-01,2022-07-01
2021-10-23,Peterboro,QPR,away,4,0.0825047124781945,5.271294165982706,0.20003232845712438,5.309626884487488,2021-07-01,2022-07-01
2021-10-23,West Brom,Bristol City,home,11,0.0825047124781945,6.596772948193974,0.5217541408080226,6.535614673448616,2021-07-01,2022-07-01
2021-10-23,West Brom,Bristol City,away,6,0.0825047124781945,3.5793435942294085,-0.5217541408080226,3.6062911275745386,2021-07-01,2022-07-01
2021-10-24,Barnsley,Sheffield United,home,5,0.08372612175239481,3.9891348996776967,-0.19631507109145752,4.223138114190314,2021-07-01,2022-07-01
2021-10-24,Barnsley,Sheffield United,away,2,0.08372612175239481,5.212942403815952,0.19631507109145752,5.2778122148059055,2021-07-01,2022-07-01
2021-10-24,Nott'm Forest,Fulham,home,5,0.08372612175239481,5.197192785597001,-0.24900229260422863,4.669613049567663,2021-07-01,2022-07-01
2021-10-24,Nott'm Forest,Fulham,away,1,0.08372612175239481,4.819358634879738,0.24900229260422863,5.180027232676725,2021-07-01,2022-07-01
2021-10-29,QPR,Nott'm Forest,home,5,0.08381268765949974,5.168219804541762,0.15189950513894174,5.253794922725534,2021-07-01,2022-07-01
2021-10-29,QPR,Nott'm Forest,away,8,0.08381268765949974,5.088163810925256,-0.15189950513894174,4.7036628617078575,2021-07-01,2022-07-01
2021-10-30,Fulham,West Brom,home,4,0.0837214229405003,5.353741080697498,0.19290596670420718,5.40197629168543,2021-07-01,2022-07-01
2021-10-30,Fulham,West Brom,away,7,0.0837214229405003,4.206248543933571,-0.19290596670420718,4.273119071914964,2021-07-01,2022-07-01
2021-10-30,Bristol City,Barnsley,home,3,0.0837214229405003,4.371186547261985,0.09841110793014596,4.8030637005384,2021-07-01,2022-07-01
2021-10-30,Bristol City,Barnsley,away,9,0.0837214229405003,5.83502102872012,-0.09841110793014596,5.076458144011839,2021-07-01,2022-07-01
2021-10-30,Derby,Blackburn,home,2,0.0837214229405003,4.548605204166349,-0.027479091995221028,4.706574062997962,2021-07-01,2022-07-01
2021-10-30,Derby,Blackburn,away,3,0.0837214229405003,3.897074313009052,0.027479091995221028,4.414642786936115,2021-07-01,2022-07-01
2021-10-30,Huddersfield,Millwall,home,6,0.0837214229405003,4.618591276329396,0.04424345726938356,4.841387960919879,2021-07-01,2022-07-01
2021-10-30,Huddersfield,Millwall,away,3,0.0837214229405003,4.591408853880018,-0.04424345726938356,4.6435894798774875,2021-07-01,2022-07-01
2021-10-30,Hull,Coventry,home,4,0.0837214229405003,5.069088379415436,-0.06668173233684682,4.878449170081427,2021-07-01,2022-07-01
2021-10-30,Hull,Coventry,away,8,0.0837214229405003,4.512404383083565,0.06668173233684682,4.7643021519184865,2021-07-01,2022-07-01
2021-10-30,Middlesbrough,Birmingham,home,9,0.0837214229405003,5.650561402886708,0.1749845823530755,5.501990589497479,2021-07-01,2022-07-01
2021-10-30,Middlesbrough,Birmingham,away,0,0.0837214229405003,3.63697956729237,-0.1749845823530755,4.030085199183407,2021-07-01,2022-07-01
2021-10-30,Preston,Luton,home,7,0.0837214229405003,5.180601961074643,0.06061974010898652,5.117186454148518,2021-07-01,2022-07-01
2021-10-30,Preston,Luton,away,5,0.0837214229405003,4.892072433284042,-0.06061974010898652,4.751498739970227,2021-07-01,2022-07-01
2021-10-30,Sheffield United,Blackpool,home,4,0.0837214229405003,6.772891042265536,0.4399507990057725,6.451398673758759,2021-07-01,2022-07-01
2021-10-30,Sheffield United,Blackpool,away,4,0.0837214229405003,3.8737098132998793,-0.4399507990057725,3.826620219064307,2021-07-01,2022-07-01
2021-10-30,Stoke,Cardiff,home,7,0.0837214229405003,5.57195903352942,0.2539707075781583,5.599397427679772,2021-07-01,2022-07-01
2021-10-30,Stoke,Cardiff,away,5,0.0837214229405003,4.326060894130488,-0.2539707075781583,4.24764131889768,2021-07-01,2022-07-01
2021-10-30,Swansea,Peterboro,home,7,0.0837214229405003,5.732263983338848,0.40168130176037287,5.926688723927038,2021-07-01,2022-07-01
2021-10-30,Swansea,Peterboro,away,3,0.0837214229405003,3.487614383163859,-0.40168130176037287,3.69620178423269,2021-07-01,2022-07-01
2021-10-30,Reading,Bournemouth,home,6,0.0837214229405003,3.6343788608406014,-0.33862488403257396,3.8841900016028093,2021-07-01,2022-07-01
2021-10-30,Reading,Bournemouth,away,5,0.0837214229405003,5.667420773295689,0.33862488403257396,5.7143374844187385,2021-07-01,2022-07-01
2021-11-02,Birmingham,Bristol City,home,6,0.0833552007834449,5.852169374027608,0.2798523414332924,5.766124370712276,2021-07-01,2022-07-01
2021-11-02,Birmingham,Bristol City,away,2,0.0833552007834449,3.829592122600834,-0.2798523414332924,3.9948261242382754,2021-07-01,2022-07-01
2021-11-02,Coventry,Swansea,home,7,0.0833552007834449,4.516578925119725,0.1279719758515317,4.9160872326768805,2021-07-01,2022-07-01
2021-11-02,Coventry,Swansea,away,3,0.0833552007834449,4.71964673434262,-0.1279719758515317,4.583522409124635,2021-07-01,2022-07-01
2021-11-02,Luton,Middlesbrough,home,5,0.0833552007834449,5.04387440260473,0.11162149747358752,5.135377896837709,2021-07-01,2022-07-01
2021-11-02,Luton,Middlesbrough,away,0,0.0833552007834449,6.294488287035419,-0.11162149747358752,5.22771383046655,2021-07-01,2022-07-01
2021-11-02,Millwall,Reading,home,4,0.0833552007834449,5.849332315320806,0.2666333531132557,5.742066920622853,2021-07-01,2022-07-01
2021-11-02,Millwall,Reading,away,1,0.0833552007834449,3.6456500095276487,-0.2666333531132557,3.924840315456207,2021-07-01,2022-07-01
2021-11-02,Nott'm Forest,Sheffield United,home,6,0.0833552007834449,4.433163938025749,-0.06507408551631172,4.601458632754533,2021-07-01,2022-07-01
2021-11-02,Nott'm Forest,Sheffield United,away,4,0.0833552007834449,4.6113684983802665,0.06507408551631172,4.807643055806968,2021-07-01,2022-07-01
2021-11-02,Peterboro,Huddersfield,home,2,0.0833552007834449,3.924617417330013,-0.13724857397261875,4.267970829112994,2021-07-01,2022-07-01
2021-11-02,Peterboro,Huddersfield,away,3,0.0833552007834449,4.89960469937138,0.13724857397261875,5.04565524632496,2021-07-01,2022-07-01
2021-11-03,Barnsley,Derby,home,7,0.08354823192487569,4.345490384741194,0.13468188309159362,4.84306881191138,2021-07-01,2022-07-01
2021-11-03,Barnsley,Derby,away,8,0.08354823192487569,4.275228293327395,-0.13468188309159362,4.379664110131035,2021-07-01,2022-07-01
2021-11-03,Blackburn,Fulham,home,2,0.08354823192487569,4.756458670288977,-0.24145123300888227,4.501367722583855,2021-07-01,2022-07-01
2021-11-03,Blackburn,Fulham,away,8,0.08354823192487569,4.464069213916029,0.24145123300888227,4.997180684691546,2021-07-01,2022-07-01
2021-11-03,Blackpool,Stoke,home,4,0.08354823192487569,4.697031392963558,-0.10834375049448558,4.659025064843525,2021-07-01,2022-07-01
2021-11-03,Blackpool,Stoke,away,4,0.08354823192487569,5.6049023930075,0.10834375049448558,5.30676008956274,2021-07-01,2022-07-01
2021-11-03,Bournemouth,Preston,home,9,0.08354823192487569,4.803584329936658,0.4357182805287588,5.539871065769105,2021-07-01,2022-07-01
2021-11-03,Bournemouth,Preston,away,2,0.08354823192487569,4.793868604441868,-0.4357182805287588,4.2078715642686655,2021-07-01,2022-07-01
2021-11-03,Cardiff,QPR,home,6,0.08354823192487569,4.860752307162147,0.005403634510457389,4.894010706527055,2021-07-01,2022-07-01
2021-11-03,Cardiff,QPR,away,2,0.08354823192487569,4.51815006628151,-0.005403634510457389,4.664934663956217,2021-07-01,2022-07-01
2021-11-03,West Brom,Hull,home,8,0.08354823192487569,6.460104714858804,0.5644606124461181,6.559277260183995,2021-07-01,2022-07-01
2021-11-03,West Brom,Hull,away,6,0.08354823192487569,4.552083902708694,-0.5644606124461181,3.9572936466368023,2021-07-01,2022-07-01
2021-11-06,Barnsley,Hull,home,3,0.08339492894100546,4.952480797655676,0.14231959323931398,5.141412490317922,2021-07-01,2022-07-01
2021-11-06,Barnsley,Hull,away,7,0.08339492894100546,4.824398984933325,-0.14231959323931398,4.608087938155975,2021-07-01,2022-07-01
2021-11-06,Blackburn,Sheffield United,home,4,0.08339492894100546,4.081867790042929,-0.07117655472735651,4.429306641628759,2021-07-01,2022-07-01
2021-11-06,Blackburn,Sheffield United,away,8,0.08339492894100546,4.812943974254267,0.07117655472735651,4.907916815555312,2021-07-01,2022-07-01
2021-11-06,Bournemouth,Swansea,home,7,0.08339492894100546,5.067155876983177,0.3414883530702163,5.5133569367908155,2021-07-01,2022-07-01
2021-11-06,Bournemouth,Swansea,away,2,0.08339492894100546,4.884069676868298,-0.3414883530702163,4.3642064699034036,2021-07-01,2022-07-01
2021-11-06,Cardiff,Huddersfield,home,5,0.08339492894100546,4.305136245022303,0.0929013816102906,4.763134402429135,2021-07-01,2022-07-01
2021-11-06,Cardiff,Huddersfield,away,3,0.08339492894100546,4.169745506596258,-0.0929013816102906,4.386486587660423,2021-07-01,2022-07-01
2021-11-06,Coventry,Bristol City,home,8,0.08339492894100546,5.6019621959561166,0.38851416457891697,5.843932207387905,2021-07-01,2022-07-01
2021-11-06,Coventry,Bristol City,away,1,0.08339492894100546,3.547092458607908,-0.38851416457891697,3.7385313972972787,2021-07-01,2022-07-01
2021-11-06,Luton,Stoke,home,5,0.08339492894100546,5.568120239780933,0.08218915026404222,5.316392780305422,2021-07-01,2022-07-01
2021-11-06,Luton,Stoke,away,6,0.08339492894100546,5.4367765924338185,-0.08218915026404222,4.945123743915569,2021-07-01,2022-07-01
2021-11-06,Millwall,Derby,home,5,0.08339492894100546,5.268423165842851,0.302393280443036,5.5431608108629,2021-07-01,2022-07-01
2021-11-06,Millwall,Derby,away,3,0.08339492894100546,3.950584907728895,-0.302393280443036,4.0225272212524885,2021-07-01,2022-07-01
2021-11-06,Nott'm Forest,Preston,home,5,0.08339492894100546,4.989004497020943,0.14634193651003008,5.164280332491452,2021-07-01,2022-07-01
2021-11-06,Nott'm Forest,Preston,away,1,0.08339492894100546,4.2576150380268345,-0.14634193651003008,4.356448283079459,2021-07-01,2022-07-01
2021-11-06,Peterboro,Fulham,home,3,0.08339492894100546,3.808850556557503,-0.4755538979732171,3.80543541260303,2021-07-01,2022-07-01
2021-11-06,Peterboro,Fulham,away,5,0.08339492894100546,5.514089486484424,0.4755538979732171,5.882719233333604,2021-07-01,2022-07-01
2021-11-06,West Brom,Middlesbrough,home,9,0.08339492894100546,5.944127177479428,0.32043095418711176,5.876932938951924,2021-07-01,2022-07-01
2021-11-06,West Brom,Middlesbrough,away,3,0.08339492894100546,5.268727082246764,-0.32043095418711176,4.540731726728355,2021-07-01,2022-07-01
2021-11-06,Birmingham,Reading,home,3,0.08339492894100546,5.384172695837232,0.30597073786331186,5.602392913740454,2021-07-01,2022-07-01
2021-11-06,Birmingham,Reading,away,3,0.08339492894100546,3.7794799089769997,-0.30597073786331186,3.9407427895646006,2021-07-01,2022-07-01
2021-11-06,Blackpool,QPR,home,8,0.08339492894100546,4.956928690821546,-0.06172641698377729,4.837883250565197,2021-07-01,2022-07-01
2021-11-06,Blackpool,QPR,away,4,0.08339492894100546,4.659651351457391,0.06172641698377729,4.824859995086539,2021-07-01,2022-07-01
2021-11-19,QPR,Luton,home,4,0.08315923622795143,5.899826309428457,0.10215940631089937,5.486172444263928,2021-07-01,2022-07-01
2021-11-19,QPR,Luton,away,4,0.08315923622795143,4.838519427631513,-0.10215940631089937,4.669968074284882,2021-07-01,2022-07-01
2021-11-20,Sheffield United,Coventry,home,1,0.08309287235951872,5.9030265202881065,0.21953209123242085,5.684249756093268,2021-07-01,2022-07-01
2021-11-20,Sheffield United,Coventry,away,2,0.08309287235951872,4.505353518590697,-0.21953209123242085,4.3690922164564645,2021-07-01,2022-07-01
2021-11-20,Bristol City,Blackburn,home,5,0.08309287235951872,4.010365524238506,-0.10849573881438779,4.3460682466911935,2021-07-01,2022-07-01
2021-11-20,Bristol City,Blackburn,away,1,0.08309287235951872,5.191625738765562,0.10849573881438779,5.131257447903319,2021-07-01,2022-07-01
2021-11-20,Fulham,Barnsley,home,7,0.08309287235951872,5.778113200256021,0.6480484293342099,6.403959482318064,2021-07-01,2022-07-01
2021-11-20,Fulham,Barnsley,away,7,0.08309287235951872,4.12782690832569,-0.6480484293342099,3.69675904777625,2021-07-01,2022-07-01
2021-11-20,Huddersfield,West Brom,home,3,0.08309287235951872,4.279210247785846,-0.2076364363297128,4.340729917943769,2021-07-01,2022-07-01
2021-11-20,Huddersfield,West Brom,away,7,0.08309287235951872,5.322253950592975,0.2076364363297128,5.344318443830466,2021-07-01,2022-07-01
2021-11-20,Hull,Birmingham,home,10,0.08309287235951872,5.1143371330234695,0.025761920964370744,5.035344679574987,2021-07-01,2022-07-01
2021-11-20,Hull,Birmingham,away,2,0.08309287235951872,3.600632462164114,-0.025761920964370744,4.196124102813897,2021-07-01,2022-07-01
2021-11-20,Middlesbrough,Millwall,home,10,0.08309287235951872,5.880805656806747,0.209236124426614,5.657321765853178,2021-07-01,2022-07-01
2021-11-20,Middlesbrough,Millwall,away,4,0.08309287235951872,4.101272707326317,-0.209236124426614,4.205235633521803,2021-07-01,2022-07-01
2021-11-20,Preston,Cardiff,home,8,0.08309287235951872,5.062318897330419,0.16558557599446394,5.227618558350937,2021-07-01,2022-07-01
2021-11-20,Preston,Cardiff,away,6,0.08309287235951872,5.141880560427855,-0.16558557599446394,4.706059590055904,2021-07-01,2022-07-01
2021-11-20,Reading,Nott'm Forest,home,5,0.08309287235951872,4.162710442931734,-0.0925022640969827,4.439158083598316,2021-07-01,2022-07-01
2021-11-20,Reading,Nott'm Forest,away,4,0.08309287235951872,5.313838278121489,0.0925022640969827,5.159193431321306,2021-07-01,2022-07-01
2021-11-20,Stoke,Peterboro,home,3,0.08309287235951872,5.953057841768316,0.4726978998384491,6.155824179936625,2021-07-01,2022-07-01
2021-11-20,Stoke,Peterboro,away,9,0.08309287235951872,3.4218933642834712,-0.4726978998384491,3.588109916068132,2021-07-01,2022-07-01
2021-11-20,Swansea,Blackpool,home,3,0.08309287235951872,5.527626943557204,0.28460581810316865,5.63131013211307,2021-07-01,2022-07-01
2021-11-20,Swansea,Blackpool,away,4,0.08309287235951872,4.246636951141712,-0.28460581810316865,4.17461232072498,2021-07-01,2022-07-01
2021-11-21,Derby,Bournemouth,home,3,0.08316995031722521,4.076897758759044,-0.3116757631943175,4.118629879306519,2021-07-01,2022-07-01
2021-11-21,Derby,Bournemouth,away,4,0.08316995031722521,4.989558058937386,0.3116757631943175,5.359557404382968,2021-07-01,2022-07-01
2021-11-23,Blackpool,West Brom,home,1,0.08314385026516997,4.237555247764458,-0.2660550458715596,4.246975571244314,2021-07-01,2022-07-01
2021-11-23,Blackpool,West Brom,away,8,0.08314385026516997,5.962258520049426,0.2660550458715596,5.717285686947525,2021-07-01,2022-07-01
2021-11-23,Coventry,Birmingham,home,9,0.08314385026516997,5.31239404780619,0.21299111896633113,5.416147418665329,2021-07-01,2022-07-01
2021-11-23,Coventry,Birmingham,away,1,0.08314385026516997,3.3037535386170305,-0.21299111896633113,3.8195399130954217,2021-07-01,2022-07-01
2021-11-23,Middlesbrough,Preston,home,11,0.08314385026516997,6.0304360289481584,0.23245073338341163,5.760161380790933,2021-07-01,2022-07-01
2021-11-23,Middlesbrough,Preston,away,4,0.08314385026516997,3.9387904057865426,-0.23245073338341163,4.102470341306134,2021-07-01,2022-07-01
2021-11-23,Nott'm Forest,Luton,home,5,0.08314385026516997,5.6477282488397575,0.018960871102656984,5.249108651958666,2021-07-01,2022-07-01
2021-11-23,Nott'm Forest,Luton,away,7,0.08314385026516997,4.009046293719692,-0.018960871102656984,4.408094081333261,2021-07-01,2022-07-01
2021-11-23,Reading,Sheffield United,home,5,0.08314385026516997,3.836468443832689,-0.2332883837410903,4.105485275617965,2021-07-01,2022-07-01
2021-11-23,Reading,Sheffield United,away,5,0.08314385026516997,5.399728590741208,0.2332883837410903,5.419955356324965,2021-07-01,2022-07-01
2021-11-24,Barnsley,Swansea,home,0,0.08326785047411153,4.545925508515231,-0.08781475891651436,4.620907755166665,2021-07-01,2022-07-01
2021-11-24,Barnsley,Swansea,away,2,0.08326785047411153,4.957453579223813,0.08781475891651436,4.997063616345851,2021-07-01,2022-07-01
2021-11-24,Blackburn,Peterboro,home,5,0.08326785047411153,4.820859323109236,0.3520226789339449,5.410967852184061,2021-07-01,2022-07-01
2021-11-24,Blackburn,Peterboro,away,3,0.08326785047411153,4.14186577284848,-0.3520226789339449,4.046299091716821,2021-07-01,2022-07-01
2021-11-24,Bristol City,Stoke,home,4,0.08326785047411153,4.29154945611147,-0.14291072333087163,4.431491388521042,2021-07-01,2022-07-01
2021-11-24,Bristol City,Stoke,away,5,0.08326785047411153,6.190981438568427,0.14291072333087163,5.601771661276466,2021-07-01,2022-07-01
2021-11-24,Cardiff,Hull,home,4,0.08326785047411153,4.6546587679371845,0.19540229885057475,5.08346204275965,2021-07-01,2022-07-01
2021-11-24,Cardiff,Hull,away,4,0.08326785047411153,4.856286164831676,-0.19540229885057475,4.548404324955792,2021-07-01,2022-07-01
2021-11-24,Fulham,Derby,home,7,0.08326785047411153,5.626338464088115,0.6382355356466409,6.310833901509723,2021-07-01,2022-07-01
2021-11-24,Fulham,Derby,away,5,0.08326785047411153,4.00347134671205,-0.6382355356466409,3.6581322920495736,2021-07-01,2022-07-01
2021-11-24,Millwall,Bournemouth,home,6,0.08326785047411153,4.80152808506051,-0.1609509276363345,4.63061749605286,2021-07-01,2022-07-01
2021-11-24,Millwall,Bournemouth,away,2,0.08326785047411153,4.510445118292412,0.1609509276363345,4.900099063186257,2021-07-01,2022-07-01
2021-11-24,QPR,Huddersfield,home,9,0.08326785047411153,4.88060231390386,0.212041281466875,5.21650240647706,2021-07-01,2022-07-01
2021-11-24,QPR,Huddersfield,away,4,0.08326785047411153,4.440567869157239,-0.212041281466875,4.351129389410415,2021-07-01,2022-07-01
2021-11-26,West Brom,Nott'm Forest,home,7,0.08320863864659703,6.5310833982416145,0.4240646097545587,6.318895200202518,2021-07-01,2022-07-01
2021-11-26,West Brom,Nott'm Forest,away,7,0.08320863864659703,4.8080821531864055,-0.4240646097545587,4.228116057271689,2021-07-01,2022-07-01
2021-11-27,Preston,Fulham,home,4,0.08309634483027631,4.661156589264553,-0.2898745818283598,4.397112151882394,2021-07-01,2022-07-01
2021-11-27,Preston,Fulham,away,4,0.08309634483027631,5.512664328277495,0.2898745818283598,5.563197526500774,2021-07-01,2022-07-01
2021-11-27,Birmingham,Blackpool,home,2,0.08309634483027631,5.1184746422807885,0.17218015145476284,5.263444040216289,2021-07-01,2022-07-01
2021-11-27,Birmingham,Blackpool,away,1,0.08309634483027631,4.2005582674193676,-0.17218015145476284,4.2972263004854225,2021-07-01,2022-07-01
2021-11-27,Bournemouth,Coventry,home,4,0.08309634483027631,4.968023767110688,0.2831016825164595,5.370719495093332,2021-07-01,2022-07-01
2021-11-27,Bournemouth,Coventry,away,6,0.08309634483027631,4.857196736364813,-0.2831016825164595,4.430602457144633,2021-07-01,2022-07-01
2021-11-27,Huddersfield,Middlesbrough,home,5,0.08309634483027631,4.453615636274366,0.0025531361293154586,4.705328645364161,2021-07-01,2022-07-01
2021-11-27,Huddersfield,Middlesbrough,away,1,0.08309634483027631,5.191533321596109,-0.0025531361293154586,4.963003668910896,2021-07-01,2022-07-01
2021-11-27,Hull,Millwall,home,7,0.08309634483027631,5.600669255566701,0.025056356530059443,5.239410688340154,2021-07-01,2022-07-01
2021-11-27,Hull,Millwall,away,5,0.08309634483027631,4.220259369715045,-0.025056356530059443,4.500492650605949,2021-07-01,2022-07-01
2021-11-27,Luton,Cardiff,home,6,0.08309634483027631,5.994404393522042,0.25900058202377974,5.790969093451896,2021-07-01,2022-07-01
2021-11-27,Luton,Cardiff,away,1,0.08309634483027631,5.1515512950005755,-0.25900058202377974,4.579721520276188,2021-07-01,2022-07-01
2021-11-27,Peterboro,Barnsley,home,6,0.08309634483027631,3.915173086676909,0.08734217962015806,4.560768043785712,2021-07-01,2022-07-01
2021-11-27,Peterboro,Barnsley,away,3,0.08309634483027631,5.572145788875657,-0.08734217962015806,4.9911605603130536,2021-07-01,2022-07-01
2021-11-27,Stoke,Blackburn,home,5,0.08309634483027631,4.945274357641678,0.18605973756776878,5.2060238905329115,2021-07-01,2022-07-01
2021-11-27,Stoke,Blackburn,away,3,0.08309634483027631,3.9259315817711027,-0.18605973756776878,4.154017942314993,2021-07-01,2022-07-01
2021-11-27,Swansea,Reading,home,3,0.08309634483027631,5.266732770601205,0.3241802457433848,5.578741635928825,2021-07-01,2022-07-01
2021-11-27,Swansea,Reading,away,3,0.08309634483027631,3.7173420307392098,-0.3241802457433848,3.8908006098091046,2021-07-01,2022-07-01
2021-11-28,Sheffield United,Bristol City,home,7,0.08307143627022205,6.56880579335872,0.5006221881879964,6.48217179345421,2021-07-01,2022-07-01
2021-11-28,Sheffield United,Bristol City,away,7,0.08307143627022205,3.112885508918098,-0.5006221881879964,3.413137497643549,2021-07-01,2022-07-01
2021-11-29,Derby,QPR,home,1,0.08295978613025255,4.948281788226898,-0.06662626278842954,4.827066526141661,2021-07-01,2022-07-01
2021-11-29,Derby,QPR,away,11,0.08295978613025255,4.032219860285019,0.06662626278842954,4.534277991904354,2021-07-01,2022-07-01
2021-12-03,Fulham,Bournemouth,home,11,0.08323076699506554,5.316108772732236,0.3007253364364701,5.562378919282716,2021-07-01,2022-07-01
2021-12-03,Fulham,Bournemouth,away,3,0.08323076699506554,4.604113473511714,-0.3007253364364701,4.3047473967779615,2021-07-01,2022-07-01
2021-12-04,Coventry,West Brom,home,4,0.08337434654429768,4.383976624544142,-0.08962226640159049,4.545326564029632,2021-07-01,2022-07-01
2021-12-04,Coventry,West Brom,away,2,0.08337434654429768,4.961599457755212,0.08962226640159049,5.001613360330467,2021-07-01,2022-07-01
2021-12-04,Barnsley,Huddersfield,home,0,0.08337434654429768,4.374720117370956,-0.005179937889459529,4.657673041395791,2021-07-01,2022-07-01
2021-12-04,Barnsley,Huddersfield,away,6,0.08337434654429768,4.165305341214089,0.005179937889459529,4.515426609195398,2021-07-01,2022-07-01
2021-12-04,Blackburn,Preston,home,2,0.08337434654429768,4.667974353626343,0.13202204698754516,4.99393738628468,2021-07-01,2022-07-01
2021-12-04,Blackburn,Preston,away,1,0.08337434654429768,4.443691044019074,-0.13202204698754516,4.458278349792664,2021-07-01,2022-07-01
2021-12-04,Blackpool,Luton,home,3,0.08337434654429768,5.039785057485285,-0.019198630416174145,4.935878233295973,2021-07-01,2022-07-01
2021-12-04,Blackpool,Luton,away,2,0.08337434654429768,5.105467982419965,0.019198630416174145,4.958930425317875,2021-07-01,2022-07-01
2021-12-04,Bristol City,Derby,home,3,0.08337434654429768,4.1744434315307455,0.06027506301684876,4.653217873277878,2021-07-01,2022-07-01
2021-12-04,Bristol City,Derby,away,3,0.08337434654429768,5.520497744081772,-0.06027506301684876,5.011315629326502,2021-07-01,2022-07-01
2021-12-04,Cardiff,Sheffield United,home,5,0.08337434654429768,4.137586689654277,-0.12264342343467133,4.387484728147631,2021-07-01,2022-07-01
2021-12-04,Cardiff,Sheffield United,away,3,0.08337434654429768,5.005313689174867,0.12264342343467133,5.0709527457862595,2021-07-01,2022-07-01
2021-12-04,Middlesbrough,Swansea,home,5,0.08337434654429768,5.916386868032857,0.21587217276467874,5.683655451676842,2021-07-01,2022-07-01
2021-12-04,Middlesbrough,Swansea,away,5,0.08337434654429768,4.179398403635688,-0.21587217276467874,4.231832187945608,2021-07-01,2022-07-01
2021-12-04,Millwall,Birmingham,home,11,0.08337434654429768,5.898842908016171,0.17328762160451217,5.604147589222688,2021-07-01,2022-07-01
2021-12-04,Millwall,Birmingham,away,5,0.08337434654429768,3.0214979700069113,-0.17328762160451217,3.716497865121274,2021-07-01,2022-07-01
2021-12-04,Nott'm Forest,Peterboro,home,5,0.08337434654429768,5.402040264489312,0.3389495787815915,5.666372783142163,2021-07-01,2022-07-01
2021-12-04,Nott'm Forest,Peterboro,away,3,0.08337434654429768,3.7161574621593667,-0.3389495787815915,3.8730478080080286,2021-07-01,2022-07-01
2021-12-04,Reading,Hull,home,4,0.08337434654429768,4.3065747216226455,0.07591440716635844,4.739606477080021,2021-07-01,2022-07-01
2021-12-04,Reading,Hull,away,6,0.08337434654429768,5.166273502453082,-0.07591440716635844,4.844514220834374,2021-07-01,2022-07-01
2021-12-05,QPR,Stoke,home,17,0.08360907513358012,5.318509850090962,0.09318952356405019,5.2274922846521,2021-07-01,2022-07-01
2021-12-05,QPR,Stoke,away,4,0.08360907513358012,5.4161536097447325,-0.09318952356405019,4.920593923063333,2021-07-01,2022-07-01
2021-12-11,Huddersfield,Coventry,home,5,0.08447780644452307,4.338957838625517,-0.020410575351621885,4.619726360468131,2021-07-01,2022-07-01
2021-12-11,Huddersfield,Coventry,away,9,0.08447780644452307,4.911521910144591,0.020410575351621885,4.876980184838455,2021-07-01,2022-07-01
2021-12-11,Birmingham,Cardiff,home,7,0.08447780644452307,5.412532962426303,0.07604874899369518,5.240891296480958,2021-07-01,2022-07-01
2021-12-11,Birmingham,Cardiff,away,5,0.08447780644452307,4.179251614779549,-0.07604874899369518,4.413147626207986,2021-07-01,2022-07-01
2021-12-11,Bournemouth,Blackburn,home,5,0.08447780644452307,5.023318812854612,0.3580160838572407,5.519649296620503,2021-07-01,2022-07-01
2021-12-11,Bournemouth,Blackburn,away,5,0.08447780644452307,3.8570230540275987,-0.3580160838572407,3.9144583136318647,2021-07-01,2022-07-01
2021-12-11,Derby,Blackpool,home,6,0.08447780644452307,4.1648607251561955,0.09266912856131193,4.693937394230541,2021-07-01,2022-07-01
2021-12-11,Derby,Blackpool,away,2,0.08447780644452307,4.2035812257645855,-0.09266912856131193,4.4024078528085155,2021-07-01,2022-07-01
2021-12-11,Hull,Bristol City,home,1,0.08447780644452307,6.412087976471994,0.23333464427576986,5.919259737322489,2021-07-01,2022-07-01
2021-12-11,Hull,Bristol City,away,5,0.08447780644452307,3.633230197625025,-0.23333464427576986,3.9583212654702926,2021-07-01,2022-07-01
2021-12-11,Luton,Fulham,home,2,0.08447780644452307,5.204466260339365,-0.2646759381459555,4.650555091012348,2021-07-01,2022-07-01
2021-12-11,Luton,Fulham,away,4,0.08447780644452307,5.153779250419643,0.2646759381459555,5.360257384501193,2021-07-01,2022-07-01
2021-12-11,Peterboro,Millwall,home,8,0.08447780644452307,4.22370967535311,-0.10064235564918544,4.456739758457115,2021-07-01,2022-07-01
2021-12-11,Peterboro,Millwall,away,3,0.08447780644452307,4.967535579295528,0.10064235564918544,5.020823529656813,2021-07-01,2022-07-01
2021-12-11,Preston,Barnsley,home,6,0.08447780644452307,4.9505836453318395,0.32311501842751844,5.427213797855183,2021-07-01,2022-07-01
2021-12-11,Preston,Barnsley,away,3,0.08447780644452307,5.455466615727662,-0.32311501842751844,4.607087806969088,2021-07-01,2022-07-01
2021-12-11,Stoke,Middlesbrough,home,5,0.08447780644452307,4.947489206303682,0.08414182395484215,5.050171383559923,2021-07-01,2022-07-01
2021-12-11,Stoke,Middlesbrough,away,4,0.08447780644452307,4.934407552201842,-0.08414182395484215,4.735978191529715,2021-07-01,2022-07-01
2021-12-11,Swansea,Nott'm Forest,home,2,0.08447780644452307,5.084808771429297,0.1544621407598541,5.220358288387023,2021-07-01,2022-07-01
2021-12-11,Swansea,Nott'm Forest,away,2,0.08447780644452307,4.731624933960451,-0.1544621407598541,4.552293158317617,2021-07-01,2022-07-01
2021-12-11,West Brom,Reading,home,6,0.08447780644452307,6.612856181718104,0.5312110817365466,6.561213503736728,2021-07-01,2022-07-01
2021-12-11,West Brom,Reading,away,1,0.08447780644452307,3.9338915256142086,-0.5312110817365466,3.7485457666898303,2021-07-01,2022-07-01
2021-12-17,Barnsley,West Brom,home,3,0.08432841540018775,3.5498819224746567,-0.38992156441388204,3.7854880646888014,2021-07-01,2022-07-01
2021-12-17,Barnsley,West Brom,away,11,0.08432841540018775,5.62313715615963,0.38992156441388204,5.783021708824918,2021-07-01,2022-07-01
2021-12-18,Middlesbrough,Bournemouth,home,7,0.08447046360642249,6.006990421136292,0.022322291680092754,5.39882776815272,2021-07-01,2022-07-01
2021-12-18,Middlesbrough,Bournemouth,away,4,0.08447046360642249,4.507387479195523,-0.022322291680092754,4.636441002827864,2021-07-01,2022-07-01
2021-12-18,Blackburn,Birmingham,home,8,0.08447046360642249,4.9644507180467405,0.2527351150321223,5.3203064425541555,2021-07-01,2022-07-01
2021-12-18,Blackburn,Birmingham,away,4,0.08447046360642249,3.56629994867457,-0.2527351150321223,3.9032982202299324,2021-07-01,2022-07-01
2021-12-18,Blackpool,Peterboro,home,6,0.08447046360642249,4.726042508679673,0.1902555671797937,5.109692880147085,2021-07-01,2022-07-01
2021-12-18,Blackpool,Peterboro,away,7,0.08447046360642249,4.2030971651394,-0.1902555671797937,4.275110803766542,2021-07-01,2022-07-01
2021-12-18,Bristol City,Huddersfield,home,5,0.08447046360642249,3.9683516245514467,0.022322291680092754,4.4992321302931595,2021-07-01,2022-07-01
2021-12-18,Bristol City,Huddersfield,away,5,0.08447046360642249,5.053329053394931,-0.022322291680092754,4.875458971075395,2021-07-01,2022-07-01
2021-12-18,Nott'm Forest,Hull,home,5,0.08447046360642249,5.005534076588045,0.2763238727116354,5.3775596986895255,2021-07-01,2022-07-01
2021-12-18,Nott'm Forest,Hull,away,5,0.08447046360642249,4.563104236434253,-0.2763238727116354,4.31936733689224,2021-07-01,2022-07-01
2021-12-20,Fulham,Sheffield United,home,7,0.08397377577357229,5.6885823489027745,0.32211066296709473,5.767386059015984,2021-07-01,2022-07-01
2021-12-20,Fulham,Sheffield United,away,2,0.08397377577357229,4.41396579288246,-0.32211066296709473,4.198619629055953,2021-07-01,2022-07-01
2021-12-26,Huddersfield,Blackpool,home,6,0.08397985885021124,4.624451511245077,0.15615939793967054,5.009574592019388,2021-07-01,2022-07-01
2021-12-26,Huddersfield,Blackpool,away,0,0.08397985885021124,4.081413463425519,-0.15615939793967054,4.263657603037549,2021-07-01,2022-07-01
2021-12-26,Middlesbrough,Nott'm Forest,home,6,0.08397985885021124,6.121766375890466,0.18906724120427287,5.723340196604805,2021-07-01,2022-07-01
2021-12-26,Middlesbrough,Nott'm Forest,away,8,0.08397985885021124,4.424294536598339,-0.18906724120427287,4.374170844592239,2021-07-01,2022-07-01
2021-12-27,Derby,West Brom,home,2,0.08403994844332072,3.6198968242644884,-0.3261586406662184,3.8919129480665733,2021-07-01,2022-07-01
2021-12-27,Derby,West Brom,away,4,0.08403994844332072,5.713617488726111,0.3261586406662184,5.71335210156413,2021-07-01,2022-07-01
2021-12-27,QPR,Bournemouth,home,4,0.08403994844332072,5.695258402390068,-0.03901083678967632,5.17760460952427,2021-07-01,2022-07-01
2021-12-27,QPR,Bournemouth,away,4,0.08403994844332072,5.23782389043092,0.03901083678967632,5.044959851841418,2021-07-01,2022-07-01
2021-12-29,Blackburn,Barnsley,home,4,0.0840034763878422,4.714078202985766,0.4019905570456409,5.438906209389936,2021-07-01,2022-07-01
2021-12-29,Blackburn,Barnsley,away,1,0.0840034763878422,4.694390663073004,-0.4019905570456409,4.211676818289448,2021-07-01,2022-07-01
2021-12-29,Blackpool,Middlesbrough,home,5,0.0840034763878422,4.361953419253266,-0.14076661557970727,4.466182918923436,2021-07-01,2022-07-01
2021-12-29,Blackpool,Middlesbrough,away,4,0.0840034763878422,5.465238578021773,0.14076661557970727,5.29953348502008,2021-07-01,2022-07-01
2021-12-29,Coventry,Millwall,home,6,0.0840034763878422,5.553026230255378,0.21937576092162459,5.533268489433477,2021-07-01,2022-07-01
2021-12-29,Coventry,Millwall,away,3,0.0840034763878422,3.856490725649484,-0.21937576092162459,4.080541679257058,2021-07-01,2022-07-01
2021-12-30,Bournemouth,Cardiff,home,6,0.08395715019114292,5.8297676005989745,0.395597588753523,5.95990968996121,2021-07-01,2022-07-01
2021-12-30,Bournemouth,Cardiff,away,1,0.08395715019114292,4.539712240063149,-0.395597588753523,4.158060538778514,2021-07-01,2022-07-01
2021-12-30,Bristol City,QPR,home,5,0.08395715019114292,4.5220626687667,-0.06212952535158767,4.6459072578053515,2021-07-01,2022-07-01
2021-12-30,Bristol City,QPR,away,9,0.08395715019114292,5.4829558078435525,0.06212952535158767,5.183282593629103,2021-07-01,2022-07-01
2021-12-30,Nott'm Forest,Huddersfield,home,8,0.08395715019114292,4.769334703972051,0.2106936800011806,5.161788230846227,2021-07-01,2022-07-01
2021-12-30,Nott'm Forest,Huddersfield,away,3,0.08395715019114292,3.9859543963365347,-0.2106936800011806,4.151016391212225,2021-07-01,2022-07-01
2021-12-30,Stoke,Derby,home,5,0.08395715019114292,4.998392095996559,0.3693435879091397,5.526347800924054,2021-07-01,2022-07-01
2021-12-30,Stoke,Derby,away,5,0.08395715019114292,4.389344753796899,-0.3693435879091397,4.12934713845642,2021-07-01,2022-07-01
2022-01-01,Blackpool,Hull,home,1,0.08384164326878986,4.54783652361532,0.1598450672483011,4.978417597259239,2021-07-01,2022-07-01
2022-01-01,Blackpool,Hull,away,2,0.08384164326878986,5.375968203012524,-0.1598450672483011,4.807359580430212,2021-07-01,2022-07-01
2022-01-02,Bristol City,Millwall,home,5,0.08403438804612326,4.612179056786093,-0.06820829899439346,4.677845990599701,2021-07-01,2022-07-01
2022-01-02,Bristol City,Millwall,away,3,0.08403438804612326,5.480059304106011,0.06820829899439346,5.191542207288766,2021-07-01,2022-07-01
2022-01-02,Birmingham,QPR,home,1,0.08403438804612326,5.326228846245466,0.024814300873398032,5.124567943484714,2021-07-01,2022-07-01
2022-01-02,Birmingham,QPR,away,3,0.08403438804612326,4.483510835276184,-0.024814300873398032,4.622167918076233,2021-07-01,2022-07-01
2022-01-02,Blackburn,Huddersfield,home,10,0.08403438804612326,4.419655916053757,0.29063608092830706,5.113067424317489,2021-07-01,2022-07-01
2022-01-02,Blackburn,Huddersfield,away,3,0.08403438804612326,3.971253269996663,-0.29063608092830706,4.046019554336731,2021-07-01,2022-07-01
2022-01-02,West Brom,Cardiff,home,5,0.08403438804612326,7.270125610199259,0.45728155339805826,6.690224769747195,2021-07-01,2022-07-01
2022-01-02,West Brom,Cardiff,away,1,0.08403438804612326,4.250003603181443,-0.45728155339805826,3.9651376774734826,2021-07-01,2022-07-01
2022-01-03,Reading,Derby,home,3,0.08426860252536164,4.1538774865244275,0.1393060184277592,4.75458313935992,2021-07-01,2022-07-01
2022-01-03,Reading,Derby,away,10,0.08426860252536164,4.845918091914376,-0.1393060184277592,4.621291989514467,2021-07-01,2022-07-01
2022-01-03,Stoke,Preston,home,4,0.08426860252536164,5.209515002667666,0.2198142868659626,5.380787056695973,2021-07-01,2022-07-01
2022-01-03,Stoke,Preston,away,6,0.08426860252536164,4.231551612899392,-0.2198142868659626,4.249937707134346,2021-07-01,2022-07-01
2022-01-11,Reading,Fulham,home,2,0.08424287916972723,3.891617620751939,-0.5317090620188897,3.7773661675854227,2021-07-01,2022-07-01
2022-01-11,Reading,Fulham,away,11,0.08424287916972723,5.411233463708856,0.5317090620188897,5.933389118454247,2021-07-01,2022-07-01
2022-01-15,Cardiff,Blackburn,home,7,0.0844386099677834,4.391952459356346,-0.002701784472019575,4.669202527502034,2021-07-01,2022-07-01
2022-01-15,Cardiff,Blackburn,away,2,0.0844386099677834,3.8695483143400784,0.002701784472019575,4.368297723930618,2021-07-01,2022-07-01
2022-01-15,Luton,Bournemouth,home,4,0.0844386099677834,5.184953724339236,-0.061166515563614354,4.935328750484978,2021-07-01,2022-07-01
2022-01-15,Luton,Bournemouth,away,6,0.0844386099677834,5.13310765439725,0.061166515563614354,5.033727427973694,2021-07-01,2022-07-01
2022-01-15,Derby,Sheffield United,home,1,0.0844386099677834,4.099113686503387,-0.15989081529973748,4.320921945603251,2021-07-01,2022-07-01
2022-01-15,Derby,Sheffield United,away,0,0.0844386099677834,4.6372732672811585,0.15989081529973748,4.9586303434856465,2021-07-01,2022-07-01
2022-01-15,Fulham,Bristol City,home,6,0.0844386099677834,6.954984144884152,0.7049202510021481,7.067404501186869,2021-07-01,2022-07-01
2022-01-15,Fulham,Bristol City,away,4,0.0844386099677834,3.437020799591348,-0.7049202510021481,3.3530234741473337,2021-07-01,2022-07-01
2022-01-15,Huddersfield,Swansea,home,4,0.0844386099677834,4.501838137653432,0.01958751948550108,4.751895498307568,2021-07-01,2022-07-01
2022-01-15,Huddersfield,Swansea,away,7,0.0844386099677834,4.54867327868051,-0.01958751948550108,4.658887835764236,2021-07-01,2022-07-01
2022-01-15,Middlesbrough,Reading,home,5,0.0844386099677834,6.303459935474955,0.5233223342611881,6.409236147661388,2021-07-01,2022-07-01
2022-01-15,Middlesbrough,Reading,away,5,0.0844386099677834,3.5653936142401856,-0.5233223342611881,3.598410640686018,2021-07-01,2022-07-01
2022-01-15,Millwall,Nott'm Forest,home,7,0.0844386099677834,5.609167570092488,0.10706945174704846,5.3735686364183985,2021-07-01,2022-07-01
2022-01-15,Millwall,Nott'm Forest,away,7,0.0844386099677834,4.342184516054097,-0.10706945174704846,4.446389914024097,2021-07-01,2022-07-01
2022-01-15,Peterboro,Coventry,home,3,0.0844386099677834,4.051400967729619,-0.142830558807794,4.320805459718357,2021-07-01,2022-07-01
2022-01-15,Peterboro,Coventry,away,8,0.0844386099677834,5.498581731931562,0.142830558807794,5.317017620405469,2021-07-01,2022-07-01
2022-01-15,Preston,Birmingham,home,7,0.0844386099677834,5.590844146651095,0.2562529147541789,5.611576305584186,2021-07-01,2022-07-01
2022-01-15,Preston,Birmingham,away,7,0.0844386099677834,4.01821827767171,-0.2562529147541789,4.10917777811455,2021-07-01,2022-07-01
2022-01-15,QPR,West Brom,home,2,0.0844386099677834,4.5934904857064085,-0.1484838325568491,4.558335556820575,2021-07-01,2022-07-01
2022-01-15,QPR,West Brom,away,5,0.0844386099677834,5.990121632280422,0.1484838325568491,5.530369167231614,2021-07-01,2022-07-01
2022-01-16,Hull,Stoke,home,7,0.08416253743475713,5.744353711305397,-0.050030382823577135,5.1800195589911535,2021-07-01,2022-07-01
2022-01-16,Hull,Stoke,away,5,0.08416253743475713,4.742128152740283,0.050030382823577135,4.845184250577473,2021-07-01,2022-07-01
2022-01-18,Fulham,Birmingham,home,6,0.08405225326316082,7.169862382635416,0.6649356435298949,7.077140739671702,2021-07-01,2022-07-01
2022-01-18,Fulham,Birmingham,away,5,0.08405225326316082,3.3491530877233666,-0.6649356435298949,3.3550868469512256,2021-07-01,2022-07-01
2022-01-18,Preston,Sheffield United,home,4,0.08405225326316082,4.492915207713203,-0.043828819516229134,4.658234875836033,2021-07-01,2022-07-01
2022-01-18,Preston,Sheffield United,away,11,0.08405225326316082,4.893158308858854,0.043828819516229134,4.90329949302316,2021-07-01,2022-07-01
2022-01-19,Hull,Blackburn,home,4,0.0840357682937774,5.218161898142548,-0.08866058754180406,4.90852655611668,2021-07-01,2022-07-01
2022-01-19,Hull,Blackburn,away,10,0.0840357682937774,3.722544403315624,0.08866058754180406,4.40678645525242,2021-07-01,2022-07-01
2022-01-19,Reading,Luton,home,6,0.0840357682937774,4.499978310846281,-0.21635583574117856,4.426204885096292,2021-07-01,2022-07-01
2022-01-19,Reading,Luton,away,4,0.0840357682937774,5.236608060951536,0.21635583574117856,5.32024027615665,2021-07-01,2022-07-01
2022-01-22,Bristol City,Cardiff,home,3,0.0839717295841397,4.794592790967729,0.04488711819389113,4.922604997085843,2021-07-01,2022-07-01
2022-01-22,Bristol City,Cardiff,away,6,0.0839717295841397,5.0731017376900285,-0.04488711819389113,4.850871135419911,2021-07-01,2022-07-01
2022-01-22,Nott'm Forest,Derby,home,4,0.0839717295841397,4.932176654346542,0.2437475274231254,5.29077958338929,2021-07-01,2022-07-01
2022-01-22,Nott'm Forest,Derby,away,2,0.0839717295841397,4.348260955063389,-0.2437475274231254,4.27029477534326,2021-07-01,2022-07-01
2022-01-22,Birmingham,Barnsley,home,5,0.0839717295841397,4.959868784654358,0.3234705615110244,5.432266571509066,2021-07-01,2022-07-01
2022-01-22,Birmingham,Barnsley,away,3,0.0839717295841397,4.255975666383127,-0.3234705615110244,4.130183721753697,2021-07-01,2022-07-01
2022-01-22,Blackpool,Millwall,home,6,0.0839717295841397,4.707905791224121,0.08669415790937562,4.944937792018567,2021-07-01,2022-07-01
2022-01-22,Blackpool,Millwall,away,2,0.0839717295841397,4.585506472480334,-0.08669415790937562,4.5822050598950455,2021-07-01,2022-07-01
2022-01-22,Bournemouth,Hull,home,4,0.0839717295841397,5.007291910640357,0.43492572848196265,5.640620445737773,2021-07-01,2022-07-01
2022-01-22,Bournemouth,Hull,away,7,0.0839717295841397,4.5345640327620265,-0.43492572848196265,4.107215721047766,2021-07-01,2022-07-01
2022-01-22,Coventry,QPR,home,13,0.0839717295841397,5.343573480283671,0.08070036387217638,5.218709197130934,2021-07-01,2022-07-01
2022-01-22,Coventry,QPR,away,2,0.0839717295841397,3.977599602439455,-0.08070036387217638,4.312202152561608,2021-07-01,2022-07-01
2022-01-22,Reading,Huddersfield,home,4,0.0839717295841397,4.310738274837414,-0.06912546668175135,4.539626091420432,2021-07-01,2022-07-01
2022-01-22,Reading,Huddersfield,away,4,0.0839717295841397,4.839957664922735,0.06912546668175135,4.916981253062391,2021-07-01,2022-07-01
2022-01-22,Sheffield United,Luton,home,8,0.0839717295841397,6.225382264121664,0.2710105637094513,5.909301897297095,2021-07-01,2022-07-01
2022-01-22,Sheffield United,Luton,away,1,0.0839717295841397,3.9689731165205937,-0.2710105637094513,4.068896113315077,2021-07-01,2022-07-01
2022-01-22,Stoke,Fulham,home,3,0.0839717295841397,4.532227262270556,-0.24609793664426102,4.400661878395448,2021-07-01,2022-07-01
2022-01-22,Stoke,Fulham,away,5,0.0839717295841397,5.195737380043914,0.24609793664426102,5.349487110723691,2021-07-01,2022-07-01
2022-01-22,Swansea,Preston,home,2,0.0839717295841397,4.936279928875742,0.1592249368155012,5.160128191721301,2021-07-01,2022-07-01
2022-01-22,Swansea,Preston,away,9,0.0839717295841397,3.9958329213296446,-0.1592249368155012,4.220231883997725,2021-07-01,2022-07-01
2022-01-22,West Brom,Peterboro,home,10,0.0839717295841397,6.847531138825152,0.6130369819736109,6.8282494183353055,2021-07-01,2022-07-01
2022-01-22,West Brom,Peterboro,away,1,0.0839717295841397,3.816516217496447,-0.6130369819736109,3.6092121305366467,2021-07-01,2022-07-01
2022-01-24,Blackburn,Middlesbrough,home,6,0.08443481029886082,4.580935654786648,0.0773105589311815,4.872111108409012,2021-07-01,2022-07-01
2022-01-24,Blackburn,Middlesbrough,away,7,0.08443481029886082,4.553422198659344,-0.0773105589311815,4.580965264147995,2021-07-01,2022-07-01
2022-01-25,Birmingham,Peterboro,home,3,0.08431765964363794,5.488060061761044,0.2691976080249585,5.587649972209884,2021-07-01,2022-07-01
2022-01-25,Birmingham,Peterboro,away,4,0.08431765964363794,3.573431874715067,-0.2691976080249585,3.887471650784993,2021-07-01,2022-07-01
2022-01-25,Coventry,Stoke,home,5,0.08431765964363794,6.235083001322077,0.15961592574461608,5.718901382649892,2021-07-01,2022-07-01
2022-01-25,Coventry,Stoke,away,5,0.08431765964363794,4.112568289864957,-0.15961592574461608,4.273500564877518,2021-07-01,2022-07-01
2022-01-25,Luton,Bristol City,home,8,0.08431765964363794,5.886212586065222,0.3348214285714286,5.8770186561344975,2021-07-01,2022-07-01
2022-01-25,Luton,Bristol City,away,9,0.08431765964363794,4.192268018594417,-0.3348214285714286,4.088931620428795,2021-07-01,2022-07-01
2022-01-25,Nott'm Forest,Barnsley,home,12,0.08431765964363794,5.226281530678162,0.4648477227537092,5.799636501820267,2021-07-01,2022-07-01
2022-01-25,Nott'm Forest,Barnsley,away,0,0.08431765964363794,4.112150168457716,-0.4648477227537092,3.899202306278986,2021-07-01,2022-07-01
2022-01-25,QPR,Swansea,home,4,0.08431765964363794,5.1848158795935335,0.11977146246848641,5.210713980489864,2021-07-01,2022-07-01
2022-01-25,QPR,Swansea,away,3,0.08431765964363794,5.049875401488979,-0.11977146246848641,4.73349524444366,2021-07-01,2022-07-01
2022-01-26,West Brom,Preston,home,3,0.0845662008555279,6.416205866486999,0.4187354538401861,6.259764042638814,2021-07-01,2022-07-01
2022-01-26,West Brom,Preston,away,4,0.0845662008555279,3.9989265251727666,-0.4187354538401861,3.9053100355008334,2021-07-01,2022-07-01
2022-01-28,Huddersfield,Stoke,home,3,0.08454029996259231,5.243160525357801,0.029756610333953215,5.096828663673601,2021-07-01,2022-07-01
2022-01-28,Huddersfield,Stoke,away,5,0.08454029996259231,4.959965365807066,-0.029756610333953215,4.8248692525869865,2021-07-01,2022-07-01
2022-01-29,Barnsley,Bournemouth,home,2,0.08449147111924489,4.076739059306926,-0.3787266782073475,4.0364993848839426,2021-07-01,2022-07-01
2022-01-29,Barnsley,Bournemouth,away,9,0.08449147111924489,5.331847419112305,0.3787266782073475,5.6303931609084685,2021-07-01,2022-07-01
2022-01-29,Fulham,Blackpool,home,9,0.08449147111924489,6.147626833980469,0.6353566311525742,6.555875113996015,2021-07-01,2022-07-01
2022-01-29,Fulham,Blackpool,away,3,0.08449147111924489,3.3461858932180486,-0.6353566311525742,3.3836879376213145,2021-07-01,2022-07-01
2022-01-29,Hull,Swansea,home,1,0.08449147111924489,4.869426093372992,-0.03369216395174063,4.840709283390476,2021-07-01,2022-07-01
2022-01-29,Hull,Swansea,away,2,0.08449147111924489,4.878814667831003,0.03369216395174063,4.882098070363417,2021-07-01,2022-07-01
2022-01-29,Luton,Blackburn,home,6,0.08449147111924489,5.213778630223276,0.07967868084987395,5.161008786118653,2021-07-01,2022-07-01
2022-01-29,Luton,Blackburn,away,5,0.08449147111924489,4.601323254722462,-0.07967868084987395,4.598821168230046,2021-07-01,2022-07-01
2022-01-29,Middlesbrough,Coventry,home,6,0.08449147111924489,5.638625452295558,0.20232691702021238,5.542175708969705,2021-07-01,2022-07-01
2022-01-29,Middlesbrough,Coventry,away,8,0.08449147111924489,5.101760385946931,-0.20232691702021238,4.638443492257325,2021-07-01,2022-07-01
2022-01-29,Millwall,West Brom,home,2,0.08449147111924489,4.4790127326126745,-0.15069314174962833,4.505046618520807,2021-07-01,2022-07-01
2022-01-29,Millwall,West Brom,away,4,0.08449147111924489,5.035199282358083,0.15069314174962833,5.127228802036928,2021-07-01,2022-07-01
2022-01-29,Preston,Bristol City,home,3,0.08449147111924489,5.631373175120978,0.29676528836344,5.698297037524259,2021-07-01,2022-07-01
2022-01-29,Preston,Bristol City,away,6,0.08449147111924489,4.887881971388449,-0.29676528836344,4.42470339377792,2021-07-01,2022-07-01
2022-01-29,QPR,Reading,home,6,0.08449147111924489,5.51776537017176,0.47630648917458707,5.9601567626832805,2021-07-01,2022-07-01
2022-01-29,QPR,Reading,away,8,0.08449147111924489,3.982763789698897,-0.47630648917458707,3.8315765301363207,2021-07-01,2022-07-01
2022-01-29,Peterboro,Sheffield United,home,0,0.08449147111924489,3.821314489522896,-0.2540794909440032,4.072851188142181,2021-07-01,2022-07-01
2022-01-29,Peterboro,Sheffield United,away,9,0.08449147111924489,5.303021926521203,0.2540794909440032,5.410721630686726,2021-07-01,2022-07-01
2022-01-30,Derby,Birmingham,home,7,0.0846534658864834,4.823697424000514,0.11534883720930234,5.041219913976101,2021-07-01,2022-07-01
2022-01-30,Derby,Birmingham,away,6,0.0846534658864834,3.6331373455572304,-0.11534883720930234,4.100966625679185,2021-07-01,2022-07-01
2022-01-30,Cardiff,Nott'm Forest,home,3,0.0846534658864834,4.740640918333872,-0.032502620523779724,4.785705795475076,2021-07-01,2022-07-01
2022-01-30,Cardiff,Nott'm Forest,away,2,0.0846534658864834,4.8133389649049185,0.032502620523779724,4.8514494537569925,2021-07-01,2022-07-01
2022-02-01,Millwall,Preston,home,2,0.08460302750014781,5.312972687728509,0.07617658788506232,5.198484752494153,2021-07-01,2022-07-01
2022-02-01,Millwall,Preston,away,3,0.08460302750014781,4.052702878396555,-0.07617658788506232,4.353720586581762,2021-07-01,2022-07-01
2022-02-01,Swansea,Luton,home,7,0.08460302750014781,5.331282755286708,0.15371675837880266,5.328947866915938,2021-07-01,2022-07-01
2022-02-01,Swansea,Luton,away,4,0.08460302750014781,4.135850400774715,-0.15371675837880266,4.291713185963243,2021-07-01,2022-07-01
2022-02-02,Barnsley,Cardiff,home,6,0.0845827787119569,4.47338376635439,-0.06200596086562138,4.624023288089115,2021-07-01,2022-07-01
2022-02-02,Barnsley,Cardiff,away,0,0.0845827787119569,4.856919487989029,0.06200596086562138,4.914037825859022,2021-07-01,2022-07-01
2022-02-02,Huddersfield,Derby,home,4,0.0845827787119569,4.424166104434683,0.20683183043944342,4.988292936290823,2021-07-01,2022-07-01
2022-02-02,Huddersfield,Derby,away,3,0.0845827787119569,4.586534723805458,-0.20683183043944342,4.420350947913007,2021-07-01,2022-07-01
2022-02-04,Birmingham,Sheffield United,home,1,0.0847078425497934,4.021551454463097,-0.22895323904615447,4.196875864171353,2021-07-01,2022-07-01
2022-02-04,Birmingham,Sheffield United,away,6,0.0847078425497934,4.613320724602345,0.22895323904615447,5.050978876755718,2021-07-01,2022-07-01
2022-02-05,Blackpool,Bristol City,home,6,0.0847743279530065,5.029183097768114,0.12988246514409457,5.156984677169358,2021-07-01,2022-07-01
2022-02-05,Blackpool,Bristol City,away,4,0.0847743279530065,4.303005485569766,-0.12988246514409457,4.398484272892414,2021-07-01,2022-07-01
2022-02-05,Hull,Preston,home,7,0.0847743279530065,4.664393255871768,0.029673071209673108,4.841219996078445,2021-07-01,2022-07-01
2022-02-05,Hull,Preston,away,4,0.0847743279530065,4.469735871198714,-0.029673071209673108,4.609191944921707,2021-07-01,2022-07-01
2022-02-05,Swansea,Blackburn,home,0,0.0847743279530065,4.813507759319151,0.06142784351469166,4.955676761823656,2021-07-01,2022-07-01
2022-02-05,Swansea,Blackburn,away,13,0.0847743279530065,4.069956505797119,-0.06142784351469166,4.3812125391663335,2021-07-01,2022-07-01
2022-02-08,Coventry,Blackpool,home,9,0.08512440005727571,5.877496579111179,0.39150350962854674,5.973968472527681,2021-07-01,2022-07-01
2022-02-08,Coventry,Blackpool,away,4,0.08512440005727571,3.133991465496265,-0.39150350962854674,3.5372704278981817,2021-07-01,2022-07-01
2022-02-08,Derby,Hull,home,2,0.08512440005727571,4.050269092479908,0.14552293677391392,4.71085531547703,2021-07-01,2022-07-01
2022-02-08,Derby,Hull,away,10,0.08512440005727571,4.635745208225652,-0.14552293677391392,4.523624024645404,2021-07-01,2022-07-01
2022-02-08,Fulham,Millwall,home,6,0.08512440005727571,6.832102141524123,0.58824559838452,6.770908723045678,2021-07-01,2022-07-01
2022-02-08,Fulham,Millwall,away,4,0.08512440005727571,3.7438886026877496,-0.58824559838452,3.605582269946304,2021-07-01,2022-07-01
2022-02-08,Luton,Barnsley,home,9,0.08512440005727571,5.870215546601235,0.4288180721387861,6.037962161718724,2021-07-01,2022-07-01
2022-02-08,Luton,Barnsley,away,4,0.08512440005727571,4.7923024555675875,-0.4288180721387861,4.215989904914675,2021-07-01,2022-07-01
2022-02-08,Stoke,Swansea,home,8,0.08512440005727571,4.5218397314771765,0.14209004864554037,4.939491315804713,2021-07-01,2022-07-01
2022-02-08,Stoke,Swansea,away,1,0.08512440005727571,4.5984600052310665,-0.14209004864554037,4.512238147429384,2021-07-01,2022-07-01
2022-02-09,Blackburn,Nott'm Forest,home,5,0.08520143727631857,4.77523213587485,0.10903555559088418,5.009385710199272,2021-07-01,2022-07-01
2022-02-09,Blackburn,Nott'm Forest,away,4,0.08520143727631857,4.722960236182056,-0.10903555559088418,4.611071232756991,2021-07-01,2022-07-01
2022-02-09,Bournemouth,Birmingham,home,5,0.08520143727631857,6.080592346643556,0.4826021910139472,6.231961862422398,2021-07-01,2022-07-01
2022-02-09,Bournemouth,Birmingham,away,8,0.08520143727631857,3.9255792843587933,-0.4826021910139472,3.8001028576299722,2021-07-01,2022-07-01
2022-02-09,Bristol City,Reading,home,5,0.08520143727631857,4.358699978305693,0.24917815844475022,5.019094825729802,2021-07-01,2022-07-01
2022-02-09,Bristol City,Reading,away,6,0.08520143727631857,4.834244758006131,-0.24917815844475022,4.4666350441315466,2021-07-01,2022-07-01
2022-02-09,Cardiff,Peterboro,home,7,0.08520143727631857,5.07286464647759,0.31000705273881357,5.464209704859695,2021-07-01,2022-07-01
2022-02-09,Cardiff,Peterboro,away,6,0.08520143727631857,3.646563557694365,-0.31000705273881357,3.8745015825113898,2021-07-01,2022-07-01
2022-02-09,Preston,Huddersfield,home,1,0.08520143727631857,4.894936626309618,0.17611442410948885,5.1672103522646085,2021-07-01,2022-07-01
2022-02-09,Preston,Huddersfield,away,2,0.08520143727631857,4.854356509042217,-0.17611442410948885,4.574013611315992,2021-07-01,2022-07-01
2022-02-09,QPR,Middlesbrough,home,3,0.08520143727631857,5.342266716810966,0.019327689974066642,5.122903116223713,2021-07-01,2022-07-01
2022-02-09,QPR,Middlesbrough,away,8,0.08520143727631857,5.303536034522702,-0.019327689974066642,4.984638027520971,2021-07-01,2022-07-01
2022-02-09,Sheffield United,West Brom,home,3,0.08520143727631857,4.484014342239223,0.0847947465389694,4.837372038813495,2021-07-01,2022-07-01
2022-02-09,Sheffield United,West Brom,away,2,0.08520143727631857,4.679560342912361,-0.0847947465389694,4.625929504501919,2021-07-01,2022-07-01
2022-02-12,Huddersfield,Sheffield United,home,9,0.08502538424932789,3.748828703632186,-0.14910371022279867,4.167982433681914,2021-07-01,2022-07-01
2022-02-12,Huddersfield,Sheffield United,away,2,0.08502538424932789,5.038883418120026,0.14910371022279867,5.1264315981676205,2021-07-01,2022-07-01
2022-02-12,Barnsley,QPR,home,2,0.08502538424932789,4.615519372456486,-0.21064860917479916,4.483491081715321,2021-07-01,2022-07-01
2022-02-12,Barnsley,QPR,away,4,0.08502538424932789,4.896744120820855,0.21064860917479916,5.156727029030024,2021-07-01,2022-07-01
2022-02-12,Birmingham,Luton,home,0,0.08502538424932789,5.185678316771344,-0.05724883930483554,4.941439239260326,2021-07-01,2022-07-01
2022-02-12,Birmingham,Luton,away,7,0.08502538424932789,3.923715199314723,0.05724883930483554,4.467629005034145,2021-07-01,2022-07-01
2022-02-12,Blackpool,Bournemouth,home,6,0.08502538424932789,4.322984479868136,-0.25342696629213485,4.300679590530959,2021-07-01,2022-07-01
2022-02-12,Blackpool,Bournemouth,away,7,0.08502538424932789,5.089836089420498,0.25342696629213485,5.312945806202423,2021-07-01,2022-07-01
2022-02-12,Hull,Fulham,home,1,0.08502538424932789,4.4540206481535645,-0.4190529515277556,4.146185588813313,2021-07-01,2022-07-01
2022-02-12,Hull,Fulham,away,4,0.08502538424932789,5.118650841339195,0.4190529515277556,5.597621805917705,2021-07-01,2022-07-01
2022-02-12,Middlesbrough,Derby,home,6,0.08502538424932789,5.799969501032965,0.4123523280055593,5.976476957894301,2021-07-01,2022-07-01
2022-02-12,Middlesbrough,Derby,away,7,0.08502538424932789,4.443500508270671,-0.4123523280055593,4.098419925427784,2021-07-01,2022-07-01
2022-02-12,Millwall,Cardiff,home,6,0.08502538424932789,5.878425596354656,0.11698297068295521,5.501839260831801,2021-07-01,2022-07-01
2022-02-12,Millwall,Cardiff,away,5,0.08502538424932789,3.6550595329524964,-0.11698297068295521,4.1098116085114,2021-07-01,2022-07-01
2022-02-12,Nott'm Forest,Stoke,home,5,0.08502538424932789,5.872181492073388,0.11525737255878488,5.496421443231117,2021-07-01,2022-07-01
2022-02-12,Nott'm Forest,Stoke,away,5,0.08502538424932789,4.290583419540126,-0.11525737255878488,4.41222321167204,2021-07-01,2022-07-01
2022-02-12,Peterboro,Preston,home,3,0.08502538424932789,3.7974984705154666,-0.18933285685569418,4.14137760338454,2021-07-01,2022-07-01
2022-02-12,Peterboro,Preston,away,5,0.08502538424932789,5.133487276656894,0.18933285685569418,5.231316283912312,2021-07-01,2022-07-01
2022-02-12,Reading,Coventry,home,4,0.08502538424932789,3.9487702590799683,-0.21720545990089452,4.178016544435452,2021-07-01,2022-07-01
2022-02-12,Reading,Coventry,away,5,0.08502538424932789,6.295871160923764,0.21720545990089452,5.7705616910185,2021-07-01,2022-07-01
2022-02-13,Swansea,Bristol City,home,6,0.08478278337617715,5.261420125751654,0.22660725652450675,5.415323238544888,2021-07-01,2022-07-01
2022-02-13,Swansea,Bristol City,away,5,0.08478278337617715,4.470288232795604,-0.22660725652450675,4.344871879313348,2021-07-01,2022-07-01
2022-02-14,West Brom,Blackburn,home,3,0.08466690629612603,6.001559002494675,0.30483028289486713,5.874259918585205,2021-07-01,2022-07-01
2022-02-14,West Brom,Blackburn,away,7,0.08466690629612603,4.0237837391384295,-0.30483028289486713,4.052162951671339,2021-07-01,2022-07-01
2022-02-15,Cardiff,Coventry,home,4,0.08461939602009091,4.396748143745813,-0.05069324090121319,4.604634427400182,2021-07-01,2022-07-01
2022-02-15,Cardiff,Coventry,away,2,0.08461939602009091,5.121480838156521,0.05069324090121319,5.012927837243143,2021-07-01,2022-07-01
2022-02-15,Millwall,QPR,home,2,0.08461939602009091,5.770343230513522,0.07751516870314074,5.392865614603947,2021-07-01,2022-07-01
2022-02-15,Millwall,QPR,away,5,0.08461939602009091,4.0606742971830245,-0.07751516870314074,4.355733223296962,2021-07-01,2022-07-01
2022-02-15,Sheffield United,Hull,home,12,0.08461939602009091,5.14859686912708,0.46739784658596933,5.765986552360462,2021-07-01,2022-07-01
2022-02-15,Sheffield United,Hull,away,3,0.08461939602009091,4.236113945960578,-0.46739784658596933,3.947430537558974,2021-07-01,2022-07-01
2022-02-16,Peterboro,Reading,home,8,0.08487254557133127,3.9988744035623065,0.0683618839411807,4.577232331486231,2021-07-01,2022-07-01
2022-02-16,Peterboro,Reading,away,3,0.08487254557133127,4.747943174414806,-0.0683618839411807,4.6785496309091315,2021-07-01,2022-07-01
2022-02-19,Fulham,Huddersfield,home,12,0.08484824680415723,6.137228957690493,0.5734011128666622,6.4302996145284235,2021-07-01,2022-07-01
2022-02-19,Fulham,Huddersfield,away,2,0.08484824680415723,3.551153324796252,-0.5734011128666622,3.5384944346482508,2021-07-01,2022-07-01
2022-02-19,Bristol City,Middlesbrough,home,0,0.08484824680415723,4.1332656085348365,-0.20691367104900255,4.275934323449053,2021-07-01,2022-07-01
2022-02-19,Bristol City,Middlesbrough,away,13,0.08484824680415723,6.127597374880051,0.20691367104900255,5.684647238082583,2021-07-01,2022-07-01
2022-02-19,Cardiff,Blackpool,home,3,0.08484824680415723,5.196435994261385,0.20676389738449857,5.353830604927509,2021-07-01,2022-07-01
2022-02-19,Cardiff,Blackpool,away,2,0.08484824680415723,3.4533709110961985,-0.20676389738449857,3.901935651192903,2021-07-01,2022-07-01
2022-02-19,Coventry,Barnsley,home,3,0.08484824680415723,6.394684318993,0.46370402875997907,6.33546211564774,2021-07-01,2022-07-01
2022-02-19,Coventry,Barnsley,away,3,0.08484824680415723,3.6526066991309287,-0.46370402875997907,3.702514805632804,2021-07-01,2022-07-01
2022-02-19,Derby,Peterboro,home,8,0.08484824680415723,4.696409398819549,0.29067865493261613,5.251513004092226,2021-07-01,2022-07-01
2022-02-19,Derby,Peterboro,away,1,0.08484824680415723,4.111869393693561,-0.29067865493261613,4.1083420229500165,2021-07-01,2022-07-01
2022-02-19,Luton,West Brom,home,4,0.08484824680415723,4.222471496395851,-0.08458070333633905,4.47770020259334,2021-07-01,2022-07-01
2022-02-19,Luton,West Brom,away,4,0.08484824680415723,5.769600224938854,0.08458070333633905,5.336565342114344,2021-07-01,2022-07-01
2022-02-19,Preston,Reading,home,5,0.08484824680415723,4.89868710207296,0.3870457684974826,5.506788620524009,2021-07-01,2022-07-01
2022-02-19,Preston,Reading,away,6,0.08484824680415723,4.6317178637241945,-0.3870457684974826,4.2056852025790485,2021-07-01,2022-07-01
2022-02-19,QPR,Hull,home,5,0.08484824680415723,5.351677676425767,0.2825741516526856,5.548400339866256,2021-07-01,2022-07-01
2022-02-19,QPR,Hull,away,2,0.08484824680415723,5.509207773940979,-0.2825741516526856,4.68363441844928,2021-07-01,2022-07-01
2022-02-19,Sheffield United,Swansea,home,5,0.08484824680415723,5.672468949544498,0.4150933222617337,5.923224143951221,2021-07-01,2022-07-01
2022-02-19,Sheffield United,Swansea,away,2,0.08484824680415723,3.581658331623787,-0.4150933222617337,3.7246719647308635,2021-07-01,2022-07-01
2022-02-19,Stoke,Birmingham,home,5,0.08484824680415723,5.979477715438004,0.31816433790539667,5.888266914188271,2021-07-01,2022-07-01
2022-02-19,Stoke,Birmingham,away,2,0.08484824680415723,4.030777825414873,-0.31816433790539667,4.039060407378441,2021-07-01,2022-07-01
2022-02-22,Bristol City,Coventry,home,4,0.08565300319404398,3.808213959269986,-0.1208348747103834,4.2326459616795535,2021-07-01,2022-07-01
2022-02-22,Bristol City,Coventry,away,4,0.08565300319404398,6.7158750958092215,0.1208348747103834,5.767491763877295,2021-07-01,2022-07-01
2022-02-22,Hull,Barnsley,home,6,0.08565300319404398,5.33834655093816,0.202296201039887,5.410369048268751,2021-07-01,2022-07-01
2022-02-22,Hull,Barnsley,away,4,0.08565300319404398,4.223684550986529,-0.202296201039887,4.268849200525431,2021-07-01,2022-07-01
2022-02-22,Middlesbrough,West Brom,home,2,0.08565300319404398,4.67576709492546,0.12213740458015271,4.9827956641319515,2021-07-01,2022-07-01
2022-02-22,Middlesbrough,West Brom,away,3,0.08565300319404398,5.269654740353702,-0.12213740458015271,4.819567596675184,2021-07-01,2022-07-01
2022-02-22,Preston,Nott'm Forest,home,11,0.08565300319404398,4.661290926862892,0.0,4.796889719778884,2021-07-01,2022-07-01
2022-02-22,Preston,Nott'm Forest,away,3,0.08565300319404398,5.60574915322434,-0.0,5.137302240178229,2021-07-01,2022-07-01
2022-02-22,Reading,Birmingham,home,0,0.08565300319404398,4.88008027220047,0.025490652891698773,4.932205051071992,2021-07-01,2022-07-01
2022-02-22,Reading,Birmingham,away,6,0.08565300319404398,4.673590111547489,-0.025490652891698773,4.706367612302065,2021-07-01,2022-07-01
2022-02-23,Derby,Millwall,home,9,0.0858446946434897,4.752662947039232,0.030738539206904947,4.8828505674916345,2021-07-01,2022-07-01
2022-02-23,Derby,Millwall,away,1,0.0858446946434897,4.160460031534424,-0.030738539206904947,4.464721523515721,2021-07-01,2022-07-01
2022-02-23,Fulham,Peterboro,home,10,0.0858446946434897,7.553169257085544,0.7386940067969963,7.403161843903792,2021-07-01,2022-07-01
2022-02-23,Fulham,Peterboro,away,4,0.0858446946434897,3.3311266592783486,-0.7386940067969963,3.2738475501090454,2021-07-01,2022-07-01
2022-02-23,Huddersfield,Cardiff,home,12,0.0858446946434897,5.2983436855032435,0.12079176016127574,5.262185012516028,2021-07-01,2022-07-01
2022-02-23,Huddersfield,Cardiff,away,2,0.0858446946434897,4.0125281606123755,-0.12079176016127574,4.277031255536066,2021-07-01,2022-07-01
2022-02-23,QPR,Blackpool,home,3,0.0858446946434897,5.751108547561537,0.2496690495101933,5.670524254466842,2021-07-01,2022-07-01
2022-02-23,QPR,Blackpool,away,1,0.0858446946434897,3.898418641005186,-0.2496690495101933,4.062877198884375,2021-07-01,2022-07-01
2022-02-23,Sheffield United,Blackburn,home,7,0.0858446946434897,5.573416421791225,0.2967782499777798,5.672459716198468,2021-07-01,2022-07-01
2022-02-23,Sheffield United,Blackburn,away,5,0.0858446946434897,3.6985260670746607,-0.2967782499777798,3.9141909669833432,2021-07-01,2022-07-01
2022-02-23,Stoke,Luton,home,6,0.0858446946434897,5.535151781138519,0.18531513285196927,5.469229396984729,2021-07-01,2022-07-01
2022-02-23,Stoke,Luton,away,6,0.0858446946434897,4.147164077160376,-0.18531513285196927,4.25631044882065,2021-07-01,2022-07-01
2022-02-26,Blackburn,QPR,home,9,0.08618170183399962,4.984980414710749,0.1641043688484769,5.190045424382059,2021-07-01,2022-07-01
2022-02-26,Blackburn,QPR,away,1,0.08618170183399962,4.372045784525914,-0.1641043688484769,4.3841094162184175,2021-07-01,2022-07-01
2022-02-26,Barnsley,Middlesbrough,home,2,0.08618170183399962,3.7613162397068893,-0.3057831751459058,3.982326601911744,2021-07-01,2022-07-01
2022-02-26,Barnsley,Middlesbrough,away,12,0.08618170183399962,5.8297138367439345,0.3057831751459058,5.728961777570708,2021-07-01,2022-07-01
2022-02-26,Birmingham,Huddersfield,home,6,0.08618170183399962,4.563827057082925,0.022135058633238947,4.784210682144545,2021-07-01,2022-07-01
2022-02-26,Birmingham,Huddersfield,away,2,0.08618170183399962,3.795154912936841,-0.022135058633238947,4.299004167635412,2021-07-01,2022-07-01
2022-02-26,Blackpool,Reading,home,7,0.08618170183399962,4.86065391960436,0.21420300760118788,5.2104970596604145,2021-07-01,2022-07-01
2022-02-26,Blackpool,Reading,away,2,0.08618170183399962,4.308471667792983,-0.21420300760118788,4.290953634950606,2021-07-01,2022-07-01
2022-02-26,Bournemouth,Stoke,home,6,0.08618170183399962,5.609468889949361,0.344852623548983,5.771242916577929,2021-07-01,2022-07-01
2022-02-26,Bournemouth,Stoke,away,3,0.08618170183399962,5.097025927346778,-0.344852623548983,4.442383094389075,2021-07-01,2022-07-01
2022-02-26,Cardiff,Fulham,home,8,0.08618170183399962,3.854659866353854,-0.37024891936205095,3.948337220693836,2021-07-01,2022-07-01
2022-02-26,Cardiff,Fulham,away,9,0.08618170183399962,4.579587116862107,0.37024891936205095,5.252823695092287,2021-07-01,2022-07-01
2022-02-26,Coventry,Preston,home,4,0.08618170183399962,5.245076339188222,0.24121148109558543,5.431678488611742,2021-07-01,2022-07-01
2022-02-26,Coventry,Preston,away,8,0.08618170183399962,3.748453140708218,-0.24121148109558543,4.003555055921934,2021-07-01,2022-07-01
2022-02-26,Luton,Derby,home,7,0.08618170183399962,5.225243840465684,0.29936468781271086,5.518121608633362,2021-07-01,2022-07-01
2022-02-26,Luton,Derby,away,4,0.08618170183399962,5.023161850441125,-0.29936468781271086,4.474641453625074,2021-07-01,2022-07-01
2022-02-26,Millwall,Sheffield United,home,4,0.08618170183399962,4.54876697062007,-0.16443081640475277,4.517095834499421,2021-07-01,2022-07-01
2022-02-26,Millwall,Sheffield United,away,2,0.08618170183399962,4.488983903631863,0.16443081640475277,4.894944484361976,2021-07-01,2022-07-01
2022-02-26,Nott'm Forest,Bristol City,home,11,0.08618170183399962,6.036968936982514,0.35475120793422055,5.97838542427034,2021-07-01,2022-07-01
2022-02-26,Nott'm Forest,Bristol City,away,5,0.08618170183399962,3.772411936870702,-0.35475120793422055,3.8802693738532272,2021-07-01,2022-07-01
2022-02-26,Peterboro,Hull,home,5,0.08618170183399962,4.159043763741397,0.009225279292796262,4.5750207553714555,2021-07-01,2022-07-01
2022-02-26,Peterboro,Hull,away,1,0.08618170183399962,5.472156119400762,-0.009225279292796262,5.069054215158716,2021-07-01,2022-07-01
2022-02-28,West Brom,Swansea,home,4,0.08653534172187598,5.72140578559136,0.34543644782966204,5.822617558239271,2021-07-01,2022-07-01
2022-02-28,West Brom,Swansea,away,7,0.08653534172187598,3.978456164210436,-0.34543644782966204,3.9831849773008967,2021-07-01,2022-07-01
2022-03-01,Cardiff,Derby,home,3,0.08645040443134037,4.62548837640936,0.24795169570271236,5.15002417945349,2021-07-01,2022-07-01
2022-03-01,Cardiff,Derby,away,6,0.08645040443134037,4.364087738287974,-0.24795169570271236,4.271727712894252,2021-07-01,2022-07-01
2022-03-04,Huddersfield,Peterboro,home,4,0.08639507900306588,6.098851133059704,0.4416404741167115,6.163930354610325,2021-07-01,2022-07-01
2022-03-04,Huddersfield,Peterboro,away,4,0.08639507900306588,3.681628429538357,-0.4416404741167115,3.7401073547208106,2021-07-01,2022-07-01
2022-03-04,Sheffield United,Nott'm Forest,home,6,0.08639507900306588,6.295750942922562,0.2633698604476914,5.924973671744202,2021-07-01,2022-07-01
2022-03-04,Sheffield United,Nott'm Forest,away,12,0.08639507900306588,3.9006995432252807,-0.2633698604476914,4.04724419993134,2021-07-01,2022-07-01
2022-03-05,Fulham,Blackburn,home,5,0.08648212252386452,6.3557144882626035,0.5270787195490236,6.439799134522513,2021-07-01,2022-07-01
2022-03-05,Fulham,Blackburn,away,5,0.08648212252386452,4.028650261936399,-0.5270787195490236,3.7926820641250973,2021-07-01,2022-07-01
2022-03-05,Bristol City,Birmingham,home,4,0.08648212252386452,4.545133843874517,0.10569743672239468,4.896879121284474,2021-07-01,2022-07-01
2022-03-05,Bristol City,Birmingham,away,5,0.08648212252386452,5.2090524797482605,-0.10569743672239468,4.818839533056925,2021-07-01,2022-07-01
2022-03-05,Derby,Barnsley,home,4,0.08648212252386452,4.989200874705414,0.16907895239331838,5.199735056319184,2021-07-01,2022-07-01
2022-03-05,Derby,Barnsley,away,4,0.08648212252386452,4.021826870099369,-0.16907895239331838,4.219781098917304,2021-07-01,2022-07-01
2022-03-05,Hull,West Brom,home,5,0.08648212252386452,3.673111587684625,-0.1981232735641073,4.0704254081623965,2021-07-01,2022-07-01
2022-03-05,Hull,West Brom,away,3,0.08648212252386452,5.01369398214646,0.1981232735641073,5.19096608839089,2021-07-01,2022-07-01
2022-03-05,Middlesbrough,Luton,home,4,0.08648212252386452,6.382967846576932,0.3136966126656847,6.051650806771253,2021-07-01,2022-07-01
2022-03-05,Middlesbrough,Luton,away,2,0.08648212252386452,4.421683288670634,-0.3136966126656847,4.212470877805573,2021-07-01,2022-07-01
2022-03-05,Preston,Bournemouth,home,2,0.08648212252386452,4.721996961914389,-0.1352468131430779,4.632338795174769,2021-07-01,2022-07-01
2022-03-05,Preston,Bournemouth,away,4,0.08648212252386452,5.815061694399467,0.1352468131430779,5.437072031973458,2021-07-01,2022-07-01
2022-03-05,QPR,Cardiff,home,8,0.08648212252386452,6.020821915048028,0.16755689557538372,5.645088226646903,2021-07-01,2022-07-01
2022-03-05,QPR,Cardiff,away,2,0.08648212252386452,4.218055845106919,-0.16755689557538372,4.311065600930182,2021-07-01,2022-07-01
2022-03-05,Reading,Millwall,home,6,0.08648212252386452,4.50634839398359,-0.07052101164500807,4.627132798287999,2021-07-01,2022-07-01
2022-03-05,Reading,Millwall,away,2,0.08648212252386452,4.764729149770764,0.07052101164500807,4.885277593397161,2021-07-01,2022-07-01
2022-03-05,Stoke,Blackpool,home,2,0.08648212252386452,5.3662876697174315,0.2714297477561552,5.536504112031372,2021-07-01,2022-07-01
2022-03-05,Stoke,Blackpool,away,2,0.08648212252386452,3.372614858510647,-0.2714297477561552,3.7873227226227364,2021-07-01,2022-07-01
2022-03-05,Swansea,Coventry,home,1,0.08648212252386452,4.319063156554645,-0.024763641792731106,4.604381296377485,2021-07-01,2022-07-01
2022-03-05,Swansea,Coventry,away,4,0.08648212252386452,5.505259686802012,0.024763641792731106,5.134630684131894,2021-07-01,2022-07-01
2022-03-08,Barnsley,Stoke,home,2,0.08646547723102109,4.372196661774412,-0.10414052697616055,4.520211822457612,2021-07-01,2022-07-01
2022-03-08,Barnsley,Stoke,away,8,0.08646547723102109,5.54137167199184,0.10414052697616055,5.273571491347441,2021-07-01,2022-07-01
2022-03-08,Blackburn,Millwall,home,10,0.08646547723102109,5.596107646472183,0.20166579906298798,5.522666708356461,2021-07-01,2022-07-01
2022-03-08,Blackburn,Millwall,away,2,0.08646547723102109,3.738868018616463,-0.20166579906298798,4.04680151122426,2021-07-01,2022-07-01
2022-03-08,Bournemouth,Peterboro,home,3,0.08646547723102109,6.109859642984168,0.6725443621629175,6.611524601424487,2021-07-01,2022-07-01
2022-03-08,Bournemouth,Peterboro,away,7,0.08646547723102109,3.9560137417639716,-0.6725443621629175,3.601720860131635,2021-07-01,2022-07-01
2022-03-08,Coventry,Luton,home,2,0.08646547723102109,5.865890632888591,0.15336713197675766,5.557035415386814,2021-07-01,2022-07-01
2022-03-08,Coventry,Luton,away,2,0.08646547723102109,3.833920409662424,-0.15336713197675766,4.151466982230793,2021-07-01,2022-07-01
2022-03-08,Sheffield United,Middlesbrough,home,5,0.08646547723102109,5.386971637548058,0.20351489577925302,5.4339687770372445,2021-07-01,2022-07-01
2022-03-08,Sheffield United,Middlesbrough,away,3,0.08646547723102109,5.3087058972518655,-0.20351489577925302,4.7185644395574995,2021-07-01,2022-07-01
2022-03-08,Swansea,Fulham,home,2,0.08646547723102109,4.019984052580563,-0.3487016882337818,4.048012480868117,2021-07-01,2022-07-01
2022-03-08,Swansea,Fulham,away,5,0.08646547723102109,5.578660848952849,0.3487016882337818,5.692005325192233,2021-07-01,2022-07-01
2022-03-11,West Brom,Huddersfield,home,6,0.0866351681784812,6.268893169690899,0.2739080070937254,5.932582781616841,2021-07-01,2022-07-01
2022-03-11,West Brom,Huddersfield,away,7,0.0866351681784812,3.734500792036719,-0.2739080070937254,3.9579616490973497,2021-07-01,2022-07-01
2022-03-12,Barnsley,Fulham,home,4,0.08652149331775916,3.367797094744604,-0.5262091992191064,3.550599678383777,2021-07-01,2022-07-01
2022-03-12,Barnsley,Fulham,away,5,0.08652149331775916,6.153943256455015,0.5262091992191064,6.2682254057017595,2021-07-01,2022-07-01
2022-03-12,Birmingham,Hull,home,5,0.08652149331775916,4.456213109146264,0.18424626527840648,4.970338390106226,2021-07-01,2022-07-01
2022-03-12,Birmingham,Hull,away,6,0.08652149331775916,4.367013474898602,-0.18424626527840648,4.355478481056174,2021-07-01,2022-07-01
2022-03-12,Blackburn,Bristol City,home,7,0.08652149331775916,6.102043172404152,0.3484823797416986,5.9953422949656625,2021-07-01,2022-07-01
2022-03-12,Blackburn,Bristol City,away,3,0.08652149331775916,3.9133821675441016,-0.3484823797416986,3.950793864768524,2021-07-01,2022-07-01
2022-03-12,Blackpool,Swansea,home,7,0.08652149331775916,4.464794862424568,0.09885277170831136,4.848661124110574,2021-07-01,2022-07-01
2022-03-12,Blackpool,Swansea,away,3,0.08652149331775916,4.432622960680469,-0.09885277170831136,4.4979516258028385,2021-07-01,2022-07-01
2022-03-12,Bournemouth,Derby,home,7,0.08652149331775916,4.908282420512149,0.44861612515042115,5.614331846497404,2021-07-01,2022-07-01
2022-03-12,Bournemouth,Derby,away,4,0.08652149331775916,4.820411015470409,-0.44861612515042115,4.201800958144539,2021-07-01,2022-07-01
2022-03-12,Cardiff,Preston,home,5,0.08652149331775916,4.396452857860567,0.07370116794200565,4.77966878435598,2021-07-01,2022-07-01
2022-03-12,Cardiff,Preston,away,2,0.08652149331775916,4.451390839992385,-0.07370116794200565,4.540463518557757,2021-07-01,2022-07-01
2022-03-12,Coventry,Sheffield United,home,5,0.08652149331775916,4.624388540866921,-0.040354270837135164,4.722605288433036,2021-07-01,2022-07-01
2022-03-12,Coventry,Sheffield United,away,7,0.08652149331775916,4.1220529188353465,0.040354270837135164,4.5424567804483065,2021-07-01,2022-07-01
2022-03-12,Millwall,Middlesbrough,home,8,0.08652149331775916,4.66708971970509,-0.04903185381989511,4.729394776338231,2021-07-01,2022-07-01
2022-03-12,Millwall,Middlesbrough,away,6,0.08652149331775916,5.008236942701696,0.04903185381989511,4.961413121639874,2021-07-01,2022-07-01
2022-03-12,Nott'm Forest,Reading,home,2,0.08652149331775916,5.929646968888275,0.4633443818842362,6.12794044350378,2021-07-01,2022-07-01
2022-03-12,Nott'm Forest,Reading,away,4,0.08652149331775916,3.6333767974063518,-0.4633443818842362,3.694330585486883,2021-07-01,2022-07-01
2022-03-12,Peterboro,Stoke,home,3,0.08652149331775916,4.488637091356961,-0.19854519437157164,4.44499604830905,2021-07-01,2022-07-01
2022-03-12,Peterboro,Stoke,away,3,0.08652149331775916,5.338373180488808,0.19854519437157164,5.33684599335616,2021-07-01,2022-07-01
2022-03-13,Luton,QPR,home,4,0.08598880737251319,5.90092874927987,0.16290726817042606,5.587582352607379,2021-07-01,2022-07-01
2022-03-13,Luton,QPR,away,4,0.08598880737251319,4.752111902333905,-0.16290726817042606,4.549402137459081,2021-07-01,2022-07-01
2022-03-15,Barnsley,Bristol City,home,7,0.08592612455365564,4.649292996702284,0.10860121633362296,4.950218390372357,2021-07-01,2022-07-01
2022-03-15,Barnsley,Bristol City,away,3,0.08592612455365564,4.95812982049285,-0.10860121633362296,4.711259864992569,2021-07-01,2022-07-01
2022-03-15,Birmingham,Middlesbrough,home,5,0.08592612455365564,4.17633021024308,-0.19695879538627015,4.308319231455077,2021-07-01,2022-07-01
2022-03-15,Birmingham,Middlesbrough,away,7,0.08592612455365564,5.371377800139452,0.19695879538627015,5.348780412634942,2021-07-01,2022-07-01
2022-03-15,Blackburn,Derby,home,9,0.08592612455365564,5.168141285165801,0.3321441751752983,5.545823754225729,2021-07-01,2022-07-01
2022-03-15,Blackburn,Derby,away,1,0.08592612455365564,4.151070306803797,-0.3321441751752983,4.074488734706256,2021-07-01,2022-07-01
2022-03-15,Bournemouth,Reading,home,5,0.08592612455365564,5.359008452279378,0.5784286994118334,6.067298734699061,2021-07-01,2022-07-01
2022-03-15,Bournemouth,Reading,away,7,0.08592612455365564,4.194641111596483,-0.5784286994118334,3.8015648722829325,2021-07-01,2022-07-01
2022-03-15,West Brom,Fulham,home,8,0.08592612455365564,5.11022396062842,-0.20808923226483161,4.6923655533970345,2021-07-01,2022-07-01
2022-03-15,West Brom,Fulham,away,8,0.08592612455365564,5.226547423863231,0.20808923226483161,5.302570487335737,2021-07-01,2022-07-01
2022-03-16,Blackpool,Sheffield United,home,2,0.08574075068357079,4.288340845437666,-0.16411573098294696,4.401927737676188,2021-07-01,2022-07-01
2022-03-16,Blackpool,Sheffield United,away,5,0.08574075068357079,4.804869375761002,0.16411573098294696,5.0430316227260965,2021-07-01,2022-07-01
2022-03-16,Cardiff,Stoke,home,9,0.08574075068357079,4.87164645065069,0.0764346519779669,5.004395938437133,2021-07-01,2022-07-01
2022-03-16,Cardiff,Stoke,away,8,0.08574075068357079,4.646882077606796,-0.0764346519779669,4.623285390021228,2021-07-01,2022-07-01
2022-03-16,Coventry,Hull,home,12,0.08574075068357079,5.2881144979978005,0.428698717397591,5.766793672060582,2021-07-01,2022-07-01
2022-03-16,Coventry,Hull,away,5,0.08574075068357079,4.236307178024699,-0.428698717397591,3.993630155795896,2021-07-01,2022-07-01
2022-03-16,Luton,Preston,home,4,0.08574075068357079,5.1185059668283905,0.1423207350128486,5.216495599156952,2021-07-01,2022-07-01
2022-03-16,Luton,Preston,away,3,0.08574075068357079,4.8096420285291845,-0.1423207350128486,4.601883768857749,2021-07-01,2022-07-01
2022-03-16,Millwall,Huddersfield,home,7,0.08574075068357079,5.563238306823161,0.08979665431233097,5.326491641144837,2021-07-01,2022-07-01
2022-03-16,Millwall,Huddersfield,away,3,0.08574075068357079,3.6608954708924872,-0.08979665431233097,4.1463926913655795,2021-07-01,2022-07-01
2022-03-16,Nott'm Forest,QPR,home,6,0.08574075068357079,5.7322279726392615,0.2445989570399802,5.65372138136386,2021-07-01,2022-07-01
2022-03-16,Nott'm Forest,QPR,away,2,0.08574075068357079,3.914289361939828,-0.2445989570399802,4.076339855644469,2021-07-01,2022-07-01
2022-03-16,Peterboro,Swansea,home,3,0.08574075068357079,3.962456054438045,-0.1950079045222774,4.212349213657292,2021-07-01,2022-07-01
2022-03-16,Peterboro,Swansea,away,4,0.08574075068357079,4.549655450533642,0.1950079045222774,4.969321913938193,2021-07-01,2022-07-01
2022-03-19,Derby,Coventry,home,7,0.08577914312153838,4.006949060177163,-0.07372960447977339,4.390012469834947,2021-07-01,2022-07-01
2022-03-19,Derby,Coventry,away,10,0.08577914312153838,4.86011238858485,0.07372960447977339,4.932785370792564,2021-07-01,2022-07-01
2022-03-19,Sheffield United,Barnsley,home,7,0.08577914312153838,6.43791632490451,0.48528640244193266,6.395555082162804,2021-07-01,2022-07-01
2022-03-19,Sheffield United,Barnsley,away,6,0.08577914312153838,3.872051022324759,-0.48528640244193266,3.774190713590677,2021-07-01,2022-07-01
2022-03-19,Bristol City,West Brom,home,3,0.08577914312153838,3.1418913445165884,-0.20121829953669262,3.796713889775763,2021-07-01,2022-07-01
2022-03-19,Bristol City,West Brom,away,5,0.08577914312153838,6.233022057467488,0.20121829953669262,5.7176604863539895,2021-07-01,2022-07-01
2022-03-19,Huddersfield,Bournemouth,home,2,0.08577914312153838,4.711857327851824,-0.08474603149431481,4.698647843906091,2021-07-01,2022-07-01
2022-03-19,Huddersfield,Bournemouth,away,5,0.08577914312153838,4.806946815694674,0.08474603149431481,4.925246490729015,2021-07-01,2022-07-01
2022-03-19,Hull,Luton,home,6,0.08577914312153838,5.105517104157535,-0.06694210553841323,4.893450044164334,2021-07-01,2022-07-01
2022-03-19,Hull,Luton,away,5,0.08577914312153838,4.110909430358497,0.06694210553841323,4.573406132973643,2021-07-01,2022-07-01
2022-03-19,Reading,Blackburn,home,3,0.08577914312153838,3.921190907980614,-0.10643695793262142,4.305971150033867,2021-07-01,2022-07-01
2022-03-19,Reading,Blackburn,away,4,0.08577914312153838,5.309164912833873,0.10643695793262142,5.178813445542034,2021-07-01,2022-07-01
2022-03-19,Stoke,Millwall,home,4,0.08577914312153838,5.787831600127079,0.11193896405793641,5.456130554400306,2021-07-01,2022-07-01
2022-03-19,Stoke,Millwall,away,4,0.08577914312153838,3.7412982671162784,-0.11193896405793641,4.158458252151347,2021-07-01,2022-07-01
2022-03-19,Swansea,Birmingham,home,1,0.08577914312153838,4.843352039111223,0.260084837394993,5.27447447447625,2021-07-01,2022-07-01
2022-03-19,Swansea,Birmingham,away,6,0.08577914312153838,4.414220693974426,-0.260084837394993,4.277627405942619,2021-07-01,2022-07-01
2022-03-20,QPR,Peterboro,home,4,0.0854952328053636,6.084616389902785,0.4880940511044841,6.244059076455905,2021-07-01,2022-07-01
2022-03-20,QPR,Peterboro,away,2,0.0854952328053636,4.137214360053966,-0.4880940511044841,3.882449357504281,2021-07-01,2022-07-01
2022-04-01,Hull,Huddersfield,home,4,0.0855211128209544,5.294721936837697,-0.006380023258818923,5.063584118980682,2021-07-01,2022-07-01
2022-04-01,Hull,Huddersfield,away,9,0.0855211128209544,3.893991585474524,0.006380023258818923,4.3852472785964345,2021-07-01,2022-07-01
2022-04-02,Blackpool,Nott'm Forest,home,8,0.08549819621631687,5.001389361393945,-0.09829607480184166,4.803893498671157,2021-07-01,2022-07-01
2022-04-02,Blackpool,Nott'm Forest,away,4,0.08549819621631687,5.037218118417011,0.09829607480184166,5.0481122837361285,2021-07-01,2022-07-01
2022-04-02,Barnsley,Reading,home,1,0.08549819621631687,4.195319936482353,0.12999625573340828,4.762055590895514,2021-07-01,2022-07-01
2022-04-02,Barnsley,Reading,away,8,0.08549819621631687,4.773775321689155,-0.12999625573340828,4.603762790126464,2021-07-01,2022-07-01
2022-04-02,Bournemouth,Bristol City,home,12,0.08549819621631687,6.140763528484833,0.5335184622727471,6.355390385137638,2021-07-01,2022-07-01
2022-04-02,Bournemouth,Bristol City,away,3,0.08549819621631687,4.421984941431019,-0.5335184622727471,3.9436193991833943,2021-07-01,2022-07-01
2022-04-02,Cardiff,Swansea,home,8,0.08549819621631687,4.566947219849293,0.12001038948772741,4.928325280589436,2021-07-01,2022-07-01
2022-04-02,Cardiff,Swansea,away,4,0.08549819621631687,4.248814769725184,-0.12001038948772741,4.38702324512411,2021-07-01,2022-07-01
2022-04-02,Coventry,Blackburn,home,2,0.08549819621631687,5.23449784676717,0.18445296567679326,5.335188706306038,2021-07-01,2022-07-01
2022-04-02,Coventry,Blackburn,away,4,0.08549819621631687,4.221255216203966,-0.18445296567679326,4.290687803091464,2021-07-01,2022-07-01
2022-04-02,Derby,Preston,home,9,0.08549819621631687,4.338099236420627,0.022678870445936417,4.679456354444363,2021-07-01,2022-07-01
2022-04-02,Derby,Preston,away,5,0.08549819621631687,4.4180437605664755,-0.022678870445936417,4.5953160140080085,2021-07-01,2022-07-01
2022-04-02,Luton,Millwall,home,5,0.08549819621631687,6.136472629852892,0.16199384106264647,5.6830117959606925,2021-07-01,2022-07-01
2022-04-02,Luton,Millwall,away,4,0.08549819621631687,4.154429886994834,-0.16199384106264647,4.289509114142531,2021-07-01,2022-07-01
2022-04-02,Peterboro,Middlesbrough,home,5,0.08549819621631687,3.8392665078048185,-0.35585970915312226,3.958456615005709,2021-07-01,2022-07-01
2022-04-02,Peterboro,Middlesbrough,away,7,0.08549819621631687,5.844557119550264,0.35585970915312226,5.822228211158415,2021-07-01,2022-07-01
2022-04-02,QPR,Fulham,home,4,0.08549819621631687,4.731626406359722,-0.3562067857775482,4.338963590744979,2021-07-01,2022-07-01
2022-04-02,QPR,Fulham,away,5,0.08549819621631687,5.331111087997766,0.3562067857775482,5.592123615448897,2021-07-01,2022-07-01
2022-04-02,Stoke,Sheffield United,home,4,0.08549819621631687,4.24056944139613,-0.06380540653159017,4.514190141868483,2021-07-01,2022-07-01
2022-04-02,Stoke,Sheffield United,away,7,0.08549819621631687,4.609840586211854,0.06380540653159017,4.805112489690597,2021-07-01,2022-07-01
2022-04-03,Birmingham,West Brom,home,3,0.08531264930963012,3.4256063391982923,-0.2029352901934623,3.9417766212447805,2021-07-01,2022-07-01
2022-04-03,Birmingham,West Brom,away,6,0.08531264930963012,4.847105969639415,0.2029352901934623,5.121806643321974,2021-07-01,2022-07-01
2022-04-05,Millwall,Swansea,home,10,0.08525881819993558,5.168757269428322,0.19131858030089016,5.31656904243151,2021-07-01,2022-07-01
2022-04-05,Millwall,Swansea,away,5,0.08525881819993558,3.896016693979189,-0.19131858030089016,4.133541520108747,2021-07-01,2022-07-01
2022-04-05,Peterboro,Luton,home,4,0.08525881819993558,4.353734222431129,-0.3465903019682431,4.195137116479056,2021-07-01,2022-07-01
2022-04-05,Peterboro,Luton,away,6,0.08525881819993558,4.519137292835665,0.3465903019682431,5.185272187834274,2021-07-01,2022-07-01
2022-04-05,Preston,Blackpool,home,3,0.08525881819993558,4.839070149960888,0.13506086509115145,5.078234738989099,2021-07-01,2022-07-01
2022-04-05,Preston,Blackpool,away,3,0.08525881819993558,3.8290258559633554,-0.13506086509115145,4.171996939899495,2021-07-01,2022-07-01
2022-04-05,Sheffield United,QPR,home,5,0.08525881819993558,6.346205302187496,0.40182808929513103,6.198110826892692,2021-07-01,2022-07-01
2022-04-05,Sheffield United,QPR,away,5,0.08525881819993558,3.9969847329883033,-0.40182808929513103,3.9243410226719684,2021-07-01,2022-07-01
2022-04-05,Reading,Stoke,home,5,0.08525881819993558,4.37065958313714,-0.017790440268880048,4.638182554352371,2021-07-01,2022-07-01
2022-04-05,Reading,Stoke,away,3,0.08525881819993558,5.594872009394489,0.017790440268880048,5.1603995929061295,2021-07-01,2022-07-01
2022-04-06,Middlesbrough,Fulham,home,8,0.08503592320128202,5.166939773947098,-0.1402532350076527,4.812183283036258,2021-07-01,2022-07-01
2022-04-06,Middlesbrough,Fulham,away,4,0.08503592320128202,5.22066246195738,0.1402532350076527,5.193122257135786,2021-07-01,2022-07-01
2022-04-06,Nott'm Forest,Coventry,home,7,0.08503592320128202,4.953432776099031,0.21956597423697344,5.262457774212575,2021-07-01,2022-07-01
2022-04-06,Nott'm Forest,Coventry,away,2,0.08503592320128202,4.668847925052846,-0.21956597423697344,4.438060853559825,2021-07-01,2022-07-01
2022-04-06,West Brom,Bournemouth,home,6,0.08503592320128202,5.505471130494227,0.02248957550071773,5.196061912707364,2021-07-01,2022-07-01
2022-04-06,West Brom,Bournemouth,away,5,0.08503592320128202,5.236526108165256,-0.02248957550071773,4.952146601633996,2021-07-01,2022-07-01
2022-04-09,Sheffield United,Bournemouth,home,7,0.08486997404307851,5.456169023196983,0.08140367629505851,5.267886840649028,2021-07-01,2022-07-01
2022-04-09,Sheffield United,Bournemouth,away,4,0.08486997404307851,4.7870269559310525,-0.08140367629505851,4.67709892647042,2021-07-01,2022-07-01
2022-04-09,Blackburn,Blackpool,home,7,0.08486997404307851,5.29403723955277,0.3511857213417645,5.636946657520371,2021-07-01,2022-07-01
2022-04-09,Blackburn,Blackpool,away,6,0.08486997404307851,2.9773659121871803,-0.3511857213417645,3.500534787320396,2021-07-01,2022-07-01
2022-04-09,Bristol City,Peterboro,home,11,0.08486997404307851,4.562793486621243,0.30589457283822385,5.209026954721172,2021-07-01,2022-07-01
2022-04-09,Bristol City,Peterboro,away,4,0.08486997404307851,4.933644936324231,-0.30589457283822385,4.430712133113127,2021-07-01,2022-07-01
2022-04-09,Middlesbrough,Hull,home,7,0.08486997404307851,6.259803404175482,0.45319134745781553,6.256583888927179,2021-07-01,2022-07-01
2022-04-09,Middlesbrough,Hull,away,1,0.08486997404307851,4.594936233214655,-0.45319134745781553,4.108581749030157,2021-07-01,2022-07-01
2022-04-09,Millwall,Barnsley,home,7,0.08486997404307851,6.065949535882673,0.3554376819175824,5.992221288790413,2021-07-01,2022-07-01
2022-04-09,Millwall,Barnsley,away,7,0.08486997404307851,3.9298309706757624,-0.3554376819175824,3.9498319283911085,2021-07-01,2022-07-01
2022-04-09,Nott'm Forest,Birmingham,home,9,0.08486997404307851,5.7989111949804855,0.4420329719082181,6.029474101556428,2021-07-01,2022-07-01
2022-04-09,Nott'm Forest,Birmingham,away,4,0.08486997404307851,3.6452966208138298,-0.4420329719082181,3.723395861743739,2021-07-01,2022-07-01
2022-04-09,Preston,QPR,home,7,0.08486997404307851,5.001552411941786,0.16332549199609847,5.196409326394468,2021-07-01,2022-07-01
2022-04-09,Preston,QPR,away,5,0.08486997404307851,4.722062750875258,-0.16332549199609847,4.536162063435107,2021-07-01,2022-07-01
2022-04-09,Reading,Cardiff,home,5,0.08486997404307851,4.806795654891335,0.09229340540283121,4.9987338515789785,2021-07-01,2022-07-01
2022-04-09,Reading,Cardiff,away,5,0.08486997404307851,4.374362883229952,-0.09229340540283121,4.480675526256909,2021-07-01,2022-07-01
2022-04-09,Swansea,Derby,home,3,0.08486997404307851,4.339729158787212,0.18851997749015192,4.919097125356984,2021-07-01,2022-07-01
2022-04-09,Swansea,Derby,away,4,0.08486997404307851,4.753617195440088,-0.18851997749015192,4.515190205083685,2021-07-01,2022-07-01
2022-04-09,West Brom,Stoke,home,6,0.08486997404307851,6.429641385336764,0.27789404795178907,6.00617471999953,2021-07-01,2022-07-01
2022-04-09,West Brom,Stoke,away,4,0.08486997404307851,5.115384379262363,-0.27789404795178907,4.539739430220147,2021-07-01,2022-07-01
2022-04-10,Fulham,Coventry,home,6,0.08439803753838568,6.086980488933773,0.4914461068064503,6.2514122118908215,2021-07-01,2022-07-01
2022-04-10,Fulham,Coventry,away,10,0.08439803753838568,4.548547345079495,-0.4914461068064503,4.043595459423289,2021-07-01,2022-07-01
2022-04-11,Huddersfield,Luton,home,6,0.08439904303433352,5.069348580008502,0.0969579928498468,5.124162467066494,2021-07-01,2022-07-01
2022-04-11,Huddersfield,Luton,away,3,0.08439904303433352,4.112325014997186,-0.0969579928498468,4.354519741845807,2021-07-01,2022-07-01
2022-04-15,Luton,Nott'm Forest,home,6,0.08434600090448816,5.721270620466872,-0.05281272013686217,5.166540814711891,2021-07-01,2022-07-01
2022-04-15,Luton,Nott'm Forest,away,1,0.08434600090448816,5.247638788742419,0.05281272013686217,5.070074401958503,2021-07-01,2022-07-01
2022-04-15,Birmingham,Coventry,home,8,0.08434600090448816,4.186425333872861,-0.11984880647927881,4.413880525671126,2021-07-01,2022-07-01
2022-04-15,Birmingham,Coventry,away,7,0.08434600090448816,5.346926132064175,0.11984880647927881,5.215931283729203,2021-07-01,2022-07-01
2022-04-15,Bournemouth,Middlesbrough,home,3,0.08434600090448816,5.0919520978336505,0.2204734731927941,5.3281114155667035,2021-07-01,2022-07-01
2022-04-15,Bournemouth,Middlesbrough,away,4,0.08434600090448816,5.884028773917276,-0.2204734731927941,4.9118644362936905,2021-07-01,2022-07-01
2022-04-15,Hull,Cardiff,home,4,0.08434600090448816,5.6593086409628715,0.054550613030702244,5.310262605567197,2021-07-01,2022-07-01
2022-04-15,Hull,Cardiff,away,4,0.08434600090448816,4.1505830897455205,-0.054550613030702244,4.42829455272531,2021-07-01,2022-07-01
2022-04-15,Peterboro,Blackburn,home,7,0.08434600090448816,3.7928515548572945,-0.32771644392794896,3.970744992384573,2021-07-01,2022-07-01
2022-04-15,Peterboro,Blackburn,away,6,0.08434600090448816,4.976323186782748,0.32771644392794896,5.379138850204265,2021-07-01,2022-07-01
2022-04-15,Preston,Millwall,home,10,0.08434600090448816,5.431671526185302,0.09847860122142149,5.284488910236852,2021-07-01,2022-07-01
2022-04-15,Preston,Millwall,away,6,0.08434600090448816,4.330085103411083,-0.09847860122142149,4.452404337669031,2021-07-01,2022-07-01
2022-04-15,Sheffield United,Reading,home,6,0.08434600090448816,5.900862313680098,0.4379501639746223,6.0684123935558745,2021-07-01,2022-07-01
2022-04-15,Sheffield United,Reading,away,2,0.08434600090448816,4.090817406727467,-0.4379501639746223,3.9218307886057784,2021-07-01,2022-07-01
2022-04-15,Stoke,Bristol City,home,6,0.08434600090448816,6.039099367884491,0.33856707694593735,5.950337448466298,2021-07-01,2022-07-01
2022-04-15,Stoke,Bristol City,away,0,0.08434600090448816,4.028931466520663,-0.33856707694593735,4.01359232466036,2021-07-01,2022-07-01
2022-04-15,Swansea,Barnsley,home,6,0.08434600090448816,4.679144315044231,0.3631601504833563,5.358330995209446,2021-07-01,2022-07-01
2022-04-15,Swansea,Barnsley,away,8,0.08434600090448816,4.679132479896,-0.3631601504833563,4.254956699164713,2021-07-01,2022-07-01
2022-04-15,West Brom,Blackpool,home,7,0.08434600090448816,6.030560607828912,0.3631674251268734,5.9907087957112415,2021-07-01,2022-07-01
2022-04-15,West Brom,Blackpool,away,3,0.08434600090448816,3.670795385114863,-0.3631674251268734,3.8242895509311112,2021-07-01,2022-07-01
2022-04-15,Huddersfield,QPR,home,7,0.08434600090448816,5.296392757935348,0.23472730776642903,5.444373279389324,2021-07-01,2022-07-01
2022-04-15,Huddersfield,QPR,away,4,0.08434600090448816,4.06599778288649,-0.23472730776642903,4.157363515601496,2021-07-01,2022-07-01
2022-04-15,Derby,Fulham,home,3,0.08434600090448816,4.439189062132768,-0.42133023137229897,4.137280669494914,2021-07-01,2022-07-01
2022-04-15,Derby,Fulham,away,8,0.08434600090448816,5.285294395995725,0.42133023137229897,5.680908924302485,2021-07-01,2022-07-01
2022-04-18,Middlesbrough,Huddersfield,home,11,0.08403967525542806,6.1855480007767625,0.3043991462043142,5.95199869752727,2021-07-01,2022-07-01
2022-04-18,Middlesbrough,Huddersfield,away,4,0.08403967525542806,3.935653868418905,-0.3043991462043142,4.013418778167977,2021-07-01,2022-07-01
2022-04-18,Barnsley,Peterboro,home,9,0.08403967525542806,4.607148984277121,0.21654395842356006,5.092798869821141,2021-07-01,2022-07-01
2022-04-18,Barnsley,Peterboro,away,3,0.08403967525542806,4.636155136175353,-0.21654395842356006,4.428385493486908,2021-07-01,2022-07-01
2022-04-18,Blackburn,Stoke,home,1,0.08403967525542806,5.792210624669293,0.2157676348547718,5.630718095058818,2021-07-01,2022-07-01
2022-04-18,Blackburn,Stoke,away,3,0.08403967525542806,4.363474910198895,-0.2157676348547718,4.312927022320699,2021-07-01,2022-07-01
2022-04-18,Blackpool,Birmingham,home,9,0.08403967525542806,5.299425837641684,0.1714450367382222,5.3432812195399375,2021-07-01,2022-07-01
2022-04-18,Blackpool,Birmingham,away,7,0.08403967525542806,4.176807809136267,-0.1714450367382222,4.287472583106897,2021-07-01,2022-07-01
2022-04-18,Cardiff,Luton,home,9,0.08403967525542806,5.1451667781348505,-0.026909824628489787,4.9694776976635024,2021-07-01,2022-07-01
2022-04-18,Cardiff,Luton,away,4,0.08403967525542806,4.17207115541378,0.026909824628489787,4.5482182952544585,2021-07-01,2022-07-01
2022-04-18,Coventry,Bournemouth,home,10,0.08403967525542806,5.074139565743528,-0.061778531001183135,4.8877740299001315,2021-07-01,2022-07-01
2022-04-18,Coventry,Bournemouth,away,3,0.08403967525542806,4.540634677036245,0.061778531001183135,4.770358351143659,2021-07-01,2022-07-01
2022-04-18,Millwall,Hull,home,5,0.08403967525542806,5.9834248206326,0.3134038497137234,5.881565487045788,2021-07-01,2022-07-01
2022-04-18,Millwall,Hull,away,7,0.08403967525542806,4.25368071807829,-0.3134038497137234,4.141699908457276,2021-07-01,2022-07-01
2022-04-18,QPR,Derby,home,6,0.08403967525542806,5.142033736077487,0.13262320028093177,5.211832062910651,2021-07-01,2022-07-01
2022-04-18,QPR,Derby,away,5,0.08403967525542806,4.425041066537754,-0.13262320028093177,4.449239025345077,2021-07-01,2022-07-01
2022-04-18,Reading,Swansea,home,5,0.08403967525542806,4.16313366298799,0.058698534933137314,4.645472024169021,2021-07-01,2022-07-01
2022-04-18,Reading,Swansea,away,3,0.08403967525542806,4.771201933110109,-0.058698534933137314,4.702231577650236,2021-07-01,2022-07-01
2022-04-18,Bristol City,Sheffield United,home,2,0.08403967525542806,3.7000182680019416,-0.2908144217179124,3.971464259595884,2021-07-01,2022-07-01
2022-04-18,Bristol City,Sheffield United,away,7,0.08403967525542806,6.089652893881796,0.2908144217179124,5.813723040601492,2021-07-01,2022-07-01
2022-04-18,Nott'm Forest,West Brom,home,8,0.08403967525542806,4.225898604504574,0.19862210277806647,4.876709830526916,2021-07-01,2022-07-01
2022-04-18,Nott'm Forest,West Brom,away,0,0.08403967525542806,4.3019154857242885,-0.19862210277806647,4.308182501439368,2021-07-01,2022-07-01
2022-04-19,Fulham,Preston,home,6,0.08419472766659161,6.232171849172533,0.5243637902756468,6.379259247858301,2021-07-01,2022-07-01
2022-04-19,Fulham,Preston,away,5,0.08419472766659161,4.22559076417907,-0.5243637902756468,3.876267619705682,2021-07-01,2022-07-01
2022-04-22,Huddersfield,Barnsley,home,2,0.08408534207140834,5.541373685976818,0.42789408417827707,5.885211947684262,2021-07-01,2022-07-01
2022-04-22,Huddersfield,Barnsley,away,7,0.08408534207140834,4.290282399629672,-0.42789408417827707,4.016892650305701,2021-07-01,2022-07-01
2022-04-23,Luton,Blackpool,home,0,0.0840907229892221,5.453731158323954,0.2692870182312627,5.572405233180289,2021-07-01,2022-07-01
2022-04-23,Luton,Blackpool,away,3,0.0840907229892221,3.5811732718492055,-0.2692870182312627,3.8910677558313393,2021-07-01,2022-07-01
2022-04-23,Birmingham,Millwall,home,4,0.0840907229892221,5.298762777092503,-0.146467939641103,4.856713642989419,2021-07-01,2022-07-01
2022-04-23,Birmingham,Millwall,away,6,0.0840907229892221,4.10520688505644,0.146467939641103,4.681028924432479,2021-07-01,2022-07-01
2022-04-23,Bournemouth,Fulham,home,4,0.0840907229892221,4.827780009397524,0.09801031687546058,5.016918152424532,2021-07-01,2022-07-01
2022-04-23,Bournemouth,Fulham,away,3,0.0840907229892221,5.551791981416336,-0.09801031687546058,4.967205553625494,2021-07-01,2022-07-01
2022-04-23,Derby,Bristol City,home,2,0.0840907229892221,5.755260565937171,0.18499077301619854,5.563266441774952,2021-07-01,2022-07-01
2022-04-23,Derby,Bristol City,away,5,0.0840907229892221,4.119086755438582,-0.18499077301619854,4.244029869099667,2021-07-01,2022-07-01
2022-04-23,Hull,Reading,home,5,0.0840907229892221,4.8326060723673,0.01969487047299906,4.902515383033478,2021-07-01,2022-07-01
2022-04-23,Hull,Reading,away,5,0.0840907229892221,4.339984548109761,-0.01969487047299906,4.56352586965675,2021-07-01,2022-07-01
2022-04-23,Peterboro,Nott'm Forest,home,6,0.0840907229892221,4.611394591706554,-0.38738442525836025,4.250178201526939,2021-07-01,2022-07-01
2022-04-23,Peterboro,Nott'm Forest,away,5,0.0840907229892221,5.271624030216563,0.38738442525836025,5.61692068128947,2021-07-01,2022-07-01
2022-04-23,Sheffield United,Cardiff,home,5,0.0840907229892221,6.7078355501705955,0.4436450839328537,6.431207108266876,2021-07-01,2022-07-01
2022-04-23,Sheffield United,Cardiff,away,4,0.0840907229892221,3.7046095234674814,-0.4436450839328537,3.7480981604076886,2021-07-01,2022-07-01
2022-04-23,Stoke,QPR,home,9,0.0840907229892221,5.321006945669249,0.20819471195937667,5.412209091954498,2021-07-01,2022-07-01
2022-04-23,Stoke,QPR,away,7,0.0840907229892221,4.0262962749770725,-0.20819471195937667,4.172564453840857,2021-07-01,2022-07-01
2022-04-23,Swansea,Middlesbrough,home,8,0.0840907229892221,3.9441208807116284,-0.12264342343467133,4.296075064943093,2021-07-01,2022-07-01
2022-04-23,Swansea,Middlesbrough,away,2,0.0840907229892221,6.103072062687483,0.12264342343467133,5.532897994773527,2021-07-01,2022-07-01
2022-04-23,West Brom,Coventry,home,7,0.0840907229892221,5.841269785295969,0.14138901616809585,5.526861876156563,2021-07-01,2022-07-01
2022-04-23,West Brom,Coventry,away,3,0.0840907229892221,5.514551691020179,-0.14138901616809585,4.888463163695205,2021-07-01,2022-07-01
2022-04-25,Preston,Blackburn,home,4,0.08383603286623666,4.66244669234544,0.0,4.7974126206421195,2021-07-01,2022-07-01
2022-04-25,Preston,Blackburn,away,6,0.08383603286623666,5.178578035428655,-0.0,4.961355152503767,2021-07-01,2022-07-01
2022-04-26,Barnsley,Blackpool,home,6,0.08374837221490482,4.010980001545268,-0.08770268670848624,4.373572008072706,2021-07-01,2022-07-01
2022-04-26,Barnsley,Blackpool,away,4,0.08374837221490482,4.020158064734056,0.08770268670848624,4.557047162407904,2021-07-01,2022-07-01
2022-04-26,Fulham,Nott'm Forest,home,8,0.08374837221490482,6.934630361487697,0.26820589378105897,6.191163795903752,2021-07-01,2022-07-01
2022-04-26,Fulham,Nott'm Forest,away,5,0.08374837221490482,4.646971628360422,-0.26820589378105897,4.36471593934103,2021-07-01,2022-07-01
2022-04-26,Swansea,Bournemouth,home,4,0.08374837221490482,4.390055618815647,-0.24309392265193366,4.343340093935714,2021-07-01,2022-07-01
2022-04-26,Swansea,Bournemouth,away,7,0.08374837221490482,5.214527132333236,0.24309392265193366,5.353155310663452,2021-07-01,2022-07-01
2022-04-27,Middlesbrough,Cardiff,home,9,0.08350197264087987,6.860355833449167,0.4344980861834795,6.477287469313981,2021-07-01,2022-07-01
2022-04-27,Middlesbrough,Cardiff,away,4,0.08350197264087987,3.7894785867772374,-0.4344980861834795,3.7960187799354044,2021-07-01,2022-07-01
2022-04-29,QPR,Sheffield United,home,1,0.08348055884574505,4.31273092160838,-0.35066459353012003,4.172613998019104,2021-07-01,2022-07-01
2022-04-29,QPR,Sheffield United,away,15,0.08348055884574505,5.073759939901298,0.35066459353012003,5.4626927263673695,2021-07-01,2022-07-01
2022-04-30,Barnsley,Preston,home,3,0.0841275579543328,4.112544334592901,-0.13789657756682488,4.355801638984381,2021-07-01,2022-07-01
2022-04-30,Barnsley,Preston,away,10,0.0841275579543328,5.039509630895332,0.13789657756682488,5.1094950926272364,2021-07-01,2022-07-01
2022-04-30,Blackburn,Bournemouth,home,6,0.0841275579543328,5.12767697751932,-0.06278966414830806,4.908891535657211,2021-07-01,2022-07-01
2022-04-30,Blackburn,Bournemouth,away,2,0.0841275579543328,4.416544989174707,0.06278966414830806,4.714024896745302,2021-07-01,2022-07-01
2022-04-30,Blackpool,Derby,home,5,0.0841275579543328,5.082098787521912,0.2744792693790674,5.410574566343951,2021-07-01,2022-07-01
2022-04-30,Blackpool,Derby,away,1,0.0841275579543328,4.520304993026246,-0.2744792693790674,4.303890168484591,2021-07-01,2022-07-01
2022-04-30,Bristol City,Hull,home,1,0.0841275579543328,4.548886772189029,0.13132004646046636,4.936475957694797,2021-07-01,2022-07-01
2022-04-30,Bristol City,Hull,away,4,0.0841275579543328,5.736800771205248,-0.13132004646046636,4.989182873794696,2021-07-01,2022-07-01
2022-04-30,Cardiff,Birmingham,home,7,0.0841275579543328,5.655916893372105,0.18962104072398195,5.528517292225901,2021-07-01,2022-07-01
2022-04-30,Cardiff,Birmingham,away,2,0.0841275579543328,4.2207173693462785,-0.18962104072398195,4.28379716460714,2021-07-01,2022-07-01
2022-04-30,Coventry,Huddersfield,home,10,0.0841275579543328,6.076662150772014,0.07286333202048051,5.509214688937228,2021-07-01,2022-07-01
2022-04-30,Coventry,Huddersfield,away,3,0.0841275579543328,3.738613562223747,-0.07286333202048051,4.2061910229384,2021-07-01,2022-07-01
2022-04-30,Middlesbrough,Stoke,home,7,0.0841275579543328,6.3767565650216955,0.3044767734307122,6.032344074019653,2021-07-01,2022-07-01
2022-04-30,Middlesbrough,Stoke,away,1,0.0841275579543328,4.492915856703737,-0.3044767734307122,4.253930198420102,2021-07-01,2022-07-01
2022-04-30,Millwall,Peterboro,home,8,0.0841275579543328,6.613016511419538,0.5029328287606434,6.505828030699852,2021-07-01,2022-07-01
2022-04-30,Millwall,Peterboro,away,12,0.0841275579543328,3.7799951578327757,-0.5029328287606434,3.714745510658714,2021-07-01,2022-07-01
2022-04-30,Nott'm Forest,Swansea,home,12,0.0841275579543328,5.684091682822274,0.45056292498049266,5.992011813434723,2021-07-01,2022-07-01
2022-04-30,Nott'm Forest,Swansea,away,4,0.0841275579543328,3.545450469149063,-0.45056292498049266,3.668801677556321,2021-07-01,2022-07-01
2022-04-30,Reading,West Brom,home,6,0.0841275579543328,3.3329036081411108,-0.06615055613299403,4.057738867795441,2021-07-01,2022-07-01
2022-04-30,Reading,West Brom,away,5,0.0841275579543328,5.11122858684359,0.06615055613299403,5.031804675752646,2021-07-01,2022-07-01
2022-05-02,Fulham,Luton,home,5,0.08472366393024865,6.887537192137212,0.45968058932289,6.537788931292976,2021-07-01,2022-07-01
2022-05-02,Fulham,Luton,away,3,0.08472366393024865,4.11352506322959,-0.45968058932289,3.905828445185415,2021-07-01,2022-07-01
2022-05-03,Bournemouth,Nott'm Forest,home,4,0.08467853245465325,5.762605509759784,0.1256696663048426,5.468151921067769,2021-07-01,2022-07-01
2022-05-03,Bournemouth,Nott'm Forest,away,3,0.08467853245465325,4.896782670728302,-0.1256696663048426,4.661597540791404,2021-07-01,2022-07-01
2022-05-07,Birmingham,Blackburn,home,8,0.08465449480178508,4.20509779494181,-0.04805682091097707,4.518859211303786,2021-07-01,2022-07-01
2022-05-07,Birmingham,Blackburn,away,1,0.08465449480178508,4.860950173350355,0.04805682091097707,4.89529139296038,2021-07-01,2022-07-01
2022-05-07,Bournemouth,Millwall,home,6,0.08465449480178508,5.925473933642738,0.23757123206916891,5.72465583252814,2021-07-01,2022-07-01
2022-05-07,Bournemouth,Millwall,away,5,0.08465449480178508,4.102416341454308,-0.23757123206916891,4.170133341599131,2021-07-01,2022-07-01
2022-05-07,Derby,Cardiff,home,7,0.08465449480178508,5.289908760964712,0.11575875486381326,5.250562198399471,2021-07-01,2022-07-01
2022-05-07,Derby,Cardiff,away,1,0.08465449480178508,4.182322181175808,-0.11575875486381326,4.36226741842861,2021-07-01,2022-07-01
2022-05-07,Huddersfield,Bristol City,home,7,0.08465449480178508,5.796225300990361,0.24426345163836521,5.680815275377806,2021-07-01,2022-07-01
2022-05-07,Huddersfield,Bristol City,away,2,0.08465449480178508,3.8697517645576553,-0.24426345163836521,4.056290420332683,2021-07-01,2022-07-01
2022-05-07,Hull,Nott'm Forest,home,6,0.08465449480178508,5.257534362268703,-0.30140083558613906,4.62013491533886,2021-07-01,2022-07-01
2022-05-07,Hull,Nott'm Forest,away,4,0.08465449480178508,4.888888269781256,0.30140083558613906,5.295385666807384,2021-07-01,2022-07-01
2022-05-07,Luton,Reading,home,1,0.08465449480178508,5.092153903759096,0.5026395076352588,5.7991281170306435,2021-07-01,2022-07-01
2022-05-07,Luton,Reading,away,4,0.08465449480178508,4.258002849075108,-0.5026395076352588,3.9147558117472725,2021-07-01,2022-07-01
2022-05-07,Peterboro,Blackpool,home,4,0.08465449480178508,4.283622809260501,-0.15669229911958094,4.409612205112855,2021-07-01,2022-07-01
2022-05-07,Peterboro,Blackpool,away,4,0.08465449480178508,3.8626627437965344,0.15669229911958094,4.571362205809365,2021-07-01,2022-07-01
2022-05-07,Preston,Middlesbrough,home,7,0.08465449480178508,4.679659461536803,-0.37521322190846157,4.293383424591034,2021-07-01,2022-07-01
2022-05-07,Preston,Middlesbrough,away,0,0.08465449480178508,6.062943362763089,0.37521322190846157,5.951368315441302,2021-07-01,2022-07-01
2022-05-07,Sheffield United,Fulham,home,2,0.08465449480178508,5.2803945521507485,0.19590540063536882,5.3741478576491435,2021-07-01,2022-07-01
2022-05-07,Sheffield United,Fulham,away,7,0.08465449480178508,4.832084476301636,-0.19590540063536882,4.537738952280965,2021-07-01,2022-07-01
2022-05-07,Stoke,Coventry,home,4,0.08465449480178508,5.016700835918558,0.06310220081936624,5.049125539232208,2021-07-01,2022-07-01
2022-05-07,Stoke,Coventry,away,7,0.08465449480178508,5.099544139520505,-0.06310220081936624,4.835462096921033,2021-07-01,2022-07-01
2022-05-07,Swansea,QPR,home,0,0.08465449480178508,4.886502059703105,0.1897880821877656,5.184528528889092,2021-07-01,2022-07-01
2022-05-07,Swansea,QPR,away,5,0.08465449480178508,4.7740619408078615,-0.1897880821877656,4.521996491188826,2021-07-01,2022-07-01
2022-05-07,West Brom,Barnsley,home,6,0.08465449480178508,6.494291424822995,0.5694663521266349,6.5844018869579966,2021-07-01,2022-07-01
2022-05-07,West Brom,Barnsley,away,1,0.08465449480178508,4.644306785195613,-0.5694663521266349,3.986351184951617,2021-07-01,2022-07-01
2022-07-30,Blackburn,QPR,home,6,0.08500151455382984,5.564127932076322,0.19962359540195956,5.520575055155135,2022-07-01,2023-07-01
2022-07-30,Blackburn,QPR,away,0,0.08500151455382984,3.922254221704369,-0.19962359540195956,4.17646069796527,2022-07-01,2023-07-01
2022-07-30,Blackpool,Reading,home,3,0.08500151455382984,4.934962423478819,0.22747946458473628,5.3478426512233,2022-07-01,2023-07-01
2022-07-30,Blackpool,Reading,away,10,0.08500151455382984,4.196153381945485,-0.22747946458473628,4.232611275146348,2022-07-01,2023-07-01
2022-07-30,Cardiff,Norwich,home,1,0.08500151455382984,5.050390645679941,-0.08726716608719548,4.796446964659804,2022-07-01,2023-07-01
2022-07-30,Cardiff,Norwich,away,7,0.08500151455382984,4.320788351749684,0.08726716608719548,4.806813922681929,2022-07-01,2023-07-01
2022-07-30,Hull,Bristol City,home,6,0.08500151455382984,5.818267962902014,0.07375478927203066,5.351635250461828,2022-07-01,2023-07-01
2022-07-30,Hull,Bristol City,away,3,0.08500151455382984,4.06583437903476,-0.07375478927203066,4.432009284555035,2022-07-01,2023-07-01
2022-07-30,Luton,Birmingham,home,10,0.08500151455382984,5.511551423732872,0.29002879528560904,5.690146657286014,2022-07-01,2023-07-01
2022-07-30,Luton,Birmingham,away,6,0.08500151455382984,4.2584493300075446,-0.29002879528560904,4.156840963553145,2022-07-01,2023-07-01
2022-07-30,Millwall,Stoke,home,8,0.08500151455382984,5.809310183444442,0.1106816723822498,5.422627301317266,2022-07-01,2023-07-01
2022-07-30,Millwall,Stoke,away,2,0.08500151455382984,4.789893872040186,-0.1106816723822498,4.630596669512288,2022-07-01,2023-07-01
2022-07-30,Rotherham,Swansea,home,5,0.08500151455382984,5.546874194177591,0.0,5.120365579892456,2022-07-01,2023-07-01
2022-07-30,Rotherham,Swansea,away,6,0.08500151455382984,4.613943368134231,-0.0,4.761984668863727,2022-07-01,2023-07-01
2022-07-30,Wigan,Preston,home,7,0.08500151455382984,4.93873595401596,0.0668172506172191,5.0393206545905045,2022-07-01,2023-07-01
2022-07-30,Wigan,Preston,away,4,0.08500151455382984,4.682764466389613,-0.0668172506172191,4.669440952932056,2022-07-01,2023-07-01
2022-07-30,Middlesbrough,West Brom,home,4,0.08500151455382984,5.124109167192191,0.13648056679690684,5.238800349426819,2022-07-01,2023-07-01
2022-07-30,Middlesbrough,West Brom,away,3,0.08500151455382984,4.3516471061277855,-0.13648056679690684,4.434457124852254,2022-07-01,2023-07-01
2022-07-31,Sunderland,Coventry,home,4,0.08503587404132082,4.977052503133432,-0.010807793584085956,4.9093689974984285,2022-07-01,2023-07-01
2022-07-31,Sunderland,Coventry,away,3,0.08503587404132082,5.341034877788457,0.010807793584085956,5.033260848629649,2022-07-01,2023-07-01
2022-08-01,Watford,Sheffield United,home,5,0.08501168431856242,4.193916307193622,0.11852897220713637,4.8504779141765955,2022-07-01,2023-07-01
2022-08-01,Watford,Sheffield United,away,4,0.08501168431856242,5.463603571139797,-0.11852897220713637,4.83549521438034,2022-07-01,2023-07-01
2022-08-05,Birmingham,Huddersfield,home,6,0.08493151362227093,5.281360779374855,0.09697732997481112,5.217564271292248,2022-07-01,2023-07-01
2022-08-05,Birmingham,Huddersfield,away,7,0.08493151362227093,4.15971895841199,-0.09697732997481112,4.429301076270582,2022-07-01,2023-07-01
2022-08-06,Norwich,Wigan,home,9,0.08482462284674148,5.3634190843972425,0.3690280212495216,5.803836081735316,2022-07-01,2023-07-01
2022-08-06,Norwich,Wigan,away,0,0.08482462284674148,4.775649020251039,-0.3690280212495216,4.202405743843193,2022-07-01,2023-07-01
2022-08-06,Bristol City,Sunderland,home,8,0.08482462284674148,4.281857390605834,0.05973938467832174,4.780392409996094,2022-07-01,2023-07-01
2022-08-06,Bristol City,Sunderland,away,9,0.08482462284674148,5.436850543117159,-0.05973938467832174,4.93376181481778,2022-07-01,2023-07-01
2022-08-06,Preston,Hull,home,4,0.08482462284674148,5.176972157102879,0.243107511098,5.4701802350528705,2022-07-01,2023-07-01
2022-08-06,Preston,Hull,away,1,0.08482462284674148,4.915802691411355,-0.243107511098,4.448635957861696,2022-07-01,2023-07-01
2022-08-06,QPR,Middlesbrough,home,5,0.08482462284674148,4.884074845455887,-0.07934238741958544,4.754353470170265,2022-07-01,2023-07-01
2022-08-06,QPR,Middlesbrough,away,5,0.08482462284674148,5.641521647501813,0.07934238741958544,5.263263475791312,2022-07-01,2023-07-01
2022-08-06,Reading,Cardiff,home,1,0.08482462284674148,4.9767784934643995,0.0461050251072988,5.01418422885729,2022-07-01,2023-07-01
2022-08-06,Reading,Cardiff,away,2,0.08482462284674148,4.262953985527649,-0.0461050251072988,4.552838887040053,2022-07-01,2023-07-01
2022-08-06,Sheffield United,Millwall,home,3,0.08482462284674148,6.370729024004199,0.3043438105070802,6.019034060526948,2022-07-01,2023-07-01
2022-08-06,Sheffield United,Millwall,away,5,0.08482462284674148,4.001510206635125,-0.3043438105070802,4.045410002950215,2022-07-01,2023-07-01
2022-08-06,Stoke,Blackpool,home,5,0.08482462284674148,4.920763048392187,0.20316018740732256,5.294381184640835,2022-07-01,2023-07-01
2022-08-06,Stoke,Blackpool,away,6,0.08482462284674148,3.6101583926352983,-0.20316018740732256,4.051282477449898,2022-07-01,2023-07-01
2022-08-06,Swansea,Blackburn,home,5,0.08482462284674148,4.140248652970129,0.09258385816940873,4.782269563256033,2022-07-01,2023-07-01
2022-08-06,Swansea,Blackburn,away,4,0.08482462284674148,4.928344297011813,-0.09258385816940873,4.708719115054552,2022-07-01,2023-07-01
2022-08-08,West Brom,Watford,home,12,0.085111529162391,5.887424696993616,0.08988367287158261,5.406186031416195,2022-07-01,2023-07-01
2022-08-08,West Brom,Watford,away,0,0.085111529162391,4.785222495065298,-0.08988367287158261,4.664917311140504,2022-07-01,2023-07-01
2022-08-13,Cardiff,Birmingham,home,2,0.08545451923169375,5.706660399402932,0.12260536398467431,5.4127101217135465,2022-07-01,2023-07-01
2022-08-13,Cardiff,Birmingham,away,2,0.08545451923169375,4.32545805767363,-0.12260536398467431,4.447937286661801,2022-07-01,2023-07-01
2022-08-13,Blackpool,Swansea,home,3,0.08545451923169375,5.192648918017007,0.07704827784293544,5.14835802881258,2022-07-01,2023-07-01
2022-08-13,Blackpool,Swansea,away,6,0.08545451923169375,4.643399369190254,-0.07704827784293544,4.637956007837123,2022-07-01,2023-07-01
2022-08-13,Huddersfield,Stoke,home,3,0.08545451923169375,5.099949471420657,-0.01295094878894415,4.947661538660516,2022-07-01,2023-07-01
2022-08-13,Huddersfield,Stoke,away,3,0.08545451923169375,4.330053728152531,0.01295094878894415,4.679429533985042,2022-07-01,2023-07-01
2022-08-13,Hull,Norwich,home,2,0.08545451923169375,4.438861330497135,-0.19574253310373496,4.402840693347131,2022-07-01,2023-07-01
2022-08-13,Hull,Norwich,away,11,0.08545451923169375,4.787621233336668,0.19574253310373496,5.1880815192182315,2022-07-01,2023-07-01
2022-08-13,Luton,Preston,home,8,0.08545451923169375,5.112274559185619,0.1086194149346259,5.180644002357657,2022-07-01,2023-07-01
2022-08-13,Luton,Preston,away,3,0.08545451923169375,4.712457052698957,-0.1086194149346259,4.607697876225257,2022-07-01,2023-07-01
2022-08-13,Millwall,Coventry,home,3,0.08545451923169375,5.511677994447648,0.07738692660366292,5.2579534052371,2022-07-01,2023-07-01
2022-08-13,Millwall,Coventry,away,6,0.08545451923169375,5.23520291543204,-0.07738692660366292,4.836895970019242,2022-07-01,2023-07-01
2022-08-13,Rotherham,Reading,home,5,0.08545451923169375,4.9633421778447815,0.1667689960911431,5.239108365681558,2022-07-01,2023-07-01
2022-08-13,Rotherham,Reading,away,7,0.08545451923169375,5.025344418429005,-0.1667689960911431,4.61217079706421,2022-07-01,2023-07-01
2022-08-13,Sunderland,QPR,home,4,0.08545451923169375,5.2009194297587475,0.1767129203672756,5.34555202964895,2022-07-01,2023-07-01
2022-08-13,Sunderland,QPR,away,3,0.08545451923169375,4.014368481167627,-0.1767129203672756,4.246639011645949,2022-07-01,2023-07-01
2022-08-13,Wigan,Bristol City,home,5,0.08545451923169375,6.334142751943275,0.13195223329154843,5.634205487422946,2022-07-01,2023-07-01
2022-08-13,Wigan,Bristol City,away,1,0.08545451923169375,3.884431496810088,-0.13195223329154843,4.268246832465179,2022-07-01,2023-07-01
2022-08-14,Middlesbrough,Sheffield United,home,5,0.0855664284248148,5.004664368080589,0.04747482487306576,5.026589937900345,2022-07-01,2023-07-01
2022-08-14,Middlesbrough,Sheffield United,away,4,0.0855664284248148,4.875299918587089,-0.04747482487306576,4.770137071786222,2022-07-01,2023-07-01
2022-08-14,Blackburn,West Brom,home,1,0.0855664284248148,4.413977681755979,-0.017119306773750342,4.6956624622181,2022-07-01,2023-07-01
2022-08-14,Blackburn,West Brom,away,5,0.0855664284248148,3.8894689090429084,0.017119306773750342,4.513362258422656,2022-07-01,2023-07-01
2022-08-16,Birmingham,Watford,home,3,0.08555351493068096,5.480653040017598,-0.19511958942577706,4.742270518153039,2022-07-01,2023-07-01
2022-08-16,Birmingham,Watford,away,5,0.08555351493068096,4.507833796175009,0.19511958942577706,5.078350527478467,2022-07-01,2023-07-01
2022-08-16,Bristol City,Luton,home,5,0.08555351493068096,4.9119383314047225,-0.005377555949122537,4.896586579673523,2022-07-01,2023-07-01
2022-08-16,Bristol City,Luton,away,7,0.08555351493068096,5.154159196481473,0.005377555949122537,4.960684392267318,2022-07-01,2023-07-01
2022-08-16,Norwich,Huddersfield,home,8,0.08555351493068096,6.19751794403894,0.4358498376352075,6.259529356766572,2022-07-01,2023-07-01
2022-08-16,Norwich,Huddersfield,away,1,0.08555351493068096,4.013979105967584,-0.4358498376352075,3.8567212004595466,2022-07-01,2023-07-01
2022-08-16,Preston,Rotherham,home,10,0.08555351493068096,5.0934411077493955,0.2495131812806696,5.451981734133443,2022-07-01,2023-07-01
2022-08-16,Preston,Rotherham,away,3,0.08555351493068096,4.6311807240304415,-0.2495131812806696,4.346074798613594,2022-07-01,2023-07-01
2022-08-16,Swansea,Millwall,home,6,0.08555351493068096,4.8291700984598425,0.0727601156069364,5.010826774286534,2022-07-01,2023-07-01
2022-08-16,Swansea,Millwall,away,7,0.08555351493068096,4.526854192083319,-0.0727601156069364,4.604069198086436,2022-07-01,2023-07-01
2022-08-16,QPR,Blackpool,home,2,0.08555351493068096,4.923122412596199,0.22680611631303155,5.341996935581209,2022-07-01,2023-07-01
2022-08-16,QPR,Blackpool,away,2,0.08555351493068096,4.163901728561345,-0.22680611631303155,4.222214772460336,2022-07-01,2023-07-01
2022-08-17,Stoke,Middlesbrough,home,4,0.08555987548978126,4.895117952759458,0.014415376401494928,4.926788578362213,2022-07-01,2023-07-01
2022-08-17,Stoke,Middlesbrough,away,8,0.08555987548978126,5.200087798055212,-0.014415376401494928,4.939704234466595,2022-07-01,2023-07-01
2022-08-17,Reading,Blackburn,home,7,0.08555987548978126,4.002400698083417,-0.11518369881805429,4.374678430947238,2022-07-01,2023-07-01
2022-08-17,Reading,Blackburn,away,3,0.08555987548978126,4.762920546762306,0.11518369881805429,5.0259663460325825,2022-07-01,2023-07-01
2022-08-17,Sheffield United,Sunderland,home,13,0.08555987548978126,6.037337462733352,0.32770112865958595,5.957966994910387,2022-07-01,2023-07-01
2022-08-17,Sheffield United,Sunderland,away,3,0.08555987548978126,5.04417758851712,-0.32770112865958595,4.350198856806403,2022-07-01,2023-07-01
2022-08-17,West Brom,Cardiff,home,9,0.08555987548978126,6.933394774560671,0.39769053117782904,6.419425511677451,2022-07-01,2023-07-01
2022-08-17,West Brom,Cardiff,away,2,0.08555987548978126,3.5249937920685075,-0.39769053117782904,3.737350218826347,2022-07-01,2023-07-01
2022-08-19,Norwich,Millwall,home,5,0.08581538348596253,6.383064013428245,0.2532044961546046,5.909767051001211,2022-07-01,2023-07-01
2022-08-19,Norwich,Millwall,away,4,0.08581538348596253,3.754396323880339,-0.2532044961546046,4.031739126967955,2022-07-01,2023-07-01
2022-08-20,Birmingham,Wigan,home,7,0.08573584217081903,5.399608978202208,0.033436567786780835,5.1356134485168425,2022-07-01,2023-07-01
2022-08-20,Birmingham,Wigan,away,3,0.08573584217081903,4.0275008651610475,-0.033436567786780835,4.48395650201851,2022-07-01,2023-07-01
2022-08-20,Preston,Watford,home,7,0.08573584217081903,5.674909817521238,0.016526501075689426,5.193352723280688,2022-07-01,2023-07-01
2022-08-20,Preston,Watford,away,5,0.08573584217081903,4.485541228479322,-0.016526501075689426,4.686159269904287,2022-07-01,2023-07-01
2022-08-20,QPR,Rotherham,home,9,0.08573584217081903,5.507925610055995,0.19059301180180754,5.482503500640119,2022-07-01,2023-07-01
2022-08-20,QPR,Rotherham,away,3,0.08573584217081903,4.6091973407854745,-0.19059301180180754,4.434844939018874,2022-07-01,2023-07-01
2022-08-20,Reading,Middlesbrough,home,5,0.08573584217081903,4.123585588897487,-0.15630154560449627,4.353723231021048,2022-07-01,2023-07-01
2022-08-20,Reading,Middlesbrough,away,7,0.08573584217081903,5.459882981551604,0.15630154560449627,5.354039497935489,2022-07-01,2023-07-01
2022-08-20,Sheffield United,Blackburn,home,11,0.08573584217081903,5.749427084954429,0.32770112865958595,5.8566069967597905,2022-07-01,2023-07-01
2022-08-20,Sheffield United,Blackburn,away,4,0.08573584217081903,4.254902375332684,-0.32770112865958595,4.097866589654846,2022-07-01,2023-07-01
2022-08-20,Stoke,Sunderland,home,7,0.08573584217081903,6.551474846695601,0.175310861082354,5.793935782516445,2022-07-01,2023-07-01
2022-08-20,Stoke,Sunderland,away,3,0.08573584217081903,5.117005155907793,-0.175310861082354,4.626832515417716,2022-07-01,2023-07-01
2022-08-20,Swansea,Luton,home,7,0.08573584217081903,4.900713310274265,0.07119241789728897,5.033838181781594,2022-07-01,2023-07-01
2022-08-20,Swansea,Luton,away,5,0.08573584217081903,4.6843715901995715,-0.07119241789728897,4.662418755216717,2022-07-01,2023-07-01
2022-08-20,West Brom,Hull,home,12,0.08573584217081903,6.556952812731817,0.4695752009184845,6.465190643850242,2022-07-01,2023-07-01
2022-08-20,West Brom,Hull,away,2,0.08573584217081903,3.777200227725536,-0.4695752009184845,3.7282417179548544,2022-07-01,2023-07-01
2022-08-21,Bristol City,Cardiff,home,7,0.08561938830095707,4.987043193014878,0.12532688029350925,5.1676980951005635,2022-07-01,2023-07-01
2022-08-21,Bristol City,Cardiff,away,8,0.08561938830095707,4.781210997295348,-0.12532688029350925,4.602536148379487,2022-07-01,2023-07-01
2022-08-26,Luton,Sheffield United,home,4,0.08554237850432111,4.46542273379117,-0.1073650220808206,4.559348006819939,2022-07-01,2023-07-01
2022-08-26,Luton,Sheffield United,away,9,0.08554237850432111,5.2681799987833715,0.1073650220808206,5.1919981740469225,2022-07-01,2023-07-01
2022-08-27,Sunderland,Norwich,home,8,0.0855205476347281,4.055620793008161,-0.10584635739684112,4.410291392262016,2022-07-01,2023-07-01
2022-08-27,Sunderland,Norwich,away,7,0.0855205476347281,4.910216479165219,0.10584635739684112,5.062417156104566,2022-07-01,2023-07-01
2022-08-27,Blackburn,Stoke,home,12,0.0855205476347281,5.247930553800736,0.052074306649953495,5.119813978776125,2022-07-01,2023-07-01
2022-08-27,Blackburn,Stoke,away,3,0.0855205476347281,3.797634566591167,-0.052074306649953495,4.362059412137332,2022-07-01,2023-07-01
2022-08-27,Blackpool,Bristol City,home,5,0.0855205476347281,5.618386640373239,0.1393728222996516,5.4167988884764,2022-07-01,2023-07-01
2022-08-27,Blackpool,Bristol City,away,3,0.0855205476347281,4.086938391529013,-0.1393728222996516,4.3331388798548645,2022-07-01,2023-07-01
2022-08-27,Cardiff,Preston,home,8,0.0855205476347281,4.85351050267141,0.002477615601619021,4.890304606551278,2022-07-01,2023-07-01
2022-08-27,Cardiff,Preston,away,2,0.0855205476347281,4.395168399414742,-0.002477615601619021,4.677133940085685,2022-07-01,2023-07-01
2022-08-27,Huddersfield,West Brom,home,6,0.0855205476347281,3.747367717618201,-0.23994616649325845,4.081071127025281,2022-07-01,2023-07-01
2022-08-27,Huddersfield,West Brom,away,4,0.0855205476347281,4.399642866429194,0.23994616649325845,5.119771683944251,2022-07-01,2023-07-01
2022-08-27,Hull,Coventry,home,3,0.0855205476347281,4.557688374285344,-0.08368258902550724,4.632794228543175,2022-07-01,2023-07-01
2022-08-27,Hull,Coventry,away,4,0.0855205476347281,5.676592316724867,0.08368258902550724,5.283242573579177,2022-07-01,2023-07-01
2022-08-27,Middlesbrough,Swansea,home,8,0.0855205476347281,6.055170140571276,0.3311605498087006,5.971811404308973,2022-07-01,2023-07-01
2022-08-27,Middlesbrough,Swansea,away,4,0.0855205476347281,4.065653301810486,-0.3311605498087006,4.027734996519604,2022-07-01,2023-07-01
2022-08-27,Millwall,Reading,home,3,0.0855205476347281,5.242623369910223,0.2916833018522929,5.5945003703578,2022-07-01,2023-07-01
2022-08-27,Millwall,Reading,away,1,0.0855205476347281,4.784383336677793,-0.2916833018522929,4.327692481358932,2022-07-01,2023-07-01
2022-08-27,Rotherham,Birmingham,home,7,0.0855205476347281,5.751477277541644,0.22200404378950436,5.631784139522667,2022-07-01,2023-07-01
2022-08-27,Rotherham,Birmingham,away,2,0.0855205476347281,4.859275560139535,-0.22200404378950436,4.465479407614904,2022-07-01,2023-07-01
2022-08-27,Watford,QPR,home,1,0.0855205476347281,5.1068130748098985,0.2596141792603942,5.477521250044597,2022-07-01,2023-07-01
2022-08-27,Watford,QPR,away,4,0.0855205476347281,4.285256306027095,-0.2596141792603942,4.213353595243904,2022-07-01,2023-07-01
2022-08-30,Birmingham,Norwich,home,6,0.08573340432607282,4.379483883110221,-0.299636803874092,4.216145310707156,2022-07-01,2023-07-01
2022-08-30,Birmingham,Norwich,away,8,0.08573340432607282,5.653400768942772,0.299636803874092,5.71637733987487,2022-07-01,2023-07-01
2022-08-30,Cardiff,Luton,home,5,0.08573340432607282,5.50541036862293,0.03760359242086819,5.178739681960977,2022-07-01,2023-07-01
2022-08-30,Cardiff,Luton,away,2,0.08573340432607282,4.06369731779551,-0.03760359242086819,4.491108571314716,2022-07-01,2023-07-01
2022-08-30,QPR,Hull,home,2,0.08573340432607282,5.505267180372288,0.30625508513620814,5.722260417594938,2022-07-01,2023-07-01
2022-08-30,QPR,Hull,away,7,0.08573340432607282,4.328493867086809,-0.30625508513620814,4.155596507391439,2022-07-01,2023-07-01
2022-08-30,Sheffield United,Reading,home,3,0.08573340432607282,5.680457905203222,0.4565288949900396,6.117756584939223,2022-07-01,2023-07-01
2022-08-30,Sheffield United,Reading,away,5,0.08573340432607282,4.290153125634298,-0.4565288949900396,3.917684543764994,2022-07-01,2023-07-01
2022-08-30,Wigan,West Brom,home,3,0.08573340432607282,4.411226401749275,-0.22695602182457184,4.342543421270878,2022-07-01,2023-07-01
2022-08-30,Wigan,West Brom,away,2,0.08573340432607282,3.7609201276471773,0.22695602182457184,4.822054843025185,2022-07-01,2023-07-01
2022-08-30,Watford,Middlesbrough,home,2,0.08573340432607282,4.317401776261279,0.05427605674755581,4.784568768895363,2022-07-01,2023-07-01
2022-08-30,Watford,Middlesbrough,away,7,0.08573340432607282,5.44802359984336,-0.05427605674755581,4.947351783020184,2022-07-01,2023-07-01
2022-08-31,Bristol City,Huddersfield,home,4,0.08563287864991748,5.1653609833413086,0.2789771154222741,5.539197327683259,2022-07-01,2023-07-01
2022-08-31,Bristol City,Huddersfield,away,7,0.08563287864991748,5.353020481122814,-0.2789771154222741,4.523075806179584,2022-07-01,2023-07-01
2022-08-31,Coventry,Preston,home,9,0.08563287864991748,5.867291571836767,0.13711590369986643,5.495276947350195,2022-07-01,2023-07-01
2022-08-31,Coventry,Preston,away,6,0.08563287864991748,4.022631327002853,-0.13711590369986643,4.312687585075633,2022-07-01,2023-07-01
2022-08-31,Stoke,Swansea,home,12,0.08563287864991748,5.309666555682882,0.19574253310373496,5.422742533326824,2022-07-01,2023-07-01
2022-08-31,Stoke,Swansea,away,3,0.08563287864991748,4.582814192535667,-0.19574253310373496,4.417454474472522,2022-07-01,2023-07-01
2022-08-31,Sunderland,Rotherham,home,2,0.08563287864991748,6.147402535568399,0.1820876012755936,5.680130798676191,2022-07-01,2023-07-01
2022-08-31,Sunderland,Rotherham,away,1,0.08563287864991748,4.176224536856542,-0.1820876012755936,4.2974063777194615,2022-07-01,2023-07-01
2022-08-31,Blackpool,Blackburn,home,7,0.08563287864991748,4.999691243756411,0.06619169113753431,5.059898928412654,2022-07-01,2023-07-01
2022-08-31,Blackpool,Blackburn,away,5,0.08563287864991748,4.682299628783092,-0.06619169113753431,4.670363501728225,2022-07-01,2023-07-01
2022-09-03,Blackburn,Bristol City,home,5,0.08590042595992647,6.187049303967932,0.16528403555772048,5.657537851651451,2022-07-01,2023-07-01
2022-09-03,Blackburn,Bristol City,away,6,0.08590042595992647,3.208082198244075,-0.16528403555772048,3.941812493182375,2022-07-01,2023-07-01
2022-09-03,Luton,Wigan,home,9,0.08590042595992647,6.160630205483964,0.1930224193741758,5.707560201959096,2022-07-01,2023-07-01
2022-09-03,Luton,Wigan,away,4,0.08590042595992647,3.9842838857212075,-0.1930224193741758,4.209849139984506,2022-07-01,2023-07-01
2022-09-03,Millwall,Cardiff,home,4,0.08590042595992647,6.12758275188394,0.20332181473637273,5.718630380641906,2022-07-01,2023-07-01
2022-09-03,Millwall,Cardiff,away,6,0.08590042595992647,3.9312330799623956,-0.20332181473637273,4.174076537384363,2022-07-01,2023-07-01
2022-09-03,Norwich,Coventry,home,4,0.08590042595992647,5.269651161730252,0.32983080022320366,5.684610478926298,2022-07-01,2023-07-01
2022-09-03,Norwich,Coventry,away,1,0.08590042595992647,4.487885661128727,-0.32983080022320366,4.172000994710774,2022-07-01,2023-07-01
2022-09-03,Preston,Birmingham,home,4,0.08590042595992647,5.9031033417486025,0.4012375337086298,6.074831162595744,2022-07-01,2023-07-01
2022-09-03,Preston,Birmingham,away,6,0.08590042595992647,4.215866597308684,-0.4012375337086298,3.974540599662154,2022-07-01,2023-07-01
2022-09-03,Rotherham,Watford,home,3,0.08590042595992647,5.936239674210917,-0.12907761529808776,4.998277923615512,2022-07-01,2023-07-01
2022-09-03,Rotherham,Watford,away,6,0.08590042595992647,4.842328523229501,0.12907761529808776,5.081396320525387,2022-07-01,2023-07-01
2022-09-03,Swansea,QPR,home,6,0.08590042595992647,4.550472076175836,0.07340090877315619,4.9084809946882535,2022-07-01,2023-07-01
2022-09-03,Swansea,QPR,away,4,0.08590042595992647,4.593543340013188,-0.07340090877315619,4.626672953733293,2022-07-01,2023-07-01
2022-09-04,Reading,Stoke,home,4,0.08555414139888352,4.761932701924717,-0.07260194550022553,4.724072762748647,2022-07-01,2023-07-01
2022-09-04,Reading,Stoke,away,6,0.08555414139888352,4.620199986424157,0.07260194550022553,4.894509100288375,2022-07-01,2023-07-01
2022-09-04,Huddersfield,Blackpool,home,10,0.08555414139888352,4.415620042114339,0.04665069361950591,4.80886997714799,2022-07-01,2023-07-01
2022-09-04,Huddersfield,Blackpool,away,2,0.08555414139888352,3.6413212110918445,-0.04665069361950591,4.306817567028698,2022-07-01,2023-07-01
2022-09-04,Hull,Sheffield United,home,6,0.08555414139888352,3.9385595496609267,-0.2605648691456952,4.121319983941553,2022-07-01,2023-07-01
2022-09-04,Hull,Sheffield United,away,1,0.08555414139888352,5.896821883812932,0.2605648691456952,5.718020945862071,2022-07-01,2023-07-01
2022-09-05,Middlesbrough,Sunderland,home,4,0.08563780390385416,7.860894773173889,0.32868074861712193,6.538962940967689,2022-07-01,2023-07-01
2022-09-05,Middlesbrough,Sunderland,away,6,0.08563780390385416,4.234975397132782,-0.32868074861712193,4.089628233901722,2022-07-01,2023-07-01
2022-09-13,Blackburn,Watford,home,9,0.08555311248334248,5.6843420440641665,-0.0625335274733696,5.045969082404034,2022-07-01,2023-07-01
2022-09-13,Blackburn,Watford,away,5,0.08555311248334248,4.0510144830823265,0.0625335274733696,4.656227287908162,2022-07-01,2023-07-01
2022-09-13,Huddersfield,Wigan,home,4,0.08555311248334248,6.180417761994602,0.018254119768797428,5.354763790086777,2022-07-01,2023-07-01
2022-09-13,Huddersfield,Wigan,away,5,0.08555311248334248,3.5390272829251073,-0.018254119768797428,4.309160213698504,2022-07-01,2023-07-01
2022-09-13,Hull,Stoke,home,7,0.08555311248334248,5.16104770852666,-0.02483720816585827,4.946503599684207,2022-07-01,2023-07-01
2022-09-13,Hull,Stoke,away,6,0.08555311248334248,4.587708944724555,0.02483720816585827,4.79651610551945,2022-07-01,2023-07-01
2022-09-13,Middlesbrough,Cardiff,home,9,0.08555311248334248,6.6020459429311975,0.37492739082219995,6.256838417374563,2022-07-01,2023-07-01
2022-09-13,Middlesbrough,Cardiff,away,3,0.08555311248334248,3.820952653398566,-0.37492739082219995,3.8773239851278762,2022-07-01,2023-07-01
2022-09-13,Swansea,Sheffield United,home,6,0.08555311248334248,3.9557777318730105,-0.148444080396263,4.303209962635325,2022-07-01,2023-07-01
2022-09-13,Swansea,Sheffield United,away,4,0.08555311248334248,5.6871378841537625,0.148444080396263,5.4154308644643585,2022-07-01,2023-07-01
2022-09-14,Luton,Coventry,home,7,0.08517319287148159,4.986161432955722,0.17643041950879002,5.266424149554204,2022-07-01,2023-07-01
2022-09-14,Luton,Coventry,away,3,0.08517319287148159,5.184080077480046,-0.17643041950879002,4.646107626434896,2022-07-01,2023-07-01
2022-09-14,Millwall,QPR,home,5,0.08517319287148159,5.359860816956541,0.11580619539316928,5.281484769006397,2022-07-01,2023-07-01
2022-09-14,Millwall,QPR,away,4,0.08517319287148159,4.1879672368636776,-0.11580619539316928,4.408890320323698,2022-07-01,2023-07-01
2022-09-14,Norwich,Bristol City,home,2,0.08517319287148159,6.2654430791318365,0.3778870121494187,6.149667876908242,2022-07-01,2023-07-01
2022-09-14,Norwich,Bristol City,away,7,0.08517319287148159,3.16028582422303,-0.3778870121494187,3.6232869152279727,2022-07-01,2023-07-01
2022-09-14,Rotherham,Blackpool,home,5,0.08517319287148159,5.0589079452545205,0.11488568794926673,5.173618894770921,2022-07-01,2023-07-01
2022-09-14,Rotherham,Blackpool,away,4,0.08517319287148159,4.126509885718383,-0.11488568794926673,4.387561451620653,2022-07-01,2023-07-01
2022-09-14,Reading,Sunderland,home,3,0.08517319287148159,5.365943605217005,0.011918781146729451,5.083543585198181,2022-07-01,2023-07-01
2022-09-14,Reading,Sunderland,away,7,0.08517319287148159,5.125956383336962,-0.011918781146729451,4.9194210941007706,2022-07-01,2023-07-01
2022-09-14,West Brom,Birmingham,home,6,0.08517319287148159,7.419716040427105,0.5326084370315735,6.912007623621136,2022-07-01,2023-07-01
2022-09-14,West Brom,Birmingham,away,2,0.08517319287148159,3.5345176042629967,-0.5326084370315735,3.5580003768253454,2022-07-01,2023-07-01
2022-09-17,Swansea,Hull,home,5,0.08493413744496874,4.897780625440023,0.3029522670836015,5.485331969307189,2022-07-01,2023-07-01
2022-09-17,Swansea,Hull,away,3,0.08493413744496874,4.6377588146895,-0.3029522670836015,4.262762649362363,2022-07-01,2023-07-01
2022-09-17,Birmingham,Coventry,home,6,0.08493413744496874,4.569289472764724,-0.04361427376232219,4.706475711021532,2022-07-01,2023-07-01
2022-09-17,Birmingham,Coventry,away,4,0.08493413744496874,5.144797091224045,0.04361427376232219,5.028447310935087,2022-07-01,2023-07-01
2022-09-17,Huddersfield,Cardiff,home,1,0.08493413744496874,5.665495874166606,0.012938821346613893,5.183412097241202,2022-07-01,2023-07-01
2022-09-17,Huddersfield,Cardiff,away,3,0.08493413744496874,3.76876608633194,-0.012938821346613893,4.414102550056545,2022-07-01,2023-07-01
2022-09-17,Luton,Blackburn,home,4,0.08493413744496874,5.71972956148611,0.1351263632488826,5.442318185857067,2022-07-01,2023-07-01
2022-09-17,Luton,Blackburn,away,3,0.08493413744496874,4.591791040909055,-0.1351263632488826,4.521172489518373,2022-07-01,2023-07-01
2022-09-17,Millwall,Blackpool,home,5,0.08493413744496874,5.215955655760249,0.22756465891338307,5.453029874165551,2022-07-01,2023-07-01
2022-09-17,Millwall,Blackpool,away,2,0.08493413744496874,3.761169295428068,-0.22756465891338307,4.072905619112594,2022-07-01,2023-07-01
2022-09-17,Norwich,West Brom,home,7,0.08493413744496874,4.219157025400669,0.14548293399768086,4.909629510442932,2022-07-01,2023-07-01
2022-09-17,Norwich,West Brom,away,4,0.08493413744496874,3.924680039365143,-0.14548293399768086,4.2622449640746405,2022-07-01,2023-07-01
2022-09-17,Preston,Sheffield United,home,7,0.08493413744496874,4.512127924546179,-0.10868391808223532,4.573795939245356,2022-07-01,2023-07-01
2022-09-17,Preston,Sheffield United,away,5,0.08493413744496874,5.3955798240895,0.10868391808223532,5.238314254551247,2022-07-01,2023-07-01
2022-09-17,QPR,Stoke,home,8,0.08493413744496874,5.384825189642624,0.08755942947702061,5.234883698403968,2022-07-01,2023-07-01
2022-09-17,QPR,Stoke,away,6,0.08493413744496874,4.836574890259169,-0.08755942947702061,4.686481333096305,2022-07-01,2023-07-01
2022-09-17,Watford,Sunderland,home,8,0.08493413744496874,5.0682837646316266,0.21270617161088268,5.368591622484163,2022-07-01,2023-07-01
2022-09-17,Watford,Sunderland,away,3,0.08493413744496874,5.322746228110393,-0.21270617161088268,4.626599004446848,2022-07-01,2023-07-01
2022-09-17,Wigan,Reading,home,1,0.08493413744496874,4.69327140451859,0.20209004887178955,5.205035951292603,2022-07-01,2023-07-01
2022-09-17,Wigan,Reading,away,3,0.08493413744496874,3.5544630190849125,-0.20209004887178955,4.03082594160037,2022-07-01,2023-07-01
2022-09-17,Middlesbrough,Rotherham,home,8,0.08493413744496874,6.688312139688096,0.4102393108198228,6.368431101041152,2022-07-01,2023-07-01
2022-09-17,Middlesbrough,Rotherham,away,3,0.08493413744496874,3.6115192467259827,-0.4102393108198228,3.751779750849649,2022-07-01,2023-07-01
2022-09-30,Hull,Luton,home,7,0.08465078846494,5.367215414059625,-0.10878071189823696,4.861021787841399,2022-07-01,2023-07-01
2022-09-30,Hull,Luton,away,6,0.08465078846494,4.41476032635949,0.10878071189823696,4.8821362257261125,2022-07-01,2023-07-01
2022-10-01,Blackburn,Millwall,home,4,0.08454796053899588,5.976536342099176,0.13326856632481182,5.523092256057473,2022-07-01,2023-07-01
2022-10-01,Blackburn,Millwall,away,4,0.08454796053899588,3.827074111266216,-0.13326856632481182,4.243931884633126,2022-07-01,2023-07-01
2022-10-01,Blackpool,Norwich,home,9,0.08454796053899588,4.66826797639215,-0.26797810151248036,4.362772331672089,2022-07-01,2023-07-01
2022-10-01,Blackpool,Norwich,away,6,0.08454796053899588,6.012306100810764,0.26797810151248036,5.772976157955162,2022-07-01,2023-07-01
2022-10-01,Bristol City,QPR,home,8,0.08454796053899588,4.555997266748254,0.10919351046320241,4.976309598996097,2022-07-01,2023-07-01
2022-10-01,Bristol City,QPR,away,2,0.08454796053899588,5.422183290417802,-0.10919351046320241,4.839345872082499,2022-07-01,2023-07-01
2022-10-01,Cardiff,Burnley,home,9,0.08454796053899588,4.834680442879175,-0.08223818561852825,4.732318832863222,2022-07-01,2023-07-01
2022-10-01,Cardiff,Burnley,away,1,0.08454796053899588,3.822642205765316,0.08223818561852825,4.595832327116477,2022-07-01,2023-07-01
2022-10-01,Coventry,Middlesbrough,home,3,0.08454796053899588,5.402303387566096,-0.06711974161904843,4.948156541576474,2022-07-01,2023-07-01
2022-10-01,Coventry,Middlesbrough,away,6,0.08454796053899588,5.0843974153923845,0.06711974161904843,5.05156011396758,2022-07-01,2023-07-01
2022-10-01,Reading,Huddersfield,home,5,0.08454796053899588,4.742399377779038,0.15689864046305024,5.1371249023121,2022-07-01,2023-07-01
2022-10-01,Reading,Huddersfield,away,1,0.08454796053899588,4.705411833847401,-0.15689864046305024,4.523409049729591,2022-07-01,2023-07-01
2022-10-01,Rotherham,Wigan,home,8,0.08454796053899588,6.05130174261212,0.10963650290313498,5.498765932186971,2022-07-01,2023-07-01
2022-10-01,Rotherham,Wigan,away,4,0.08454796053899588,4.296791086813806,-0.10963650290313498,4.458996118455251,2022-07-01,2023-07-01
2022-10-01,Sheffield United,Birmingham,home,4,0.08454796053899588,6.49935453000756,0.5280574153460816,6.586761939712623,2022-07-01,2023-07-01
2022-10-01,Sheffield United,Birmingham,away,4,0.08454796053899588,3.9859379732961298,-0.5280574153460816,3.7176731719980527,2022-07-01,2023-07-01
2022-10-01,Sunderland,Preston,home,4,0.08454796053899588,5.159316379731219,0.11329469693668565,5.206370185487285,2022-07-01,2023-07-01
2022-10-01,Sunderland,Preston,away,8,0.08454796053899588,4.115442933894253,-0.11329469693668565,4.386017471520374,2022-07-01,2023-07-01
2022-10-01,West Brom,Swansea,home,8,0.08454796053899588,7.362233535245056,0.3418457585781043,6.421523987633471,2022-07-01,2023-07-01
2022-10-01,West Brom,Swansea,away,6,0.08454796053899588,3.590309183973578,-0.3418457585781043,3.840382453689708,2022-07-01,2023-07-01
2022-10-02,Stoke,Watford,home,6,0.08435730727272976,5.979179807474647,0.06031363088057906,5.376235700913657,2022-07-01,2023-07-01
2022-10-02,Stoke,Watford,away,6,0.08435730727272976,4.7266083932109,-0.06031363088057906,4.696080469935271,2022-07-01,2023-07-01
2022-10-04,Bristol City,Coventry,home,9,0.0842477655373418,4.468966322758513,0.1879611650485437,5.089501463011004,2022-07-01,2023-07-01
2022-10-04,Bristol City,Coventry,away,2,0.0842477655373418,6.06911267810723,-0.1879611650485437,4.8895305553356945,2022-07-01,2023-07-01
2022-10-04,Luton,Huddersfield,home,9,0.0842477655373418,5.942081699067153,0.34452360825987194,5.961931819898662,2022-07-01,2023-07-01
2022-10-04,Luton,Huddersfield,away,5,0.0842477655373418,4.178844477803289,-0.34452360825987194,4.046622257733176,2022-07-01,2023-07-01
2022-10-04,Sheffield United,QPR,home,9,0.0842477655373418,5.9637806547471115,0.35716607084822893,5.997673250337814,2022-07-01,2023-07-01
2022-10-04,Sheffield United,QPR,away,3,0.0842477655373418,3.913375520217271,-0.35716607084822893,3.9358900337717833,2022-07-01,2023-07-01
2022-10-04,Sunderland,Blackpool,home,5,0.0842477655373418,4.662192967760311,0.26465679115376584,5.315030442985532,2022-07-01,2023-07-01
2022-10-04,Sunderland,Blackpool,away,12,0.0842477655373418,3.7173135090290375,-0.26465679115376584,4.0006515646941345,2022-07-01,2023-07-01
2022-10-04,Cardiff,Blackburn,home,7,0.0842477655373418,5.2918250261423765,0.1000738816463691,5.2272024119523,2022-07-01,2023-07-01
2022-10-04,Cardiff,Blackburn,away,0,0.0842477655373418,3.9192994416905464,-0.1000738816463691,4.332674155011261,2022-07-01,2023-07-01
2022-10-04,Reading,Norwich,home,3,0.0842477655373418,4.339436107139364,-0.2687851214327306,4.251014052506888,2022-07-01,2023-07-01
2022-10-04,Reading,Norwich,away,7,0.0842477655373418,6.018887691828119,0.2687851214327306,5.77692642166822,2022-07-01,2023-07-01
2022-10-05,Burnley,Stoke,home,15,0.08452258599058342,6.447258816417352,0.345509414400237,6.137479970208617,2022-07-01,2023-07-01
2022-10-05,Burnley,Stoke,away,2,0.08452258599058342,4.195990688259387,-0.345509414400237,4.0509611818460005,2022-07-01,2023-07-01
2022-10-05,Hull,Wigan,home,9,0.08452258599058342,6.0424213844388035,0.011997896393292906,5.300136549910824,2022-07-01,2023-07-01
2022-10-05,Hull,Wigan,away,5,0.08452258599058342,4.230562443200164,-0.011997896393292906,4.598564668660387,2022-07-01,2023-07-01
2022-10-05,Middlesbrough,Birmingham,home,6,0.08452258599058342,6.573553570923162,0.40580369527825555,6.319421079823957,2022-07-01,2023-07-01
2022-10-05,Middlesbrough,Birmingham,away,6,0.08452258599058342,3.7765373582649673,-0.40580369527825555,3.8173938263177685,2022-07-01,2023-07-01
2022-10-05,Rotherham,Millwall,home,6,0.08452258599058342,5.680450692192455,0.015497983055211606,5.193148007118649,2022-07-01,2023-07-01
2022-10-05,Rotherham,Millwall,away,4,0.08452258599058342,4.572029762049079,-0.015497983055211606,4.719495999143535,2022-07-01,2023-07-01
2022-10-05,Watford,Swansea,home,1,0.08452258599058342,5.1871266223381625,0.24972851751106273,5.487427527851146,2022-07-01,2023-07-01
2022-10-05,Watford,Swansea,away,6,0.08452258599058342,4.588861107901628,-0.24972851751106273,4.331740434486007,2022-07-01,2023-07-01
2022-10-05,Preston,West Brom,home,2,0.08452258599058342,4.387628811486688,-0.0879506348831342,4.564098055590956,2022-07-01,2023-07-01
2022-10-05,Preston,West Brom,away,10,0.08452258599058342,4.6802784474741514,0.0879506348831342,4.944883193964922,2022-07-01,2023-07-01
2022-10-07,QPR,Reading,home,4,0.08500591798975594,4.4361397096558415,0.23379531954948232,5.1635252337945525,2022-07-01,2023-07-01
2022-10-07,QPR,Reading,away,5,0.08500591798975594,4.820227857860882,-0.23379531954948232,4.433381230357311,2022-07-01,2023-07-01
2022-10-08,Birmingham,Bristol City,home,7,0.08492942682348897,5.448592554849132,-0.006771002270515636,5.075537274128975,2022-07-01,2023-07-01
2022-10-08,Birmingham,Bristol City,away,4,0.08492942682348897,4.278357809803845,0.006771002270515636,4.6490479779870055,2022-07-01,2023-07-01
2022-10-08,Blackburn,Rotherham,home,8,0.08492942682348897,6.182101995057113,0.2539614530947097,5.845393666746694,2022-07-01,2023-07-01
2022-10-08,Blackburn,Rotherham,away,3,0.08492942682348897,3.4324553839467584,-0.2539614530947097,3.9056888160959775,2022-07-01,2023-07-01
2022-10-08,Blackpool,Watford,home,5,0.08492942682348897,5.766250910591085,-0.1288092550790068,4.9480348691967935,2022-07-01,2023-07-01
2022-10-08,Blackpool,Watford,away,7,0.08492942682348897,5.101254883431002,0.1288092550790068,5.174686851058073,2022-07-01,2023-07-01
2022-10-08,Coventry,Burnley,home,2,0.08492942682348897,5.901238328036237,-0.08677684303653199,5.0669175527338135,2022-07-01,2023-07-01
2022-10-08,Coventry,Burnley,away,7,0.08492942682348897,3.692772624082689,0.08677684303653199,4.548049103167691,2022-07-01,2023-07-01
2022-10-08,Millwall,Middlesbrough,home,0,0.08492942682348897,4.793983692143928,0.0025975196555214075,4.8693750009991845,2022-07-01,2023-07-01
2022-10-08,Millwall,Middlesbrough,away,7,0.08492942682348897,5.305412361636934,-0.0025975196555214075,4.996499916679962,2022-07-01,2023-07-01
2022-10-08,Norwich,Preston,home,8,0.08492942682348897,5.575090223965985,0.3501914908004499,5.842234023258216,2022-07-01,2023-07-01
2022-10-08,Norwich,Preston,away,3,0.08492942682348897,4.129904674342764,-0.3501914908004499,4.021439336991506,2022-07-01,2023-07-01
2022-10-08,Stoke,Sheffield United,home,6,0.08492942682348897,4.838126758784558,-0.0769156804141059,4.742872708705113,2022-07-01,2023-07-01
2022-10-08,Stoke,Sheffield United,away,5,0.08492942682348897,5.284568186418099,0.0769156804141059,5.139195617192537,2022-07-01,2023-07-01
2022-10-08,Swansea,Sunderland,home,7,0.08492942682348897,5.612042510215112,0.1251175917215428,5.386048914612228,2022-07-01,2023-07-01
2022-10-08,Swansea,Sunderland,away,4,0.08492942682348897,5.1034541947759395,-0.1251175917215428,4.709536424098919,2022-07-01,2023-07-01
2022-10-08,West Brom,Luton,home,7,0.08492942682348897,7.432783364465675,0.2398758893703526,6.203539186280213,2022-07-01,2023-07-01
2022-10-08,West Brom,Luton,away,4,0.08492942682348897,3.6382853706909457,-0.2398758893703526,4.007301018658382,2022-07-01,2023-07-01
2022-10-08,Wigan,Cardiff,home,6,0.08492942682348897,5.20892176544952,0.0678188473873465,5.1363751981461805,2022-07-01,2023-07-01
2022-10-08,Wigan,Cardiff,away,3,0.08492942682348897,3.129741513466625,-0.0678188473873465,4.051834776896043,2022-07-01,2023-07-01
2022-10-09,Huddersfield,Hull,home,6,0.08455656243484691,4.945306623941956,0.09575863576738086,5.096177161604099,2022-07-01,2023-07-01
2022-10-09,Huddersfield,Hull,away,3,0.08455656243484691,3.905278299318782,-0.09575863576738086,4.334167895981426,2022-07-01,2023-07-01
2022-10-11,Wigan,Blackburn,home,2,0.08450746932375837,5.055532015663792,-0.026677940761981767,4.907395127032978,2022-07-01,2023-07-01
2022-10-11,Wigan,Blackburn,away,1,0.08450746932375837,3.248393645099754,0.026677940761981767,4.251810162596821,2022-07-01,2023-07-01
2022-10-12,Bristol City,Preston,home,5,0.08467193093667084,5.221846870150191,0.07901395968094449,5.162274011350829,2022-07-01,2023-07-01
2022-10-12,Bristol City,Preston,away,1,0.08467193093667084,5.587160448092017,-0.07901395968094449,4.945694472917132,2022-07-01,2023-07-01
2022-10-15,Luton,QPR,home,9,0.08473628647032581,5.856523153715275,0.16649241127336656,5.5519991029438,2022-07-01,2023-07-01
2022-10-15,Luton,QPR,away,9,0.08473628647032581,4.09717909278217,-0.16649241127336656,4.293470358782445,2022-07-01,2023-07-01
2022-10-15,Rotherham,Huddersfield,home,3,0.08473628647032581,6.059108406080058,0.16487570908084664,5.615324018009175,2022-07-01,2023-07-01
2022-10-15,Rotherham,Huddersfield,away,3,0.08473628647032581,4.399524904098754,-0.16487570908084664,4.4048143895165985,2022-07-01,2023-07-01
2022-10-15,Bristol City,Millwall,home,0,0.08473628647032581,5.216066607685674,0.05869581068271862,5.121459753597403,2022-07-01,2023-07-01
2022-10-15,Bristol City,Millwall,away,6,0.08473628647032581,4.996267760131519,-0.05869581068271862,4.791353874236867,2022-07-01,2023-07-01
2022-10-15,Burnley,Swansea,home,5,0.08473628647032581,7.130480504580337,0.31752836919500893,6.292692328787412,2022-07-01,2023-07-01
2022-10-15,Burnley,Swansea,away,6,0.08473628647032581,3.9528039621299573,-0.31752836919500893,4.008366897756879,2022-07-01,2023-07-01
2022-10-15,Cardiff,Coventry,home,12,0.08473628647032581,5.14831530156758,0.14328724918589003,5.260764616943266,2022-07-01,2023-07-01
2022-10-15,Cardiff,Coventry,away,7,0.08473628647032581,3.9807259407841133,-0.14328724918589003,4.287016559327149,2022-07-01,2023-07-01
2022-10-15,Middlesbrough,Blackburn,home,9,0.08473628647032581,6.136114038770977,0.21963042392549723,5.7561969260708645,2022-07-01,2023-07-01
2022-10-15,Middlesbrough,Blackburn,away,4,0.08473628647032581,3.788294954818514,-0.21963042392549723,4.095250779553285,2022-07-01,2023-07-01
2022-10-15,Preston,Stoke,home,3,0.08473628647032581,6.023587228422194,0.09542023029286284,5.460989281923908,2022-07-01,2023-07-01
2022-10-15,Preston,Stoke,away,6,0.08473628647032581,4.9405254330056225,-0.09542023029286284,4.707839110285283,2022-07-01,2023-07-01
2022-10-15,Reading,West Brom,home,4,0.08473628647032581,3.4668956185492004,-0.1650144836705214,4.083196541065092,2022-07-01,2023-07-01
2022-10-15,Reading,West Brom,away,7,0.08473628647032581,5.107509505171168,0.1650144836705214,5.247020263415953,2022-07-01,2023-07-01
2022-10-15,Sheffield United,Blackpool,home,14,0.08473628647032581,5.811874875932242,0.45974596035724635,6.174465306775021,2022-07-01,2023-07-01
2022-10-15,Sheffield United,Blackpool,away,4,0.08473628647032581,3.897703652785261,-0.45974596035724635,3.7833758803219233,2022-07-01,2023-07-01
2022-10-15,Sunderland,Wigan,home,1,0.08473628647032581,6.002005925773722,0.17008443908323279,5.60752434981461,2022-07-01,2023-07-01
2022-10-15,Sunderland,Wigan,away,5,0.08473628647032581,4.762666896958978,-0.17008443908323279,4.520461951671046,2022-07-01,2023-07-01
2022-10-15,Watford,Norwich,home,3,0.08473628647032581,4.245957490082272,-0.02285735176436654,4.622238315006897,2022-07-01,2023-07-01
2022-10-15,Watford,Norwich,away,12,0.08473628647032581,6.100345515311218,0.02285735176436654,5.2974396555274605,2022-07-01,2023-07-01
2022-10-16,Hull,Birmingham,home,7,0.08539813540991026,5.579095418163804,0.02620846753946582,5.180994206713541,2022-07-01,2023-07-01
2022-10-16,Hull,Birmingham,away,6,0.08539813540991026,4.469046055802164,-0.02620846753946582,4.663295841930089,2022-07-01,2023-07-01
2022-10-18,Huddersfield,Preston,home,5,0.08529661113777404,5.120495336109936,0.012815735922139249,5.002310684909725,2022-07-01,2023-07-01
2022-10-18,Huddersfield,Preston,away,5,0.08529661113777404,4.026547689004831,-0.012815735922139249,4.518065357992442,2022-07-01,2023-07-01
2022-10-18,Norwich,Luton,home,4,0.08529661113777404,6.1487975543155615,0.2627091304543894,5.853308314847494,2022-07-01,2023-07-01
2022-10-18,Norwich,Luton,away,2,0.08529661113777404,3.714851055712056,-0.2627091304543894,4.002616009550711,2022-07-01,2023-07-01
2022-10-18,Swansea,Reading,home,8,0.08529661113777404,4.1797593865938305,0.2037771300912843,5.000619739975296,2022-07-01,2023-07-01
2022-10-18,Swansea,Reading,away,0,0.08529661113777404,4.697394395727481,-0.2037771300912843,4.442647325764537,2022-07-01,2023-07-01
2022-10-18,Blackburn,Sunderland,home,3,0.08529661113777404,6.677369205766554,0.13240027881987138,5.740540603822308,2022-07-01,2023-07-01
2022-10-18,Blackburn,Sunderland,away,7,0.08529661113777404,4.163726570380242,-0.13240027881987138,4.372869260447187,2022-07-01,2023-07-01
2022-10-18,Stoke,Rotherham,home,8,0.08529661113777404,6.328471191750163,0.267037024257272,5.922325744966041,2022-07-01,2023-07-01
2022-10-18,Stoke,Rotherham,away,3,0.08529661113777404,3.9166860598126343,-0.267037024257272,4.071124980200145,2022-07-01,2023-07-01
2022-10-18,West Brom,Bristol City,home,13,0.08529661113777404,7.534912937698638,0.35484163059816365,6.505351526742682,2022-07-01,2023-07-01
2022-10-18,West Brom,Bristol City,away,1,0.08529661113777404,3.4590656570701035,-0.35484163059816365,3.77223006714732,2022-07-01,2023-07-01
2022-10-19,Birmingham,Burnley,home,8,0.08570760347635763,4.919084075792797,-0.1891549796843111,4.575749635929616,2022-07-01,2023-07-01
2022-10-19,Birmingham,Burnley,away,4,0.08570760347635763,4.301391589517006,0.1891549796843111,4.984377793786789,2022-07-01,2023-07-01
2022-10-19,Blackpool,Hull,home,2,0.08570760347635763,5.372045964912888,0.19461279461279463,5.4427447681420835,2022-07-01,2023-07-01
2022-10-19,Blackpool,Hull,away,4,0.08570760347635763,4.57288904056447,-0.19461279461279463,4.415945624339308,2022-07-01,2023-07-01
2022-10-19,Coventry,Sheffield United,home,4,0.08570760347635763,4.93840127236641,-0.04806116876024025,4.828650530631141,2022-07-01,2023-07-01
2022-10-19,Coventry,Sheffield United,away,10,0.08570760347635763,5.0766204281199565,0.04806116876024025,5.013221928399155,2022-07-01,2023-07-01
2022-10-19,QPR,Cardiff,home,6,0.08570760347635763,5.463927764990344,0.15871244767298698,5.402711455374075,2022-07-01,2023-07-01
2022-10-19,QPR,Cardiff,away,2,0.08570760347635763,4.275617921630467,-0.15871244767298698,4.370843069531419,2022-07-01,2023-07-01
2022-10-19,Wigan,Middlesbrough,home,4,0.08570760347635763,4.003210793940026,-0.03597826619021971,4.505644984132608,2022-07-01,2023-07-01
2022-10-19,Wigan,Middlesbrough,away,4,0.08570760347635763,4.023651651985636,0.03597826619021971,4.59955481174886,2022-07-01,2023-07-01
2022-10-19,Millwall,Watford,home,2,0.08570760347635763,5.53053290773124,0.04579303261148676,5.202832162532011,2022-07-01,2023-07-01
2022-10-19,Millwall,Watford,away,5,0.08570760347635763,4.922229023634927,-0.04579303261148676,4.789202830089165,2022-07-01,2023-07-01
2022-10-22,Blackpool,Preston,home,1,0.08564821799042581,5.271770006253836,0.0078668338843918,5.04443386304452,2022-07-01,2023-07-01
2022-10-22,Blackpool,Preston,away,6,0.08564821799042581,4.835617357268866,-0.0078668338843918,4.826977442641649,2022-07-01,2023-07-01
2022-10-22,Blackburn,Birmingham,home,2,0.08564821799042581,5.9019357322164465,0.19234423781729332,5.620806761185912,2022-07-01,2023-07-01
2022-10-22,Blackburn,Birmingham,away,9,0.08564821799042581,3.915705582364423,-0.19234423781729332,4.1853144823367225,2022-07-01,2023-07-01
2022-10-22,Middlesbrough,Huddersfield,home,3,0.08564821799042581,6.794343808004014,0.3749383325111002,6.32026607199288,2022-07-01,2023-07-01
2022-10-22,Middlesbrough,Huddersfield,away,5,0.08564821799042581,3.828902721503091,-0.3749383325111002,3.880139267716324,2022-07-01,2023-07-01
2022-10-22,Millwall,West Brom,home,5,0.08564821799042581,3.9884901256579584,0.0,4.560372311119373,2022-07-01,2023-07-01
2022-10-22,Millwall,West Brom,away,2,0.08564821799042581,4.881126150331562,-0.0,4.857056685991775,2022-07-01,2023-07-01
2022-10-22,QPR,Wigan,home,5,0.08564821799042581,5.861741737979729,0.23495128927503817,5.696803140154691,2022-07-01,2023-07-01
2022-10-22,QPR,Wigan,away,4,0.08564821799042581,4.376258795790966,-0.23495128927503817,4.2836315661897935,2022-07-01,2023-07-01
2022-10-22,Reading,Bristol City,home,10,0.08564821799042581,5.011792118512316,0.05078285866554694,5.0352874420455915,2022-07-01,2023-07-01
2022-10-22,Reading,Bristol City,away,5,0.08564821799042581,4.314606738424946,-0.05078285866554694,4.564196068410246,2022-07-01,2023-07-01
2022-10-22,Rotherham,Hull,home,4,0.08564821799042581,5.240096825553051,0.12216038142037217,5.252123128072283,2022-07-01,2023-07-01
2022-10-22,Rotherham,Hull,away,7,0.08564821799042581,4.263329885421834,-0.12216038142037217,4.42612863831784,2022-07-01,2023-07-01
2022-10-22,Sheffield United,Norwich,home,4,0.08564821799042581,5.974940925479065,0.09510260048030816,5.444818642148962,2022-07-01,2023-07-01
2022-10-22,Sheffield United,Norwich,away,9,0.08564821799042581,5.872339578730292,-0.09510260048030816,5.002919559457459,2022-07-01,2023-07-01
2022-10-22,Stoke,Coventry,home,9,0.08564821799042581,5.762935947245302,0.16042042272430856,5.508240442440673,2022-07-01,2023-07-01
2022-10-22,Stoke,Coventry,away,2,0.08564821799042581,4.866883638242783,-0.16042042272430856,4.571338020316619,2022-07-01,2023-07-01
2022-10-22,Sunderland,Burnley,home,2,0.08564821799042581,4.60092254602723,-0.09913979604393508,4.621562525282902,2022-07-01,2023-07-01
2022-10-22,Sunderland,Burnley,away,5,0.08564821799042581,4.788753881590059,0.09913979604393508,5.005596118520187,2022-07-01,2023-07-01
2022-10-23,Swansea,Cardiff,home,7,0.08562277455358296,5.405877675560985,0.165962444895282,5.39700250252947,2022-07-01,2023-07-01
2022-10-23,Swansea,Cardiff,away,1,0.08562277455358296,3.8735831909264338,-0.165962444895282,4.210516642286812,2022-07-01,2023-07-01
2022-10-23,Watford,Luton,home,6,0.08562277455358296,4.684200122961012,0.14046885434117878,5.083770789908921,2022-07-01,2023-07-01
2022-10-23,Watford,Luton,away,1,0.08562277455358296,4.896066747429822,-0.14046885434117878,4.615027737015201,2022-07-01,2023-07-01
2022-10-25,Coventry,Rotherham,home,6,0.08574413926792245,6.402059768510452,0.34819886541735556,6.128456344291163,2022-07-01,2023-07-01
2022-10-25,Coventry,Rotherham,away,1,0.08574413926792245,3.965937145953135,-0.34819886541735556,3.967569885203189,2022-07-01,2023-07-01
2022-10-25,Burnley,Norwich,home,5,0.08574413926792245,6.030020090300391,0.14898698510666852,5.572848295174872,2022-07-01,2023-07-01
2022-10-25,Burnley,Norwich,away,4,0.08574413926792245,5.884152926777838,-0.14898698510666852,4.907221365793656,2022-07-01,2023-07-01
2022-10-28,Birmingham,QPR,home,2,0.08572587380643355,5.552909649170401,0.11203965555590867,5.340041890184942,2022-07-01,2023-07-01
2022-10-28,Birmingham,QPR,away,10,0.08572587380643355,4.383894974801526,-0.11203965555590867,4.486524588457219,2022-07-01,2023-07-01
2022-10-29,Bristol City,Swansea,home,7,0.08583104925283024,4.990200983726091,0.07907594137073498,5.080786917730066,2022-07-01,2023-07-01
2022-10-29,Bristol City,Swansea,away,11,0.08583104925283024,5.378632817173292,-0.07907594137073498,4.879960617846196,2022-07-01,2023-07-01
2022-10-29,West Brom,Sheffield United,home,8,0.08583104925283024,6.3338209426464385,0.13879388853494473,5.648444290960104,2022-07-01,2023-07-01
2022-10-29,West Brom,Sheffield United,away,3,0.08583104925283024,4.389098971562324,-0.13879388853494473,4.44400081276244,2022-07-01,2023-07-01
2022-10-29,Burnley,Reading,home,12,0.08583104925283024,5.732357808619276,0.4191063589108244,6.052587326339834,2022-07-01,2023-07-01
2022-10-29,Burnley,Reading,away,9,0.08583104925283024,3.9033455184020664,-0.4191063589108244,3.8428848685471992,2022-07-01,2023-07-01
2022-10-29,Cardiff,Rotherham,home,10,0.08583104925283024,6.594519686432609,0.24845819702901276,5.967259191575361,2022-07-01,2023-07-01
2022-10-29,Cardiff,Rotherham,away,3,0.08583104925283024,3.11678279034762,-0.24845819702901276,3.783314113795386,2022-07-01,2023-07-01
2022-10-29,Coventry,Blackpool,home,3,0.08583104925283024,5.7095159192515315,0.22818451366888737,5.630234566009625,2022-07-01,2023-07-01
2022-10-29,Coventry,Blackpool,away,5,0.08583104925283024,4.18094726800537,-0.22818451366888737,4.2261115414935295,2022-07-01,2023-07-01
2022-10-29,Huddersfield,Millwall,home,8,0.08583104925283024,4.915548012550808,-0.08082460203073633,4.762466423584976,2022-07-01,2023-07-01
2022-10-29,Huddersfield,Millwall,away,1,0.08583104925283024,4.003249383194222,0.08082460203073633,4.668491554598479,2022-07-01,2023-07-01
2022-10-29,Hull,Blackburn,home,6,0.08583104925283024,5.471850292873364,0.049518176136340464,5.190557572756796,2022-07-01,2023-07-01
2022-10-29,Hull,Blackburn,away,3,0.08583104925283024,4.351612486477524,-0.049518176136340464,4.580056317714172,2022-07-01,2023-07-01
2022-10-29,Luton,Sunderland,home,8,0.08583104925283024,6.551107682889581,0.2284007050442847,5.9092354177101125,2022-07-01,2023-07-01
2022-10-29,Luton,Sunderland,away,5,0.08583104925283024,5.199602152588093,-0.2284007050442847,4.562046453899716,2022-07-01,2023-07-01
2022-10-29,Norwich,Stoke,home,5,0.08583104925283024,6.243010119278056,0.2183705012143961,5.7885034836527085,2022-07-01,2023-07-01
2022-10-29,Norwich,Stoke,away,6,0.08583104925283024,3.809181958299371,-0.2183705012143961,4.105086844858026,2022-07-01,2023-07-01
2022-10-29,Preston,Middlesbrough,home,2,0.08583104925283024,4.313039368287888,-0.006453688086862919,4.676164150092658,2022-07-01,2023-07-01
2022-10-29,Preston,Middlesbrough,away,4,0.08583104925283024,6.017963647267322,0.006453688086862919,5.240173564881894,2022-07-01,2023-07-01
2022-10-29,Wigan,Watford,home,3,0.08583104925283024,4.798746794163434,-0.08837209302325577,4.709193408072714,2022-07-01,2023-07-01
2022-10-29,Wigan,Watford,away,4,0.08583104925283024,3.679279692450582,0.08837209302325577,4.5448993920431535,2022-07-01,2023-07-01
2022-11-01,Coventry,Blackburn,home,3,0.0859469388951605,5.475738456277484,0.08829440292670004,5.267189842401498,2022-07-01,2023-07-01
2022-11-01,Coventry,Blackburn,away,4,0.0859469388951605,4.084104031349129,-0.08829440292670004,4.415078391158745,2022-07-01,2023-07-01
2022-11-01,Hull,Middlesbrough,home,7,0.0859469388951605,4.436055152690233,-0.10313847960920797,4.555944172522422,2022-07-01,2023-07-01
2022-11-01,Hull,Middlesbrough,away,2,0.0859469388951605,5.639153558485183,0.10313847960920797,5.309218901538452,2022-07-01,2023-07-01
2022-11-01,Luton,Reading,home,6,0.0859469388951605,5.592761477244977,0.24900229260422863,5.632931771468069,2022-07-01,2023-07-01
2022-11-01,Luton,Reading,away,5,0.0859469388951605,4.749905831630778,-0.24900229260422863,4.385711617346101,2022-07-01,2023-07-01
2022-11-01,Preston,Swansea,home,2,0.0859469388951605,5.226486723098123,0.06885449615906003,5.144429881932821,2022-07-01,2023-07-01
2022-11-01,Preston,Swansea,away,7,0.0859469388951605,5.371423327147228,-0.06885449615906003,4.89622098357279,2022-07-01,2023-07-01
2022-11-01,Bristol City,Sheffield United,home,8,0.0859469388951605,4.466651111810992,-0.14537115509247717,4.495855220724013,2022-07-01,2023-07-01
2022-11-01,Bristol City,Sheffield United,away,1,0.0859469388951605,6.411770886191626,0.14537115509247717,5.641924958330103,2022-07-01,2023-07-01
2022-11-01,West Brom,Blackpool,home,7,0.0859469388951605,7.272881691398724,0.3881855100160393,6.505083606436518,2022-07-01,2023-07-01
2022-11-01,West Brom,Blackpool,away,2,0.0859469388951605,3.3812353414893868,-0.3881855100160393,3.6961311056554553,2022-07-01,2023-07-01
2022-11-02,Birmingham,Millwall,home,2,0.08592059031133258,5.166108928349481,0.050803575790142164,5.089236347706822,2022-07-01,2023-07-01
2022-11-02,Birmingham,Millwall,away,5,0.08592059031133258,4.556839091990605,-0.050803575790142164,4.65255409116641,2022-07-01,2023-07-01
2022-11-02,Burnley,Rotherham,home,7,0.08592059031133258,8.36163540965161,0.5288234655690128,7.198140092549805,2022-07-01,2023-07-01
2022-11-02,Burnley,Rotherham,away,3,0.08592059031133258,3.5086198404270807,-0.5288234655690128,3.553817677614423,2022-07-01,2023-07-01
2022-11-02,Cardiff,Watford,home,8,0.08592059031133258,5.794914449838305,-0.059916605505327125,5.085163954952889,2022-07-01,2023-07-01
2022-11-02,Cardiff,Watford,away,11,0.08592059031133258,4.231341615468503,0.059916605505327125,4.723391523817481,2022-07-01,2023-07-01
2022-11-02,Huddersfield,Sunderland,home,5,0.08592059031133258,5.8516758777239035,0.011840031280165197,5.24046240049896,2022-07-01,2023-07-01
2022-11-02,Huddersfield,Sunderland,away,1,0.08592059031133258,4.382654490403015,-0.011840031280165197,4.656228872735792,2022-07-01,2023-07-01
2022-11-02,Norwich,QPR,home,11,0.08592059031133258,5.637575906164998,0.22413457166980583,5.596792442301787,2022-07-01,2023-07-01
2022-11-02,Norwich,QPR,away,4,0.08592059031133258,3.939380322687345,-0.22413457166980583,4.144937270314411,2022-07-01,2023-07-01
2022-11-02,Wigan,Stoke,home,2,0.08592059031133258,5.100544660869761,-0.011818416111336105,4.94994663312122,2022-07-01,2023-07-01
2022-11-02,Wigan,Stoke,away,7,0.08592059031133258,3.4955968892717375,0.011818416111336105,4.338721460048688,2022-07-01,2023-07-01
2022-11-04,Reading,Preston,home,3,0.08612165851998906,4.562412703985093,0.1145785407180594,4.988740103709898,2022-07-01,2023-07-01
2022-11-04,Reading,Preston,away,2,0.08612165851998906,4.937679698002925,-0.1145785407180594,4.673502800665207,2022-07-01,2023-07-01
2022-11-05,Sheffield United,Burnley,home,10,0.08617781954156108,6.090779241453286,0.05665945307889042,5.403920803320712,2022-07-01,2023-07-01
2022-11-05,Sheffield United,Burnley,away,6,0.08617781954156108,4.180893586503141,-0.05665945307889042,4.5041717221586595,2022-07-01,2023-07-01
2022-11-05,Blackburn,Huddersfield,home,5,0.08617781954156108,5.640332790934087,0.2965787345528428,5.750462642462884,2022-07-01,2023-07-01
2022-11-05,Blackburn,Huddersfield,away,4,0.08617781954156108,3.9920816922076625,-0.2965787345528428,4.053738084782455,2022-07-01,2023-07-01
2022-11-05,Blackpool,Luton,home,9,0.08617781954156108,5.257771401704876,-0.02831262563879,4.972436998882226,2022-07-01,2023-07-01
2022-11-05,Blackpool,Luton,away,11,0.08617781954156108,4.426813226208215,0.02831262563879,4.742878444456324,2022-07-01,2023-07-01
2022-11-05,Middlesbrough,Bristol City,home,8,0.08617781954156108,7.30999780171559,0.3119373319303169,6.334705065311473,2022-07-01,2023-07-01
2022-11-05,Middlesbrough,Bristol City,away,1,0.08617781954156108,3.749372449906127,-0.3119373319303169,3.942861655710278,2022-07-01,2023-07-01
2022-11-05,Millwall,Hull,home,10,0.08617781954156108,4.8769762518592845,0.3046950413958285,5.4806860306770435,2022-07-01,2023-07-01
2022-11-05,Millwall,Hull,away,2,0.08617781954156108,4.2192125281703206,-0.3046950413958285,4.120835421902833,2022-07-01,2023-07-01
2022-11-05,QPR,West Brom,home,8,0.08617781954156108,4.149089020745659,0.017737632040293327,4.654604059351223,2022-07-01,2023-07-01
2022-11-05,QPR,West Brom,away,5,0.08617781954156108,4.904265835849356,-0.017737632040293327,4.833174187247527,2022-07-01,2023-07-01
2022-11-05,Rotherham,Norwich,home,2,0.08617781954156108,4.779894803764796,-0.24647280027143179,4.434414850108566,2022-07-01,2023-07-01
2022-11-05,Rotherham,Norwich,away,9,0.08617781954156108,6.611049302292961,0.24647280027143179,5.921177631760409,2022-07-01,2023-07-01
2022-11-05,Stoke,Birmingham,home,4,0.08617781954156108,5.986408367213235,0.19493059746529873,5.6543580557107385,2022-07-01,2023-07-01
2022-11-05,Stoke,Birmingham,away,3,0.08617781954156108,4.452992815102389,-0.19493059746529873,4.374419943381437,2022-07-01,2023-07-01
2022-11-05,Sunderland,Cardiff,home,6,0.08617781954156108,4.714873697445119,0.14910423833019443,5.111810161280141,2022-07-01,2023-07-01
2022-11-05,Sunderland,Cardiff,away,4,0.08617781954156108,4.3193854113636,-0.14910423833019443,4.402189586211431,2022-07-01,2023-07-01
2022-11-05,Swansea,Wigan,home,6,0.08617781954156108,5.721192490702196,0.26774598714918907,5.717700420240424,2022-07-01,2023-07-01
2022-11-05,Swansea,Wigan,away,3,0.08617781954156108,4.034629636112189,-0.26774598714918907,4.112678497461864,2022-07-01,2023-07-01
2022-11-05,Watford,Coventry,home,10,0.08617781954156108,4.713487268661674,0.25506538295732145,5.316513563912651,2022-07-01,2023-07-01
2022-11-05,Watford,Coventry,away,5,0.08617781954156108,5.1440699717938685,-0.25506538295732145,4.500074817823358,2022-07-01,2023-07-01
2022-11-08,Birmingham,Swansea,home,12,0.08624581207312201,5.0383901090631245,0.007874015748031482,4.964872129920107,2022-07-01,2023-07-01
2022-11-08,Birmingham,Swansea,away,1,0.08624581207312201,5.408184246500137,-0.007874015748031482,5.02042549781757,2022-07-01,2023-07-01
2022-11-08,Blackpool,Middlesbrough,home,2,0.08624581207312201,4.295086683456656,-0.1289436034975422,4.461589436933055,2022-07-01,2023-07-01
2022-11-08,Blackpool,Middlesbrough,away,7,0.08624581207312201,6.059095856249609,0.1289436034975422,5.497288411880111,2022-07-01,2023-07-01
2022-11-08,Cardiff,Hull,home,4,0.08624581207312201,6.010102334996144,0.20833179068338165,5.690468840886178,2022-07-01,2023-07-01
2022-11-08,Cardiff,Hull,away,2,0.08624581207312201,3.9470492889360336,-0.20833179068338165,4.172192923548323,2022-07-01,2023-07-01
2022-11-08,Coventry,Wigan,home,6,0.08624581207312201,5.8468607465135,0.23739742718813014,5.696895346879079,2022-07-01,2023-07-01
2022-11-08,Coventry,Wigan,away,4,0.08624581207312201,4.132040373212895,-0.23739742718813014,4.194304306177928,2022-07-01,2023-07-01
2022-11-08,QPR,Huddersfield,home,14,0.08624581207312201,5.4791608818327635,0.37361091945755026,5.857478514090285,2022-07-01,2023-07-01
2022-11-08,QPR,Huddersfield,away,4,0.08624581207312201,4.337354366356608,-0.37361091945755026,4.055806533402384,2022-07-01,2023-07-01
2022-11-08,Sheffield United,Rotherham,home,12,0.08624581207312201,7.904082710736597,0.6038608022605811,7.2568036137660235,2022-07-01,2023-07-01
2022-11-08,Sheffield United,Rotherham,away,1,0.08624581207312201,3.5186849647508573,-0.6038608022605811,3.4595895633098346,2022-07-01,2023-07-01
2022-11-08,Stoke,Luton,home,5,0.08624581207312201,6.253382053102205,0.21558801577993392,5.785894380900299,2022-07-01,2023-07-01
2022-11-08,Stoke,Luton,away,13,0.08624581207312201,4.239235250815156,-0.21558801577993392,4.26662935314492,2022-07-01,2023-07-01
2022-11-08,Watford,Reading,home,7,0.08624581207312201,4.640515823144804,0.3122485646213334,5.400998308099996,2022-07-01,2023-07-01
2022-11-08,Watford,Reading,away,3,0.08624581207312201,4.975884543327634,-0.3122485646213334,4.354351637274752,2022-07-01,2023-07-01
2022-11-11,Birmingham,Sunderland,home,7,0.08729839025750118,5.923875469173882,0.1303196206647826,5.499924515166337,2022-07-01,2023-07-01
2022-11-11,Birmingham,Sunderland,away,3,0.08729839025750118,4.85683090368259,-0.1303196206647826,4.619392102770949,2022-07-01,2023-07-01
2022-11-12,Bristol City,Watford,home,4,0.08725682908267506,5.102249713207403,-0.08470369221222468,4.81827176455266,2022-07-01,2023-07-01
2022-11-12,Bristol City,Watford,away,3,0.08725682908267506,6.199000714523701,0.08470369221222468,5.4511948884228785,2022-07-01,2023-07-01
2022-11-12,Cardiff,Sheffield United,home,5,0.08725682908267506,5.469024478330469,-0.1186852070026676,4.875231578382352,2022-07-01,2023-07-01
2022-11-12,Cardiff,Sheffield United,away,4,0.08725682908267506,4.62600009323803,0.1186852070026676,4.981224451088921,2022-07-01,2023-07-01
2022-11-12,Coventry,QPR,home,2,0.08725682908267506,5.609168215116438,0.0908945750668636,5.3170433998141755,2022-07-01,2023-07-01
2022-11-12,Coventry,QPR,away,6,0.08725682908267506,4.515836840199407,-0.0908945750668636,4.569242245501426,2022-07-01,2023-07-01
2022-11-12,Huddersfield,Swansea,home,2,0.08725682908267506,5.40296543832076,-0.08719182920842461,4.91160513017983,2022-07-01,2023-07-01
2022-11-12,Huddersfield,Swansea,away,11,0.08725682908267506,4.143507680733583,0.08719182920842461,4.736480773332411,2022-07-01,2023-07-01
2022-11-12,Hull,Reading,home,4,0.08725682908267506,5.262470501061156,0.07359468052484625,5.165929773796068,2022-07-01,2023-07-01
2022-11-12,Hull,Reading,away,6,0.08725682908267506,4.5601044204816406,-0.07359468052484625,4.614485457691836,2022-07-01,2023-07-01
2022-11-12,Luton,Rotherham,home,12,0.08725682908267506,7.504463353620471,0.36145917512084197,6.5120986104704945,2022-07-01,2023-07-01
2022-11-12,Luton,Rotherham,away,4,0.08725682908267506,3.533233961863509,-0.36145917512084197,3.7911057522063007,2022-07-01,2023-07-01
2022-11-12,Norwich,Middlesbrough,home,3,0.08725682908267506,4.772898161735635,0.15039171742342128,5.136270348252337,2022-07-01,2023-07-01
2022-11-12,Norwich,Middlesbrough,away,4,0.08725682908267506,4.633445360884045,-0.15039171742342128,4.50988241681821,2022-07-01,2023-07-01
2022-11-12,Preston,Millwall,home,2,0.08725682908267506,4.740003827132744,0.06793047689469961,4.969215842340275,2022-07-01,2023-07-01
2022-11-12,Preston,Millwall,away,2,0.08725682908267506,4.733787448590933,-0.06793047689469961,4.685306418259774,2022-07-01,2023-07-01
2022-11-12,West Brom,Stoke,home,8,0.08725682908267506,7.684271669901967,0.2228402250933353,6.236853502156259,2022-07-01,2023-07-01
2022-11-12,West Brom,Stoke,away,6,0.08725682908267506,3.7506722174381446,-0.2228402250933353,4.076058528413512,2022-07-01,2023-07-01
2022-11-12,Wigan,Blackpool,home,8,0.08725682908267506,4.487345689632015,0.11841069404207083,4.966827239131424,2022-07-01,2023-07-01
2022-11-12,Wigan,Blackpool,away,3,0.08725682908267506,3.328793147648097,-0.11841069404207083,4.063424672035942,2022-07-01,2023-07-01
2022-11-13,Burnley,Blackburn,home,7,0.0873703069222098,6.827137157015252,0.3682673501647719,6.315290117462568,2022-07-01,2023-07-01
2022-11-13,Burnley,Blackburn,away,3,0.0873703069222098,3.911810654172065,-0.3682673501647719,3.9191396927292326,2022-07-01,2023-07-01
2022-12-03,Sunderland,Millwall,home,1,0.08732886792401447,4.33515796130518,0.04300283286118983,4.771443416831445,2022-07-01,2023-07-01
2022-12-03,Sunderland,Millwall,away,8,0.08732886792401447,4.659018960202677,-0.04300283286118983,4.70253550630468,2022-07-01,2023-07-01
2022-12-10,Blackburn,Preston,home,2,0.08741107938744334,5.210800896719584,0.14827020040290184,5.292888550468531,2022-07-01,2023-07-01
2022-12-10,Blackburn,Preston,away,2,0.08741107938744334,4.220864136084899,-0.14827020040290184,4.368018276233372,2022-07-01,2023-07-01
2022-12-10,Rotherham,Bristol City,home,7,0.08741107938744334,5.974821723863369,-0.06975968895725976,5.1212913823332515,2022-07-01,2023-07-01
2022-12-10,Rotherham,Bristol City,away,9,0.08741107938744334,4.326416309617191,0.06975968895725976,4.777832921921719,2022-07-01,2023-07-01
2022-12-10,Reading,Coventry,home,4,0.08741107938744334,4.891360483387201,0.041558945975797845,4.975382682648484,2022-07-01,2023-07-01
2022-12-10,Reading,Coventry,away,4,0.08741107938744334,4.959294930133771,-0.041558945975797845,4.809396070088448,2022-07-01,2023-07-01
2022-12-10,Blackpool,Birmingham,home,2,0.08741107938744334,5.040067185875266,-0.023807302041958966,4.907349320962734,2022-07-01,2023-07-01
2022-12-10,Blackpool,Birmingham,away,6,0.08741107938744334,5.22572302147253,0.023807302041958966,5.01901211112595,2022-07-01,2023-07-01
2022-12-10,Middlesbrough,Luton,home,3,0.08741107938744334,6.743193153291527,0.28996330003898524,6.107619355839031,2022-07-01,2023-07-01
2022-12-10,Middlesbrough,Luton,away,2,0.08741107938744334,4.293147926545343,-0.28996330003898524,4.168805265405121,2022-07-01,2023-07-01
2022-12-10,Millwall,Wigan,home,4,0.08741107938744334,5.793066960208331,0.28667790893760536,5.78335845756364,2022-07-01,2023-07-01
2022-12-10,Millwall,Wigan,away,3,0.08741107938744334,3.91496095302313,-0.28667790893760536,4.040900419516744,2022-07-01,2023-07-01
2022-12-10,Sheffield United,Huddersfield,home,10,0.08741107938744334,7.423043253102308,0.5016143099781188,6.833947095225,2022-07-01,2023-07-01
2022-12-10,Sheffield United,Huddersfield,away,1,0.08741107938744334,4.045248860355531,-0.5016143099781188,3.7739007556953226,2022-07-01,2023-07-01
2022-12-10,Stoke,Cardiff,home,6,0.08741107938744334,6.077444110545357,0.1869276918219135,5.667529274403588,2022-07-01,2023-07-01
2022-12-10,Stoke,Cardiff,away,6,0.08741107938744334,3.9943254809329503,-0.1869276918219135,4.223123819180421,2022-07-01,2023-07-01
2022-12-10,Swansea,Norwich,home,7,0.08741107938744334,4.545281683791229,0.05910700157437526,4.8805268449504355,2022-07-01,2023-07-01
2022-12-10,Swansea,Norwich,away,4,0.08741107938744334,6.057480647304761,-0.05910700157437526,5.125845206117004,2022-07-01,2023-07-01
2022-12-11,QPR,Burnley,home,2,0.08742797971170074,5.782732248292656,-0.09956667128356311,5.007101449789945,2022-07-01,2023-07-01
2022-12-11,QPR,Burnley,away,6,0.08742797971170074,4.508028237364447,0.09956667128356311,4.9013033298175355,2022-07-01,2023-07-01
2022-12-11,Watford,Hull,home,7,0.08742797971170074,5.027599818601844,0.38619313097942043,5.709837082776062,2022-07-01,2023-07-01
2022-12-11,Watford,Hull,away,5,0.08742797971170074,4.392542607480938,-0.38619313097942043,4.05485503278413,2022-07-01,2023-07-01
2022-12-12,Sunderland,West Brom,home,5,0.0873323504343641,3.6036626391889834,-0.0810441217873949,4.270215793517553,2022-07-01,2023-07-01
2022-12-12,Sunderland,West Brom,away,5,0.0873323504343641,5.532138116817514,0.0810441217873949,5.230505409935292,2022-07-01,2023-07-01
2022-12-16,Birmingham,Reading,home,0,0.08723915724570534,5.102575856806015,0.21753907410055326,5.390990535393291,2022-07-01,2023-07-01
2022-12-16,Birmingham,Reading,away,7,0.08723915724570534,4.650928317593285,-0.21753907410055326,4.404587181056106,2022-07-01,2023-07-01
2022-12-17,Bristol City,Stoke,home,3,0.08737274486121413,5.464302412478909,0.033740366370020036,5.157719417691764,2022-07-01,2023-07-01
2022-12-17,Bristol City,Stoke,away,3,0.08737274486121413,5.473596923961171,-0.033740366370020036,4.9934473998536895,2022-07-01,2023-07-01
2022-12-17,Burnley,Middlesbrough,home,4,0.08737274486121413,5.558104796670673,0.1844009759728713,5.487353475725662,2022-07-01,2023-07-01
2022-12-17,Burnley,Middlesbrough,away,1,0.08737274486121413,4.971334794058052,-0.1844009759728713,4.564702450088893,2022-07-01,2023-07-01
2022-12-17,Cardiff,Blackpool,home,4,0.08737274486121413,6.0511902953782455,0.2945951826992282,5.889872732879647,2022-07-01,2023-07-01
2022-12-17,Cardiff,Blackpool,away,6,0.08737274486121413,3.7098082639166585,-0.2945951826992282,3.953592260115138,2022-07-01,2023-07-01
2022-12-17,Coventry,Swansea,home,5,0.08737274486121413,5.349790897968447,0.068853445681613,5.186725997036231,2022-07-01,2023-07-01
2022-12-17,Coventry,Swansea,away,3,0.08737274486121413,5.158005141955239,-0.068853445681613,4.827008018462771,2022-07-01,2023-07-01
2022-12-17,Huddersfield,Watford,home,7,0.08737274486121413,4.975216614125766,-0.2011476895197825,4.573594450138276,2022-07-01,2023-07-01
2022-12-17,Huddersfield,Watford,away,11,0.08737274486121413,4.726891747042448,0.2011476895197825,5.175258253614738,2022-07-01,2023-07-01
2022-12-17,Hull,Sunderland,home,7,0.08737274486121413,6.142724945360102,0.05007518553850632,5.406818071079773,2022-07-01,2023-07-01
2022-12-17,Hull,Sunderland,away,4,0.08737274486121413,4.684892491403729,-0.05007518553850632,4.699325705399593,2022-07-01,2023-07-01
2022-12-17,Preston,QPR,home,4,0.08737274486121413,4.919133472211527,0.11525737255878488,5.123672732145967,2022-07-01,2023-07-01
2022-12-17,Preston,QPR,away,4,0.08737274486121413,4.927239461752767,-0.11525737255878488,4.668852679662704,2022-07-01,2023-07-01
2022-12-17,West Brom,Rotherham,home,6,0.08737274486121413,9.425270635388904,0.5323074487140156,7.516988545849988,2022-07-01,2023-07-01
2022-12-17,West Brom,Rotherham,away,3,0.08737274486121413,2.8287007053780457,-0.5323074487140156,3.2906510917157274,2022-07-01,2023-07-01
2022-12-17,Norwich,Blackburn,home,6,0.08737274486121413,5.700470180583322,0.318323207069973,5.818737272048112,2022-07-01,2023-07-01
2022-12-17,Norwich,Blackburn,away,2,0.08737274486121413,3.516602678736701,-0.318323207069973,3.8459746165534536,2022-07-01,2023-07-01
2022-12-19,Wigan,Sheffield United,home,8,0.08722774109560197,4.4051235637822295,-0.21069054802705833,4.366741673511395,2022-07-01,2023-07-01
2022-12-19,Wigan,Sheffield United,away,4,0.08722774109560197,4.055869435827213,0.21069054802705833,4.9217811092053845,2022-07-01,2023-07-01
2022-12-21,Coventry,West Brom,home,10,0.0871739582535645,4.361077848497814,-0.06612052410238961,4.591468609975335,2022-07-01,2023-07-01
2022-12-21,Coventry,West Brom,away,2,0.0871739582535645,4.7517269535031055,0.06612052410238961,4.931105401094828,2022-07-01,2023-07-01
2022-12-26,Watford,Millwall,home,4,0.08727541568078352,4.7685127706649775,0.1944261468217971,5.219305703892681,2022-07-01,2023-07-01
2022-12-26,Watford,Millwall,away,10,0.08727541568078352,4.6357125100557255,-0.1944261468217971,4.437463278332811,2022-07-01,2023-07-01
2022-12-26,Sunderland,Blackburn,home,7,0.08727541568078352,4.4090675121261755,0.10228390905795232,4.906740531443437,2022-07-01,2023-07-01
2022-12-26,Sunderland,Blackburn,away,3,0.08727541568078352,4.549895682180395,-0.10228390905795232,4.561969813456938,2022-07-01,2023-07-01
2022-12-26,Bristol City,West Brom,home,8,0.08727541568078352,4.4136796149029776,-0.08866058754180406,4.572389623057805,2022-07-01,2023-07-01
2022-12-26,Bristol City,West Brom,away,6,0.08727541568078352,5.195414465427932,0.08866058754180406,5.130921334233461,2022-07-01,2023-07-01
2022-12-26,Hull,Blackpool,home,11,0.08727541568078352,5.628201388062174,0.18899803536345766,5.520978203050033,2022-07-01,2023-07-01
2022-12-26,Hull,Blackpool,away,8,0.08727541568078352,4.259994152975393,-0.18899803536345766,4.316385823840163,2022-07-01,2023-07-01
2022-12-26,Middlesbrough,Wigan,home,9,0.08727541568078352,6.556700019065417,0.39654170340527967,6.292038072952842,2022-07-01,2023-07-01
2022-12-26,Middlesbrough,Wigan,away,10,0.08727541568078352,3.581894902220417,-0.39654170340527967,3.7600301447527764,2022-07-01,2023-07-01
2022-12-26,Preston,Huddersfield,home,2,0.08727541568078352,5.3736934975788,0.29105046500990994,5.641897119549135,2022-07-01,2023-07-01
2022-12-26,Preston,Huddersfield,away,3,0.08727541568078352,4.327042327758402,-0.29105046500990994,4.178645410918328,2022-07-01,2023-07-01
2022-12-26,Rotherham,Stoke,home,3,0.08727541568078352,5.538633016031665,-0.11296850951361664,4.9073439531464595,2022-07-01,2023-07-01
2022-12-26,Rotherham,Stoke,away,3,0.08727541568078352,5.466523511766906,0.11296850951361664,5.2707821360516185,2022-07-01,2023-07-01
2022-12-26,Sheffield United,Coventry,home,2,0.08727541568078352,7.282025286396755,0.36484490398818314,6.451763528080971,2022-07-01,2023-07-01
2022-12-26,Sheffield United,Coventry,away,7,0.08727541568078352,4.352045617937753,-0.36484490398818314,4.073871650786422,2022-07-01,2023-07-01
2022-12-26,Cardiff,QPR,home,1,0.08727541568078352,5.842855107847019,0.07656061183607599,5.365155976895268,2022-07-01,2023-07-01
2022-12-26,Cardiff,QPR,away,6,0.08727541568078352,4.253451648349734,-0.07656061183607599,4.498087278094395,2022-07-01,2023-07-01
2022-12-26,Luton,Norwich,home,6,0.08727541568078352,5.583771058252678,0.010780047142351146,5.152896932887553,2022-07-01,2023-07-01
2022-12-26,Luton,Norwich,away,4,0.08727541568078352,6.465250157175533,-0.010780047142351146,5.3394771969702255,2022-07-01,2023-07-01
2022-12-27,Reading,Swansea,home,3,0.08736332374994665,4.690432308648009,-0.03459782369841047,4.765860701855673,2022-07-01,2023-07-01
2022-12-27,Reading,Swansea,away,4,0.08736332374994665,5.20182063243639,0.03459782369841047,5.031067512259661,2022-07-01,2023-07-01
2022-12-27,Burnley,Birmingham,home,1,0.08736332374994665,6.504182618044822,0.4217799667371026,6.333402939362631,2022-07-01,2023-07-01
2022-12-27,Burnley,Birmingham,away,1,0.08736332374994665,4.074204708107114,-0.4217799667371026,3.897262754176836,2022-07-01,2023-07-01
2022-12-29,QPR,Luton,home,6,0.08755712544593028,5.823996622305957,0.14266908461123262,5.492322918167946,2022-07-01,2023-07-01
2022-12-29,QPR,Luton,away,2,0.08755712544593028,4.813244616397607,-0.14266908461123262,4.583712710430316,2022-07-01,2023-07-01
2022-12-29,Blackburn,Middlesbrough,home,1,0.08755712544593028,4.254862795896139,-0.10170622968537668,4.492100102237445,2022-07-01,2023-07-01
2022-12-29,Blackburn,Middlesbrough,away,7,0.08755712544593028,4.671495203056275,0.10170622968537668,4.966941653151866,2022-07-01,2023-07-01
2022-12-29,Coventry,Cardiff,home,5,0.08755712544593028,5.770964777403358,0.15257235099209876,5.494888834678264,2022-07-01,2023-07-01
2022-12-29,Coventry,Cardiff,away,2,0.08755712544593028,3.8081652177156315,-0.15257235099209876,4.206281282226961,2022-07-01,2023-07-01
2022-12-29,Huddersfield,Rotherham,home,0,0.08755712544593028,6.596198048237383,0.18645787533398722,5.831896728096914,2022-07-01,2023-07-01
2022-12-29,Huddersfield,Rotherham,away,2,0.08755712544593028,3.404595689478356,-0.18645787533398722,3.9934347516928117,2022-07-01,2023-07-01
2022-12-29,Millwall,Bristol City,home,3,0.08755712544593028,6.16634547283441,0.26346215089793823,5.860808391999367,2022-07-01,2023-07-01
2022-12-29,Millwall,Bristol City,away,4,0.08755712544593028,3.89118362842101,-0.26346215089793823,4.067194892410599,2022-07-01,2023-07-01
2022-12-29,Wigan,Sunderland,home,1,0.08755712544593028,5.627653315470344,-0.006583385485666893,5.133856106237096,2022-07-01,2023-07-01
2022-12-29,Wigan,Sunderland,away,4,0.08755712544593028,3.6962752437369097,0.006583385485666893,4.416012993753407,2022-07-01,2023-07-01
2022-12-29,West Brom,Preston,home,14,0.08755712544593028,6.6863347271863,0.33519553072625696,6.192683451592079,2022-07-01,2023-07-01
2022-12-29,West Brom,Preston,away,3,0.08755712544593028,3.533911578777554,-0.33519553072625696,3.828536935884513,2022-07-01,2023-07-01
2022-12-29,Blackpool,Sheffield United,home,5,0.08755712544593028,4.6865560481580335,-0.33162881636336294,4.266666109343531,2022-07-01,2023-07-01
2022-12-29,Blackpool,Sheffield United,away,6,0.08755712544593028,5.7902270780214184,0.33162881636336294,5.833510683794387,2022-07-01,2023-07-01
2022-12-30,Birmingham,Hull,home,4,0.08817267024469791,5.189198595285184,0.22618605768181127,5.440403070359026,2022-07-01,2023-07-01
2022-12-30,Birmingham,Hull,away,7,0.08817267024469791,4.3734119015827355,-0.22618605768181127,4.296622075995633,2022-07-01,2023-07-01
2022-12-30,Norwich,Reading,home,8,0.08817267024469791,5.2045246603824245,0.35484283080966317,5.712679920583522,2022-07-01,2023-07-01
2022-12-30,Norwich,Reading,away,7,0.08817267024469791,3.963426828035431,-0.35484283080966317,3.9569084572003783,2022-07-01,2023-07-01
2022-12-30,Stoke,Burnley,home,3,0.08817267024469791,5.556515095210639,-0.11561347818371814,4.908076514651569,2022-07-01,2023-07-01
2022-12-30,Stoke,Burnley,away,5,0.08817267024469791,4.775564959149492,0.11561347818371814,5.031451137255876,2022-07-01,2023-07-01
2022-12-30,Swansea,Watford,home,4,0.08817267024469791,5.382197924785529,0.12316930171796431,5.3036925527444785,2022-07-01,2023-07-01
2022-12-30,Swansea,Watford,away,2,0.08817267024469791,5.194400559018543,-0.12316930171796431,4.742271085425795,2022-07-01,2023-07-01
2023-01-01,Blackburn,Cardiff,home,3,0.0880081607605414,5.386222556517657,0.09550653954333221,5.250841294998354,2022-07-01,2023-07-01
2023-01-01,Blackburn,Cardiff,away,9,0.0880081607605414,3.668146608413569,-0.09550653954333221,4.240263858800723,2022-07-01,2023-07-01
2023-01-01,Blackpool,Sunderland,home,1,0.0880081607605414,5.241044391079341,-0.06495082386000767,4.89972463839206,2022-07-01,2023-07-01
2023-01-01,Blackpool,Sunderland,away,5,0.0880081607605414,5.289787771661057,0.06495082386000767,5.118175247114491,2022-07-01,2023-07-01
2023-01-01,Coventry,Bristol City,home,6,0.0880081607605414,6.215757082310231,0.22859356838434713,5.8016109157492775,2022-07-01,2023-07-01
2023-01-01,Coventry,Bristol City,away,11,0.0880081607605414,3.9311684291973394,-0.22859356838434713,4.135045070324008,2022-07-01,2023-07-01
2023-01-01,Huddersfield,Luton,home,1,0.0880081607605414,5.152705042011197,-0.07052101164500807,4.860494135521566,2022-07-01,2023-07-01
2023-01-01,Huddersfield,Luton,away,1,0.0880081607605414,4.3622151241741305,0.07052101164500807,4.793034288646828,2022-07-01,2023-07-01
2023-01-01,Millwall,Rotherham,home,10,0.0880081607605414,6.24620376297966,0.44653407001868567,6.301718292158966,2022-07-01,2023-07-01
2023-01-01,Millwall,Rotherham,away,1,0.0880081607605414,3.1348947120013215,-0.44653407001868567,3.5220547572878407,2022-07-01,2023-07-01
2023-01-02,Birmingham,Middlesbrough,home,9,0.0885082610905344,3.9949621013916667,-0.10834375049448558,4.382945488965924,2022-07-01,2023-07-01
2023-01-02,Birmingham,Middlesbrough,away,8,0.0885082610905344,5.470037131179657,0.10834375049448558,5.26292091662432,2022-07-01,2023-07-01
2023-01-02,Norwich,Watford,home,8,0.0885082610905344,5.853707238087406,0.24066717922432943,5.706164682413033,2022-07-01,2023-07-01
2023-01-02,Norwich,Watford,away,3,0.0885082610905344,4.704773804825751,-0.24066717922432943,4.384589560050856,2022-07-01,2023-07-01
2023-01-02,Stoke,Preston,home,4,0.0885082610905344,5.714010976795409,0.17223858278529686,5.5159397329359265,2022-07-01,2023-07-01
2023-01-02,Stoke,Preston,away,7,0.0885082610905344,4.530609777148267,-0.17223858278529686,4.438306057566027,2022-07-01,2023-07-01
2023-01-02,Swansea,Burnley,home,4,0.0885082610905344,4.930975367511222,-0.07922113626131067,4.770551025651696,2022-07-01,2023-07-01
2023-01-02,Swansea,Burnley,away,5,0.0885082610905344,4.19534392897595,0.07922113626131067,4.743138134544517,2022-07-01,2023-07-01
2023-01-02,West Brom,Reading,home,6,0.0885082610905344,6.989286511489331,0.3826132057802303,6.401590415458069,2022-07-01,2023-07-01
2023-01-02,West Brom,Reading,away,3,0.0885082610905344,3.8464776696165215,-0.3826132057802303,3.875318311375699,2022-07-01,2023-07-01
2023-01-02,Wigan,Hull,home,7,0.0885082610905344,4.67738801820827,0.06121964850770567,4.9337481749754,2022-07-01,2023-07-01
2023-01-02,Wigan,Hull,away,5,0.0885082610905344,3.5620112065944984,-0.06121964850770567,4.250571363827989,2022-07-01,2023-07-01
2023-01-02,QPR,Sheffield United,home,8,0.0885082610905344,5.352720915228472,-0.10458018897837529,4.863992706580397,2022-07-01,2023-07-01
2023-01-02,QPR,Sheffield United,away,6,0.0885082610905344,5.050134743825454,0.10458018897837529,5.110208838809863,2022-07-01,2023-07-01
2023-01-14,Rotherham,Blackburn,home,4,0.08810043794537445,5.191305928072846,-0.15676872002950937,4.719569761562678,2022-07-01,2023-07-01
2023-01-14,Rotherham,Blackburn,away,2,0.08810043794537445,4.3762207707392,0.15676872002950937,4.954680592588747,2022-07-01,2023-07-01
2023-01-14,Bristol City,Birmingham,home,5,0.08810043794537445,4.80872997173298,0.13239074550128538,5.115452281255658,2022-07-01,2023-07-01
2023-01-14,Bristol City,Birmingham,away,2,0.08810043794537445,4.93034479478107,-0.13239074550128538,4.640253957830674,2022-07-01,2023-07-01
2023-01-14,Burnley,Coventry,home,3,0.08810043794537445,6.392334440490815,0.3642604995972921,6.161845793489903,2022-07-01,2023-07-01
2023-01-14,Burnley,Coventry,away,5,0.08810043794537445,4.082764417932012,-0.3642604995972921,3.9843791209862647,2022-07-01,2023-07-01
2023-01-14,Cardiff,Wigan,home,3,0.08810043794537445,6.180387838670123,0.244130111098385,5.82351452720633,2022-07-01,2023-07-01
2023-01-14,Cardiff,Wigan,away,3,0.08810043794537445,4.24235195925274,-0.244130111098385,4.2227140329727675,2022-07-01,2023-07-01
2023-01-14,Hull,Huddersfield,home,4,0.08810043794537445,6.3354510017012595,0.24507081415784082,5.876464375267854,2022-07-01,2023-07-01
2023-01-14,Hull,Huddersfield,away,4,0.08810043794537445,4.218910094542444,-0.24507081415784082,4.213032766477504,2022-07-01,2023-07-01
2023-01-14,Luton,West Brom,home,2,0.08810043794537445,5.711775938283412,-0.06946696024583221,5.041504168577339,2022-07-01,2023-07-01
2023-01-14,Luton,West Brom,away,9,0.08810043794537445,4.834863479624734,0.06946696024583221,4.967403825810026,2022-07-01,2023-07-01
2023-01-14,Middlesbrough,Millwall,home,6,0.08810043794537445,5.693957508714202,0.23797951619687166,5.645348811826697,2022-07-01,2023-07-01
2023-01-14,Middlesbrough,Millwall,away,3,0.08810043794537445,4.3418238229499515,-0.23797951619687166,4.266961513805588,2022-07-01,2023-07-01
2023-01-14,Preston,Norwich,home,4,0.08810043794537445,4.279475480419514,-0.054219864035815024,4.581325127781317,2022-07-01,2023-07-01
2023-01-14,Preston,Norwich,away,7,0.08810043794537445,6.293159929876723,0.054219864035815024,5.4184139027997595,2022-07-01,2023-07-01
2023-01-14,Reading,QPR,home,5,0.08810043794537445,4.433293055125489,0.0026197879685624925,4.737483736674841,2022-07-01,2023-07-01
2023-01-14,Reading,QPR,away,7,0.08810043794537445,4.768153400065371,-0.0026197879685624925,4.812593616649557,2022-07-01,2023-07-01
2023-01-14,Sheffield United,Stoke,home,2,0.08810043794537445,6.939683510500415,0.3439550140581068,6.294541292263793,2022-07-01,2023-07-01
2023-01-14,Sheffield United,Stoke,away,6,0.08810043794537445,4.431276996272698,-0.3439550140581068,4.131706879898759,2022-07-01,2023-07-01
2023-01-14,Sunderland,Swansea,home,1,0.08810043794537445,4.626752410009399,0.025402921943748935,4.849956802816584,2022-07-01,2023-07-01
2023-01-14,Sunderland,Swansea,away,4,0.08810043794537445,5.514426421234839,-0.025402921943748935,5.022028096409671,2022-07-01,2023-07-01
2023-01-14,Watford,Blackpool,home,2,0.08810043794537445,5.495852970706549,0.31461132383261214,5.736604340921809,2022-07-01,2023-07-01
2023-01-14,Watford,Blackpool,away,3,0.08810043794537445,4.925661551250387,-0.31461132383261214,4.335060154980421,2022-07-01,2023-07-01
2023-01-20,Sheffield United,Hull,home,4,0.08801599661728995,6.530828852222497,0.3746954695292776,6.232516710622347,2022-07-01,2023-07-01
2023-01-20,Sheffield United,Hull,away,2,0.08801599661728995,4.2590754951522785,-0.3746954695292776,4.028326654793192,2022-07-01,2023-07-01
2023-01-20,Burnley,West Brom,home,16,0.08801599661728995,5.445734442712507,0.13723483804951003,5.3534981501812595,2022-07-01,2023-07-01
2023-01-20,Burnley,West Brom,away,5,0.08801599661728995,4.2721908739754,-0.13723483804951003,4.40461936010749,2022-07-01,2023-07-01
2023-01-21,Coventry,Norwich,home,4,0.08857900354880609,4.942062984076052,-0.03465813378039634,4.854018458707688,2022-07-01,2023-07-01
2023-01-21,Coventry,Norwich,away,6,0.08857900354880609,6.126143490971939,0.03465813378039634,5.328606982956755,2022-07-01,2023-07-01
2023-01-21,Birmingham,Preston,home,5,0.08857900354880609,5.30976067105219,0.10898422470180846,5.250770614272878,2022-07-01,2023-07-01
2023-01-21,Birmingham,Preston,away,3,0.08857900354880609,4.813945230490277,-0.10898422470180846,4.641674830420977,2022-07-01,2023-07-01
2023-01-21,Bristol City,Blackburn,home,5,0.08857900354880609,5.146522837364268,0.14568069517805415,5.264800885406852,2022-07-01,2023-07-01
2023-01-21,Bristol City,Blackburn,away,3,0.08857900354880609,4.180019086751761,-0.14568069517805415,4.3573180912352445,2022-07-01,2023-07-01
2023-01-21,Cardiff,Millwall,home,7,0.08857900354880609,5.033695410607127,-0.0719296893069154,4.81825071356143,2022-07-01,2023-07-01
2023-01-21,Cardiff,Millwall,away,4,0.08857900354880609,4.247772306694341,0.0719296893069154,4.750981523209555,2022-07-01,2023-07-01
2023-01-21,QPR,Swansea,home,5,0.08857900354880609,5.518442080687688,0.006715124087353641,5.123901021459356,2022-07-01,2023-07-01
2023-01-21,QPR,Swansea,away,8,0.08857900354880609,5.017110345624325,-0.006715124087353641,4.891931094196249,2022-07-01,2023-07-01
2023-01-21,Stoke,Reading,home,6,0.08857900354880609,5.248279861945089,0.2710543961399409,5.553889661655946,2022-07-01,2023-07-01
2023-01-21,Stoke,Reading,away,2,0.08857900354880609,5.051151759389412,-0.2710543961399409,4.44487855264742,2022-07-01,2023-07-01
2023-01-21,Watford,Rotherham,home,9,0.08857900354880609,6.186748227060156,0.4467599157696062,6.28111570384551,2022-07-01,2023-07-01
2023-01-21,Watford,Rotherham,away,3,0.08857900354880609,3.5803924407413423,-0.4467599157696062,3.689984348257389,2022-07-01,2023-07-01
2023-01-21,Wigan,Luton,home,3,0.08857900354880609,4.951469507048004,-0.05079711585670177,4.828223509955105,2022-07-01,2023-07-01
2023-01-21,Wigan,Luton,away,1,0.08857900354880609,3.677200607006324,0.05079711585670177,4.481003319052654,2022-07-01,2023-07-01
2023-01-22,Sunderland,Middlesbrough,home,4,0.08839147723051781,3.5937482289274487,-0.05507915567282329,4.307439297020933,2022-07-01,2023-07-01
2023-01-22,Sunderland,Middlesbrough,away,8,0.08839147723051781,5.772381744964106,0.05507915567282329,5.258203058376748,2022-07-01,2023-07-01
2023-01-28,Coventry,Huddersfield,home,6,0.0883382427364057,5.793221134154998,0.31446315576933725,5.843423731282273,2022-07-01,2023-07-01
2023-01-28,Coventry,Huddersfield,away,3,0.0883382427364057,4.110144262898276,-0.31446315576933725,4.068318121430532,2022-07-01,2023-07-01
2023-01-28,Hull,QPR,home,4,0.0883382427364057,5.594225391033582,0.03760761214318076,5.207933288775127,2022-07-01,2023-07-01
2023-01-28,Hull,QPR,away,5,0.0883382427364057,4.935380772678672,-0.03760761214318076,4.808292861953557,2022-07-01,2023-07-01
2023-01-28,Middlesbrough,Watford,home,9,0.0883382427364057,6.408843913407154,0.2558495748164581,5.9239565218523795,2022-07-01,2023-07-01
2023-01-28,Middlesbrough,Watford,away,5,0.0883382427364057,4.761785207416447,-0.2558495748164581,4.378407617847579,2022-07-01,2023-07-01
2023-01-31,Luton,Cardiff,home,13,0.08817827411181886,6.2165961943257075,0.25050479287551275,5.849309618850817,2022-07-01,2023-07-01
2023-01-31,Luton,Cardiff,away,2,0.08817827411181886,4.395651337981536,-0.25050479287551275,4.265567687955658,2022-07-01,2023-07-01
2023-02-03,West Brom,Coventry,home,10,0.08848718825782756,7.336805195793253,0.2958881079692716,6.3051450566891845,2022-07-01,2023-07-01
2023-02-03,West Brom,Coventry,away,4,0.08848718825782756,3.8658406202527047,-0.2958881079692716,4.009280649540054,2022-07-01,2023-07-01
2023-02-04,Norwich,Burnley,home,5,0.08851026648235734,5.536929624936614,0.03118890233684013,5.176779897795421,2022-07-01,2023-07-01
2023-02-04,Norwich,Burnley,away,3,0.08851026648235734,4.051514408357809,-0.03118890233684013,4.497080615285346,2022-07-01,2023-07-01
2023-02-04,Rotherham,Sheffield United,home,3,0.08851026648235734,4.9618334403608335,-0.36948714222587337,4.292249102027546,2022-07-01,2023-07-01
2023-02-04,Rotherham,Sheffield United,away,5,0.08851026648235734,5.426035436195215,0.36948714222587337,5.782706356011212,2022-07-01,2023-07-01
2023-02-04,Huddersfield,QPR,home,8,0.08851026648235734,4.575865256516763,-0.08305340812292061,4.640358699406329,2022-07-01,2023-07-01
2023-02-04,Huddersfield,QPR,away,4,0.08851026648235734,4.432119896755354,0.08305340812292061,4.842361968585262,2022-07-01,2023-07-01
2023-02-04,Hull,Cardiff,home,3,0.08851026648235734,6.187980576060195,0.1721722105990518,5.6723346394890175,2022-07-01,2023-07-01
2023-02-04,Hull,Cardiff,away,7,0.08851026648235734,4.187330841227623,-0.1721722105990518,4.317291162682914,2022-07-01,2023-07-01
2023-02-04,Luton,Stoke,home,7,0.08851026648235734,6.362759721642508,0.1385862442638791,5.657057069527923,2022-07-01,2023-07-01
2023-02-04,Luton,Stoke,away,5,0.08851026648235734,4.906601158164591,-0.1385862442638791,4.621743774151797,2022-07-01,2023-07-01
2023-02-04,Middlesbrough,Blackpool,home,9,0.08851026648235734,6.5699412820070835,0.46584726979649405,6.460730520639959,2022-07-01,2023-07-01
2023-02-04,Middlesbrough,Blackpool,away,7,0.08851026648235734,4.035358338555993,-0.46584726979649405,3.821098465004513,2022-07-01,2023-07-01
2023-02-04,Millwall,Sunderland,home,5,0.08851026648235734,5.429592478090678,0.20131935840337545,5.476777587498568,2022-07-01,2023-07-01
2023-02-04,Millwall,Sunderland,away,6,0.08851026648235734,4.091704965617611,-0.20131935840337545,4.2362849645822065,2022-07-01,2023-07-01
2023-02-04,Preston,Bristol City,home,5,0.08851026648235734,5.314205038705883,0.06885449615906003,5.174586200541507,2022-07-01,2023-07-01
2023-02-04,Preston,Bristol City,away,3,0.08851026648235734,4.772911227256329,-0.06885449615906003,4.697255445612228,2022-07-01,2023-07-01
2023-02-04,Reading,Watford,home,4,0.08851026648235734,4.850282484474352,-0.0405858148876998,4.811561788544571,2022-07-01,2023-07-01
2023-02-04,Reading,Watford,away,4,0.08851026648235734,5.404955312205814,0.0405858148876998,5.110560619564001,2022-07-01,2023-07-01
2023-02-04,Swansea,Birmingham,home,1,0.08851026648235734,4.907949545243637,0.2933050124600693,5.469688893840773,2022-07-01,2023-07-01
2023-02-04,Swansea,Birmingham,away,3,0.08851026648235734,3.990529816948221,-0.2933050124600693,4.058117428035064,2022-07-01,2023-07-01
2023-02-06,Blackburn,Wigan,home,7,0.08812304911545894,5.353775019680961,0.22744719584146686,5.502959135894782,2022-07-01,2023-07-01
2023-02-06,Blackburn,Wigan,away,7,0.08812304911545894,4.38321001562382,-0.22744719584146686,4.297985673675306,2022-07-01,2023-07-01
2023-02-07,Blackpool,Huddersfield,home,3,0.08803252969849389,5.090255092530084,0.13666105081691027,5.226970256995087,2022-07-01,2023-07-01
2023-02-07,Blackpool,Huddersfield,away,7,0.08803252969849389,4.639270051220425,-0.13666105081691027,4.534947771153764,2022-07-01,2023-07-01
2023-02-10,Birmingham,West Brom,home,5,0.08799212652355785,5.252342876906065,-0.21198034267499,4.642763482353294,2022-07-01,2023-07-01
2023-02-10,Birmingham,West Brom,away,6,0.08799212652355785,5.25969186475349,0.21198034267499,5.394715170854299,2022-07-01,2023-07-01
2023-02-11,Blackpool,Rotherham,home,4,0.08789504956173738,5.870913862114632,0.14819959646127578,5.519148605535924,2022-07-01,2023-07-01
2023-02-11,Blackpool,Rotherham,away,0,0.08789504956173738,3.8750299629279135,-0.14819959646127578,4.238951166781735,2022-07-01,2023-07-01
2023-02-11,Bristol City,Norwich,home,8,0.08789504956173738,4.594810046950158,-0.06063398082754812,4.685965448781599,2022-07-01,2023-07-01
2023-02-11,Bristol City,Norwich,away,8,0.08789504956173738,6.473091849191114,0.06063398082754812,5.485376108395573,2022-07-01,2023-07-01
2023-02-11,Burnley,Preston,home,5,0.08789504956173738,6.643223783635217,0.47479830882923824,6.507551177994694,2022-07-01,2023-07-01
2023-02-11,Burnley,Preston,away,2,0.08789504956173738,3.8623512395858888,-0.47479830882923824,3.7502583582279665,2022-07-01,2023-07-01
2023-02-11,Cardiff,Middlesbrough,home,7,0.08789504956173738,4.541572641236064,-0.16943856235334515,4.481938365957664,2022-07-01,2023-07-01
2023-02-11,Cardiff,Middlesbrough,away,4,0.08789504956173738,5.003123076867321,0.16943856235334515,5.217678768890824,2022-07-01,2023-07-01
2023-02-11,Coventry,Luton,home,5,0.08789504956173738,5.378158391664077,0.12790674925362622,5.311635098856517,2022-07-01,2023-07-01
2023-02-11,Coventry,Luton,away,5,0.08789504956173738,4.2419565140277165,-0.12790674925362622,4.40890100737121,2022-07-01,2023-07-01
2023-02-11,QPR,Millwall,home,4,0.08789504956173738,5.294511390853865,0.01425377191512317,5.064067154348708,2022-07-01,2023-07-01
2023-02-11,QPR,Millwall,away,3,0.08789504956173738,4.765928171193291,-0.01425377191512317,4.791051418424072,2022-07-01,2023-07-01
2023-02-11,Sheffield United,Swansea,home,4,0.08789504956173738,6.11215917410898,0.2836244918992036,5.886602083524698,2022-07-01,2023-07-01
2023-02-11,Sheffield United,Swansea,away,5,0.08789504956173738,4.78406312274175,-0.2836244918992036,4.340567276218897,2022-07-01,2023-07-01
2023-02-11,Stoke,Hull,home,7,0.08789504956173738,5.542764904647758,0.20737011948932627,5.529012420875968,2022-07-01,2023-07-01
2023-02-11,Stoke,Hull,away,2,0.08789504956173738,4.462025888735344,-0.20737011948932627,4.35734939510862,2022-07-01,2023-07-01
2023-02-11,Sunderland,Reading,home,4,0.08789504956173738,4.159669429661637,0.28207718731056775,5.13952423099226,2022-07-01,2023-07-01
2023-02-11,Sunderland,Reading,away,8,0.08789504956173738,5.199139901567941,-0.28207718731056775,4.471830430909228,2022-07-01,2023-07-01
2023-02-11,Watford,Blackburn,home,6,0.08789504956173738,5.224269564592117,0.26085937964384254,5.5239908234784805,2022-07-01,2023-07-01
2023-02-11,Watford,Blackburn,away,2,0.08789504956173738,4.072249438603521,-0.26085937964384254,4.136674659295847,2022-07-01,2023-07-01
2023-02-11,Wigan,Huddersfield,home,3,0.08789504956173738,5.014777976485136,0.1354450947295357,5.197273078009235,2022-07-01,2023-07-01
2023-02-11,Wigan,Huddersfield,away,2,0.08789504956173738,3.334722396733917,-0.1354450947295357,4.040313664764992,2022-07-01,2023-07-01
2023-02-14,Birmingham,Cardiff,home,5,0.08774041220762901,5.661892089695256,0.1286948040711668,5.40998645228967,2022-07-01,2023-07-01
2023-02-14,Birmingham,Cardiff,away,4,0.08774041220762901,4.4879543163688504,-0.1286948040711668,4.495732555843632,2022-07-01,2023-07-01
2023-02-14,Coventry,Millwall,home,3,0.08774041220762901,5.006478896632095,0.05089018433905779,5.0336129456742835,2022-07-01,2023-07-01
2023-02-14,Coventry,Millwall,away,6,0.08774041220762901,4.507487559637671,-0.05089018433905779,4.634647908607568,2022-07-01,2023-07-01
2023-02-14,Norwich,Hull,home,5,0.08774041220762901,5.9745084104907775,0.3040449688772866,5.88417641774353,2022-07-01,2023-07-01
2023-02-14,Norwich,Hull,away,3,0.08774041220762901,3.621424174264043,-0.3040449688772866,3.906517014921965,2022-07-01,2023-07-01
2023-02-14,QPR,Sunderland,home,2,0.08774041220762901,5.613892895392307,0.07906753184330695,5.295296615169968,2022-07-01,2023-07-01
2023-02-14,QPR,Sunderland,away,2,0.08774041220762901,4.803186017098449,-0.07906753184330695,4.689867757624325,2022-07-01,2023-07-01
2023-02-14,Burnley,Watford,home,5,0.08774041220762901,6.8263737330644805,0.37903422344462623,6.340354052741311,2022-07-01,2023-07-01
2023-02-14,Burnley,Watford,away,1,0.08774041220762901,4.349092511222392,-0.37903422344462623,4.051486012173342,2022-07-01,2023-07-01
2023-02-14,Reading,Rotherham,home,4,0.08774041220762901,5.619173038995574,0.2393596111925098,5.622081577201473,2022-07-01,2023-07-01
2023-02-14,Reading,Rotherham,away,4,0.08774041220762901,3.238880894664013,-0.2393596111925098,3.8476969398754366,2022-07-01,2023-07-01
2023-02-15,Bristol City,Wigan,home,3,0.08768530202697188,5.690364994924391,0.21955650898583717,5.605597817102989,2022-07-01,2023-07-01
2023-02-15,Bristol City,Wigan,away,11,0.08768530202697188,5.05155448739442,-0.21955650898583717,4.5308674238892435,2022-07-01,2023-07-01
2023-02-15,Preston,Luton,home,2,0.08768530202697188,4.6510668963375466,-0.025345960131049172,4.7681377295568925,2022-07-01,2023-07-01
2023-02-15,Preston,Luton,away,10,0.08768530202697188,4.47519191757464,0.025345960131049172,4.755771437897743,2022-07-01,2023-07-01
2023-02-15,Stoke,Huddersfield,home,12,0.08768530202697188,5.818087360327973,0.2986669147031369,5.817974768379708,2022-07-01,2023-07-01
2023-02-15,Stoke,Huddersfield,away,3,0.08768530202697188,4.124531748922007,-0.2986669147031369,4.097288875613694,2022-07-01,2023-07-01
2023-02-15,Swansea,Blackpool,home,6,0.08768530202697188,5.347749593252915,0.3780494504700138,5.817341400786544,2022-07-01,2023-07-01
2023-02-15,Swansea,Blackpool,away,2,0.08768530202697188,4.088325453786256,-0.3780494504700138,3.965914666293798,2022-07-01,2023-07-01
2023-02-15,Sheffield United,Middlesbrough,home,6,0.08768530202697188,5.239333912128996,0.20583281623969507,5.417680918682556,2022-07-01,2023-07-01
2023-02-15,Sheffield United,Middlesbrough,away,6,0.08768530202697188,5.098950936167582,-0.20583281623969507,4.568987296448983,2022-07-01,2023-07-01
2023-02-15,West Brom,Blackburn,home,12,0.08768530202697188,7.530494159958445,0.3786493616798481,6.561796161743725,2022-07-01,2023-07-01
2023-02-15,West Brom,Blackburn,away,5,0.08768530202697188,3.0317936600765276,-0.3786493616798481,3.5698451791997132,2022-07-01,2023-07-01
2023-02-17,Cardiff,Reading,home,8,0.08810079941062428,5.274743178876559,0.25151069504435053,5.523455865155032,2022-07-01,2023-07-01
2023-02-17,Cardiff,Reading,away,3,0.08810079941062428,4.409837816724854,-0.25151069504435053,4.268801353104473,2022-07-01,2023-07-01
2023-02-18,Millwall,Sheffield United,home,4,0.08807961522649309,5.156984714755349,-0.016051154900169617,4.961304353271228,2022-07-01,2023-07-01
2023-02-18,Millwall,Sheffield United,away,5,0.08807961522649309,4.649604768019581,0.016051154900169617,4.803436972001612,2022-07-01,2023-07-01
2023-02-18,Blackburn,Swansea,home,6,0.08807961522649309,4.890793236990225,-0.02176165803108815,4.859503345111827,2022-07-01,2023-07-01
2023-02-18,Blackburn,Swansea,away,3,0.08807961522649309,5.1612934458186865,0.02176165803108815,4.993397739100111,2022-07-01,2023-07-01
2023-02-18,Blackpool,Stoke,home,3,0.08807961522649309,4.720484200613729,-0.08978011074480685,4.6796306567976895,2022-07-01,2023-07-01
2023-02-18,Blackpool,Stoke,away,5,0.08807961522649309,5.301747360181132,0.08978011074480685,5.169705773669581,2022-07-01,2023-07-01
2023-02-18,Huddersfield,Birmingham,home,4,0.08807961522649309,4.449029084834616,0.0207855222608353,4.775503698182265,2022-07-01,2023-07-01
2023-02-18,Huddersfield,Birmingham,away,6,0.08807961522649309,3.9446399376959853,-0.0207855222608353,4.472313704310743,2022-07-01,2023-07-01
2023-02-18,Hull,Preston,home,11,0.08807961522649309,5.487201151645435,0.17943002160567917,5.452589768252199,2022-07-01,2023-07-01
2023-02-18,Hull,Preston,away,6,0.08807961522649309,4.540447279337693,-0.17943002160567917,4.42983634562861,2022-07-01,2023-07-01
2023-02-18,Luton,Burnley,home,7,0.08807961522649309,5.881098665733058,-0.14021862338650531,4.9613460576942625,2022-07-01,2023-07-01
2023-02-18,Luton,Burnley,away,5,0.08807961522649309,4.6904334555244365,0.14021862338650531,5.045685037961651,2022-07-01,2023-07-01
2023-02-18,Middlesbrough,QPR,home,9,0.08807961522649309,6.402961525998772,0.4199909776374298,6.29442974534278,2022-07-01,2023-07-01
2023-02-18,Middlesbrough,QPR,away,9,0.08807961522649309,4.547827523573507,-0.4199909776374298,4.053408187560153,2022-07-01,2023-07-01
2023-02-18,Rotherham,Coventry,home,4,0.08807961522649309,5.114318686859754,-0.16131364683530192,4.686951180141414,2022-07-01,2023-07-01
2023-02-18,Rotherham,Coventry,away,2,0.08807961522649309,5.123800037148498,0.16131364683530192,5.245673542335356,2022-07-01,2023-07-01
2023-02-18,Sunderland,Bristol City,home,2,0.08807961522649309,4.932480390031343,0.21133933118316078,5.314931254612132,2022-07-01,2023-07-01
2023-02-18,Sunderland,Bristol City,away,4,0.08807961522649309,5.186081516212728,-0.21133933118316078,4.586860215365877,2022-07-01,2023-07-01
2023-02-18,Wigan,Norwich,home,3,0.08807961522649309,4.3639451431323035,-0.20080591000671588,4.368376643642908,2022-07-01,2023-07-01
2023-02-18,Wigan,Norwich,away,5,0.08807961522649309,4.8509019003977345,0.20080591000671588,5.221873710703627,2022-07-01,2023-07-01
2023-02-20,Watford,West Brom,home,6,0.08782383854389553,5.223580684851265,-0.0040254989049174905,5.006025810898088,2022-07-01,2023-07-01
2023-02-20,Watford,West Brom,away,6,0.08782383854389553,5.123205556738651,0.0040254989049174905,4.947716172139444,2022-07-01,2023-07-01
2023-02-21,Blackburn,Blackpool,home,8,0.08772177691428465,5.485383053450279,0.2229825002459366,5.540890554824982,2022-07-01,2023-07-01
2023-02-21,Blackburn,Blackpool,away,2,0.08772177691428465,4.348444143602058,-0.2229825002459366,4.2930988832824095,2022-07-01,2023-07-01
2023-02-21,Millwall,Burnley,home,3,0.08772177691428465,5.039809878166945,-0.1091994382022472,4.754019733305725,2022-07-01,2023-07-01
2023-02-21,Millwall,Burnley,away,6,0.08772177691428465,4.208818085837224,0.1091994382022472,4.801665066480946,2022-07-01,2023-07-01
2023-02-21,Norwich,Birmingham,home,6,0.08772177691428465,5.278356393962392,0.38580166149546097,5.807423016263637,2022-07-01,2023-07-01
2023-02-21,Norwich,Birmingham,away,1,0.08772177691428465,3.7060012037708545,-0.38580166149546097,3.820488763338191,2022-07-01,2023-07-01
2023-02-21,Rotherham,Sunderland,home,4,0.08772177691428465,4.7110363017181145,-0.196771714066103,4.494099690652925,2022-07-01,2023-07-01
2023-02-21,Rotherham,Sunderland,away,6,0.08772177691428465,4.626688331844769,0.196771714066103,5.128120567436843,2022-07-01,2023-07-01
2023-02-21,Swansea,Stoke,home,5,0.08772177691428465,5.068202353481516,0.13315058379053446,5.212204562647014,2022-07-01,2023-07-01
2023-02-21,Swansea,Stoke,away,4,0.08772177691428465,4.233421300341235,-0.13315058379053446,4.397208642450702,2022-07-01,2023-07-01
2023-02-25,Coventry,Sunderland,home,4,0.08760303451470182,5.044803537133232,0.1415567853423968,5.220018962940374,2022-07-01,2023-07-01
2023-02-25,Coventry,Sunderland,away,7,0.08760303451470182,4.665916046018415,-0.1415567853423968,4.535819784042452,2022-07-01,2023-07-01
2023-02-25,Birmingham,Luton,home,2,0.08760303451470182,5.07215135411652,-0.04853386434674739,4.873321399741599,2022-07-01,2023-07-01
2023-02-25,Birmingham,Luton,away,7,0.08760303451470182,4.84928860021911,0.04853386434674739,4.934080246514428,2022-07-01,2023-07-01
2023-02-25,Bristol City,Hull,home,7,0.08760303451470182,5.174570666851784,0.1032554137387065,5.192367622586866,2022-07-01,2023-07-01
2023-02-25,Bristol City,Hull,away,3,0.08760303451470182,4.760350174392616,-0.1032554137387065,4.633312830033598,2022-07-01,2023-07-01
2023-02-25,Burnley,Huddersfield,home,5,0.08760303451470182,6.9604388741301,0.5944616849089058,6.915750707661549,2022-07-01,2023-07-01
2023-02-25,Burnley,Huddersfield,away,2,0.08760303451470182,3.293029050576672,-0.5944616849089058,3.3918212024861836,2022-07-01,2023-07-01
2023-02-25,Norwich,Cardiff,home,3,0.08760303451470182,6.264944203879527,0.35656151534690206,6.1009659685433215,2022-07-01,2023-07-01
2023-02-25,Norwich,Cardiff,away,5,0.08760303451470182,3.4126548149586324,-0.35656151534690206,3.7519805737781513,2022-07-01,2023-07-01
2023-02-25,Preston,Wigan,home,3,0.08760303451470182,4.791629342843632,0.12921555049955485,5.103033283750533,2022-07-01,2023-07-01
2023-02-25,Preston,Wigan,away,7,0.08760303451470182,5.465368317611971,-0.12921555049955485,4.816880891410338,2022-07-01,2023-07-01
2023-02-25,QPR,Blackburn,home,7,0.08760303451470182,5.733863910004231,0.17451230587072225,5.527329371441353,2022-07-01,2023-07-01
2023-02-25,QPR,Blackburn,away,1,0.08760303451470182,3.8307590720240894,-0.17451230587072225,4.180809818399451,2022-07-01,2023-07-01
2023-02-25,Reading,Blackpool,home,3,0.08760303451470182,4.92323056778574,0.17507596703468048,5.240349014824057,2022-07-01,2023-07-01
2023-02-25,Reading,Blackpool,away,8,0.08760303451470182,4.378448767801926,-0.17507596703468048,4.38075962117874,2022-07-01,2023-07-01
2023-02-25,Sheffield United,Watford,home,5,0.08760303451470182,6.408509463349775,0.26412404825644054,5.942087021921666,2022-07-01,2023-07-01
2023-02-25,Sheffield United,Watford,away,5,0.08760303451470182,4.704612932197404,-0.26412404825644054,4.346492290058876,2022-07-01,2023-07-01
2023-02-25,Stoke,Millwall,home,9,0.08760303451470182,5.404069872096085,0.08580996909935129,5.2380402720101555,2022-07-01,2023-07-01
2023-02-25,Stoke,Millwall,away,4,0.08760303451470182,4.54356981556323,-0.08580996909935129,4.587735044774838,2022-07-01,2023-07-01
2023-02-25,West Brom,Middlesbrough,home,4,0.08760303451470182,6.547970368709724,0.07134103465595182,5.573350015605849,2022-07-01,2023-07-01
2023-02-25,West Brom,Middlesbrough,away,8,0.08760303451470182,4.4031775804256545,-0.07134103465595182,4.561904644423642,2022-07-01,2023-07-01
2023-02-27,Swansea,Rotherham,home,3,0.08729736918487739,6.10710154836211,0.4377050446784951,6.23160137450496,2022-07-01,2023-07-01
2023-02-27,Swansea,Rotherham,away,6,0.08729736918487739,2.8329909046023305,-0.4377050446784951,3.410179742522664,2022-07-01,2023-07-01
2023-02-28,Preston,Coventry,home,4,0.08725142196785901,4.618391008080079,-0.011672675661125342,4.780571094480964,2022-07-01,2023-07-01
2023-02-28,Preston,Coventry,away,2,0.08725142196785901,5.15673407325728,0.011672675661125342,4.973172216329067,2022-07-01,2023-07-01
2023-02-28,Luton,Millwall,home,6,0.08725142196785901,6.03255782325853,0.15878836902710963,5.594005192805855,2022-07-01,2023-07-01
2023-02-28,Luton,Millwall,away,2,0.08725142196785901,4.708648562850685,-0.15878836902710963,4.5213259933030905,2022-07-01,2023-07-01
2023-03-03,Hull,West Brom,home,4,0.08727059728476037,5.765385900521422,-0.15353900307806817,4.902523372261813,2022-07-01,2023-07-01
2023-03-03,Hull,West Brom,away,6,0.08727059728476037,5.39863964149107,0.15353900307806817,5.3274020966550655,2022-07-01,2023-07-01
2023-03-04,Blackburn,Sheffield United,home,3,0.08719381409231432,5.051057499014907,-0.21184029102003699,4.579727496765716,2022-07-01,2023-07-01
2023-03-04,Blackburn,Sheffield United,away,8,0.08719381409231432,4.92583406034082,0.21184029102003699,5.271625926333665,2022-07-01,2023-07-01
2023-03-04,Cardiff,Bristol City,home,3,0.08719381409231432,6.25691212848871,0.13402061855670105,5.614298404050438,2022-07-01,2023-07-01
2023-03-04,Cardiff,Bristol City,away,5,0.08719381409231432,4.0392191925030545,-0.13402061855670105,4.323893878120096,2022-07-01,2023-07-01
2023-03-04,Blackpool,Burnley,home,1,0.08719381409231432,4.239438283619533,-0.44275615669261204,3.9524501876173215,2022-07-01,2023-07-01
2023-03-04,Blackpool,Burnley,away,8,0.08719381409231432,5.17328553139869,0.44275615669261204,5.843573055644729,2022-07-01,2023-07-01
2023-03-04,Huddersfield,Coventry,home,5,0.08719381409231432,4.932281850295528,-0.11494252873563221,4.7080950634010295,2022-07-01,2023-07-01
2023-03-04,Huddersfield,Coventry,away,5,0.08719381409231432,4.276139058826048,0.11494252873563221,4.838810656653875,2022-07-01,2023-07-01
2023-03-04,Luton,Swansea,home,4,0.08719381409231432,6.140515413048711,0.21630566689956976,5.750538827648943,2022-07-01,2023-07-01
2023-03-04,Luton,Swansea,away,3,0.08719381409231432,5.040273558302362,-0.21630566689956976,4.5327829971308065,2022-07-01,2023-07-01
2023-03-04,Middlesbrough,Reading,home,6,0.08719381409231432,6.373573139737834,0.515239751136435,6.510635631612087,2022-07-01,2023-07-01
2023-03-04,Middlesbrough,Reading,away,1,0.08719381409231432,4.696721509532512,-0.515239751136435,3.956988770726448,2022-07-01,2023-07-01
2023-03-04,Millwall,Norwich,home,4,0.08719381409231432,4.7571480523830925,0.04809561259458778,4.938989230382711,2022-07-01,2023-07-01
2023-03-04,Millwall,Norwich,away,4,0.08719381409231432,5.750460347212005,-0.04809561259458778,5.053701716529463,2022-07-01,2023-07-01
2023-03-04,Rotherham,QPR,home,7,0.08719381409231432,4.927663524078143,-0.05386341128200978,4.814571095686958,2022-07-01,2023-07-01
2023-03-04,Rotherham,QPR,away,8,0.08719381409231432,5.146481430797499,0.05386341128200978,5.048211545124356,2022-07-01,2023-07-01
2023-03-04,Sunderland,Stoke,home,2,0.08719381409231432,4.230712252615358,0.119554769730987,4.867234461568535,2022-07-01,2023-07-01
2023-03-04,Sunderland,Stoke,away,4,0.08719381409231432,5.413714545004706,-0.119554769730987,4.818107282386863,2022-07-01,2023-07-01
2023-03-04,Watford,Preston,home,6,0.08719381409231432,5.546620084800628,0.30991796724612786,5.7451308216448345,2022-07-01,2023-07-01
2023-03-04,Watford,Preston,away,3,0.08719381409231432,4.537987436953714,-0.30991796724612786,4.219398282876126,2022-07-01,2023-07-01
2023-03-04,Wigan,Birmingham,home,2,0.08719381409231432,4.185612220249251,0.11874052951212821,4.847484124425429,2022-07-01,2023-07-01
2023-03-04,Wigan,Birmingham,away,1,0.08719381409231432,3.3729395883653512,-0.11874052951212821,4.081767542557619,2022-07-01,2023-07-01
2023-03-07,Huddersfield,Bristol City,home,6,0.0871593822431215,5.24757893299116,-0.07636078840882393,4.88113343972393,2022-07-01,2023-07-01
2023-03-07,Huddersfield,Bristol City,away,4,0.0871593822431215,4.226273748227617,0.07636078840882393,4.750337671922251,2022-07-01,2023-07-01
2023-03-07,Reading,Sheffield United,home,3,0.0871593822431215,4.209130572494442,-0.34541845643307956,4.087689096580172,2022-07-01,2023-07-01
2023-03-07,Reading,Sheffield United,away,4,0.0871593822431215,5.529257652085996,0.34541845643307956,5.76927980361581,2022-07-01,2023-07-01
2023-03-07,West Brom,Wigan,home,1,0.0871593822431215,7.656702009416031,0.45523344099796703,6.790699929308354,2022-07-01,2023-07-01
2023-03-07,West Brom,Wigan,away,2,0.0871593822431215,4.4349727243016765,-0.45523344099796703,3.9655335377508356,2022-07-01,2023-07-01
2023-03-10,Stoke,Blackburn,home,1,0.08721209769025749,6.516972231810249,0.2257375118071182,5.892571152763427,2022-07-01,2023-07-01
2023-03-10,Stoke,Blackburn,away,5,0.08721209769025749,3.675962488521508,-0.2257375118071182,4.043006523072031,2022-07-01,2023-07-01
2023-03-11,Bristol City,Blackpool,home,6,0.08727073083488505,5.5923313848356315,0.24648939348670454,5.62752328350634,2022-07-01,2023-07-01
2023-03-11,Bristol City,Blackpool,away,0,0.08727073083488505,4.986289409784214,-0.24648939348670454,4.465318637728461,2022-07-01,2023-07-01
2023-03-11,Birmingham,Rotherham,home,4,0.08727073083488505,6.030460627551028,0.2521115537848606,5.790655603484348,2022-07-01,2023-07-01
2023-03-11,Birmingham,Rotherham,away,10,0.08727073083488505,3.636856024643413,-0.2521115537848606,3.988575240281969,2022-07-01,2023-07-01
2023-03-11,Burnley,Wigan,home,10,0.08727073083488505,6.1979607763874185,0.617089035961673,6.695698925110619,2022-07-01,2023-07-01
2023-03-11,Burnley,Wigan,away,0,0.08727073083488505,3.95760280636227,-0.617089035961673,3.587713368389188,2022-07-01,2023-07-01
2023-03-11,Coventry,Hull,home,10,0.08727073083488505,5.386939711863645,0.2206629460012664,5.501022936078836,2022-07-01,2023-07-01
2023-03-11,Coventry,Hull,away,3,0.08727073083488505,4.241163360367839,-0.2206629460012664,4.259272386771036,2022-07-01,2023-07-01
2023-03-11,Preston,Cardiff,home,4,0.08727073083488505,4.729032252291725,0.06611893583724571,4.961833052347573,2022-07-01,2023-07-01
2023-03-11,Preston,Cardiff,away,4,0.08727073083488505,4.548003932021132,-0.06611893583724571,4.623004130456215,2022-07-01,2023-07-01
2023-03-11,QPR,Watford,home,2,0.08727073083488505,5.69523428325217,-0.09542177563573084,4.988040251740614,2022-07-01,2023-07-01
2023-03-11,QPR,Watford,away,5,0.08727073083488505,4.7116805160651465,0.09542177563573084,4.970285693761405,2022-07-01,2023-07-01
2023-03-11,Reading,Millwall,home,2,0.08727073083488505,4.246841464671092,-0.17808072380456658,4.363534876635854,2022-07-01,2023-07-01
2023-03-11,Reading,Millwall,away,2,0.08727073083488505,4.672091813437413,0.17808072380456658,5.110127375851323,2022-07-01,2023-07-01
2023-03-11,Sheffield United,Luton,home,3,0.08727073083488505,5.8081041591262625,0.24231040823568625,5.693989676300146,2022-07-01,2023-07-01
2023-03-11,Sheffield United,Luton,away,4,0.08727073083488505,4.539895398069332,-0.24231040823568625,4.3273622923240795,2022-07-01,2023-07-01
2023-03-11,Swansea,Middlesbrough,home,4,0.08727073083488505,4.282237822872984,-0.1307155894603828,4.453964716358179,2022-07-01,2023-07-01
2023-03-11,Swansea,Middlesbrough,away,6,0.08727073083488505,4.9760129386389265,0.1307155894603828,5.133347503062761,2022-07-01,2023-07-01
2023-03-11,West Brom,Huddersfield,home,9,0.08727073083488505,7.770036754814627,0.5454753303763318,7.058560781442243,2022-07-01,2023-07-01
2023-03-11,West Brom,Huddersfield,away,2,0.08727073083488505,3.3332222029386798,-0.5454753303763318,3.4688632974946176,2022-07-01,2023-07-01
2023-03-12,Norwich,Sunderland,home,8,0.08769054800257126,5.418209057628565,0.28063246503657635,5.636407308788265,2022-07-01,2023-07-01
2023-03-12,Norwich,Sunderland,away,3,0.08769054800257126,3.9623061515110516,-0.28063246503657635,4.067118991552139,2022-07-01,2023-07-01
2023-03-14,Blackpool,QPR,home,6,0.08766992852110056,4.558838375255288,0.049363271186647684,4.867979344358363,2022-07-01,2023-07-01
2023-03-14,Blackpool,QPR,away,1,0.08766992852110056,5.802475880298204,-0.049363271186647684,5.067320501631465,2022-07-01,2023-07-01
2023-03-14,Millwall,Swansea,home,5,0.08766992852110056,4.9526506003272734,0.23820961640801422,5.375954778636485,2022-07-01,2023-07-01
2023-03-14,Millwall,Swansea,away,5,0.08766992852110056,4.614326199363525,-0.23820961640801422,4.358780561666377,2022-07-01,2023-07-01
2023-03-14,Rotherham,Preston,home,3,0.08766992852110056,5.218520584513403,0.008871553198557869,5.028358631109535,2022-07-01,2023-07-01
2023-03-14,Rotherham,Preston,away,5,0.08766992852110056,4.679336016908345,-0.008871553198557869,4.769829482565009,2022-07-01,2023-07-01
2023-03-14,Watford,Birmingham,home,3,0.08766992852110056,4.785502302406443,0.3062803849588253,5.4475730284770405,2022-07-01,2023-07-01
2023-03-14,Watford,Birmingham,away,1,0.08766992852110056,4.148936243820109,-0.3062803849588253,4.094188702640186,2022-07-01,2023-07-01
2023-03-14,Wigan,Coventry,home,6,0.08766992852110056,4.507216314262173,-0.1671412653212826,4.473819547264138,2022-07-01,2023-07-01
2023-03-14,Wigan,Coventry,away,4,0.08766992852110056,3.5317884109187827,0.1671412653212826,4.613115454902096,2022-07-01,2023-07-01
2023-03-14,Middlesbrough,Stoke,home,4,0.08766992852110056,6.407773530863442,0.3572773098036125,6.151088491905659,2022-07-01,2023-07-01
2023-03-14,Middlesbrough,Stoke,away,6,0.08766992852110056,4.558651794113868,-0.3572773098036125,4.152425806601574,2022-07-01,2023-07-01
2023-03-15,Blackburn,Reading,home,6,0.08754779577117829,5.08787230626265,0.3358306941249798,5.6274944825220485,2022-07-01,2023-07-01
2023-03-15,Blackburn,Reading,away,4,0.08754779577117829,4.589016274133475,-0.3358306941249798,4.195413853366614,2022-07-01,2023-07-01
2023-03-15,Cardiff,West Brom,home,3,0.08754779577117829,5.555394162311473,-0.11588749282479754,4.90722919647543,2022-07-01,2023-07-01
2023-03-15,Cardiff,West Brom,away,5,0.08754779577117829,4.715523672326931,0.11588749282479754,5.009655783817996,2022-07-01,2023-07-01
2023-03-15,Huddersfield,Norwich,home,6,0.08754779577117829,4.498312857208431,-0.3038599952987448,4.2492965180120335,2022-07-01,2023-07-01
2023-03-15,Huddersfield,Norwich,away,8,0.08754779577117829,5.680608559093545,0.3038599952987448,5.735014481572743,2022-07-01,2023-07-01
2023-03-15,Hull,Burnley,home,3,0.08754779577117829,5.063968979259334,-0.3130996400926883,4.414591926966795,2022-07-01,2023-07-01
2023-03-15,Hull,Burnley,away,3,0.08754779577117829,5.268234431349042,0.3130996400926883,5.604434991722817,2022-07-01,2023-07-01
2023-03-15,Luton,Bristol City,home,7,0.08754779577117829,6.748198839376731,0.3060360089079195,6.145801079210642,2022-07-01,2023-07-01
2023-03-15,Luton,Bristol City,away,2,0.08754779577117829,4.445665189211797,-0.3060360089079195,4.195098912539751,2022-07-01,2023-07-01
2023-03-15,Sunderland,Sheffield United,home,4,0.08754779577117829,3.7986246513418873,-0.11638874919317477,4.293211812183288,2022-07-01,2023-07-01
2023-03-15,Sunderland,Sheffield United,away,8,0.08754779577117829,5.835573621007606,0.11638874919317477,5.39995663379941,2022-07-01,2023-07-01
2023-03-18,Blackpool,Coventry,home,5,0.08731804436967902,4.570162847305091,-0.13965589986404758,4.541804577903722,2022-07-01,2023-07-01
2023-03-18,Blackpool,Coventry,away,4,0.08731804436967902,5.007215791049946,0.13965589986404758,5.161745005686945,2022-07-01,2023-07-01
2023-03-18,Middlesbrough,Preston,home,7,0.08731804436967902,6.6518863266830115,0.4555248374179711,6.464076868240897,2022-07-01,2023-07-01
2023-03-18,Middlesbrough,Preston,away,4,0.08731804436967902,4.282120915566913,-0.4555248374179711,3.916567981972057,2022-07-01,2023-07-01
2023-03-18,Millwall,Huddersfield,home,3,0.08731804436967902,5.699672356410265,0.49445974792074476,6.211942355375513,2022-07-01,2023-07-01
2023-03-18,Millwall,Huddersfield,away,6,0.08731804436967902,3.672255946947902,-0.49445974792074476,3.657561763019306,2022-07-01,2023-07-01
2023-03-18,QPR,Birmingham,home,10,0.08731804436967902,4.707104819215806,0.09632182257639932,5.00964160988076,2022-07-01,2023-07-01
2023-03-18,QPR,Birmingham,away,1,0.08731804436967902,3.8413849971843406,-0.09632182257639932,4.308231845491935,2022-07-01,2023-07-01
2023-03-18,Reading,Hull,home,1,0.08731804436967902,4.606660368569802,-0.03621984909756426,4.732941962790161,2022-07-01,2023-07-01
2023-03-18,Reading,Hull,away,9,0.08731804436967902,4.171841872302766,0.03621984909756426,4.658763621611494,2022-07-01,2023-07-01
2023-03-18,Stoke,Norwich,home,8,0.08731804436967902,5.394325287693285,0.04806116876024025,5.161818515181638,2022-07-01,2023-07-01
2023-03-18,Stoke,Norwich,away,3,0.08731804436967902,6.080221582903122,-0.04806116876024025,5.153701139940969,2022-07-01,2023-07-01
2023-03-18,Sunderland,Luton,home,6,0.08731804436967902,3.827051356218474,0.005225085338952773,4.503415412724925,2022-07-01,2023-07-01
2023-03-18,Sunderland,Luton,away,2,0.08731804436967902,5.413322548669541,-0.005225085338952773,5.027044927106643,2022-07-01,2023-07-01
2023-03-18,Watford,Wigan,home,5,0.08731804436967902,5.368157086905656,0.36368546122272627,5.79412379403693,2022-07-01,2023-07-01
2023-03-18,Watford,Wigan,away,4,0.08731804436967902,4.563634735124414,-0.36368546122272627,4.144141008724762,2022-07-01,2023-07-01
2023-03-19,Swansea,Bristol City,home,3,0.08729953456016454,5.393562499858252,0.18485446863779326,5.430665596865366,2022-07-01,2023-07-01
2023-03-19,Swansea,Bristol City,away,7,0.08729953456016454,4.033040963461826,-0.18485446863779326,4.240718298821074,2022-07-01,2023-07-01
2023-03-31,Burnley,Sunderland,home,5,0.08726044636470405,6.408492283780553,0.5241567912488605,6.544785973711682,2022-07-01,2023-07-01
2023-03-31,Burnley,Sunderland,away,4,0.08726044636470405,3.5312428076737956,-0.5241567912488605,3.56802849131047,2022-07-01,2023-07-01
2023-04-01,Luton,Watford,home,9,0.0871903393657897,6.285808284128043,0.1882127694997086,5.737757897129475,2022-07-01,2023-07-01
2023-04-01,Luton,Watford,away,3,0.0871903393657897,4.761248707711709,-0.1882127694997086,4.489648624830789,2022-07-01,2023-07-01
2023-04-01,Preston,Blackpool,home,6,0.0871903393657897,4.802913354759144,0.1987916629233672,5.240990653377576,2022-07-01,2023-07-01
2023-04-01,Preston,Blackpool,away,8,0.0871903393657897,4.541748605137999,-0.1987916629233672,4.398527817268386,2022-07-01,2023-07-01
2023-04-01,Birmingham,Blackburn,home,4,0.0871903393657897,5.289676365673173,0.036608233482173846,5.10466281779362,2022-07-01,2023-07-01
2023-04-01,Birmingham,Blackburn,away,7,0.0871903393657897,4.281572363692166,-0.036608233482173846,4.575928591012722,2022-07-01,2023-07-01
2023-04-01,Bristol City,Reading,home,10,0.0871903393657897,5.2052592823920225,0.3203778119468168,5.6402767070859685,2022-07-01,2023-07-01
2023-04-01,Bristol City,Reading,away,4,0.0871903393657897,4.882665791271717,-0.3203778119468168,4.312485138957258,2022-07-01,2023-07-01
2023-04-01,Cardiff,Swansea,home,1,0.0871903393657897,5.278653679240828,0.06775430693370671,5.160293656586232,2022-07-01,2023-07-01
2023-04-01,Cardiff,Swansea,away,3,0.0871903393657897,4.575369324187392,-0.06775430693370671,4.6299394050289475,2022-07-01,2023-07-01
2023-04-01,Coventry,Stoke,home,6,0.0871903393657897,5.282479069466299,0.08346835018716126,5.1918291604260745,2022-07-01,2023-07-01
2023-04-01,Coventry,Stoke,away,6,0.0871903393657897,4.867379960793346,-0.08346835018716126,4.704086210369306,2022-07-01,2023-07-01
2023-04-01,Huddersfield,Middlesbrough,home,5,0.0871903393657897,4.275537294645392,-0.36702312990806996,4.077361467776814,2022-07-01,2023-07-01
2023-04-01,Huddersfield,Middlesbrough,away,9,0.0871903393657897,5.403306025845384,0.36702312990806996,5.768904803597944,2022-07-01,2023-07-01
2023-04-01,Hull,Rotherham,home,8,0.0871903393657897,6.406880898396803,0.2605726864525899,5.933722425855205,2022-07-01,2023-07-01
2023-04-01,Hull,Rotherham,away,8,0.0871903393657897,3.9672466320861135,-0.2605726864525899,4.099336860810663,2022-07-01,2023-07-01
2023-04-01,Norwich,Sheffield United,home,4,0.0871903393657897,5.353212133425793,0.029734060633528014,5.113035488619878,2022-07-01,2023-07-01
2023-04-01,Norwich,Sheffield United,away,5,0.0871903393657897,4.388992193028403,-0.029734060633528014,4.6277241162292295,2022-07-01,2023-07-01
2023-04-01,West Brom,Millwall,home,6,0.0871903393657897,6.787129118425864,0.29401313664261863,6.130782019203332,2022-07-01,2023-07-01
2023-04-01,West Brom,Millwall,away,7,0.0871903393657897,3.6133384093942733,-0.29401313664261863,3.9180275245931813,2022-07-01,2023-07-01
2023-04-01,Wigan,QPR,home,2,0.0871903393657897,4.739487325692364,0.08441785853739048,4.999556916278501,2022-07-01,2023-07-01
2023-04-01,Wigan,QPR,away,5,0.0871903393657897,3.8332372018592227,-0.08441785853739048,4.324102441491424,2022-07-01,2023-07-01
2023-04-07,Millwall,Luton,home,4,0.08684119826502433,4.754832704446208,0.04650420346919226,4.935226127286854,2022-07-01,2023-07-01
2023-04-07,Millwall,Luton,away,4,0.08684119826502433,4.354757128608024,-0.04650420346919226,4.586351097610306,2022-07-01,2023-07-01
2023-04-07,Rotherham,West Brom,home,8,0.08684119826502433,4.742047404159815,-0.33990110878034163,4.271191889190279,2022-07-01,2023-07-01
2023-04-07,Rotherham,West Brom,away,3,0.08684119826502433,5.490876361096011,0.33990110878034163,5.743399653957762,2022-07-01,2023-07-01
2023-04-07,Blackburn,Norwich,home,8,0.08684119826502433,4.995124990841058,-0.0429633475151992,4.85724586910565,2022-07-01,2023-07-01
2023-04-07,Blackburn,Norwich,away,5,0.08684119826502433,5.90975624687856,0.0429633475151992,5.278000355538948,2022-07-01,2023-07-01
2023-04-07,Blackpool,Cardiff,home,4,0.08684119826502433,4.695140722600468,-0.02706472531506182,4.780902014520948,2022-07-01,2023-07-01
2023-04-07,Blackpool,Cardiff,away,3,0.08684119826502433,4.579759281212884,0.02706472531506182,4.797564507708192,2022-07-01,2023-07-01
2023-04-07,QPR,Preston,home,6,0.08684119826502433,5.7796277737631705,0.07870183211785065,5.348949600476096,2022-07-01,2023-07-01
2023-04-07,QPR,Preston,away,6,0.08684119826502433,4.082965502661766,-0.07870183211785065,4.430407569089145,2022-07-01,2023-07-01
2023-04-07,Reading,Birmingham,home,5,0.08684119826502433,3.8819838991846924,-0.03579644947119348,4.4575539131105195,2022-07-01,2023-07-01
2023-04-07,Reading,Birmingham,away,0,0.08684119826502433,4.0683204069968415,0.03579644947119348,4.617109927041686,2022-07-01,2023-07-01
2023-04-07,Sheffield United,Wigan,home,9,0.08684119826502433,6.103538708949197,0.5084457448075255,6.396241196285666,2022-07-01,2023-07-01
2023-04-07,Sheffield United,Wigan,away,6,0.08684119826502433,4.493289831021031,-0.5084457448075255,3.9057822567044025,2022-07-01,2023-07-01
2023-04-07,Stoke,Bristol City,home,7,0.08684119826502433,6.315560367370752,0.3123275083985285,6.018504037562858,2022-07-01,2023-07-01
2023-04-07,Stoke,Bristol City,away,4,0.08684119826502433,4.365364957150686,-0.3123275083985285,4.158600246433364,2022-07-01,2023-07-01
2023-04-07,Swansea,Coventry,home,5,0.08684119826502433,4.954647098731399,0.10644346178142772,5.119839150566786,2022-07-01,2023-07-01
2023-04-07,Swansea,Coventry,away,5,0.08684119826502433,4.3080501192126475,-0.10644346178142772,4.468393377298765,2022-07-01,2023-07-01
2023-04-07,Watford,Huddersfield,home,13,0.08684119826502433,5.6537799028840645,0.38374224866261364,5.944700404926825,2022-07-01,2023-07-01
2023-04-07,Watford,Huddersfield,away,3,0.08684119826502433,3.8480391412557355,-0.38374224866261364,3.8742452119875903,2022-07-01,2023-07-01
2023-04-07,Sunderland,Hull,home,1,0.08684119826502433,4.352250388231424,0.22457474876879477,5.1114830262357165,2022-07-01,2023-07-01
2023-04-07,Sunderland,Hull,away,0,0.08684119826502433,4.7960107399046485,-0.22457474876879477,4.440733324768208,2022-07-01,2023-07-01
2023-04-07,Middlesbrough,Burnley,home,1,0.08684119826502433,5.640129419241908,-0.021656374249217514,5.109158298712343,2022-07-01,2023-07-01
2023-04-07,Middlesbrough,Burnley,away,2,0.08684119826502433,4.641921561865372,0.021656374249217514,4.810655868498673,2022-07-01,2023-07-01
2023-04-10,Huddersfield,Blackburn,home,5,0.08717947767431715,5.115015883667855,-0.03148464268108353,4.918802801131337,2022-07-01,2023-07-01
2023-04-10,Huddersfield,Blackburn,away,10,0.08717947767431715,4.036337113517007,0.03148464268108353,4.596960836470469,2022-07-01,2023-07-01
2023-04-10,Birmingham,Stoke,home,6,0.08717947767431715,4.915277961637481,-0.12769731007981083,4.680158210384125,2022-07-01,2023-07-01
2023-04-10,Birmingham,Stoke,away,10,0.08717947767431715,5.520928944050938,0.12769731007981083,5.318166427378166,2022-07-01,2023-07-01
2023-04-10,Cardiff,Sunderland,home,7,0.08717947767431715,5.160682761295824,0.06206361520558579,5.108685672590343,2022-07-01,2023-07-01
2023-04-10,Cardiff,Sunderland,away,5,0.08717947767431715,4.246442199786818,-0.06206361520558579,4.519760965149966,2022-07-01,2023-07-01
2023-04-10,Coventry,Watford,home,6,0.08717947767431715,5.670088885169932,0.11058196018668448,5.376433268322999,2022-07-01,2023-07-01
2023-04-10,Coventry,Watford,away,4,0.08717947767431715,4.938519697389231,-0.11058196018668448,4.680726945129565,2022-07-01,2023-07-01
2023-04-10,Hull,Millwall,home,7,0.08717947767431715,5.361496448541151,-0.08433589116700152,4.903534131440947,2022-07-01,2023-07-01
2023-04-10,Hull,Millwall,away,5,0.08717947767431715,4.875739359162805,0.08433589116700152,5.0097095941507055,2022-07-01,2023-07-01
2023-04-10,Luton,Blackpool,home,7,0.08717947767431715,6.827849030576701,0.4828661151784832,6.590220842993655,2022-07-01,2023-07-01
2023-04-10,Luton,Blackpool,away,5,0.08717947767431715,4.250525708035586,-0.4828661151784832,3.866915239970968,2022-07-01,2023-07-01
2023-04-10,Norwich,Rotherham,home,10,0.08717947767431715,6.678792560224363,0.4619386346745939,6.488690069515395,2022-07-01,2023-07-01
2023-04-10,Norwich,Rotherham,away,3,0.08717947767431715,3.3571720121727298,-0.4619386346745939,3.5872190520018297,2022-07-01,2023-07-01
2023-04-10,Preston,Reading,home,9,0.08717947767431715,4.665365027195162,0.25492662177535025,5.297116210157751,2022-07-01,2023-07-01
2023-04-10,Preston,Reading,away,2,0.08717947767431715,4.949132232678539,-0.25492662177535025,4.439666621785296,2022-07-01,2023-07-01
2023-04-10,West Brom,QPR,home,8,0.08717947767431715,7.2404017812080275,0.42585350385794307,6.586399707287398,2022-07-01,2023-07-01
2023-04-10,West Brom,QPR,away,4,0.08717947767431715,4.23314908668671,-0.42585350385794307,3.944019121310389,2022-07-01,2023-07-01
2023-04-10,Wigan,Swansea,home,6,0.08717947767431715,4.104348963799301,-0.08339632149155962,4.465921788871212,2022-07-01,2023-07-01
2023-04-10,Wigan,Swansea,away,1,0.08717947767431715,3.868516703698188,0.08339632149155962,4.617111507573686,2022-07-01,2023-07-01
2023-04-10,Bristol City,Middlesbrough,home,4,0.08717947767431715,4.711784742840415,-0.19306052139102092,4.500551524339792,2022-07-01,2023-07-01
2023-04-10,Bristol City,Middlesbrough,away,7,0.08717947767431715,6.039435999712916,0.19306052139102092,5.623390981958565,2022-07-01,2023-07-01
2023-04-10,Burnley,Sheffield United,home,8,0.08717947767431715,5.855552048074642,0.15689702769853686,5.531919615564791,2022-07-01,2023-07-01
2023-04-10,Burnley,Sheffield United,away,2,0.08717947767431715,4.053670797525879,-0.15689702769853686,4.292680274810739,2022-07-01,2023-07-01
2023-04-14,Middlesbrough,Norwich,home,3,0.08691111751039433,6.072127112029923,0.2370778821918002,5.772343011242746,2022-07-01,2023-07-01
2023-04-14,Middlesbrough,Norwich,away,5,0.08691111751039433,5.597587709288413,-0.2370778821918002,4.666676383635392,2022-07-01,2023-07-01
2023-04-15,Sheffield United,Cardiff,home,5,0.08687205851052847,6.238810955417308,0.4448790716899718,6.295226145519222,2022-07-01,2023-07-01
2023-04-15,Sheffield United,Cardiff,away,5,0.08687205851052847,4.115358813372324,-0.4448790716899718,3.8776211742339606,2022-07-01,2023-07-01
2023-04-15,Blackpool,Wigan,home,3,0.08687205851052847,4.737308268325301,0.11423971716278924,5.0544418480368325,2022-07-01,2023-07-01
2023-04-15,Blackpool,Wigan,away,7,0.08687205851052847,5.035889811199835,-0.11423971716278924,4.706529557568207,2022-07-01,2023-07-01
2023-04-15,Millwall,Preston,home,2,0.08687205851052847,5.217718181736258,0.2897853441894892,5.581216194650479,2022-07-01,2023-07-01
2023-04-15,Millwall,Preston,away,4,0.08687205851052847,4.239496555026149,-0.2897853441894892,4.150710239639445,2022-07-01,2023-07-01
2023-04-15,QPR,Coventry,home,5,0.08687205851052847,5.600662498682493,-0.048680097046362614,5.045661235159165,2022-07-01,2023-07-01
2023-04-15,QPR,Coventry,away,2,0.08687205851052847,4.3671035995855725,0.048680097046362614,4.756168895233908,2022-07-01,2023-07-01
2023-04-15,Reading,Burnley,home,3,0.08687205851052847,3.531243418149374,-0.47064515748356717,3.6685193819873594,2022-07-01,2023-07-01
2023-04-15,Reading,Burnley,away,7,0.08687205851052847,4.6828473273102125,0.47064515748356717,5.701489355010013,2022-07-01,2023-07-01
2023-04-15,Rotherham,Luton,home,2,0.08687205851052847,4.682194084630377,-0.25228133319662427,4.3928819809628346,2022-07-01,2023-07-01
2023-04-15,Rotherham,Luton,away,6,0.08687205851052847,4.773684246466077,0.25228133319662427,5.292792193788094,2022-07-01,2023-07-01
2023-04-15,Stoke,West Brom,home,5,0.08687205851052847,5.928661549229822,0.11058196018668448,5.461289276013266,2022-07-01,2023-07-01
2023-04-15,Stoke,West Brom,away,5,0.08687205851052847,4.87212334506912,-0.11058196018668448,4.658530930563141,2022-07-01,2023-07-01
2023-04-15,Sunderland,Birmingham,home,9,0.08687205851052847,3.754786242820821,0.270991052993806,4.937608084083363,2022-07-01,2023-07-01
2023-04-15,Sunderland,Birmingham,away,2,0.08687205851052847,3.877917297390458,-0.270991052993806,4.050972901873438,2022-07-01,2023-07-01
2023-04-15,Swansea,Huddersfield,home,5,0.08687205851052847,5.537804139025139,0.37020614179914146,5.871985259491158,2022-07-01,2023-07-01
2023-04-15,Swansea,Huddersfield,away,4,0.08687205851052847,3.7820785203032754,-0.37020614179914146,3.8702080813964668,2022-07-01,2023-07-01
2023-04-15,Watford,Bristol City,home,6,0.08687205851052847,6.032886415685818,0.24324324324324326,5.772423022625496,2022-07-01,2023-07-01
2023-04-15,Watford,Bristol City,away,7,0.08687205851052847,4.237708264287034,-0.24324324324324326,4.222481365210812,2022-07-01,2023-07-01
2023-04-15,Blackburn,Hull,home,9,0.08687205851052847,5.26443112400092,0.29264614714407783,5.604666027414732,2022-07-01,2023-07-01
2023-04-15,Blackburn,Hull,away,3,0.08687205851052847,4.124428865031739,-0.29264614714407783,4.106428299984664,2022-07-01,2023-07-01
2023-04-18,Blackpool,West Brom,home,5,0.08654587768473786,4.404982439900236,-0.2414553825494773,4.31706553803167,2022-07-01,2023-07-01
2023-04-18,Blackpool,West Brom,away,5,0.08654587768473786,5.424670327931852,0.2414553825494773,5.51359119601559,2022-07-01,2023-07-01
2023-04-18,Rotherham,Burnley,home,4,0.08654587768473786,3.9957391099059687,-0.415202913042658,3.9109596389876384,2022-07-01,2023-07-01
2023-04-18,Rotherham,Burnley,away,7,0.08654587768473786,5.070008717984243,0.415202913042658,5.743244392696204,2022-07-01,2023-07-01
2023-04-18,Sheffield United,Bristol City,home,2,0.08654587768473786,6.50934425849843,0.4913837305214348,6.501129533021705,2022-07-01,2023-07-01
2023-04-18,Sheffield United,Bristol City,away,2,0.08654587768473786,4.5146908314542324,-0.4913837305214348,3.9371836891754097,2022-07-01,2023-07-01
2023-04-18,Stoke,Wigan,home,7,0.08654587768473786,6.082956301586187,0.45810754481033755,6.270288073141701,2022-07-01,2023-07-01
2023-04-18,Stoke,Wigan,away,4,0.08654587768473786,4.755167695864985,-0.45810754481033755,4.0594699960034575,2022-07-01,2023-07-01
2023-04-18,Sunderland,Huddersfield,home,5,0.08654587768473786,4.8993934596589055,0.3950343343671467,5.676893815290011,2022-07-01,2023-07-01
2023-04-18,Sunderland,Huddersfield,away,11,0.08654587768473786,4.0411800922377985,-0.3950343343671467,3.9249480604261,2022-07-01,2023-07-01
2023-04-18,Millwall,Birmingham,home,11,0.08654587768473786,4.66282840208975,0.36752566432755146,5.522359280663997,2022-07-01,2023-07-01
2023-04-18,Millwall,Birmingham,away,4,0.08654587768473786,3.438986647252345,-0.36752566432755146,3.746827698910836,2022-07-01,2023-07-01
2023-04-19,Blackburn,Coventry,home,5,0.08655449413236956,5.547317562036543,0.060421528734570296,5.236755585387891,2022-07-01,2023-07-01
2023-04-19,Blackburn,Coventry,away,6,0.08655449413236956,4.396367326159045,-0.060421528734570296,4.577960345021051,2022-07-01,2023-07-01
2023-04-19,QPR,Norwich,home,7,0.08655449413236956,5.3066707453305835,-0.15039171742342128,4.767419809097974,2022-07-01,2023-07-01
2023-04-19,QPR,Norwich,away,11,0.08655449413236956,5.433258496218132,0.15039171742342128,5.333134018041059,2022-07-01,2023-07-01
2023-04-19,Swansea,Preston,home,2,0.08655449413236956,4.954986824976452,0.16315570342132713,5.228985259602989,2022-07-01,2023-07-01
2023-04-19,Swansea,Preston,away,4,0.08655449413236956,4.2021538255288995,-0.16315570342132713,4.337156498077875,2022-07-01,2023-07-01
2023-04-19,Watford,Cardiff,home,10,0.08655449413236956,5.751567219661532,0.262468475139897,5.717121336967472,2022-07-01,2023-07-01
2023-04-19,Watford,Cardiff,away,1,0.08655449413236956,4.135382253401675,-0.262468475139897,4.156597412975356,2022-07-01,2023-07-01
2023-04-19,Middlesbrough,Hull,home,4,0.08655449413236956,6.152896078769051,0.506553664562174,6.4098500456017335,2022-07-01,2023-07-01
2023-04-19,Middlesbrough,Hull,away,3,0.08655449413236956,3.888684836858388,-0.506553664562174,3.7151270490843578,2022-07-01,2023-07-01
2023-04-19,Reading,Luton,home,2,0.08655449413236956,3.797203696817113,-0.3087557907144432,3.996560708481296,2022-07-01,2023-07-01
2023-04-19,Reading,Luton,away,5,0.08655449413236956,4.758348373569132,0.3087557907144432,5.3989136825029895,2022-07-01,2023-07-01
2023-04-22,Birmingham,Blackpool,home,6,0.08667524444447562,5.479982689014243,0.16254030422759314,5.415977768855525,2022-07-01,2023-07-01
2023-04-22,Birmingham,Blackpool,away,7,0.08667524444447562,5.2623346172914705,-0.16254030422759314,4.694781734522771,2022-07-01,2023-07-01
2023-04-22,Bristol City,Rotherham,home,7,0.08667524444447562,6.47616318775856,0.20922268646231973,5.8436221444943515,2022-07-01,2023-07-01
2023-04-22,Bristol City,Rotherham,away,7,0.08667524444447562,4.265440397236101,-0.20922268646231973,4.285996559219531,2022-07-01,2023-07-01
2023-04-22,Burnley,QPR,home,11,0.08667524444447562,6.697315259124976,0.5868914178146658,6.803631929136553,2022-07-01,2023-07-01
2023-04-22,Burnley,QPR,away,4,0.08667524444447562,3.653885098956314,-0.5868914178146658,3.5278715323132115,2022-07-01,2023-07-01
2023-04-22,Cardiff,Stoke,home,6,0.08667524444447562,5.2428198787787235,0.06619169113753431,5.144977268553319,2022-07-01,2023-07-01
2023-04-22,Cardiff,Stoke,away,4,0.08667524444447562,4.660116934421246,-0.06619169113753431,4.662581621010297,2022-07-01,2023-07-01
2023-04-22,Coventry,Reading,home,2,0.08667524444447562,5.753463230656311,0.4657653518951904,6.166376958410289,2022-07-01,2023-07-01
2023-04-22,Coventry,Reading,away,4,0.08667524444447562,4.495577448770051,-0.4657653518951904,3.968918928428089,2022-07-01,2023-07-01
2023-04-22,Hull,Watford,home,2,0.08667524444447562,5.94828201545522,0.030782854116039204,5.307906987694816,2022-07-01,2023-07-01
2023-04-22,Hull,Watford,away,5,0.08667524444447562,5.150638033505988,-0.030782854116039204,4.893310918791183,2022-07-01,2023-07-01
2023-04-22,Norwich,Swansea,home,2,0.08667524444447562,5.562392848552339,0.1960911520795412,5.512730814922128,2022-07-01,2023-07-01
2023-04-22,Norwich,Swansea,away,6,0.08667524444447562,3.890129149807048,-0.1960911520795412,4.169885278287807,2022-07-01,2023-07-01
2023-04-22,Wigan,Millwall,home,5,0.08667524444447562,4.328584423635798,-0.22746485510661277,4.312983510560914,2022-07-01,2023-07-01
2023-04-22,Wigan,Millwall,away,3,0.08667524444447562,3.4609022412605874,0.22746485510661277,4.684201253742202,2022-07-01,2023-07-01
2023-04-22,Preston,Blackburn,home,4,0.08667524444447562,4.842818938579735,0.04065859123826837,4.956329495457345,2022-07-01,2023-07-01
2023-04-22,Preston,Blackburn,away,3,0.08667524444447562,4.483679715341458,-0.04065859123826837,4.643655305676939,2022-07-01,2023-07-01
2023-04-23,West Brom,Sunderland,home,4,0.08646454902060968,7.128527332669997,0.24628575678480238,6.127729230286351,2022-07-01,2023-07-01
2023-04-23,West Brom,Sunderland,away,5,0.08646454902060968,3.997931037453303,-0.24628575678480238,4.132319231801382,2022-07-01,2023-07-01
2023-04-24,Luton,Middlesbrough,home,4,0.08639624716303797,5.472315183603567,0.09486413509514335,5.278902472561565,2022-07-01,2023-07-01
2023-04-24,Luton,Middlesbrough,away,5,0.08639624716303797,5.480547998207362,-0.09486413509514335,4.883504342173329,2022-07-01,2023-07-01
2023-04-25,Blackburn,Burnley,home,10,0.08632797575268362,4.487884335258336,-0.16870434330776052,4.464478363049858,2022-07-01,2023-07-01
2023-04-25,Blackburn,Burnley,away,4,0.08632797575268362,4.868535468542798,0.16870434330776052,5.166543462755645,2022-07-01,2023-07-01
2023-04-26,Sheffield United,West Brom,home,5,0.08635143071625662,5.8205594376503145,0.21612458946922347,5.643106358762788,2022-07-01,2023-07-01
2023-04-26,Sheffield United,West Brom,away,0,0.08635143071625662,4.809072558451209,-0.21612458946922347,4.458953406353763,2022-07-01,2023-07-01
2023-04-27,Rotherham,Cardiff,home,6,0.08647387847987094,5.1084524844750465,-0.02133192876189227,4.935165885034053,2022-07-01,2023-07-01
2023-04-27,Rotherham,Cardiff,away,4,0.08647387847987094,4.4528050467797575,0.02133192876189227,4.74032886178073,2022-07-01,2023-07-01
2023-04-28,Blackpool,Millwall,home,7,0.08639997483730562,4.281007584984705,-0.14112786342888722,4.436320447848196,2022-07-01,2023-07-01
2023-04-28,Blackpool,Millwall,away,3,0.08639997483730562,4.804745769579121,0.14112786342888722,5.09025009265521,2022-07-01,2023-07-01
2023-04-29,Bristol City,Burnley,home,3,0.08636209457021488,4.773828095711011,-0.18914941298458038,4.5278484728954895,2022-07-01,2023-07-01
2023-04-29,Bristol City,Burnley,away,3,0.08636209457021488,5.320181856141565,0.18914941298458038,5.370672151416229,2022-07-01,2023-07-01
2023-04-29,Coventry,Birmingham,home,5,0.08636209457021488,5.340361198906446,0.493202745540273,6.068675797328406,2022-07-01,2023-07-01
2023-04-29,Coventry,Birmingham,away,5,0.08636209457021488,3.689010520885104,-0.493202745540273,3.6651244245368884,2022-07-01,2023-07-01
2023-04-29,Hull,Swansea,home,3,0.08636209457021488,5.0764691509749325,-0.21637976192626573,4.580074311878232,2022-07-01,2023-07-01
2023-04-29,Hull,Swansea,away,5,0.08636209457021488,5.13438831025858,0.21637976192626573,5.357980505801959,2022-07-01,2023-07-01
2023-04-29,Reading,Wigan,home,13,0.08636209457021488,4.2832097570081284,0.034906199467470755,4.737015652585824,2022-07-01,2023-07-01
2023-04-29,Reading,Wigan,away,3,0.08636209457021488,5.001913323550755,-0.034906199467470755,4.835807272533535,2022-07-01,2023-07-01
2023-04-29,Sheffield United,Preston,home,10,0.08636209457021488,5.764387701088921,0.275370175854708,5.7490845639034465,2022-07-01,2023-07-01
2023-04-29,Sheffield United,Preston,away,5,0.08636209457021488,4.054018300322438,-0.275370175854708,4.107955357767096,2022-07-01,2023-07-01
2023-04-29,Stoke,QPR,home,7,0.08636209457021488,6.385886519066556,0.2315644085719836,5.863353917822465,2022-07-01,2023-07-01
2023-04-29,Stoke,QPR,away,0,0.08636209457021488,4.709332795595408,-0.2315644085719836,4.400939605446947,2022-07-01,2023-07-01
2023-04-29,Sunderland,Watford,home,10,0.08636209457021488,4.413146320210883,0.3016119615662448,5.285622332004676,2022-07-01,2023-07-01
2023-04-29,Sunderland,Watford,away,2,0.08636209457021488,5.195316332488579,-0.3016119615662448,4.438345932856613,2022-07-01,2023-07-01
2023-04-29,West Brom,Norwich,home,6,0.08636209457021488,6.861657453274583,0.18101014954056804,5.90130607972174,2022-07-01,2023-07-01
2023-04-29,West Brom,Norwich,away,1,0.08636209457021488,5.296577733923105,-0.18101014954056804,4.673308456552279,2022-07-01,2023-07-01
2023-04-30,Cardiff,Huddersfield,home,5,0.08677205787155409,5.99724927156007,0.0899667279257203,5.441555814387197,2022-07-01,2023-07-01
2023-04-30,Cardiff,Huddersfield,away,9,0.08677205787155409,3.9351220494055377,-0.0899667279257203,4.3551317034423365,2022-07-01,2023-07-01
2023-05-01,Rotherham,Middlesbrough,home,1,0.08673541017175383,4.166644539493421,-0.18813305364099486,4.318262006287047,2022-07-01,2023-07-01
2023-05-01,Rotherham,Middlesbrough,away,11,0.08673541017175383,6.128210090025237,0.18813305364099486,5.641942311542193,2022-07-01,2023-07-01
2023-05-01,Blackburn,Luton,home,9,0.08673541017175383,5.015313361176935,0.10869208339522046,5.1460637361293236,2022-07-01,2023-07-01
2023-05-01,Blackburn,Luton,away,4,0.08673541017175383,4.598752549592587,-0.10869208339522046,4.568223512092637,2022-07-01,2023-07-01
2023-05-04,Huddersfield,Sheffield United,home,9,0.08691809764768754,4.660589859913628,-0.06485976979738434,4.702026705075335,2022-07-01,2023-07-01
2023-05-04,Huddersfield,Sheffield United,away,3,0.08691809764768754,5.471251994104879,0.06485976979738434,5.178982893860928,2022-07-01,2023-07-01
2023-05-08,Birmingham,Sheffield United,home,4,0.08692855895796799,4.954047358025775,-0.23191917886415284,4.5148393916657055,2022-07-01,2023-07-01
2023-05-08,Birmingham,Sheffield United,away,4,0.08692855895796799,6.006194415873792,0.23191917886415284,5.694118091024155,2022-07-01,2023-07-01
2023-05-08,Burnley,Cardiff,home,5,0.08692855895796799,7.0803406070108545,0.6147278548559231,7.009936587966727,2022-07-01,2023-07-01
2023-05-08,Burnley,Cardiff,away,3,0.08692855895796799,3.1164482589620635,-0.6147278548559231,3.3018521516771977,2022-07-01,2023-07-01
2023-05-08,Huddersfield,Reading,home,4,0.08692855895796799,5.256565195011317,0.2011765787296626,5.414556390641988,2022-07-01,2023-07-01
2023-05-08,Huddersfield,Reading,away,6,0.08692855895796799,4.6159740335445125,-0.2011765787296626,4.419720643636983,2022-07-01,2023-07-01
2023-05-08,Luton,Hull,home,7,0.08692855895796799,6.276668173565273,0.3982535684298908,6.200273371309418,2022-07-01,2023-07-01
2023-05-08,Luton,Hull,away,6,0.08692855895796799,3.904397834050929,-0.3982535684298908,3.8731393834657135,2022-07-01,2023-07-01
2023-05-08,Middlesbrough,Coventry,home,7,0.08692855895796799,5.96268116185751,0.014135799511236724,5.279660544541776,2022-07-01,2023-07-01
2023-05-08,Middlesbrough,Coventry,away,6,0.08692855895796799,4.283722655221674,-0.014135799511236724,4.615107147866962,2022-07-01,2023-07-01
2023-05-08,Millwall,Blackburn,home,3,0.08692855895796799,5.159050259452915,0.25305144536650426,5.483744775166486,2022-07-01,2023-07-01
2023-05-08,Millwall,Blackburn,away,6,0.08692855895796799,3.9642466464447326,-0.25305144536650426,4.109715964847329,2022-07-01,2023-07-01
2023-05-08,Norwich,Blackpool,home,10,0.08692855895796799,6.164867853555579,0.4643389234824465,6.314411473098777,2022-07-01,2023-07-01
2023-05-08,Norwich,Blackpool,away,4,0.08692855895796799,3.937044843131158,-0.4643389234824465,3.790268919304066,2022-07-01,2023-07-01
2023-05-08,Preston,Sunderland,home,2,0.08692855895796799,4.622850163868327,-0.24942998539501743,4.377884506940043,2022-07-01,2023-07-01
2023-05-08,Preston,Sunderland,away,7,0.08692855895796799,4.894394550604085,0.24942998539501743,5.33375725812962,2022-07-01,2023-07-01
2023-05-08,QPR,Bristol City,home,7,0.08692855895796799,5.819804097016824,0.0690206381362371,5.342725973970583,2022-07-01,2023-07-01
2023-05-08,QPR,Bristol City,away,3,0.08692855895796799,4.440471165588664,-0.0690206381362371,4.579381936205567,2022-07-01,2023-07-01
2023-05-08,Swansea,West Brom,home,6,0.08692855895796799,4.705475433748935,-0.12739938318015132,4.609522641758918,2022-07-01,2023-07-01
2023-05-08,Swansea,West Brom,away,3,0.08692855895796799,4.547527849799769,0.12739938318015132,4.967443301736047,2022-07-01,2023-07-01
2023-05-08,Watford,Stoke,home,6,0.08692855895796799,5.751097171806704,0.0782054230674672,5.338677664353363,2022-07-01,2023-07-01
2023-05-08,Watford,Stoke,away,6,0.08692855895796799,4.720790711291286,-0.0782054230674672,4.662950677544929,2022-07-01,2023-07-01
2023-05-08,Wigan,Rotherham,home,3,0.08692855895796799,5.4457966711129115,0.17305387867688626,5.4252390609073915,2022-07-01,2023-07-01
2023-05-08,Wigan,Rotherham,away,2,0.08692855895796799,3.1556416373954375,-0.17305387867688626,3.9077674846828847,2022-07-01,2023-07-01
